
*** Running vivado
    with args -log system_xbar_1.vds -m64 -product Vivado -mode batch -messageDb vivado.pb -notrace -source system_xbar_1.tcl



****** Vivado v2024.1 (64-bit)
  **** SW Build 5076996 on Wed May 22 18:37:14 MDT 2024
  **** IP Build 5075265 on Wed May 22 21:45:21 MDT 2024
  **** SharedData Build 5076995 on Wed May 22 18:29:18 MDT 2024
  **** Start of session at: Wed Jul  2 09:11:59 2025
    ** Copyright 1986-2022 Xilinx, Inc. All Rights Reserved.
    ** Copyright 2022-2024 Advanced Micro Devices, Inc. All Rights Reserved.

source system_xbar_1.tcl -notrace
INFO: [IP_Flow 19-6924] IPCACHE: Running cache check for IP inst: system_xbar_1
Command: synth_design -top system_xbar_1 -part xc7z010clg400-1 -incremental_mode off -mode out_of_context
Starting synth_design
Attempting to get a license for feature 'Synthesis' and/or device 'xc7z010'
INFO: [Common 17-349] Got license for feature 'Synthesis' and/or device 'xc7z010'
INFO: [Device 21-403] Loading part xc7z010clg400-1
INFO: [Device 21-9227] Part: xc7z010clg400-1 does not have CEAM library.
INFO: [Synth 8-7079] Multithreading enabled for synth_design using a maximum of 2 processes.
INFO: [Synth 8-7078] Launching helper process for spawning children vivado processes
INFO: [Synth 8-7075] Helper process launched with PID 43580
---------------------------------------------------------------------------------
Starting RTL Elaboration : Time (s): cpu = 00:00:06 ; elapsed = 00:00:08 . Memory (MB): peak = 1405.477 ; gain = 447.488
---------------------------------------------------------------------------------
INFO: [Synth 8-6157] synthesizing module 'system_xbar_1' [c:/FPGA/FromScratch/FromScratch.gen/sources_1/bd/system/ip/system_xbar_1/synth/system_xbar_1.v:53]
INFO: [Synth 8-6157] synthesizing module 'axi_crossbar_v2_1_32_axi_crossbar' [c:/FPGA/FromScratch/FromScratch.gen/sources_1/bd/system/ipshared/e9d8/hdl/axi_crossbar_v2_1_vl_rfs.v:4871]
INFO: [Synth 8-6157] synthesizing module 'axi_crossbar_v2_1_32_crossbar_sasd' [c:/FPGA/FromScratch/FromScratch.gen/sources_1/bd/system/ipshared/e9d8/hdl/axi_crossbar_v2_1_vl_rfs.v:1234]
INFO: [Synth 8-6157] synthesizing module 'axi_crossbar_v2_1_32_addr_decoder' [c:/FPGA/FromScratch/FromScratch.gen/sources_1/bd/system/ipshared/e9d8/hdl/axi_crossbar_v2_1_vl_rfs.v:790]
INFO: [Synth 8-6157] synthesizing module 'generic_baseblocks_v2_1_2_comparator_static' [c:/FPGA/FromScratch/FromScratch.gen/sources_1/bd/system/ipshared/0c28/hdl/generic_baseblocks_v2_1_vl_rfs.v:2119]
INFO: [Synth 8-6157] synthesizing module 'generic_baseblocks_v2_1_2_carry_and' [c:/FPGA/FromScratch/FromScratch.gen/sources_1/bd/system/ipshared/0c28/hdl/generic_baseblocks_v2_1_vl_rfs.v:60]
INFO: [Synth 8-6155] done synthesizing module 'generic_baseblocks_v2_1_2_carry_and' (0#1) [c:/FPGA/FromScratch/FromScratch.gen/sources_1/bd/system/ipshared/0c28/hdl/generic_baseblocks_v2_1_vl_rfs.v:60]
INFO: [Synth 8-6155] done synthesizing module 'generic_baseblocks_v2_1_2_comparator_static' (0#1) [c:/FPGA/FromScratch/FromScratch.gen/sources_1/bd/system/ipshared/0c28/hdl/generic_baseblocks_v2_1_vl_rfs.v:2119]
INFO: [Synth 8-6157] synthesizing module 'generic_baseblocks_v2_1_2_comparator_static__parameterized0' [c:/FPGA/FromScratch/FromScratch.gen/sources_1/bd/system/ipshared/0c28/hdl/generic_baseblocks_v2_1_vl_rfs.v:2119]
INFO: [Synth 8-6155] done synthesizing module 'generic_baseblocks_v2_1_2_comparator_static__parameterized0' (0#1) [c:/FPGA/FromScratch/FromScratch.gen/sources_1/bd/system/ipshared/0c28/hdl/generic_baseblocks_v2_1_vl_rfs.v:2119]
INFO: [Synth 8-6157] synthesizing module 'generic_baseblocks_v2_1_2_comparator_static__parameterized1' [c:/FPGA/FromScratch/FromScratch.gen/sources_1/bd/system/ipshared/0c28/hdl/generic_baseblocks_v2_1_vl_rfs.v:2119]
INFO: [Synth 8-6155] done synthesizing module 'generic_baseblocks_v2_1_2_comparator_static__parameterized1' (0#1) [c:/FPGA/FromScratch/FromScratch.gen/sources_1/bd/system/ipshared/0c28/hdl/generic_baseblocks_v2_1_vl_rfs.v:2119]
INFO: [Synth 8-6157] synthesizing module 'generic_baseblocks_v2_1_2_comparator_static__parameterized2' [c:/FPGA/FromScratch/FromScratch.gen/sources_1/bd/system/ipshared/0c28/hdl/generic_baseblocks_v2_1_vl_rfs.v:2119]
INFO: [Synth 8-6155] done synthesizing module 'generic_baseblocks_v2_1_2_comparator_static__parameterized2' (0#1) [c:/FPGA/FromScratch/FromScratch.gen/sources_1/bd/system/ipshared/0c28/hdl/generic_baseblocks_v2_1_vl_rfs.v:2119]
INFO: [Synth 8-6157] synthesizing module 'generic_baseblocks_v2_1_2_comparator_static__parameterized3' [c:/FPGA/FromScratch/FromScratch.gen/sources_1/bd/system/ipshared/0c28/hdl/generic_baseblocks_v2_1_vl_rfs.v:2119]
INFO: [Synth 8-6155] done synthesizing module 'generic_baseblocks_v2_1_2_comparator_static__parameterized3' (0#1) [c:/FPGA/FromScratch/FromScratch.gen/sources_1/bd/system/ipshared/0c28/hdl/generic_baseblocks_v2_1_vl_rfs.v:2119]
INFO: [Synth 8-6157] synthesizing module 'generic_baseblocks_v2_1_2_comparator_static__parameterized4' [c:/FPGA/FromScratch/FromScratch.gen/sources_1/bd/system/ipshared/0c28/hdl/generic_baseblocks_v2_1_vl_rfs.v:2119]
INFO: [Synth 8-6155] done synthesizing module 'generic_baseblocks_v2_1_2_comparator_static__parameterized4' (0#1) [c:/FPGA/FromScratch/FromScratch.gen/sources_1/bd/system/ipshared/0c28/hdl/generic_baseblocks_v2_1_vl_rfs.v:2119]
INFO: [Synth 8-6157] synthesizing module 'generic_baseblocks_v2_1_2_comparator_static__parameterized5' [c:/FPGA/FromScratch/FromScratch.gen/sources_1/bd/system/ipshared/0c28/hdl/generic_baseblocks_v2_1_vl_rfs.v:2119]
INFO: [Synth 8-6155] done synthesizing module 'generic_baseblocks_v2_1_2_comparator_static__parameterized5' (0#1) [c:/FPGA/FromScratch/FromScratch.gen/sources_1/bd/system/ipshared/0c28/hdl/generic_baseblocks_v2_1_vl_rfs.v:2119]
INFO: [Synth 8-6157] synthesizing module 'generic_baseblocks_v2_1_2_comparator_static__parameterized6' [c:/FPGA/FromScratch/FromScratch.gen/sources_1/bd/system/ipshared/0c28/hdl/generic_baseblocks_v2_1_vl_rfs.v:2119]
INFO: [Synth 8-6155] done synthesizing module 'generic_baseblocks_v2_1_2_comparator_static__parameterized6' (0#1) [c:/FPGA/FromScratch/FromScratch.gen/sources_1/bd/system/ipshared/0c28/hdl/generic_baseblocks_v2_1_vl_rfs.v:2119]
INFO: [Synth 8-6157] synthesizing module 'generic_baseblocks_v2_1_2_comparator_static__parameterized7' [c:/FPGA/FromScratch/FromScratch.gen/sources_1/bd/system/ipshared/0c28/hdl/generic_baseblocks_v2_1_vl_rfs.v:2119]
INFO: [Synth 8-6155] done synthesizing module 'generic_baseblocks_v2_1_2_comparator_static__parameterized7' (0#1) [c:/FPGA/FromScratch/FromScratch.gen/sources_1/bd/system/ipshared/0c28/hdl/generic_baseblocks_v2_1_vl_rfs.v:2119]
INFO: [Synth 8-6157] synthesizing module 'generic_baseblocks_v2_1_2_comparator_static__parameterized8' [c:/FPGA/FromScratch/FromScratch.gen/sources_1/bd/system/ipshared/0c28/hdl/generic_baseblocks_v2_1_vl_rfs.v:2119]
INFO: [Synth 8-6155] done synthesizing module 'generic_baseblocks_v2_1_2_comparator_static__parameterized8' (0#1) [c:/FPGA/FromScratch/FromScratch.gen/sources_1/bd/system/ipshared/0c28/hdl/generic_baseblocks_v2_1_vl_rfs.v:2119]
INFO: [Synth 8-6157] synthesizing module 'generic_baseblocks_v2_1_2_comparator_static__parameterized9' [c:/FPGA/FromScratch/FromScratch.gen/sources_1/bd/system/ipshared/0c28/hdl/generic_baseblocks_v2_1_vl_rfs.v:2119]
INFO: [Synth 8-6155] done synthesizing module 'generic_baseblocks_v2_1_2_comparator_static__parameterized9' (0#1) [c:/FPGA/FromScratch/FromScratch.gen/sources_1/bd/system/ipshared/0c28/hdl/generic_baseblocks_v2_1_vl_rfs.v:2119]
INFO: [Synth 8-6155] done synthesizing module 'axi_crossbar_v2_1_32_addr_decoder' (0#1) [c:/FPGA/FromScratch/FromScratch.gen/sources_1/bd/system/ipshared/e9d8/hdl/axi_crossbar_v2_1_vl_rfs.v:790]
INFO: [Synth 8-6157] synthesizing module 'axi_crossbar_v2_1_32_decerr_slave' [c:/FPGA/FromScratch/FromScratch.gen/sources_1/bd/system/ipshared/e9d8/hdl/axi_crossbar_v2_1_vl_rfs.v:3493]
INFO: [Synth 8-6155] done synthesizing module 'axi_crossbar_v2_1_32_decerr_slave' (0#1) [c:/FPGA/FromScratch/FromScratch.gen/sources_1/bd/system/ipshared/e9d8/hdl/axi_crossbar_v2_1_vl_rfs.v:3493]
INFO: [Synth 8-6157] synthesizing module 'axi_crossbar_v2_1_32_addr_arbiter_sasd' [c:/FPGA/FromScratch/FromScratch.gen/sources_1/bd/system/ipshared/e9d8/hdl/axi_crossbar_v2_1_vl_rfs.v:63]
INFO: [Synth 8-6155] done synthesizing module 'axi_crossbar_v2_1_32_addr_arbiter_sasd' (0#1) [c:/FPGA/FromScratch/FromScratch.gen/sources_1/bd/system/ipshared/e9d8/hdl/axi_crossbar_v2_1_vl_rfs.v:63]
INFO: [Synth 8-6157] synthesizing module 'axi_crossbar_v2_1_32_splitter' [c:/FPGA/FromScratch/FromScratch.gen/sources_1/bd/system/ipshared/e9d8/hdl/axi_crossbar_v2_1_vl_rfs.v:4451]
INFO: [Synth 8-6155] done synthesizing module 'axi_crossbar_v2_1_32_splitter' (0#1) [c:/FPGA/FromScratch/FromScratch.gen/sources_1/bd/system/ipshared/e9d8/hdl/axi_crossbar_v2_1_vl_rfs.v:4451]
INFO: [Synth 8-6157] synthesizing module 'axi_crossbar_v2_1_32_splitter__parameterized0' [c:/FPGA/FromScratch/FromScratch.gen/sources_1/bd/system/ipshared/e9d8/hdl/axi_crossbar_v2_1_vl_rfs.v:4451]
INFO: [Synth 8-6155] done synthesizing module 'axi_crossbar_v2_1_32_splitter__parameterized0' (0#1) [c:/FPGA/FromScratch/FromScratch.gen/sources_1/bd/system/ipshared/e9d8/hdl/axi_crossbar_v2_1_vl_rfs.v:4451]
INFO: [Synth 8-6157] synthesizing module 'generic_baseblocks_v2_1_2_mux_enc' [c:/FPGA/FromScratch/FromScratch.gen/sources_1/bd/system/ipshared/0c28/hdl/generic_baseblocks_v2_1_vl_rfs.v:2436]
INFO: [Synth 8-6155] done synthesizing module 'generic_baseblocks_v2_1_2_mux_enc' (0#1) [c:/FPGA/FromScratch/FromScratch.gen/sources_1/bd/system/ipshared/0c28/hdl/generic_baseblocks_v2_1_vl_rfs.v:2436]
INFO: [Synth 8-6157] synthesizing module 'generic_baseblocks_v2_1_2_mux_enc__parameterized0' [c:/FPGA/FromScratch/FromScratch.gen/sources_1/bd/system/ipshared/0c28/hdl/generic_baseblocks_v2_1_vl_rfs.v:2436]
INFO: [Synth 8-6155] done synthesizing module 'generic_baseblocks_v2_1_2_mux_enc__parameterized0' (0#1) [c:/FPGA/FromScratch/FromScratch.gen/sources_1/bd/system/ipshared/0c28/hdl/generic_baseblocks_v2_1_vl_rfs.v:2436]
INFO: [Synth 8-6157] synthesizing module 'generic_baseblocks_v2_1_2_mux_enc__parameterized1' [c:/FPGA/FromScratch/FromScratch.gen/sources_1/bd/system/ipshared/0c28/hdl/generic_baseblocks_v2_1_vl_rfs.v:2436]
INFO: [Synth 8-6155] done synthesizing module 'generic_baseblocks_v2_1_2_mux_enc__parameterized1' (0#1) [c:/FPGA/FromScratch/FromScratch.gen/sources_1/bd/system/ipshared/0c28/hdl/generic_baseblocks_v2_1_vl_rfs.v:2436]
INFO: [Synth 8-6157] synthesizing module 'axi_register_slice_v2_1_31_axic_register_slice' [c:/FPGA/FromScratch/FromScratch.gen/sources_1/bd/system/ipshared/92b2/hdl/axi_register_slice_v2_1_vl_rfs.v:1492]
INFO: [Synth 8-6155] done synthesizing module 'axi_register_slice_v2_1_31_axic_register_slice' (0#1) [c:/FPGA/FromScratch/FromScratch.gen/sources_1/bd/system/ipshared/92b2/hdl/axi_register_slice_v2_1_vl_rfs.v:1492]
INFO: [Synth 8-6157] synthesizing module 'generic_baseblocks_v2_1_2_mux_enc__parameterized2' [c:/FPGA/FromScratch/FromScratch.gen/sources_1/bd/system/ipshared/0c28/hdl/generic_baseblocks_v2_1_vl_rfs.v:2436]
INFO: [Synth 8-6155] done synthesizing module 'generic_baseblocks_v2_1_2_mux_enc__parameterized2' (0#1) [c:/FPGA/FromScratch/FromScratch.gen/sources_1/bd/system/ipshared/0c28/hdl/generic_baseblocks_v2_1_vl_rfs.v:2436]
INFO: [Synth 8-6155] done synthesizing module 'axi_crossbar_v2_1_32_crossbar_sasd' (0#1) [c:/FPGA/FromScratch/FromScratch.gen/sources_1/bd/system/ipshared/e9d8/hdl/axi_crossbar_v2_1_vl_rfs.v:1234]
INFO: [Synth 8-6155] done synthesizing module 'axi_crossbar_v2_1_32_axi_crossbar' (0#1) [c:/FPGA/FromScratch/FromScratch.gen/sources_1/bd/system/ipshared/e9d8/hdl/axi_crossbar_v2_1_vl_rfs.v:4871]
INFO: [Synth 8-6155] done synthesizing module 'system_xbar_1' (0#1) [c:/FPGA/FromScratch/FromScratch.gen/sources_1/bd/system/ip/system_xbar_1/synth/system_xbar_1.v:53]
WARNING: [Synth 8-6014] Unused sequential element gen_debug_trans_seq.debug_aw_trans_seq_i_reg was removed.  [c:/FPGA/FromScratch/FromScratch.gen/sources_1/bd/system/ipshared/e9d8/hdl/axi_crossbar_v2_1_vl_rfs.v:2051]
WARNING: [Synth 8-6014] Unused sequential element gen_debug_trans_seq.debug_ar_trans_seq_i_reg was removed.  [c:/FPGA/FromScratch/FromScratch.gen/sources_1/bd/system/ipshared/e9d8/hdl/axi_crossbar_v2_1_vl_rfs.v:2062]
WARNING: [Synth 8-6014] Unused sequential element gen_debug_trans_seq.debug_w_beat_cnt_i_reg was removed.  [c:/FPGA/FromScratch/FromScratch.gen/sources_1/bd/system/ipshared/e9d8/hdl/axi_crossbar_v2_1_vl_rfs.v:2073]
WARNING: [Synth 8-6014] Unused sequential element gen_debug_trans_seq.debug_r_beat_cnt_i_reg was removed.  [c:/FPGA/FromScratch/FromScratch.gen/sources_1/bd/system/ipshared/e9d8/hdl/axi_crossbar_v2_1_vl_rfs.v:2086]
WARNING: [Synth 8-7129] Port S[0] in module generic_baseblocks_v2_1_2_mux_enc__parameterized0 is either unconnected or has no load
WARNING: [Synth 8-7129] Port S_AXI_AWID[0] in module axi_crossbar_v2_1_32_decerr_slave is either unconnected or has no load
WARNING: [Synth 8-7129] Port S_AXI_WLAST in module axi_crossbar_v2_1_32_decerr_slave is either unconnected or has no load
WARNING: [Synth 8-7129] Port S_AXI_ARID[0] in module axi_crossbar_v2_1_32_decerr_slave is either unconnected or has no load
WARNING: [Synth 8-7129] Port S_AXI_ARLEN[7] in module axi_crossbar_v2_1_32_decerr_slave is either unconnected or has no load
WARNING: [Synth 8-7129] Port S_AXI_ARLEN[6] in module axi_crossbar_v2_1_32_decerr_slave is either unconnected or has no load
WARNING: [Synth 8-7129] Port S_AXI_ARLEN[5] in module axi_crossbar_v2_1_32_decerr_slave is either unconnected or has no load
WARNING: [Synth 8-7129] Port S_AXI_ARLEN[4] in module axi_crossbar_v2_1_32_decerr_slave is either unconnected or has no load
WARNING: [Synth 8-7129] Port S_AXI_ARLEN[3] in module axi_crossbar_v2_1_32_decerr_slave is either unconnected or has no load
WARNING: [Synth 8-7129] Port S_AXI_ARLEN[2] in module axi_crossbar_v2_1_32_decerr_slave is either unconnected or has no load
WARNING: [Synth 8-7129] Port S_AXI_ARLEN[1] in module axi_crossbar_v2_1_32_decerr_slave is either unconnected or has no load
WARNING: [Synth 8-7129] Port S_AXI_ARLEN[0] in module axi_crossbar_v2_1_32_decerr_slave is either unconnected or has no load
WARNING: [Synth 8-7129] Port ADDR[1] in module axi_crossbar_v2_1_32_addr_decoder is either unconnected or has no load
WARNING: [Synth 8-7129] Port ADDR[0] in module axi_crossbar_v2_1_32_addr_decoder is either unconnected or has no load
WARNING: [Synth 8-7129] Port S_AXI_AWID[0] in module axi_crossbar_v2_1_32_crossbar_sasd is either unconnected or has no load
WARNING: [Synth 8-7129] Port S_AXI_ARID[0] in module axi_crossbar_v2_1_32_crossbar_sasd is either unconnected or has no load
WARNING: [Synth 8-7129] Port M_AXI_BID[10] in module axi_crossbar_v2_1_32_crossbar_sasd is either unconnected or has no load
WARNING: [Synth 8-7129] Port M_AXI_BID[9] in module axi_crossbar_v2_1_32_crossbar_sasd is either unconnected or has no load
WARNING: [Synth 8-7129] Port M_AXI_BID[8] in module axi_crossbar_v2_1_32_crossbar_sasd is either unconnected or has no load
WARNING: [Synth 8-7129] Port M_AXI_BID[7] in module axi_crossbar_v2_1_32_crossbar_sasd is either unconnected or has no load
WARNING: [Synth 8-7129] Port M_AXI_BID[6] in module axi_crossbar_v2_1_32_crossbar_sasd is either unconnected or has no load
WARNING: [Synth 8-7129] Port M_AXI_BID[5] in module axi_crossbar_v2_1_32_crossbar_sasd is either unconnected or has no load
WARNING: [Synth 8-7129] Port M_AXI_BID[4] in module axi_crossbar_v2_1_32_crossbar_sasd is either unconnected or has no load
WARNING: [Synth 8-7129] Port M_AXI_BID[3] in module axi_crossbar_v2_1_32_crossbar_sasd is either unconnected or has no load
WARNING: [Synth 8-7129] Port M_AXI_BID[2] in module axi_crossbar_v2_1_32_crossbar_sasd is either unconnected or has no load
WARNING: [Synth 8-7129] Port M_AXI_BID[1] in module axi_crossbar_v2_1_32_crossbar_sasd is either unconnected or has no load
WARNING: [Synth 8-7129] Port M_AXI_BID[0] in module axi_crossbar_v2_1_32_crossbar_sasd is either unconnected or has no load
WARNING: [Synth 8-7129] Port M_AXI_RID[10] in module axi_crossbar_v2_1_32_crossbar_sasd is either unconnected or has no load
WARNING: [Synth 8-7129] Port M_AXI_RID[9] in module axi_crossbar_v2_1_32_crossbar_sasd is either unconnected or has no load
WARNING: [Synth 8-7129] Port M_AXI_RID[8] in module axi_crossbar_v2_1_32_crossbar_sasd is either unconnected or has no load
WARNING: [Synth 8-7129] Port M_AXI_RID[7] in module axi_crossbar_v2_1_32_crossbar_sasd is either unconnected or has no load
WARNING: [Synth 8-7129] Port M_AXI_RID[6] in module axi_crossbar_v2_1_32_crossbar_sasd is either unconnected or has no load
WARNING: [Synth 8-7129] Port M_AXI_RID[5] in module axi_crossbar_v2_1_32_crossbar_sasd is either unconnected or has no load
WARNING: [Synth 8-7129] Port M_AXI_RID[4] in module axi_crossbar_v2_1_32_crossbar_sasd is either unconnected or has no load
WARNING: [Synth 8-7129] Port M_AXI_RID[3] in module axi_crossbar_v2_1_32_crossbar_sasd is either unconnected or has no load
WARNING: [Synth 8-7129] Port M_AXI_RID[2] in module axi_crossbar_v2_1_32_crossbar_sasd is either unconnected or has no load
WARNING: [Synth 8-7129] Port M_AXI_RID[1] in module axi_crossbar_v2_1_32_crossbar_sasd is either unconnected or has no load
WARNING: [Synth 8-7129] Port M_AXI_RID[0] in module axi_crossbar_v2_1_32_crossbar_sasd is either unconnected or has no load
WARNING: [Synth 8-7129] Port s_axi_awid[0] in module axi_crossbar_v2_1_32_axi_crossbar is either unconnected or has no load
WARNING: [Synth 8-7129] Port s_axi_awlen[7] in module axi_crossbar_v2_1_32_axi_crossbar is either unconnected or has no load
WARNING: [Synth 8-7129] Port s_axi_awlen[6] in module axi_crossbar_v2_1_32_axi_crossbar is either unconnected or has no load
WARNING: [Synth 8-7129] Port s_axi_awlen[5] in module axi_crossbar_v2_1_32_axi_crossbar is either unconnected or has no load
WARNING: [Synth 8-7129] Port s_axi_awlen[4] in module axi_crossbar_v2_1_32_axi_crossbar is either unconnected or has no load
WARNING: [Synth 8-7129] Port s_axi_awlen[3] in module axi_crossbar_v2_1_32_axi_crossbar is either unconnected or has no load
WARNING: [Synth 8-7129] Port s_axi_awlen[2] in module axi_crossbar_v2_1_32_axi_crossbar is either unconnected or has no load
WARNING: [Synth 8-7129] Port s_axi_awlen[1] in module axi_crossbar_v2_1_32_axi_crossbar is either unconnected or has no load
WARNING: [Synth 8-7129] Port s_axi_awlen[0] in module axi_crossbar_v2_1_32_axi_crossbar is either unconnected or has no load
WARNING: [Synth 8-7129] Port s_axi_awsize[2] in module axi_crossbar_v2_1_32_axi_crossbar is either unconnected or has no load
WARNING: [Synth 8-7129] Port s_axi_awsize[1] in module axi_crossbar_v2_1_32_axi_crossbar is either unconnected or has no load
WARNING: [Synth 8-7129] Port s_axi_awsize[0] in module axi_crossbar_v2_1_32_axi_crossbar is either unconnected or has no load
WARNING: [Synth 8-7129] Port s_axi_awburst[1] in module axi_crossbar_v2_1_32_axi_crossbar is either unconnected or has no load
WARNING: [Synth 8-7129] Port s_axi_awburst[0] in module axi_crossbar_v2_1_32_axi_crossbar is either unconnected or has no load
WARNING: [Synth 8-7129] Port s_axi_awlock[0] in module axi_crossbar_v2_1_32_axi_crossbar is either unconnected or has no load
WARNING: [Synth 8-7129] Port s_axi_awcache[3] in module axi_crossbar_v2_1_32_axi_crossbar is either unconnected or has no load
WARNING: [Synth 8-7129] Port s_axi_awcache[2] in module axi_crossbar_v2_1_32_axi_crossbar is either unconnected or has no load
WARNING: [Synth 8-7129] Port s_axi_awcache[1] in module axi_crossbar_v2_1_32_axi_crossbar is either unconnected or has no load
WARNING: [Synth 8-7129] Port s_axi_awcache[0] in module axi_crossbar_v2_1_32_axi_crossbar is either unconnected or has no load
WARNING: [Synth 8-7129] Port s_axi_awqos[3] in module axi_crossbar_v2_1_32_axi_crossbar is either unconnected or has no load
WARNING: [Synth 8-7129] Port s_axi_awqos[2] in module axi_crossbar_v2_1_32_axi_crossbar is either unconnected or has no load
WARNING: [Synth 8-7129] Port s_axi_awqos[1] in module axi_crossbar_v2_1_32_axi_crossbar is either unconnected or has no load
WARNING: [Synth 8-7129] Port s_axi_awqos[0] in module axi_crossbar_v2_1_32_axi_crossbar is either unconnected or has no load
WARNING: [Synth 8-7129] Port s_axi_awuser[0] in module axi_crossbar_v2_1_32_axi_crossbar is either unconnected or has no load
WARNING: [Synth 8-7129] Port s_axi_wid[0] in module axi_crossbar_v2_1_32_axi_crossbar is either unconnected or has no load
WARNING: [Synth 8-7129] Port s_axi_wlast[0] in module axi_crossbar_v2_1_32_axi_crossbar is either unconnected or has no load
WARNING: [Synth 8-7129] Port s_axi_wuser[0] in module axi_crossbar_v2_1_32_axi_crossbar is either unconnected or has no load
WARNING: [Synth 8-7129] Port s_axi_arid[0] in module axi_crossbar_v2_1_32_axi_crossbar is either unconnected or has no load
WARNING: [Synth 8-7129] Port s_axi_arlen[7] in module axi_crossbar_v2_1_32_axi_crossbar is either unconnected or has no load
WARNING: [Synth 8-7129] Port s_axi_arlen[6] in module axi_crossbar_v2_1_32_axi_crossbar is either unconnected or has no load
WARNING: [Synth 8-7129] Port s_axi_arlen[5] in module axi_crossbar_v2_1_32_axi_crossbar is either unconnected or has no load
WARNING: [Synth 8-7129] Port s_axi_arlen[4] in module axi_crossbar_v2_1_32_axi_crossbar is either unconnected or has no load
WARNING: [Synth 8-7129] Port s_axi_arlen[3] in module axi_crossbar_v2_1_32_axi_crossbar is either unconnected or has no load
WARNING: [Synth 8-7129] Port s_axi_arlen[2] in module axi_crossbar_v2_1_32_axi_crossbar is either unconnected or has no load
WARNING: [Synth 8-7129] Port s_axi_arlen[1] in module axi_crossbar_v2_1_32_axi_crossbar is either unconnected or has no load
WARNING: [Synth 8-7129] Port s_axi_arlen[0] in module axi_crossbar_v2_1_32_axi_crossbar is either unconnected or has no load
WARNING: [Synth 8-7129] Port s_axi_arsize[2] in module axi_crossbar_v2_1_32_axi_crossbar is either unconnected or has no load
WARNING: [Synth 8-7129] Port s_axi_arsize[1] in module axi_crossbar_v2_1_32_axi_crossbar is either unconnected or has no load
WARNING: [Synth 8-7129] Port s_axi_arsize[0] in module axi_crossbar_v2_1_32_axi_crossbar is either unconnected or has no load
WARNING: [Synth 8-7129] Port s_axi_arburst[1] in module axi_crossbar_v2_1_32_axi_crossbar is either unconnected or has no load
WARNING: [Synth 8-7129] Port s_axi_arburst[0] in module axi_crossbar_v2_1_32_axi_crossbar is either unconnected or has no load
WARNING: [Synth 8-7129] Port s_axi_arlock[0] in module axi_crossbar_v2_1_32_axi_crossbar is either unconnected or has no load
WARNING: [Synth 8-7129] Port s_axi_arcache[3] in module axi_crossbar_v2_1_32_axi_crossbar is either unconnected or has no load
WARNING: [Synth 8-7129] Port s_axi_arcache[2] in module axi_crossbar_v2_1_32_axi_crossbar is either unconnected or has no load
WARNING: [Synth 8-7129] Port s_axi_arcache[1] in module axi_crossbar_v2_1_32_axi_crossbar is either unconnected or has no load
WARNING: [Synth 8-7129] Port s_axi_arcache[0] in module axi_crossbar_v2_1_32_axi_crossbar is either unconnected or has no load
WARNING: [Synth 8-7129] Port s_axi_arqos[3] in module axi_crossbar_v2_1_32_axi_crossbar is either unconnected or has no load
WARNING: [Synth 8-7129] Port s_axi_arqos[2] in module axi_crossbar_v2_1_32_axi_crossbar is either unconnected or has no load
WARNING: [Synth 8-7129] Port s_axi_arqos[1] in module axi_crossbar_v2_1_32_axi_crossbar is either unconnected or has no load
WARNING: [Synth 8-7129] Port s_axi_arqos[0] in module axi_crossbar_v2_1_32_axi_crossbar is either unconnected or has no load
WARNING: [Synth 8-7129] Port s_axi_aruser[0] in module axi_crossbar_v2_1_32_axi_crossbar is either unconnected or has no load
WARNING: [Synth 8-7129] Port m_axi_bid[10] in module axi_crossbar_v2_1_32_axi_crossbar is either unconnected or has no load
WARNING: [Synth 8-7129] Port m_axi_bid[9] in module axi_crossbar_v2_1_32_axi_crossbar is either unconnected or has no load
WARNING: [Synth 8-7129] Port m_axi_bid[8] in module axi_crossbar_v2_1_32_axi_crossbar is either unconnected or has no load
WARNING: [Synth 8-7129] Port m_axi_bid[7] in module axi_crossbar_v2_1_32_axi_crossbar is either unconnected or has no load
WARNING: [Synth 8-7129] Port m_axi_bid[6] in module axi_crossbar_v2_1_32_axi_crossbar is either unconnected or has no load
WARNING: [Synth 8-7129] Port m_axi_bid[5] in module axi_crossbar_v2_1_32_axi_crossbar is either unconnected or has no load
WARNING: [Synth 8-7129] Port m_axi_bid[4] in module axi_crossbar_v2_1_32_axi_crossbar is either unconnected or has no load
WARNING: [Synth 8-7129] Port m_axi_bid[3] in module axi_crossbar_v2_1_32_axi_crossbar is either unconnected or has no load
WARNING: [Synth 8-7129] Port m_axi_bid[2] in module axi_crossbar_v2_1_32_axi_crossbar is either unconnected or has no load
WARNING: [Synth 8-7129] Port m_axi_bid[1] in module axi_crossbar_v2_1_32_axi_crossbar is either unconnected or has no load
WARNING: [Synth 8-7129] Port m_axi_bid[0] in module axi_crossbar_v2_1_32_axi_crossbar is either unconnected or has no load
INFO: [Common 17-14] Message 'Synth 8-7129' appears 100 times and further instances of the messages will be disabled. Use the Tcl command set_msg_config to change the current settings.
---------------------------------------------------------------------------------
Finished RTL Elaboration : Time (s): cpu = 00:00:12 ; elapsed = 00:00:14 . Memory (MB): peak = 1654.547 ; gain = 696.559
---------------------------------------------------------------------------------
---------------------------------------------------------------------------------
Start Handling Custom Attributes
---------------------------------------------------------------------------------
---------------------------------------------------------------------------------
Finished Handling Custom Attributes : Time (s): cpu = 00:00:12 ; elapsed = 00:00:14 . Memory (MB): peak = 1654.547 ; gain = 696.559
---------------------------------------------------------------------------------
---------------------------------------------------------------------------------
Finished RTL Optimization Phase 1 : Time (s): cpu = 00:00:12 ; elapsed = 00:00:14 . Memory (MB): peak = 1654.547 ; gain = 696.559
---------------------------------------------------------------------------------
Netlist sorting complete. Time (s): cpu = 00:00:00 ; elapsed = 00:00:00.029 . Memory (MB): peak = 1654.547 ; gain = 0.000
INFO: [Project 1-570] Preparing netlist for logic optimization

Processing XDC Constraints
Initializing timing engine
Parsing XDC File [c:/FPGA/FromScratch/FromScratch.gen/sources_1/bd/system/ip/system_xbar_1/system_xbar_1_ooc.xdc] for cell 'inst'
Finished Parsing XDC File [c:/FPGA/FromScratch/FromScratch.gen/sources_1/bd/system/ip/system_xbar_1/system_xbar_1_ooc.xdc] for cell 'inst'
Parsing XDC File [C:/FPGA/FromScratch/FromScratch.runs/system_xbar_1_synth_1/dont_touch.xdc]
Finished Parsing XDC File [C:/FPGA/FromScratch/FromScratch.runs/system_xbar_1_synth_1/dont_touch.xdc]
Completed Processing XDC Constraints

Netlist sorting complete. Time (s): cpu = 00:00:00 ; elapsed = 00:00:00.001 . Memory (MB): peak = 1745.613 ; gain = 0.000
INFO: [Project 1-111] Unisim Transformation Summary:
No Unisim elements were transformed.

Constraint Validation Runtime : Time (s): cpu = 00:00:00 ; elapsed = 00:00:00.055 . Memory (MB): peak = 1745.613 ; gain = 0.000
INFO: [Designutils 20-5008] Incremental synthesis strategy off
---------------------------------------------------------------------------------
Finished Constraint Validation : Time (s): cpu = 00:00:19 ; elapsed = 00:00:21 . Memory (MB): peak = 1745.613 ; gain = 787.625
---------------------------------------------------------------------------------
---------------------------------------------------------------------------------
Start Loading Part and Timing Information
---------------------------------------------------------------------------------
Loading part: xc7z010clg400-1
---------------------------------------------------------------------------------
Finished Loading Part and Timing Information : Time (s): cpu = 00:00:19 ; elapsed = 00:00:21 . Memory (MB): peak = 1745.613 ; gain = 787.625
---------------------------------------------------------------------------------
---------------------------------------------------------------------------------
Start Applying 'set_property' XDC Constraints
---------------------------------------------------------------------------------
Applied set_property KEEP_HIERARCHY = SOFT for inst. (constraint file  C:/FPGA/FromScratch/FromScratch.runs/system_xbar_1_synth_1/dont_touch.xdc, line 9).
---------------------------------------------------------------------------------
Finished applying 'set_property' XDC Constraints : Time (s): cpu = 00:00:19 ; elapsed = 00:00:21 . Memory (MB): peak = 1745.613 ; gain = 787.625
---------------------------------------------------------------------------------
---------------------------------------------------------------------------------
Finished RTL Optimization Phase 2 : Time (s): cpu = 00:00:20 ; elapsed = 00:00:22 . Memory (MB): peak = 1745.613 ; gain = 787.625
---------------------------------------------------------------------------------
---------------------------------------------------------------------------------
Start RTL Component Statistics 
---------------------------------------------------------------------------------
Detailed RTL Component Info : 
+---Registers : 
	               64 Bit    Registers := 1     
	               36 Bit    Registers := 2     
	               12 Bit    Registers := 1     
	                4 Bit    Registers := 1     
	                3 Bit    Registers := 1     
	                2 Bit    Registers := 2     
	                1 Bit    Registers := 14    
+---Muxes : 
	   2 Input   64 Bit        Muxes := 1     
	   2 Input   36 Bit        Muxes := 2     
	   2 Input   12 Bit        Muxes := 1     
	   2 Input   11 Bit        Muxes := 1     
	   2 Input    4 Bit        Muxes := 2     
	   2 Input    1 Bit        Muxes := 92    
---------------------------------------------------------------------------------
Finished RTL Component Statistics 
---------------------------------------------------------------------------------
---------------------------------------------------------------------------------
Start Part Resource Summary
---------------------------------------------------------------------------------
Part Resources:
DSPs: 80 (col length:40)
BRAMs: 120 (col length: RAMB18 40 RAMB36 20)
---------------------------------------------------------------------------------
Finished Part Resource Summary
---------------------------------------------------------------------------------
---------------------------------------------------------------------------------
Start Cross Boundary and Area Optimization
---------------------------------------------------------------------------------
WARNING: [Synth 8-7080] Parallel synthesis criteria is not met
INFO: [Synth 8-3936] Found unconnected internal register 'gen_sasd.crossbar_sasd_0/reg_slice_r/m_payload_i_reg' and it is trimmed from '36' to '35' bits. [c:/FPGA/FromScratch/FromScratch.gen/sources_1/bd/system/ipshared/92b2/hdl/axi_register_slice_v2_1_vl_rfs.v:1726]
---------------------------------------------------------------------------------
Finished Cross Boundary and Area Optimization : Time (s): cpu = 00:00:23 ; elapsed = 00:00:25 . Memory (MB): peak = 1745.613 ; gain = 787.625
---------------------------------------------------------------------------------
---------------------------------------------------------------------------------
Start Applying XDC Timing Constraints
---------------------------------------------------------------------------------
---------------------------------------------------------------------------------
Finished Applying XDC Timing Constraints : Time (s): cpu = 00:00:28 ; elapsed = 00:00:30 . Memory (MB): peak = 1745.613 ; gain = 787.625
---------------------------------------------------------------------------------
---------------------------------------------------------------------------------
Start Timing Optimization
---------------------------------------------------------------------------------
---------------------------------------------------------------------------------
Finished Timing Optimization : Time (s): cpu = 00:00:29 ; elapsed = 00:00:31 . Memory (MB): peak = 1745.613 ; gain = 787.625
---------------------------------------------------------------------------------
---------------------------------------------------------------------------------
Start Technology Mapping
---------------------------------------------------------------------------------
---------------------------------------------------------------------------------
Finished Technology Mapping : Time (s): cpu = 00:00:29 ; elapsed = 00:00:32 . Memory (MB): peak = 1745.613 ; gain = 787.625
---------------------------------------------------------------------------------
---------------------------------------------------------------------------------
Start IO Insertion
---------------------------------------------------------------------------------
---------------------------------------------------------------------------------
Start Flattening Before IO Insertion
---------------------------------------------------------------------------------
---------------------------------------------------------------------------------
Finished Flattening Before IO Insertion
---------------------------------------------------------------------------------
---------------------------------------------------------------------------------
Start Final Netlist Cleanup
---------------------------------------------------------------------------------
---------------------------------------------------------------------------------
Finished Final Netlist Cleanup
---------------------------------------------------------------------------------
---------------------------------------------------------------------------------
Finished IO Insertion : Time (s): cpu = 00:00:33 ; elapsed = 00:00:36 . Memory (MB): peak = 1745.613 ; gain = 787.625
---------------------------------------------------------------------------------
---------------------------------------------------------------------------------
Start Renaming Generated Instances
---------------------------------------------------------------------------------
---------------------------------------------------------------------------------
Finished Renaming Generated Instances : Time (s): cpu = 00:00:33 ; elapsed = 00:00:36 . Memory (MB): peak = 1745.613 ; gain = 787.625
---------------------------------------------------------------------------------
---------------------------------------------------------------------------------
Start Rebuilding User Hierarchy
---------------------------------------------------------------------------------
---------------------------------------------------------------------------------
Finished Rebuilding User Hierarchy : Time (s): cpu = 00:00:33 ; elapsed = 00:00:36 . Memory (MB): peak = 1745.613 ; gain = 787.625
---------------------------------------------------------------------------------
---------------------------------------------------------------------------------
Start Renaming Generated Ports
---------------------------------------------------------------------------------
---------------------------------------------------------------------------------
Finished Renaming Generated Ports : Time (s): cpu = 00:00:33 ; elapsed = 00:00:36 . Memory (MB): peak = 1745.613 ; gain = 787.625
---------------------------------------------------------------------------------
---------------------------------------------------------------------------------
Start Handling Custom Attributes
---------------------------------------------------------------------------------
---------------------------------------------------------------------------------
Finished Handling Custom Attributes : Time (s): cpu = 00:00:33 ; elapsed = 00:00:36 . Memory (MB): peak = 1745.613 ; gain = 787.625
---------------------------------------------------------------------------------
---------------------------------------------------------------------------------
Start Renaming Generated Nets
---------------------------------------------------------------------------------
---------------------------------------------------------------------------------
Finished Renaming Generated Nets : Time (s): cpu = 00:00:33 ; elapsed = 00:00:36 . Memory (MB): peak = 1745.613 ; gain = 787.625
---------------------------------------------------------------------------------
---------------------------------------------------------------------------------
Start Writing Synthesis Report
---------------------------------------------------------------------------------

Report BlackBoxes: 
+-+--------------+----------+
| |BlackBox name |Instances |
+-+--------------+----------+
+-+--------------+----------+

Report Cell Usage: 
+------+-----+------+
|      |Cell |Count |
+------+-----+------+
|1     |LUT1 |     1|
|2     |LUT2 |    19|
|3     |LUT3 |    45|
|4     |LUT4 |    76|
|5     |LUT5 |    67|
|6     |LUT6 |   217|
|7     |FDRE |   141|
+------+-----+------+
---------------------------------------------------------------------------------
Finished Writing Synthesis Report : Time (s): cpu = 00:00:33 ; elapsed = 00:00:36 . Memory (MB): peak = 1745.613 ; gain = 787.625
---------------------------------------------------------------------------------
Synthesis finished with 0 errors, 0 critical warnings and 107 warnings.
Synthesis Optimization Runtime : Time (s): cpu = 00:00:20 ; elapsed = 00:00:34 . Memory (MB): peak = 1745.613 ; gain = 696.559
Synthesis Optimization Complete : Time (s): cpu = 00:00:34 ; elapsed = 00:00:36 . Memory (MB): peak = 1745.613 ; gain = 787.625
INFO: [Project 1-571] Translating synthesized netlist
Netlist sorting complete. Time (s): cpu = 00:00:00 ; elapsed = 00:00:00.017 . Memory (MB): peak = 1745.613 ; gain = 0.000
INFO: [Project 1-570] Preparing netlist for logic optimization
INFO: [Opt 31-138] Pushed 0 inverter(s) to 0 load pin(s).
Netlist sorting complete. Time (s): cpu = 00:00:00 ; elapsed = 00:00:00 . Memory (MB): peak = 1745.613 ; gain = 0.000
INFO: [Project 1-111] Unisim Transformation Summary:
No Unisim elements were transformed.

Synth Design complete | Checksum: c08f26f1
INFO: [Common 17-83] Releasing license: Synthesis
67 Infos, 105 Warnings, 0 Critical Warnings and 0 Errors encountered.
synth_design completed successfully
synth_design: Time (s): cpu = 00:00:37 ; elapsed = 00:00:41 . Memory (MB): peak = 1745.613 ; gain = 1192.375
Write ShapeDB Complete: Time (s): cpu = 00:00:00 ; elapsed = 00:00:00.001 . Memory (MB): peak = 1745.613 ; gain = 0.000
INFO: [Common 17-1381] The checkpoint 'C:/FPGA/FromScratch/FromScratch.runs/system_xbar_1_synth_1/system_xbar_1.dcp' has been generated.
INFO: [Coretcl 2-1648] Added synthesis output to IP cache for IP system_xbar_1, cache-ID = 3398da8497234ef7
INFO: [Coretcl 2-1174] Renamed 7 cell refs.
Write ShapeDB Complete: Time (s): cpu = 00:00:00 ; elapsed = 00:00:00.001 . Memory (MB): peak = 1745.613 ; gain = 0.000
INFO: [Common 17-1381] The checkpoint 'C:/FPGA/FromScratch/FromScratch.runs/system_xbar_1_synth_1/system_xbar_1.dcp' has been generated.
INFO: [Vivado 12-24828] Executing command : report_utilization -file system_xbar_1_utilization_synth.rpt -pb system_xbar_1_utilization_synth.pb
INFO: [Common 17-206] Exiting Vivado at Wed Jul  2 09:12:48 2025...

*** Running vivado
    with args -log system_xbar_1.vds -m64 -product Vivado -mode batch -messageDb vivado.pb -notrace -source system_xbar_1.tcl



****** Vivado v2024.1 (64-bit)
  **** SW Build 5076996 on Wed May 22 18:37:14 MDT 2024
  **** IP Build 5075265 on Wed May 22 21:45:21 MDT 2024
  **** SharedData Build 5076995 on Wed May 22 18:29:18 MDT 2024
  **** Start of session at: Thu Jul  3 09:31:42 2025
    ** Copyright 1986-2022 Xilinx, Inc. All Rights Reserved.
    ** Copyright 2022-2024 Advanced Micro Devices, Inc. All Rights Reserved.

source system_xbar_1.tcl -notrace
INFO: [IP_Flow 19-6924] IPCACHE: Running cache check for IP inst: system_xbar_1
Command: synth_design -top system_xbar_1 -part xc7z010clg400-1 -incremental_mode off -mode out_of_context
Starting synth_design
Attempting to get a license for feature 'Synthesis' and/or device 'xc7z010'
INFO: [Common 17-349] Got license for feature 'Synthesis' and/or device 'xc7z010'
INFO: [Device 21-403] Loading part xc7z010clg400-1
INFO: [Device 21-9227] Part: xc7z010clg400-1 does not have CEAM library.
INFO: [Synth 8-7079] Multithreading enabled for synth_design using a maximum of 2 processes.
INFO: [Synth 8-7078] Launching helper process for spawning children vivado processes
WARNING: [Common 17-1361] You have specified a new message control rule that is equivalent to an existing rule with attributes ' -id {17-179}  -suppress '. The existing rule will be replaced.
INFO: [Synth 8-7075] Helper process launched with PID 55956
---------------------------------------------------------------------------------
Starting RTL Elaboration : Time (s): cpu = 00:00:05 ; elapsed = 00:00:05 . Memory (MB): peak = 1406.598 ; gain = 449.129
---------------------------------------------------------------------------------
INFO: [Synth 8-6157] synthesizing module 'system_xbar_1' [c:/FPGA/FromScratch/FromScratch.gen/sources_1/bd/system/ip/system_xbar_1/synth/system_xbar_1.v:53]
INFO: [Synth 8-6157] synthesizing module 'axi_crossbar_v2_1_32_axi_crossbar' [c:/FPGA/FromScratch/FromScratch.gen/sources_1/bd/system/ipshared/e9d8/hdl/axi_crossbar_v2_1_vl_rfs.v:4871]
INFO: [Synth 8-6157] synthesizing module 'axi_crossbar_v2_1_32_crossbar_sasd' [c:/FPGA/FromScratch/FromScratch.gen/sources_1/bd/system/ipshared/e9d8/hdl/axi_crossbar_v2_1_vl_rfs.v:1234]
INFO: [Synth 8-6157] synthesizing module 'axi_crossbar_v2_1_32_addr_decoder' [c:/FPGA/FromScratch/FromScratch.gen/sources_1/bd/system/ipshared/e9d8/hdl/axi_crossbar_v2_1_vl_rfs.v:790]
INFO: [Synth 8-6157] synthesizing module 'generic_baseblocks_v2_1_2_comparator_static' [c:/FPGA/FromScratch/FromScratch.gen/sources_1/bd/system/ipshared/0c28/hdl/generic_baseblocks_v2_1_vl_rfs.v:2119]
INFO: [Synth 8-6157] synthesizing module 'generic_baseblocks_v2_1_2_carry_and' [c:/FPGA/FromScratch/FromScratch.gen/sources_1/bd/system/ipshared/0c28/hdl/generic_baseblocks_v2_1_vl_rfs.v:60]
INFO: [Synth 8-6155] done synthesizing module 'generic_baseblocks_v2_1_2_carry_and' (0#1) [c:/FPGA/FromScratch/FromScratch.gen/sources_1/bd/system/ipshared/0c28/hdl/generic_baseblocks_v2_1_vl_rfs.v:60]
INFO: [Synth 8-6155] done synthesizing module 'generic_baseblocks_v2_1_2_comparator_static' (0#1) [c:/FPGA/FromScratch/FromScratch.gen/sources_1/bd/system/ipshared/0c28/hdl/generic_baseblocks_v2_1_vl_rfs.v:2119]
INFO: [Synth 8-6157] synthesizing module 'generic_baseblocks_v2_1_2_comparator_static__parameterized0' [c:/FPGA/FromScratch/FromScratch.gen/sources_1/bd/system/ipshared/0c28/hdl/generic_baseblocks_v2_1_vl_rfs.v:2119]
INFO: [Synth 8-6155] done synthesizing module 'generic_baseblocks_v2_1_2_comparator_static__parameterized0' (0#1) [c:/FPGA/FromScratch/FromScratch.gen/sources_1/bd/system/ipshared/0c28/hdl/generic_baseblocks_v2_1_vl_rfs.v:2119]
INFO: [Synth 8-6157] synthesizing module 'generic_baseblocks_v2_1_2_comparator_static__parameterized1' [c:/FPGA/FromScratch/FromScratch.gen/sources_1/bd/system/ipshared/0c28/hdl/generic_baseblocks_v2_1_vl_rfs.v:2119]
INFO: [Synth 8-6155] done synthesizing module 'generic_baseblocks_v2_1_2_comparator_static__parameterized1' (0#1) [c:/FPGA/FromScratch/FromScratch.gen/sources_1/bd/system/ipshared/0c28/hdl/generic_baseblocks_v2_1_vl_rfs.v:2119]
INFO: [Synth 8-6157] synthesizing module 'generic_baseblocks_v2_1_2_comparator_static__parameterized2' [c:/FPGA/FromScratch/FromScratch.gen/sources_1/bd/system/ipshared/0c28/hdl/generic_baseblocks_v2_1_vl_rfs.v:2119]
INFO: [Synth 8-6155] done synthesizing module 'generic_baseblocks_v2_1_2_comparator_static__parameterized2' (0#1) [c:/FPGA/FromScratch/FromScratch.gen/sources_1/bd/system/ipshared/0c28/hdl/generic_baseblocks_v2_1_vl_rfs.v:2119]
INFO: [Synth 8-6157] synthesizing module 'generic_baseblocks_v2_1_2_comparator_static__parameterized3' [c:/FPGA/FromScratch/FromScratch.gen/sources_1/bd/system/ipshared/0c28/hdl/generic_baseblocks_v2_1_vl_rfs.v:2119]
INFO: [Synth 8-6155] done synthesizing module 'generic_baseblocks_v2_1_2_comparator_static__parameterized3' (0#1) [c:/FPGA/FromScratch/FromScratch.gen/sources_1/bd/system/ipshared/0c28/hdl/generic_baseblocks_v2_1_vl_rfs.v:2119]
INFO: [Synth 8-6157] synthesizing module 'generic_baseblocks_v2_1_2_comparator_static__parameterized4' [c:/FPGA/FromScratch/FromScratch.gen/sources_1/bd/system/ipshared/0c28/hdl/generic_baseblocks_v2_1_vl_rfs.v:2119]
INFO: [Synth 8-6155] done synthesizing module 'generic_baseblocks_v2_1_2_comparator_static__parameterized4' (0#1) [c:/FPGA/FromScratch/FromScratch.gen/sources_1/bd/system/ipshared/0c28/hdl/generic_baseblocks_v2_1_vl_rfs.v:2119]
INFO: [Synth 8-6157] synthesizing module 'generic_baseblocks_v2_1_2_comparator_static__parameterized5' [c:/FPGA/FromScratch/FromScratch.gen/sources_1/bd/system/ipshared/0c28/hdl/generic_baseblocks_v2_1_vl_rfs.v:2119]
INFO: [Synth 8-6155] done synthesizing module 'generic_baseblocks_v2_1_2_comparator_static__parameterized5' (0#1) [c:/FPGA/FromScratch/FromScratch.gen/sources_1/bd/system/ipshared/0c28/hdl/generic_baseblocks_v2_1_vl_rfs.v:2119]
INFO: [Synth 8-6157] synthesizing module 'generic_baseblocks_v2_1_2_comparator_static__parameterized6' [c:/FPGA/FromScratch/FromScratch.gen/sources_1/bd/system/ipshared/0c28/hdl/generic_baseblocks_v2_1_vl_rfs.v:2119]
INFO: [Synth 8-6155] done synthesizing module 'generic_baseblocks_v2_1_2_comparator_static__parameterized6' (0#1) [c:/FPGA/FromScratch/FromScratch.gen/sources_1/bd/system/ipshared/0c28/hdl/generic_baseblocks_v2_1_vl_rfs.v:2119]
INFO: [Synth 8-6157] synthesizing module 'generic_baseblocks_v2_1_2_comparator_static__parameterized7' [c:/FPGA/FromScratch/FromScratch.gen/sources_1/bd/system/ipshared/0c28/hdl/generic_baseblocks_v2_1_vl_rfs.v:2119]
INFO: [Synth 8-6155] done synthesizing module 'generic_baseblocks_v2_1_2_comparator_static__parameterized7' (0#1) [c:/FPGA/FromScratch/FromScratch.gen/sources_1/bd/system/ipshared/0c28/hdl/generic_baseblocks_v2_1_vl_rfs.v:2119]
INFO: [Synth 8-6157] synthesizing module 'generic_baseblocks_v2_1_2_comparator_static__parameterized8' [c:/FPGA/FromScratch/FromScratch.gen/sources_1/bd/system/ipshared/0c28/hdl/generic_baseblocks_v2_1_vl_rfs.v:2119]
INFO: [Synth 8-6155] done synthesizing module 'generic_baseblocks_v2_1_2_comparator_static__parameterized8' (0#1) [c:/FPGA/FromScratch/FromScratch.gen/sources_1/bd/system/ipshared/0c28/hdl/generic_baseblocks_v2_1_vl_rfs.v:2119]
INFO: [Synth 8-6157] synthesizing module 'generic_baseblocks_v2_1_2_comparator_static__parameterized9' [c:/FPGA/FromScratch/FromScratch.gen/sources_1/bd/system/ipshared/0c28/hdl/generic_baseblocks_v2_1_vl_rfs.v:2119]
INFO: [Synth 8-6155] done synthesizing module 'generic_baseblocks_v2_1_2_comparator_static__parameterized9' (0#1) [c:/FPGA/FromScratch/FromScratch.gen/sources_1/bd/system/ipshared/0c28/hdl/generic_baseblocks_v2_1_vl_rfs.v:2119]
INFO: [Synth 8-6155] done synthesizing module 'axi_crossbar_v2_1_32_addr_decoder' (0#1) [c:/FPGA/FromScratch/FromScratch.gen/sources_1/bd/system/ipshared/e9d8/hdl/axi_crossbar_v2_1_vl_rfs.v:790]
INFO: [Synth 8-6157] synthesizing module 'axi_crossbar_v2_1_32_decerr_slave' [c:/FPGA/FromScratch/FromScratch.gen/sources_1/bd/system/ipshared/e9d8/hdl/axi_crossbar_v2_1_vl_rfs.v:3493]
INFO: [Synth 8-6155] done synthesizing module 'axi_crossbar_v2_1_32_decerr_slave' (0#1) [c:/FPGA/FromScratch/FromScratch.gen/sources_1/bd/system/ipshared/e9d8/hdl/axi_crossbar_v2_1_vl_rfs.v:3493]
INFO: [Synth 8-6157] synthesizing module 'axi_crossbar_v2_1_32_addr_arbiter_sasd' [c:/FPGA/FromScratch/FromScratch.gen/sources_1/bd/system/ipshared/e9d8/hdl/axi_crossbar_v2_1_vl_rfs.v:63]
INFO: [Synth 8-6155] done synthesizing module 'axi_crossbar_v2_1_32_addr_arbiter_sasd' (0#1) [c:/FPGA/FromScratch/FromScratch.gen/sources_1/bd/system/ipshared/e9d8/hdl/axi_crossbar_v2_1_vl_rfs.v:63]
INFO: [Synth 8-6157] synthesizing module 'axi_crossbar_v2_1_32_splitter' [c:/FPGA/FromScratch/FromScratch.gen/sources_1/bd/system/ipshared/e9d8/hdl/axi_crossbar_v2_1_vl_rfs.v:4451]
INFO: [Synth 8-6155] done synthesizing module 'axi_crossbar_v2_1_32_splitter' (0#1) [c:/FPGA/FromScratch/FromScratch.gen/sources_1/bd/system/ipshared/e9d8/hdl/axi_crossbar_v2_1_vl_rfs.v:4451]
INFO: [Synth 8-6157] synthesizing module 'axi_crossbar_v2_1_32_splitter__parameterized0' [c:/FPGA/FromScratch/FromScratch.gen/sources_1/bd/system/ipshared/e9d8/hdl/axi_crossbar_v2_1_vl_rfs.v:4451]
INFO: [Synth 8-6155] done synthesizing module 'axi_crossbar_v2_1_32_splitter__parameterized0' (0#1) [c:/FPGA/FromScratch/FromScratch.gen/sources_1/bd/system/ipshared/e9d8/hdl/axi_crossbar_v2_1_vl_rfs.v:4451]
INFO: [Synth 8-6157] synthesizing module 'generic_baseblocks_v2_1_2_mux_enc' [c:/FPGA/FromScratch/FromScratch.gen/sources_1/bd/system/ipshared/0c28/hdl/generic_baseblocks_v2_1_vl_rfs.v:2436]
INFO: [Synth 8-6155] done synthesizing module 'generic_baseblocks_v2_1_2_mux_enc' (0#1) [c:/FPGA/FromScratch/FromScratch.gen/sources_1/bd/system/ipshared/0c28/hdl/generic_baseblocks_v2_1_vl_rfs.v:2436]
INFO: [Synth 8-6157] synthesizing module 'generic_baseblocks_v2_1_2_mux_enc__parameterized0' [c:/FPGA/FromScratch/FromScratch.gen/sources_1/bd/system/ipshared/0c28/hdl/generic_baseblocks_v2_1_vl_rfs.v:2436]
INFO: [Synth 8-6155] done synthesizing module 'generic_baseblocks_v2_1_2_mux_enc__parameterized0' (0#1) [c:/FPGA/FromScratch/FromScratch.gen/sources_1/bd/system/ipshared/0c28/hdl/generic_baseblocks_v2_1_vl_rfs.v:2436]
INFO: [Synth 8-6157] synthesizing module 'generic_baseblocks_v2_1_2_mux_enc__parameterized1' [c:/FPGA/FromScratch/FromScratch.gen/sources_1/bd/system/ipshared/0c28/hdl/generic_baseblocks_v2_1_vl_rfs.v:2436]
INFO: [Synth 8-6155] done synthesizing module 'generic_baseblocks_v2_1_2_mux_enc__parameterized1' (0#1) [c:/FPGA/FromScratch/FromScratch.gen/sources_1/bd/system/ipshared/0c28/hdl/generic_baseblocks_v2_1_vl_rfs.v:2436]
INFO: [Synth 8-6157] synthesizing module 'axi_register_slice_v2_1_31_axic_register_slice' [c:/FPGA/FromScratch/FromScratch.gen/sources_1/bd/system/ipshared/92b2/hdl/axi_register_slice_v2_1_vl_rfs.v:1492]
INFO: [Synth 8-6155] done synthesizing module 'axi_register_slice_v2_1_31_axic_register_slice' (0#1) [c:/FPGA/FromScratch/FromScratch.gen/sources_1/bd/system/ipshared/92b2/hdl/axi_register_slice_v2_1_vl_rfs.v:1492]
INFO: [Synth 8-6157] synthesizing module 'generic_baseblocks_v2_1_2_mux_enc__parameterized2' [c:/FPGA/FromScratch/FromScratch.gen/sources_1/bd/system/ipshared/0c28/hdl/generic_baseblocks_v2_1_vl_rfs.v:2436]
INFO: [Synth 8-6155] done synthesizing module 'generic_baseblocks_v2_1_2_mux_enc__parameterized2' (0#1) [c:/FPGA/FromScratch/FromScratch.gen/sources_1/bd/system/ipshared/0c28/hdl/generic_baseblocks_v2_1_vl_rfs.v:2436]
INFO: [Synth 8-6155] done synthesizing module 'axi_crossbar_v2_1_32_crossbar_sasd' (0#1) [c:/FPGA/FromScratch/FromScratch.gen/sources_1/bd/system/ipshared/e9d8/hdl/axi_crossbar_v2_1_vl_rfs.v:1234]
INFO: [Synth 8-6155] done synthesizing module 'axi_crossbar_v2_1_32_axi_crossbar' (0#1) [c:/FPGA/FromScratch/FromScratch.gen/sources_1/bd/system/ipshared/e9d8/hdl/axi_crossbar_v2_1_vl_rfs.v:4871]
INFO: [Synth 8-6155] done synthesizing module 'system_xbar_1' (0#1) [c:/FPGA/FromScratch/FromScratch.gen/sources_1/bd/system/ip/system_xbar_1/synth/system_xbar_1.v:53]
WARNING: [Synth 8-6014] Unused sequential element gen_debug_trans_seq.debug_aw_trans_seq_i_reg was removed.  [c:/FPGA/FromScratch/FromScratch.gen/sources_1/bd/system/ipshared/e9d8/hdl/axi_crossbar_v2_1_vl_rfs.v:2051]
WARNING: [Synth 8-6014] Unused sequential element gen_debug_trans_seq.debug_ar_trans_seq_i_reg was removed.  [c:/FPGA/FromScratch/FromScratch.gen/sources_1/bd/system/ipshared/e9d8/hdl/axi_crossbar_v2_1_vl_rfs.v:2062]
WARNING: [Synth 8-6014] Unused sequential element gen_debug_trans_seq.debug_w_beat_cnt_i_reg was removed.  [c:/FPGA/FromScratch/FromScratch.gen/sources_1/bd/system/ipshared/e9d8/hdl/axi_crossbar_v2_1_vl_rfs.v:2073]
WARNING: [Synth 8-6014] Unused sequential element gen_debug_trans_seq.debug_r_beat_cnt_i_reg was removed.  [c:/FPGA/FromScratch/FromScratch.gen/sources_1/bd/system/ipshared/e9d8/hdl/axi_crossbar_v2_1_vl_rfs.v:2086]
WARNING: [Synth 8-7129] Port S[0] in module generic_baseblocks_v2_1_2_mux_enc__parameterized0 is either unconnected or has no load
WARNING: [Synth 8-7129] Port S_AXI_AWID[0] in module axi_crossbar_v2_1_32_decerr_slave is either unconnected or has no load
WARNING: [Synth 8-7129] Port S_AXI_WLAST in module axi_crossbar_v2_1_32_decerr_slave is either unconnected or has no load
WARNING: [Synth 8-7129] Port S_AXI_ARID[0] in module axi_crossbar_v2_1_32_decerr_slave is either unconnected or has no load
WARNING: [Synth 8-7129] Port S_AXI_ARLEN[7] in module axi_crossbar_v2_1_32_decerr_slave is either unconnected or has no load
WARNING: [Synth 8-7129] Port S_AXI_ARLEN[6] in module axi_crossbar_v2_1_32_decerr_slave is either unconnected or has no load
WARNING: [Synth 8-7129] Port S_AXI_ARLEN[5] in module axi_crossbar_v2_1_32_decerr_slave is either unconnected or has no load
WARNING: [Synth 8-7129] Port S_AXI_ARLEN[4] in module axi_crossbar_v2_1_32_decerr_slave is either unconnected or has no load
WARNING: [Synth 8-7129] Port S_AXI_ARLEN[3] in module axi_crossbar_v2_1_32_decerr_slave is either unconnected or has no load
WARNING: [Synth 8-7129] Port S_AXI_ARLEN[2] in module axi_crossbar_v2_1_32_decerr_slave is either unconnected or has no load
WARNING: [Synth 8-7129] Port S_AXI_ARLEN[1] in module axi_crossbar_v2_1_32_decerr_slave is either unconnected or has no load
WARNING: [Synth 8-7129] Port S_AXI_ARLEN[0] in module axi_crossbar_v2_1_32_decerr_slave is either unconnected or has no load
WARNING: [Synth 8-7129] Port ADDR[1] in module axi_crossbar_v2_1_32_addr_decoder is either unconnected or has no load
WARNING: [Synth 8-7129] Port ADDR[0] in module axi_crossbar_v2_1_32_addr_decoder is either unconnected or has no load
WARNING: [Synth 8-7129] Port S_AXI_AWID[0] in module axi_crossbar_v2_1_32_crossbar_sasd is either unconnected or has no load
WARNING: [Synth 8-7129] Port S_AXI_ARID[0] in module axi_crossbar_v2_1_32_crossbar_sasd is either unconnected or has no load
WARNING: [Synth 8-7129] Port M_AXI_BID[10] in module axi_crossbar_v2_1_32_crossbar_sasd is either unconnected or has no load
WARNING: [Synth 8-7129] Port M_AXI_BID[9] in module axi_crossbar_v2_1_32_crossbar_sasd is either unconnected or has no load
WARNING: [Synth 8-7129] Port M_AXI_BID[8] in module axi_crossbar_v2_1_32_crossbar_sasd is either unconnected or has no load
WARNING: [Synth 8-7129] Port M_AXI_BID[7] in module axi_crossbar_v2_1_32_crossbar_sasd is either unconnected or has no load
WARNING: [Synth 8-7129] Port M_AXI_BID[6] in module axi_crossbar_v2_1_32_crossbar_sasd is either unconnected or has no load
WARNING: [Synth 8-7129] Port M_AXI_BID[5] in module axi_crossbar_v2_1_32_crossbar_sasd is either unconnected or has no load
WARNING: [Synth 8-7129] Port M_AXI_BID[4] in module axi_crossbar_v2_1_32_crossbar_sasd is either unconnected or has no load
WARNING: [Synth 8-7129] Port M_AXI_BID[3] in module axi_crossbar_v2_1_32_crossbar_sasd is either unconnected or has no load
WARNING: [Synth 8-7129] Port M_AXI_BID[2] in module axi_crossbar_v2_1_32_crossbar_sasd is either unconnected or has no load
WARNING: [Synth 8-7129] Port M_AXI_BID[1] in module axi_crossbar_v2_1_32_crossbar_sasd is either unconnected or has no load
WARNING: [Synth 8-7129] Port M_AXI_BID[0] in module axi_crossbar_v2_1_32_crossbar_sasd is either unconnected or has no load
WARNING: [Synth 8-7129] Port M_AXI_RID[10] in module axi_crossbar_v2_1_32_crossbar_sasd is either unconnected or has no load
WARNING: [Synth 8-7129] Port M_AXI_RID[9] in module axi_crossbar_v2_1_32_crossbar_sasd is either unconnected or has no load
WARNING: [Synth 8-7129] Port M_AXI_RID[8] in module axi_crossbar_v2_1_32_crossbar_sasd is either unconnected or has no load
WARNING: [Synth 8-7129] Port M_AXI_RID[7] in module axi_crossbar_v2_1_32_crossbar_sasd is either unconnected or has no load
WARNING: [Synth 8-7129] Port M_AXI_RID[6] in module axi_crossbar_v2_1_32_crossbar_sasd is either unconnected or has no load
WARNING: [Synth 8-7129] Port M_AXI_RID[5] in module axi_crossbar_v2_1_32_crossbar_sasd is either unconnected or has no load
WARNING: [Synth 8-7129] Port M_AXI_RID[4] in module axi_crossbar_v2_1_32_crossbar_sasd is either unconnected or has no load
WARNING: [Synth 8-7129] Port M_AXI_RID[3] in module axi_crossbar_v2_1_32_crossbar_sasd is either unconnected or has no load
WARNING: [Synth 8-7129] Port M_AXI_RID[2] in module axi_crossbar_v2_1_32_crossbar_sasd is either unconnected or has no load
WARNING: [Synth 8-7129] Port M_AXI_RID[1] in module axi_crossbar_v2_1_32_crossbar_sasd is either unconnected or has no load
WARNING: [Synth 8-7129] Port M_AXI_RID[0] in module axi_crossbar_v2_1_32_crossbar_sasd is either unconnected or has no load
WARNING: [Synth 8-7129] Port s_axi_awid[0] in module axi_crossbar_v2_1_32_axi_crossbar is either unconnected or has no load
WARNING: [Synth 8-7129] Port s_axi_awlen[7] in module axi_crossbar_v2_1_32_axi_crossbar is either unconnected or has no load
WARNING: [Synth 8-7129] Port s_axi_awlen[6] in module axi_crossbar_v2_1_32_axi_crossbar is either unconnected or has no load
WARNING: [Synth 8-7129] Port s_axi_awlen[5] in module axi_crossbar_v2_1_32_axi_crossbar is either unconnected or has no load
WARNING: [Synth 8-7129] Port s_axi_awlen[4] in module axi_crossbar_v2_1_32_axi_crossbar is either unconnected or has no load
WARNING: [Synth 8-7129] Port s_axi_awlen[3] in module axi_crossbar_v2_1_32_axi_crossbar is either unconnected or has no load
WARNING: [Synth 8-7129] Port s_axi_awlen[2] in module axi_crossbar_v2_1_32_axi_crossbar is either unconnected or has no load
WARNING: [Synth 8-7129] Port s_axi_awlen[1] in module axi_crossbar_v2_1_32_axi_crossbar is either unconnected or has no load
WARNING: [Synth 8-7129] Port s_axi_awlen[0] in module axi_crossbar_v2_1_32_axi_crossbar is either unconnected or has no load
WARNING: [Synth 8-7129] Port s_axi_awsize[2] in module axi_crossbar_v2_1_32_axi_crossbar is either unconnected or has no load
WARNING: [Synth 8-7129] Port s_axi_awsize[1] in module axi_crossbar_v2_1_32_axi_crossbar is either unconnected or has no load
WARNING: [Synth 8-7129] Port s_axi_awsize[0] in module axi_crossbar_v2_1_32_axi_crossbar is either unconnected or has no load
WARNING: [Synth 8-7129] Port s_axi_awburst[1] in module axi_crossbar_v2_1_32_axi_crossbar is either unconnected or has no load
WARNING: [Synth 8-7129] Port s_axi_awburst[0] in module axi_crossbar_v2_1_32_axi_crossbar is either unconnected or has no load
WARNING: [Synth 8-7129] Port s_axi_awlock[0] in module axi_crossbar_v2_1_32_axi_crossbar is either unconnected or has no load
WARNING: [Synth 8-7129] Port s_axi_awcache[3] in module axi_crossbar_v2_1_32_axi_crossbar is either unconnected or has no load
WARNING: [Synth 8-7129] Port s_axi_awcache[2] in module axi_crossbar_v2_1_32_axi_crossbar is either unconnected or has no load
WARNING: [Synth 8-7129] Port s_axi_awcache[1] in module axi_crossbar_v2_1_32_axi_crossbar is either unconnected or has no load
WARNING: [Synth 8-7129] Port s_axi_awcache[0] in module axi_crossbar_v2_1_32_axi_crossbar is either unconnected or has no load
WARNING: [Synth 8-7129] Port s_axi_awqos[3] in module axi_crossbar_v2_1_32_axi_crossbar is either unconnected or has no load
WARNING: [Synth 8-7129] Port s_axi_awqos[2] in module axi_crossbar_v2_1_32_axi_crossbar is either unconnected or has no load
WARNING: [Synth 8-7129] Port s_axi_awqos[1] in module axi_crossbar_v2_1_32_axi_crossbar is either unconnected or has no load
WARNING: [Synth 8-7129] Port s_axi_awqos[0] in module axi_crossbar_v2_1_32_axi_crossbar is either unconnected or has no load
WARNING: [Synth 8-7129] Port s_axi_awuser[0] in module axi_crossbar_v2_1_32_axi_crossbar is either unconnected or has no load
WARNING: [Synth 8-7129] Port s_axi_wid[0] in module axi_crossbar_v2_1_32_axi_crossbar is either unconnected or has no load
WARNING: [Synth 8-7129] Port s_axi_wlast[0] in module axi_crossbar_v2_1_32_axi_crossbar is either unconnected or has no load
WARNING: [Synth 8-7129] Port s_axi_wuser[0] in module axi_crossbar_v2_1_32_axi_crossbar is either unconnected or has no load
WARNING: [Synth 8-7129] Port s_axi_arid[0] in module axi_crossbar_v2_1_32_axi_crossbar is either unconnected or has no load
WARNING: [Synth 8-7129] Port s_axi_arlen[7] in module axi_crossbar_v2_1_32_axi_crossbar is either unconnected or has no load
WARNING: [Synth 8-7129] Port s_axi_arlen[6] in module axi_crossbar_v2_1_32_axi_crossbar is either unconnected or has no load
WARNING: [Synth 8-7129] Port s_axi_arlen[5] in module axi_crossbar_v2_1_32_axi_crossbar is either unconnected or has no load
WARNING: [Synth 8-7129] Port s_axi_arlen[4] in module axi_crossbar_v2_1_32_axi_crossbar is either unconnected or has no load
WARNING: [Synth 8-7129] Port s_axi_arlen[3] in module axi_crossbar_v2_1_32_axi_crossbar is either unconnected or has no load
WARNING: [Synth 8-7129] Port s_axi_arlen[2] in module axi_crossbar_v2_1_32_axi_crossbar is either unconnected or has no load
WARNING: [Synth 8-7129] Port s_axi_arlen[1] in module axi_crossbar_v2_1_32_axi_crossbar is either unconnected or has no load
WARNING: [Synth 8-7129] Port s_axi_arlen[0] in module axi_crossbar_v2_1_32_axi_crossbar is either unconnected or has no load
WARNING: [Synth 8-7129] Port s_axi_arsize[2] in module axi_crossbar_v2_1_32_axi_crossbar is either unconnected or has no load
WARNING: [Synth 8-7129] Port s_axi_arsize[1] in module axi_crossbar_v2_1_32_axi_crossbar is either unconnected or has no load
WARNING: [Synth 8-7129] Port s_axi_arsize[0] in module axi_crossbar_v2_1_32_axi_crossbar is either unconnected or has no load
WARNING: [Synth 8-7129] Port s_axi_arburst[1] in module axi_crossbar_v2_1_32_axi_crossbar is either unconnected or has no load
WARNING: [Synth 8-7129] Port s_axi_arburst[0] in module axi_crossbar_v2_1_32_axi_crossbar is either unconnected or has no load
WARNING: [Synth 8-7129] Port s_axi_arlock[0] in module axi_crossbar_v2_1_32_axi_crossbar is either unconnected or has no load
WARNING: [Synth 8-7129] Port s_axi_arcache[3] in module axi_crossbar_v2_1_32_axi_crossbar is either unconnected or has no load
WARNING: [Synth 8-7129] Port s_axi_arcache[2] in module axi_crossbar_v2_1_32_axi_crossbar is either unconnected or has no load
WARNING: [Synth 8-7129] Port s_axi_arcache[1] in module axi_crossbar_v2_1_32_axi_crossbar is either unconnected or has no load
WARNING: [Synth 8-7129] Port s_axi_arcache[0] in module axi_crossbar_v2_1_32_axi_crossbar is either unconnected or has no load
WARNING: [Synth 8-7129] Port s_axi_arqos[3] in module axi_crossbar_v2_1_32_axi_crossbar is either unconnected or has no load
WARNING: [Synth 8-7129] Port s_axi_arqos[2] in module axi_crossbar_v2_1_32_axi_crossbar is either unconnected or has no load
WARNING: [Synth 8-7129] Port s_axi_arqos[1] in module axi_crossbar_v2_1_32_axi_crossbar is either unconnected or has no load
WARNING: [Synth 8-7129] Port s_axi_arqos[0] in module axi_crossbar_v2_1_32_axi_crossbar is either unconnected or has no load
WARNING: [Synth 8-7129] Port s_axi_aruser[0] in module axi_crossbar_v2_1_32_axi_crossbar is either unconnected or has no load
WARNING: [Synth 8-7129] Port m_axi_bid[10] in module axi_crossbar_v2_1_32_axi_crossbar is either unconnected or has no load
WARNING: [Synth 8-7129] Port m_axi_bid[9] in module axi_crossbar_v2_1_32_axi_crossbar is either unconnected or has no load
WARNING: [Synth 8-7129] Port m_axi_bid[8] in module axi_crossbar_v2_1_32_axi_crossbar is either unconnected or has no load
WARNING: [Synth 8-7129] Port m_axi_bid[7] in module axi_crossbar_v2_1_32_axi_crossbar is either unconnected or has no load
WARNING: [Synth 8-7129] Port m_axi_bid[6] in module axi_crossbar_v2_1_32_axi_crossbar is either unconnected or has no load
WARNING: [Synth 8-7129] Port m_axi_bid[5] in module axi_crossbar_v2_1_32_axi_crossbar is either unconnected or has no load
WARNING: [Synth 8-7129] Port m_axi_bid[4] in module axi_crossbar_v2_1_32_axi_crossbar is either unconnected or has no load
WARNING: [Synth 8-7129] Port m_axi_bid[3] in module axi_crossbar_v2_1_32_axi_crossbar is either unconnected or has no load
WARNING: [Synth 8-7129] Port m_axi_bid[2] in module axi_crossbar_v2_1_32_axi_crossbar is either unconnected or has no load
WARNING: [Synth 8-7129] Port m_axi_bid[1] in module axi_crossbar_v2_1_32_axi_crossbar is either unconnected or has no load
WARNING: [Synth 8-7129] Port m_axi_bid[0] in module axi_crossbar_v2_1_32_axi_crossbar is either unconnected or has no load
INFO: [Common 17-14] Message 'Synth 8-7129' appears 100 times and further instances of the messages will be disabled. Use the Tcl command set_msg_config to change the current settings.
---------------------------------------------------------------------------------
Finished RTL Elaboration : Time (s): cpu = 00:00:08 ; elapsed = 00:00:09 . Memory (MB): peak = 1653.566 ; gain = 696.098
---------------------------------------------------------------------------------
---------------------------------------------------------------------------------
Start Handling Custom Attributes
---------------------------------------------------------------------------------
---------------------------------------------------------------------------------
Finished Handling Custom Attributes : Time (s): cpu = 00:00:08 ; elapsed = 00:00:09 . Memory (MB): peak = 1653.566 ; gain = 696.098
---------------------------------------------------------------------------------
---------------------------------------------------------------------------------
Finished RTL Optimization Phase 1 : Time (s): cpu = 00:00:08 ; elapsed = 00:00:09 . Memory (MB): peak = 1653.566 ; gain = 696.098
---------------------------------------------------------------------------------
Netlist sorting complete. Time (s): cpu = 00:00:00 ; elapsed = 00:00:00.016 . Memory (MB): peak = 1653.566 ; gain = 0.000
INFO: [Project 1-570] Preparing netlist for logic optimization

Processing XDC Constraints
Initializing timing engine
Parsing XDC File [c:/FPGA/FromScratch/FromScratch.gen/sources_1/bd/system/ip/system_xbar_1/system_xbar_1_ooc.xdc] for cell 'inst'
Finished Parsing XDC File [c:/FPGA/FromScratch/FromScratch.gen/sources_1/bd/system/ip/system_xbar_1/system_xbar_1_ooc.xdc] for cell 'inst'
Parsing XDC File [C:/FPGA/FromScratch/FromScratch.runs/system_xbar_1_synth_1/dont_touch.xdc]
Finished Parsing XDC File [C:/FPGA/FromScratch/FromScratch.runs/system_xbar_1_synth_1/dont_touch.xdc]
Completed Processing XDC Constraints

Netlist sorting complete. Time (s): cpu = 00:00:00 ; elapsed = 00:00:00 . Memory (MB): peak = 1752.211 ; gain = 0.000
INFO: [Project 1-111] Unisim Transformation Summary:
No Unisim elements were transformed.

Constraint Validation Runtime : Time (s): cpu = 00:00:01 ; elapsed = 00:00:00.046 . Memory (MB): peak = 1752.211 ; gain = 0.000
INFO: [Designutils 20-5008] Incremental synthesis strategy off
---------------------------------------------------------------------------------
Finished Constraint Validation : Time (s): cpu = 00:00:13 ; elapsed = 00:00:14 . Memory (MB): peak = 1752.211 ; gain = 794.742
---------------------------------------------------------------------------------
---------------------------------------------------------------------------------
Start Loading Part and Timing Information
---------------------------------------------------------------------------------
Loading part: xc7z010clg400-1
---------------------------------------------------------------------------------
Finished Loading Part and Timing Information : Time (s): cpu = 00:00:13 ; elapsed = 00:00:14 . Memory (MB): peak = 1752.211 ; gain = 794.742
---------------------------------------------------------------------------------
---------------------------------------------------------------------------------
Start Applying 'set_property' XDC Constraints
---------------------------------------------------------------------------------
Applied set_property KEEP_HIERARCHY = SOFT for inst. (constraint file  C:/FPGA/FromScratch/FromScratch.runs/system_xbar_1_synth_1/dont_touch.xdc, line 9).
---------------------------------------------------------------------------------
Finished applying 'set_property' XDC Constraints : Time (s): cpu = 00:00:13 ; elapsed = 00:00:14 . Memory (MB): peak = 1752.211 ; gain = 794.742
---------------------------------------------------------------------------------
---------------------------------------------------------------------------------
Finished RTL Optimization Phase 2 : Time (s): cpu = 00:00:13 ; elapsed = 00:00:14 . Memory (MB): peak = 1752.211 ; gain = 794.742
---------------------------------------------------------------------------------
---------------------------------------------------------------------------------
Start RTL Component Statistics 
---------------------------------------------------------------------------------
Detailed RTL Component Info : 
+---Registers : 
	               64 Bit    Registers := 1     
	               36 Bit    Registers := 2     
	               12 Bit    Registers := 1     
	                4 Bit    Registers := 1     
	                3 Bit    Registers := 1     
	                2 Bit    Registers := 2     
	                1 Bit    Registers := 14    
+---Muxes : 
	   2 Input   64 Bit        Muxes := 1     
	   2 Input   36 Bit        Muxes := 2     
	   2 Input   12 Bit        Muxes := 1     
	   2 Input   11 Bit        Muxes := 1     
	   2 Input    4 Bit        Muxes := 2     
	   2 Input    1 Bit        Muxes := 92    
---------------------------------------------------------------------------------
Finished RTL Component Statistics 
---------------------------------------------------------------------------------
---------------------------------------------------------------------------------
Start Part Resource Summary
---------------------------------------------------------------------------------
Part Resources:
DSPs: 80 (col length:40)
BRAMs: 120 (col length: RAMB18 40 RAMB36 20)
---------------------------------------------------------------------------------
Finished Part Resource Summary
---------------------------------------------------------------------------------
---------------------------------------------------------------------------------
Start Cross Boundary and Area Optimization
---------------------------------------------------------------------------------
WARNING: [Synth 8-7080] Parallel synthesis criteria is not met
INFO: [Synth 8-3936] Found unconnected internal register 'gen_sasd.crossbar_sasd_0/reg_slice_r/m_payload_i_reg' and it is trimmed from '36' to '35' bits. [c:/FPGA/FromScratch/FromScratch.gen/sources_1/bd/system/ipshared/92b2/hdl/axi_register_slice_v2_1_vl_rfs.v:1726]
---------------------------------------------------------------------------------
Finished Cross Boundary and Area Optimization : Time (s): cpu = 00:00:15 ; elapsed = 00:00:16 . Memory (MB): peak = 1752.211 ; gain = 794.742
---------------------------------------------------------------------------------
---------------------------------------------------------------------------------
Start Applying XDC Timing Constraints
---------------------------------------------------------------------------------
---------------------------------------------------------------------------------
Finished Applying XDC Timing Constraints : Time (s): cpu = 00:00:18 ; elapsed = 00:00:19 . Memory (MB): peak = 1752.211 ; gain = 794.742
---------------------------------------------------------------------------------
---------------------------------------------------------------------------------
Start Timing Optimization
---------------------------------------------------------------------------------
---------------------------------------------------------------------------------
Finished Timing Optimization : Time (s): cpu = 00:00:19 ; elapsed = 00:00:20 . Memory (MB): peak = 1752.211 ; gain = 794.742
---------------------------------------------------------------------------------
---------------------------------------------------------------------------------
Start Technology Mapping
---------------------------------------------------------------------------------
---------------------------------------------------------------------------------
Finished Technology Mapping : Time (s): cpu = 00:00:19 ; elapsed = 00:00:20 . Memory (MB): peak = 1752.211 ; gain = 794.742
---------------------------------------------------------------------------------
---------------------------------------------------------------------------------
Start IO Insertion
---------------------------------------------------------------------------------
---------------------------------------------------------------------------------
Start Flattening Before IO Insertion
---------------------------------------------------------------------------------
---------------------------------------------------------------------------------
Finished Flattening Before IO Insertion
---------------------------------------------------------------------------------
---------------------------------------------------------------------------------
Start Final Netlist Cleanup
---------------------------------------------------------------------------------
---------------------------------------------------------------------------------
Finished Final Netlist Cleanup
---------------------------------------------------------------------------------
---------------------------------------------------------------------------------
Finished IO Insertion : Time (s): cpu = 00:00:21 ; elapsed = 00:00:23 . Memory (MB): peak = 1752.211 ; gain = 794.742
---------------------------------------------------------------------------------
---------------------------------------------------------------------------------
Start Renaming Generated Instances
---------------------------------------------------------------------------------
---------------------------------------------------------------------------------
Finished Renaming Generated Instances : Time (s): cpu = 00:00:21 ; elapsed = 00:00:23 . Memory (MB): peak = 1752.211 ; gain = 794.742
---------------------------------------------------------------------------------
---------------------------------------------------------------------------------
Start Rebuilding User Hierarchy
---------------------------------------------------------------------------------
---------------------------------------------------------------------------------
Finished Rebuilding User Hierarchy : Time (s): cpu = 00:00:21 ; elapsed = 00:00:23 . Memory (MB): peak = 1752.211 ; gain = 794.742
---------------------------------------------------------------------------------
---------------------------------------------------------------------------------
Start Renaming Generated Ports
---------------------------------------------------------------------------------
---------------------------------------------------------------------------------
Finished Renaming Generated Ports : Time (s): cpu = 00:00:21 ; elapsed = 00:00:23 . Memory (MB): peak = 1752.211 ; gain = 794.742
---------------------------------------------------------------------------------
---------------------------------------------------------------------------------
Start Handling Custom Attributes
---------------------------------------------------------------------------------
---------------------------------------------------------------------------------
Finished Handling Custom Attributes : Time (s): cpu = 00:00:21 ; elapsed = 00:00:23 . Memory (MB): peak = 1752.211 ; gain = 794.742
---------------------------------------------------------------------------------
---------------------------------------------------------------------------------
Start Renaming Generated Nets
---------------------------------------------------------------------------------
---------------------------------------------------------------------------------
Finished Renaming Generated Nets : Time (s): cpu = 00:00:21 ; elapsed = 00:00:23 . Memory (MB): peak = 1752.211 ; gain = 794.742
---------------------------------------------------------------------------------
---------------------------------------------------------------------------------
Start Writing Synthesis Report
---------------------------------------------------------------------------------

Report BlackBoxes: 
+-+--------------+----------+
| |BlackBox name |Instances |
+-+--------------+----------+
+-+--------------+----------+

Report Cell Usage: 
+------+-----+------+
|      |Cell |Count |
+------+-----+------+
|1     |LUT1 |     1|
|2     |LUT2 |    21|
|3     |LUT3 |    29|
|4     |LUT4 |    80|
|5     |LUT5 |    78|
|6     |LUT6 |   264|
|7     |FDRE |   141|
+------+-----+------+
---------------------------------------------------------------------------------
Finished Writing Synthesis Report : Time (s): cpu = 00:00:21 ; elapsed = 00:00:23 . Memory (MB): peak = 1752.211 ; gain = 794.742
---------------------------------------------------------------------------------
Synthesis finished with 0 errors, 0 critical warnings and 107 warnings.
Synthesis Optimization Runtime : Time (s): cpu = 00:00:11 ; elapsed = 00:00:21 . Memory (MB): peak = 1752.211 ; gain = 696.098
Synthesis Optimization Complete : Time (s): cpu = 00:00:21 ; elapsed = 00:00:23 . Memory (MB): peak = 1752.211 ; gain = 794.742
INFO: [Project 1-571] Translating synthesized netlist
Netlist sorting complete. Time (s): cpu = 00:00:00 ; elapsed = 00:00:00.011 . Memory (MB): peak = 1752.211 ; gain = 0.000
INFO: [Project 1-570] Preparing netlist for logic optimization
INFO: [Opt 31-138] Pushed 0 inverter(s) to 0 load pin(s).
Netlist sorting complete. Time (s): cpu = 00:00:00 ; elapsed = 00:00:00 . Memory (MB): peak = 1752.211 ; gain = 0.000
INFO: [Project 1-111] Unisim Transformation Summary:
No Unisim elements were transformed.

Synth Design complete | Checksum: 24755d9f
INFO: [Common 17-83] Releasing license: Synthesis
67 Infos, 106 Warnings, 0 Critical Warnings and 0 Errors encountered.
synth_design completed successfully
synth_design: Time (s): cpu = 00:00:24 ; elapsed = 00:00:27 . Memory (MB): peak = 1752.211 ; gain = 1197.984
Write ShapeDB Complete: Time (s): cpu = 00:00:00 ; elapsed = 00:00:00.001 . Memory (MB): peak = 1752.211 ; gain = 0.000
INFO: [Common 17-1381] The checkpoint 'C:/FPGA/FromScratch/FromScratch.runs/system_xbar_1_synth_1/system_xbar_1.dcp' has been generated.
INFO: [Coretcl 2-1648] Added synthesis output to IP cache for IP system_xbar_1, cache-ID = 3419c5b4181531f1
INFO: [Coretcl 2-1174] Renamed 7 cell refs.
Write ShapeDB Complete: Time (s): cpu = 00:00:00 ; elapsed = 00:00:00.001 . Memory (MB): peak = 1752.211 ; gain = 0.000
INFO: [Common 17-1381] The checkpoint 'C:/FPGA/FromScratch/FromScratch.runs/system_xbar_1_synth_1/system_xbar_1.dcp' has been generated.
INFO: [Vivado 12-24828] Executing command : report_utilization -file system_xbar_1_utilization_synth.rpt -pb system_xbar_1_utilization_synth.pb
INFO: [Common 17-206] Exiting Vivado at Thu Jul  3 09:32:17 2025...

*** Running vivado
    with args -log system_xbar_1.vds -m64 -product Vivado -mode batch -messageDb vivado.pb -notrace -source system_xbar_1.tcl



****** Vivado v2024.1 (64-bit)
  **** SW Build 5076996 on Wed May 22 18:37:14 MDT 2024
  **** IP Build 5075265 on Wed May 22 21:45:21 MDT 2024
  **** SharedData Build 5076995 on Wed May 22 18:29:18 MDT 2024
  **** Start of session at: Wed Jul  9 11:39:36 2025
    ** Copyright 1986-2022 Xilinx, Inc. All Rights Reserved.
    ** Copyright 2022-2024 Advanced Micro Devices, Inc. All Rights Reserved.

source system_xbar_1.tcl -notrace
INFO: [IP_Flow 19-6924] IPCACHE: Running cache check for IP inst: system_xbar_1
Command: synth_design -top system_xbar_1 -part xc7z010clg400-1 -incremental_mode off -mode out_of_context
Starting synth_design
Attempting to get a license for feature 'Synthesis' and/or device 'xc7z010'
INFO: [Common 17-349] Got license for feature 'Synthesis' and/or device 'xc7z010'
INFO: [Device 21-403] Loading part xc7z010clg400-1
INFO: [Device 21-9227] Part: xc7z010clg400-1 does not have CEAM library.
INFO: [Synth 8-7079] Multithreading enabled for synth_design using a maximum of 2 processes.
INFO: [Synth 8-7078] Launching helper process for spawning children vivado processes
WARNING: [Common 17-1361] You have specified a new message control rule that is equivalent to an existing rule with attributes ' -id {17-179}  -suppress '. The existing rule will be replaced.
INFO: [Synth 8-7075] Helper process launched with PID 26164
---------------------------------------------------------------------------------
Starting RTL Elaboration : Time (s): cpu = 00:00:04 ; elapsed = 00:00:05 . Memory (MB): peak = 1404.488 ; gain = 447.367
---------------------------------------------------------------------------------
INFO: [Synth 8-6157] synthesizing module 'system_xbar_1' [c:/FPGA/pet_scan/pet_scan.gen/sources_1/bd/system/ip/system_xbar_1/synth/system_xbar_1.v:53]
INFO: [Synth 8-6157] synthesizing module 'axi_crossbar_v2_1_32_axi_crossbar' [c:/FPGA/pet_scan/pet_scan.gen/sources_1/bd/system/ipshared/e9d8/hdl/axi_crossbar_v2_1_vl_rfs.v:4871]
INFO: [Synth 8-6157] synthesizing module 'axi_crossbar_v2_1_32_crossbar_sasd' [c:/FPGA/pet_scan/pet_scan.gen/sources_1/bd/system/ipshared/e9d8/hdl/axi_crossbar_v2_1_vl_rfs.v:1234]
INFO: [Synth 8-6157] synthesizing module 'axi_crossbar_v2_1_32_addr_decoder' [c:/FPGA/pet_scan/pet_scan.gen/sources_1/bd/system/ipshared/e9d8/hdl/axi_crossbar_v2_1_vl_rfs.v:790]
INFO: [Synth 8-6157] synthesizing module 'generic_baseblocks_v2_1_2_comparator_static' [c:/FPGA/pet_scan/pet_scan.gen/sources_1/bd/system/ipshared/0c28/hdl/generic_baseblocks_v2_1_vl_rfs.v:2119]
INFO: [Synth 8-6157] synthesizing module 'generic_baseblocks_v2_1_2_carry_and' [c:/FPGA/pet_scan/pet_scan.gen/sources_1/bd/system/ipshared/0c28/hdl/generic_baseblocks_v2_1_vl_rfs.v:60]
INFO: [Synth 8-6155] done synthesizing module 'generic_baseblocks_v2_1_2_carry_and' (0#1) [c:/FPGA/pet_scan/pet_scan.gen/sources_1/bd/system/ipshared/0c28/hdl/generic_baseblocks_v2_1_vl_rfs.v:60]
INFO: [Synth 8-6155] done synthesizing module 'generic_baseblocks_v2_1_2_comparator_static' (0#1) [c:/FPGA/pet_scan/pet_scan.gen/sources_1/bd/system/ipshared/0c28/hdl/generic_baseblocks_v2_1_vl_rfs.v:2119]
INFO: [Synth 8-6157] synthesizing module 'generic_baseblocks_v2_1_2_comparator_static__parameterized0' [c:/FPGA/pet_scan/pet_scan.gen/sources_1/bd/system/ipshared/0c28/hdl/generic_baseblocks_v2_1_vl_rfs.v:2119]
INFO: [Synth 8-6155] done synthesizing module 'generic_baseblocks_v2_1_2_comparator_static__parameterized0' (0#1) [c:/FPGA/pet_scan/pet_scan.gen/sources_1/bd/system/ipshared/0c28/hdl/generic_baseblocks_v2_1_vl_rfs.v:2119]
INFO: [Synth 8-6157] synthesizing module 'generic_baseblocks_v2_1_2_comparator_static__parameterized1' [c:/FPGA/pet_scan/pet_scan.gen/sources_1/bd/system/ipshared/0c28/hdl/generic_baseblocks_v2_1_vl_rfs.v:2119]
INFO: [Synth 8-6155] done synthesizing module 'generic_baseblocks_v2_1_2_comparator_static__parameterized1' (0#1) [c:/FPGA/pet_scan/pet_scan.gen/sources_1/bd/system/ipshared/0c28/hdl/generic_baseblocks_v2_1_vl_rfs.v:2119]
INFO: [Synth 8-6157] synthesizing module 'generic_baseblocks_v2_1_2_comparator_static__parameterized2' [c:/FPGA/pet_scan/pet_scan.gen/sources_1/bd/system/ipshared/0c28/hdl/generic_baseblocks_v2_1_vl_rfs.v:2119]
INFO: [Synth 8-6155] done synthesizing module 'generic_baseblocks_v2_1_2_comparator_static__parameterized2' (0#1) [c:/FPGA/pet_scan/pet_scan.gen/sources_1/bd/system/ipshared/0c28/hdl/generic_baseblocks_v2_1_vl_rfs.v:2119]
INFO: [Synth 8-6157] synthesizing module 'generic_baseblocks_v2_1_2_comparator_static__parameterized3' [c:/FPGA/pet_scan/pet_scan.gen/sources_1/bd/system/ipshared/0c28/hdl/generic_baseblocks_v2_1_vl_rfs.v:2119]
INFO: [Synth 8-6155] done synthesizing module 'generic_baseblocks_v2_1_2_comparator_static__parameterized3' (0#1) [c:/FPGA/pet_scan/pet_scan.gen/sources_1/bd/system/ipshared/0c28/hdl/generic_baseblocks_v2_1_vl_rfs.v:2119]
INFO: [Synth 8-6157] synthesizing module 'generic_baseblocks_v2_1_2_comparator_static__parameterized4' [c:/FPGA/pet_scan/pet_scan.gen/sources_1/bd/system/ipshared/0c28/hdl/generic_baseblocks_v2_1_vl_rfs.v:2119]
INFO: [Synth 8-6155] done synthesizing module 'generic_baseblocks_v2_1_2_comparator_static__parameterized4' (0#1) [c:/FPGA/pet_scan/pet_scan.gen/sources_1/bd/system/ipshared/0c28/hdl/generic_baseblocks_v2_1_vl_rfs.v:2119]
INFO: [Synth 8-6157] synthesizing module 'generic_baseblocks_v2_1_2_comparator_static__parameterized5' [c:/FPGA/pet_scan/pet_scan.gen/sources_1/bd/system/ipshared/0c28/hdl/generic_baseblocks_v2_1_vl_rfs.v:2119]
INFO: [Synth 8-6155] done synthesizing module 'generic_baseblocks_v2_1_2_comparator_static__parameterized5' (0#1) [c:/FPGA/pet_scan/pet_scan.gen/sources_1/bd/system/ipshared/0c28/hdl/generic_baseblocks_v2_1_vl_rfs.v:2119]
INFO: [Synth 8-6157] synthesizing module 'generic_baseblocks_v2_1_2_comparator_static__parameterized6' [c:/FPGA/pet_scan/pet_scan.gen/sources_1/bd/system/ipshared/0c28/hdl/generic_baseblocks_v2_1_vl_rfs.v:2119]
INFO: [Synth 8-6155] done synthesizing module 'generic_baseblocks_v2_1_2_comparator_static__parameterized6' (0#1) [c:/FPGA/pet_scan/pet_scan.gen/sources_1/bd/system/ipshared/0c28/hdl/generic_baseblocks_v2_1_vl_rfs.v:2119]
INFO: [Synth 8-6157] synthesizing module 'generic_baseblocks_v2_1_2_comparator_static__parameterized7' [c:/FPGA/pet_scan/pet_scan.gen/sources_1/bd/system/ipshared/0c28/hdl/generic_baseblocks_v2_1_vl_rfs.v:2119]
INFO: [Synth 8-6155] done synthesizing module 'generic_baseblocks_v2_1_2_comparator_static__parameterized7' (0#1) [c:/FPGA/pet_scan/pet_scan.gen/sources_1/bd/system/ipshared/0c28/hdl/generic_baseblocks_v2_1_vl_rfs.v:2119]
INFO: [Synth 8-6157] synthesizing module 'generic_baseblocks_v2_1_2_comparator_static__parameterized8' [c:/FPGA/pet_scan/pet_scan.gen/sources_1/bd/system/ipshared/0c28/hdl/generic_baseblocks_v2_1_vl_rfs.v:2119]
INFO: [Synth 8-6155] done synthesizing module 'generic_baseblocks_v2_1_2_comparator_static__parameterized8' (0#1) [c:/FPGA/pet_scan/pet_scan.gen/sources_1/bd/system/ipshared/0c28/hdl/generic_baseblocks_v2_1_vl_rfs.v:2119]
INFO: [Synth 8-6157] synthesizing module 'generic_baseblocks_v2_1_2_comparator_static__parameterized9' [c:/FPGA/pet_scan/pet_scan.gen/sources_1/bd/system/ipshared/0c28/hdl/generic_baseblocks_v2_1_vl_rfs.v:2119]
INFO: [Synth 8-6155] done synthesizing module 'generic_baseblocks_v2_1_2_comparator_static__parameterized9' (0#1) [c:/FPGA/pet_scan/pet_scan.gen/sources_1/bd/system/ipshared/0c28/hdl/generic_baseblocks_v2_1_vl_rfs.v:2119]
INFO: [Synth 8-6157] synthesizing module 'generic_baseblocks_v2_1_2_comparator_static__parameterized10' [c:/FPGA/pet_scan/pet_scan.gen/sources_1/bd/system/ipshared/0c28/hdl/generic_baseblocks_v2_1_vl_rfs.v:2119]
INFO: [Synth 8-6155] done synthesizing module 'generic_baseblocks_v2_1_2_comparator_static__parameterized10' (0#1) [c:/FPGA/pet_scan/pet_scan.gen/sources_1/bd/system/ipshared/0c28/hdl/generic_baseblocks_v2_1_vl_rfs.v:2119]
INFO: [Synth 8-6155] done synthesizing module 'axi_crossbar_v2_1_32_addr_decoder' (0#1) [c:/FPGA/pet_scan/pet_scan.gen/sources_1/bd/system/ipshared/e9d8/hdl/axi_crossbar_v2_1_vl_rfs.v:790]
INFO: [Synth 8-6157] synthesizing module 'axi_crossbar_v2_1_32_decerr_slave' [c:/FPGA/pet_scan/pet_scan.gen/sources_1/bd/system/ipshared/e9d8/hdl/axi_crossbar_v2_1_vl_rfs.v:3493]
INFO: [Synth 8-6155] done synthesizing module 'axi_crossbar_v2_1_32_decerr_slave' (0#1) [c:/FPGA/pet_scan/pet_scan.gen/sources_1/bd/system/ipshared/e9d8/hdl/axi_crossbar_v2_1_vl_rfs.v:3493]
INFO: [Synth 8-6157] synthesizing module 'axi_crossbar_v2_1_32_addr_arbiter_sasd' [c:/FPGA/pet_scan/pet_scan.gen/sources_1/bd/system/ipshared/e9d8/hdl/axi_crossbar_v2_1_vl_rfs.v:63]
INFO: [Synth 8-6155] done synthesizing module 'axi_crossbar_v2_1_32_addr_arbiter_sasd' (0#1) [c:/FPGA/pet_scan/pet_scan.gen/sources_1/bd/system/ipshared/e9d8/hdl/axi_crossbar_v2_1_vl_rfs.v:63]
INFO: [Synth 8-6157] synthesizing module 'axi_crossbar_v2_1_32_splitter' [c:/FPGA/pet_scan/pet_scan.gen/sources_1/bd/system/ipshared/e9d8/hdl/axi_crossbar_v2_1_vl_rfs.v:4451]
INFO: [Synth 8-6155] done synthesizing module 'axi_crossbar_v2_1_32_splitter' (0#1) [c:/FPGA/pet_scan/pet_scan.gen/sources_1/bd/system/ipshared/e9d8/hdl/axi_crossbar_v2_1_vl_rfs.v:4451]
INFO: [Synth 8-6157] synthesizing module 'axi_crossbar_v2_1_32_splitter__parameterized0' [c:/FPGA/pet_scan/pet_scan.gen/sources_1/bd/system/ipshared/e9d8/hdl/axi_crossbar_v2_1_vl_rfs.v:4451]
INFO: [Synth 8-6155] done synthesizing module 'axi_crossbar_v2_1_32_splitter__parameterized0' (0#1) [c:/FPGA/pet_scan/pet_scan.gen/sources_1/bd/system/ipshared/e9d8/hdl/axi_crossbar_v2_1_vl_rfs.v:4451]
INFO: [Synth 8-6157] synthesizing module 'generic_baseblocks_v2_1_2_mux_enc' [c:/FPGA/pet_scan/pet_scan.gen/sources_1/bd/system/ipshared/0c28/hdl/generic_baseblocks_v2_1_vl_rfs.v:2436]
INFO: [Synth 8-6155] done synthesizing module 'generic_baseblocks_v2_1_2_mux_enc' (0#1) [c:/FPGA/pet_scan/pet_scan.gen/sources_1/bd/system/ipshared/0c28/hdl/generic_baseblocks_v2_1_vl_rfs.v:2436]
INFO: [Synth 8-6157] synthesizing module 'generic_baseblocks_v2_1_2_mux_enc__parameterized0' [c:/FPGA/pet_scan/pet_scan.gen/sources_1/bd/system/ipshared/0c28/hdl/generic_baseblocks_v2_1_vl_rfs.v:2436]
INFO: [Synth 8-6155] done synthesizing module 'generic_baseblocks_v2_1_2_mux_enc__parameterized0' (0#1) [c:/FPGA/pet_scan/pet_scan.gen/sources_1/bd/system/ipshared/0c28/hdl/generic_baseblocks_v2_1_vl_rfs.v:2436]
INFO: [Synth 8-6157] synthesizing module 'generic_baseblocks_v2_1_2_mux_enc__parameterized1' [c:/FPGA/pet_scan/pet_scan.gen/sources_1/bd/system/ipshared/0c28/hdl/generic_baseblocks_v2_1_vl_rfs.v:2436]
INFO: [Synth 8-6155] done synthesizing module 'generic_baseblocks_v2_1_2_mux_enc__parameterized1' (0#1) [c:/FPGA/pet_scan/pet_scan.gen/sources_1/bd/system/ipshared/0c28/hdl/generic_baseblocks_v2_1_vl_rfs.v:2436]
INFO: [Synth 8-6157] synthesizing module 'axi_register_slice_v2_1_31_axic_register_slice' [c:/FPGA/pet_scan/pet_scan.gen/sources_1/bd/system/ipshared/92b2/hdl/axi_register_slice_v2_1_vl_rfs.v:1492]
INFO: [Synth 8-6155] done synthesizing module 'axi_register_slice_v2_1_31_axic_register_slice' (0#1) [c:/FPGA/pet_scan/pet_scan.gen/sources_1/bd/system/ipshared/92b2/hdl/axi_register_slice_v2_1_vl_rfs.v:1492]
INFO: [Synth 8-6157] synthesizing module 'generic_baseblocks_v2_1_2_mux_enc__parameterized2' [c:/FPGA/pet_scan/pet_scan.gen/sources_1/bd/system/ipshared/0c28/hdl/generic_baseblocks_v2_1_vl_rfs.v:2436]
INFO: [Synth 8-6155] done synthesizing module 'generic_baseblocks_v2_1_2_mux_enc__parameterized2' (0#1) [c:/FPGA/pet_scan/pet_scan.gen/sources_1/bd/system/ipshared/0c28/hdl/generic_baseblocks_v2_1_vl_rfs.v:2436]
INFO: [Synth 8-6155] done synthesizing module 'axi_crossbar_v2_1_32_crossbar_sasd' (0#1) [c:/FPGA/pet_scan/pet_scan.gen/sources_1/bd/system/ipshared/e9d8/hdl/axi_crossbar_v2_1_vl_rfs.v:1234]
INFO: [Synth 8-6155] done synthesizing module 'axi_crossbar_v2_1_32_axi_crossbar' (0#1) [c:/FPGA/pet_scan/pet_scan.gen/sources_1/bd/system/ipshared/e9d8/hdl/axi_crossbar_v2_1_vl_rfs.v:4871]
INFO: [Synth 8-6155] done synthesizing module 'system_xbar_1' (0#1) [c:/FPGA/pet_scan/pet_scan.gen/sources_1/bd/system/ip/system_xbar_1/synth/system_xbar_1.v:53]
WARNING: [Synth 8-6014] Unused sequential element gen_debug_trans_seq.debug_aw_trans_seq_i_reg was removed.  [c:/FPGA/pet_scan/pet_scan.gen/sources_1/bd/system/ipshared/e9d8/hdl/axi_crossbar_v2_1_vl_rfs.v:2051]
WARNING: [Synth 8-6014] Unused sequential element gen_debug_trans_seq.debug_ar_trans_seq_i_reg was removed.  [c:/FPGA/pet_scan/pet_scan.gen/sources_1/bd/system/ipshared/e9d8/hdl/axi_crossbar_v2_1_vl_rfs.v:2062]
WARNING: [Synth 8-6014] Unused sequential element gen_debug_trans_seq.debug_w_beat_cnt_i_reg was removed.  [c:/FPGA/pet_scan/pet_scan.gen/sources_1/bd/system/ipshared/e9d8/hdl/axi_crossbar_v2_1_vl_rfs.v:2073]
WARNING: [Synth 8-6014] Unused sequential element gen_debug_trans_seq.debug_r_beat_cnt_i_reg was removed.  [c:/FPGA/pet_scan/pet_scan.gen/sources_1/bd/system/ipshared/e9d8/hdl/axi_crossbar_v2_1_vl_rfs.v:2086]
WARNING: [Synth 8-7129] Port S[0] in module generic_baseblocks_v2_1_2_mux_enc__parameterized0 is either unconnected or has no load
WARNING: [Synth 8-7129] Port S_AXI_AWID[0] in module axi_crossbar_v2_1_32_decerr_slave is either unconnected or has no load
WARNING: [Synth 8-7129] Port S_AXI_WLAST in module axi_crossbar_v2_1_32_decerr_slave is either unconnected or has no load
WARNING: [Synth 8-7129] Port S_AXI_ARID[0] in module axi_crossbar_v2_1_32_decerr_slave is either unconnected or has no load
WARNING: [Synth 8-7129] Port S_AXI_ARLEN[7] in module axi_crossbar_v2_1_32_decerr_slave is either unconnected or has no load
WARNING: [Synth 8-7129] Port S_AXI_ARLEN[6] in module axi_crossbar_v2_1_32_decerr_slave is either unconnected or has no load
WARNING: [Synth 8-7129] Port S_AXI_ARLEN[5] in module axi_crossbar_v2_1_32_decerr_slave is either unconnected or has no load
WARNING: [Synth 8-7129] Port S_AXI_ARLEN[4] in module axi_crossbar_v2_1_32_decerr_slave is either unconnected or has no load
WARNING: [Synth 8-7129] Port S_AXI_ARLEN[3] in module axi_crossbar_v2_1_32_decerr_slave is either unconnected or has no load
WARNING: [Synth 8-7129] Port S_AXI_ARLEN[2] in module axi_crossbar_v2_1_32_decerr_slave is either unconnected or has no load
WARNING: [Synth 8-7129] Port S_AXI_ARLEN[1] in module axi_crossbar_v2_1_32_decerr_slave is either unconnected or has no load
WARNING: [Synth 8-7129] Port S_AXI_ARLEN[0] in module axi_crossbar_v2_1_32_decerr_slave is either unconnected or has no load
WARNING: [Synth 8-7129] Port ADDR[1] in module axi_crossbar_v2_1_32_addr_decoder is either unconnected or has no load
WARNING: [Synth 8-7129] Port ADDR[0] in module axi_crossbar_v2_1_32_addr_decoder is either unconnected or has no load
WARNING: [Synth 8-7129] Port S_AXI_AWID[0] in module axi_crossbar_v2_1_32_crossbar_sasd is either unconnected or has no load
WARNING: [Synth 8-7129] Port S_AXI_ARID[0] in module axi_crossbar_v2_1_32_crossbar_sasd is either unconnected or has no load
WARNING: [Synth 8-7129] Port M_AXI_BID[11] in module axi_crossbar_v2_1_32_crossbar_sasd is either unconnected or has no load
WARNING: [Synth 8-7129] Port M_AXI_BID[10] in module axi_crossbar_v2_1_32_crossbar_sasd is either unconnected or has no load
WARNING: [Synth 8-7129] Port M_AXI_BID[9] in module axi_crossbar_v2_1_32_crossbar_sasd is either unconnected or has no load
WARNING: [Synth 8-7129] Port M_AXI_BID[8] in module axi_crossbar_v2_1_32_crossbar_sasd is either unconnected or has no load
WARNING: [Synth 8-7129] Port M_AXI_BID[7] in module axi_crossbar_v2_1_32_crossbar_sasd is either unconnected or has no load
WARNING: [Synth 8-7129] Port M_AXI_BID[6] in module axi_crossbar_v2_1_32_crossbar_sasd is either unconnected or has no load
WARNING: [Synth 8-7129] Port M_AXI_BID[5] in module axi_crossbar_v2_1_32_crossbar_sasd is either unconnected or has no load
WARNING: [Synth 8-7129] Port M_AXI_BID[4] in module axi_crossbar_v2_1_32_crossbar_sasd is either unconnected or has no load
WARNING: [Synth 8-7129] Port M_AXI_BID[3] in module axi_crossbar_v2_1_32_crossbar_sasd is either unconnected or has no load
WARNING: [Synth 8-7129] Port M_AXI_BID[2] in module axi_crossbar_v2_1_32_crossbar_sasd is either unconnected or has no load
WARNING: [Synth 8-7129] Port M_AXI_BID[1] in module axi_crossbar_v2_1_32_crossbar_sasd is either unconnected or has no load
WARNING: [Synth 8-7129] Port M_AXI_BID[0] in module axi_crossbar_v2_1_32_crossbar_sasd is either unconnected or has no load
WARNING: [Synth 8-7129] Port M_AXI_RID[11] in module axi_crossbar_v2_1_32_crossbar_sasd is either unconnected or has no load
WARNING: [Synth 8-7129] Port M_AXI_RID[10] in module axi_crossbar_v2_1_32_crossbar_sasd is either unconnected or has no load
WARNING: [Synth 8-7129] Port M_AXI_RID[9] in module axi_crossbar_v2_1_32_crossbar_sasd is either unconnected or has no load
WARNING: [Synth 8-7129] Port M_AXI_RID[8] in module axi_crossbar_v2_1_32_crossbar_sasd is either unconnected or has no load
WARNING: [Synth 8-7129] Port M_AXI_RID[7] in module axi_crossbar_v2_1_32_crossbar_sasd is either unconnected or has no load
WARNING: [Synth 8-7129] Port M_AXI_RID[6] in module axi_crossbar_v2_1_32_crossbar_sasd is either unconnected or has no load
WARNING: [Synth 8-7129] Port M_AXI_RID[5] in module axi_crossbar_v2_1_32_crossbar_sasd is either unconnected or has no load
WARNING: [Synth 8-7129] Port M_AXI_RID[4] in module axi_crossbar_v2_1_32_crossbar_sasd is either unconnected or has no load
WARNING: [Synth 8-7129] Port M_AXI_RID[3] in module axi_crossbar_v2_1_32_crossbar_sasd is either unconnected or has no load
WARNING: [Synth 8-7129] Port M_AXI_RID[2] in module axi_crossbar_v2_1_32_crossbar_sasd is either unconnected or has no load
WARNING: [Synth 8-7129] Port M_AXI_RID[1] in module axi_crossbar_v2_1_32_crossbar_sasd is either unconnected or has no load
WARNING: [Synth 8-7129] Port M_AXI_RID[0] in module axi_crossbar_v2_1_32_crossbar_sasd is either unconnected or has no load
WARNING: [Synth 8-7129] Port s_axi_awid[0] in module axi_crossbar_v2_1_32_axi_crossbar is either unconnected or has no load
WARNING: [Synth 8-7129] Port s_axi_awlen[7] in module axi_crossbar_v2_1_32_axi_crossbar is either unconnected or has no load
WARNING: [Synth 8-7129] Port s_axi_awlen[6] in module axi_crossbar_v2_1_32_axi_crossbar is either unconnected or has no load
WARNING: [Synth 8-7129] Port s_axi_awlen[5] in module axi_crossbar_v2_1_32_axi_crossbar is either unconnected or has no load
WARNING: [Synth 8-7129] Port s_axi_awlen[4] in module axi_crossbar_v2_1_32_axi_crossbar is either unconnected or has no load
WARNING: [Synth 8-7129] Port s_axi_awlen[3] in module axi_crossbar_v2_1_32_axi_crossbar is either unconnected or has no load
WARNING: [Synth 8-7129] Port s_axi_awlen[2] in module axi_crossbar_v2_1_32_axi_crossbar is either unconnected or has no load
WARNING: [Synth 8-7129] Port s_axi_awlen[1] in module axi_crossbar_v2_1_32_axi_crossbar is either unconnected or has no load
WARNING: [Synth 8-7129] Port s_axi_awlen[0] in module axi_crossbar_v2_1_32_axi_crossbar is either unconnected or has no load
WARNING: [Synth 8-7129] Port s_axi_awsize[2] in module axi_crossbar_v2_1_32_axi_crossbar is either unconnected or has no load
WARNING: [Synth 8-7129] Port s_axi_awsize[1] in module axi_crossbar_v2_1_32_axi_crossbar is either unconnected or has no load
WARNING: [Synth 8-7129] Port s_axi_awsize[0] in module axi_crossbar_v2_1_32_axi_crossbar is either unconnected or has no load
WARNING: [Synth 8-7129] Port s_axi_awburst[1] in module axi_crossbar_v2_1_32_axi_crossbar is either unconnected or has no load
WARNING: [Synth 8-7129] Port s_axi_awburst[0] in module axi_crossbar_v2_1_32_axi_crossbar is either unconnected or has no load
WARNING: [Synth 8-7129] Port s_axi_awlock[0] in module axi_crossbar_v2_1_32_axi_crossbar is either unconnected or has no load
WARNING: [Synth 8-7129] Port s_axi_awcache[3] in module axi_crossbar_v2_1_32_axi_crossbar is either unconnected or has no load
WARNING: [Synth 8-7129] Port s_axi_awcache[2] in module axi_crossbar_v2_1_32_axi_crossbar is either unconnected or has no load
WARNING: [Synth 8-7129] Port s_axi_awcache[1] in module axi_crossbar_v2_1_32_axi_crossbar is either unconnected or has no load
WARNING: [Synth 8-7129] Port s_axi_awcache[0] in module axi_crossbar_v2_1_32_axi_crossbar is either unconnected or has no load
WARNING: [Synth 8-7129] Port s_axi_awqos[3] in module axi_crossbar_v2_1_32_axi_crossbar is either unconnected or has no load
WARNING: [Synth 8-7129] Port s_axi_awqos[2] in module axi_crossbar_v2_1_32_axi_crossbar is either unconnected or has no load
WARNING: [Synth 8-7129] Port s_axi_awqos[1] in module axi_crossbar_v2_1_32_axi_crossbar is either unconnected or has no load
WARNING: [Synth 8-7129] Port s_axi_awqos[0] in module axi_crossbar_v2_1_32_axi_crossbar is either unconnected or has no load
WARNING: [Synth 8-7129] Port s_axi_awuser[0] in module axi_crossbar_v2_1_32_axi_crossbar is either unconnected or has no load
WARNING: [Synth 8-7129] Port s_axi_wid[0] in module axi_crossbar_v2_1_32_axi_crossbar is either unconnected or has no load
WARNING: [Synth 8-7129] Port s_axi_wlast[0] in module axi_crossbar_v2_1_32_axi_crossbar is either unconnected or has no load
WARNING: [Synth 8-7129] Port s_axi_wuser[0] in module axi_crossbar_v2_1_32_axi_crossbar is either unconnected or has no load
WARNING: [Synth 8-7129] Port s_axi_arid[0] in module axi_crossbar_v2_1_32_axi_crossbar is either unconnected or has no load
WARNING: [Synth 8-7129] Port s_axi_arlen[7] in module axi_crossbar_v2_1_32_axi_crossbar is either unconnected or has no load
WARNING: [Synth 8-7129] Port s_axi_arlen[6] in module axi_crossbar_v2_1_32_axi_crossbar is either unconnected or has no load
WARNING: [Synth 8-7129] Port s_axi_arlen[5] in module axi_crossbar_v2_1_32_axi_crossbar is either unconnected or has no load
WARNING: [Synth 8-7129] Port s_axi_arlen[4] in module axi_crossbar_v2_1_32_axi_crossbar is either unconnected or has no load
WARNING: [Synth 8-7129] Port s_axi_arlen[3] in module axi_crossbar_v2_1_32_axi_crossbar is either unconnected or has no load
WARNING: [Synth 8-7129] Port s_axi_arlen[2] in module axi_crossbar_v2_1_32_axi_crossbar is either unconnected or has no load
WARNING: [Synth 8-7129] Port s_axi_arlen[1] in module axi_crossbar_v2_1_32_axi_crossbar is either unconnected or has no load
WARNING: [Synth 8-7129] Port s_axi_arlen[0] in module axi_crossbar_v2_1_32_axi_crossbar is either unconnected or has no load
WARNING: [Synth 8-7129] Port s_axi_arsize[2] in module axi_crossbar_v2_1_32_axi_crossbar is either unconnected or has no load
WARNING: [Synth 8-7129] Port s_axi_arsize[1] in module axi_crossbar_v2_1_32_axi_crossbar is either unconnected or has no load
WARNING: [Synth 8-7129] Port s_axi_arsize[0] in module axi_crossbar_v2_1_32_axi_crossbar is either unconnected or has no load
WARNING: [Synth 8-7129] Port s_axi_arburst[1] in module axi_crossbar_v2_1_32_axi_crossbar is either unconnected or has no load
WARNING: [Synth 8-7129] Port s_axi_arburst[0] in module axi_crossbar_v2_1_32_axi_crossbar is either unconnected or has no load
WARNING: [Synth 8-7129] Port s_axi_arlock[0] in module axi_crossbar_v2_1_32_axi_crossbar is either unconnected or has no load
WARNING: [Synth 8-7129] Port s_axi_arcache[3] in module axi_crossbar_v2_1_32_axi_crossbar is either unconnected or has no load
WARNING: [Synth 8-7129] Port s_axi_arcache[2] in module axi_crossbar_v2_1_32_axi_crossbar is either unconnected or has no load
WARNING: [Synth 8-7129] Port s_axi_arcache[1] in module axi_crossbar_v2_1_32_axi_crossbar is either unconnected or has no load
WARNING: [Synth 8-7129] Port s_axi_arcache[0] in module axi_crossbar_v2_1_32_axi_crossbar is either unconnected or has no load
WARNING: [Synth 8-7129] Port s_axi_arqos[3] in module axi_crossbar_v2_1_32_axi_crossbar is either unconnected or has no load
WARNING: [Synth 8-7129] Port s_axi_arqos[2] in module axi_crossbar_v2_1_32_axi_crossbar is either unconnected or has no load
WARNING: [Synth 8-7129] Port s_axi_arqos[1] in module axi_crossbar_v2_1_32_axi_crossbar is either unconnected or has no load
WARNING: [Synth 8-7129] Port s_axi_arqos[0] in module axi_crossbar_v2_1_32_axi_crossbar is either unconnected or has no load
WARNING: [Synth 8-7129] Port s_axi_aruser[0] in module axi_crossbar_v2_1_32_axi_crossbar is either unconnected or has no load
WARNING: [Synth 8-7129] Port m_axi_bid[11] in module axi_crossbar_v2_1_32_axi_crossbar is either unconnected or has no load
WARNING: [Synth 8-7129] Port m_axi_bid[10] in module axi_crossbar_v2_1_32_axi_crossbar is either unconnected or has no load
WARNING: [Synth 8-7129] Port m_axi_bid[9] in module axi_crossbar_v2_1_32_axi_crossbar is either unconnected or has no load
WARNING: [Synth 8-7129] Port m_axi_bid[8] in module axi_crossbar_v2_1_32_axi_crossbar is either unconnected or has no load
WARNING: [Synth 8-7129] Port m_axi_bid[7] in module axi_crossbar_v2_1_32_axi_crossbar is either unconnected or has no load
WARNING: [Synth 8-7129] Port m_axi_bid[6] in module axi_crossbar_v2_1_32_axi_crossbar is either unconnected or has no load
WARNING: [Synth 8-7129] Port m_axi_bid[5] in module axi_crossbar_v2_1_32_axi_crossbar is either unconnected or has no load
WARNING: [Synth 8-7129] Port m_axi_bid[4] in module axi_crossbar_v2_1_32_axi_crossbar is either unconnected or has no load
WARNING: [Synth 8-7129] Port m_axi_bid[3] in module axi_crossbar_v2_1_32_axi_crossbar is either unconnected or has no load
INFO: [Common 17-14] Message 'Synth 8-7129' appears 100 times and further instances of the messages will be disabled. Use the Tcl command set_msg_config to change the current settings.
---------------------------------------------------------------------------------
Finished RTL Elaboration : Time (s): cpu = 00:00:08 ; elapsed = 00:00:09 . Memory (MB): peak = 1654.273 ; gain = 697.152
---------------------------------------------------------------------------------
---------------------------------------------------------------------------------
Start Handling Custom Attributes
---------------------------------------------------------------------------------
---------------------------------------------------------------------------------
Finished Handling Custom Attributes : Time (s): cpu = 00:00:08 ; elapsed = 00:00:09 . Memory (MB): peak = 1654.273 ; gain = 697.152
---------------------------------------------------------------------------------
---------------------------------------------------------------------------------
Finished RTL Optimization Phase 1 : Time (s): cpu = 00:00:08 ; elapsed = 00:00:09 . Memory (MB): peak = 1654.273 ; gain = 697.152
---------------------------------------------------------------------------------
Netlist sorting complete. Time (s): cpu = 00:00:00 ; elapsed = 00:00:00.019 . Memory (MB): peak = 1654.273 ; gain = 0.000
INFO: [Project 1-570] Preparing netlist for logic optimization

Processing XDC Constraints
Initializing timing engine
Parsing XDC File [c:/FPGA/pet_scan/pet_scan.gen/sources_1/bd/system/ip/system_xbar_1/system_xbar_1_ooc.xdc] for cell 'inst'
Finished Parsing XDC File [c:/FPGA/pet_scan/pet_scan.gen/sources_1/bd/system/ip/system_xbar_1/system_xbar_1_ooc.xdc] for cell 'inst'
Parsing XDC File [C:/FPGA/pet_scan/pet_scan.runs/system_xbar_1_synth_1/dont_touch.xdc]
Finished Parsing XDC File [C:/FPGA/pet_scan/pet_scan.runs/system_xbar_1_synth_1/dont_touch.xdc]
Completed Processing XDC Constraints

Netlist sorting complete. Time (s): cpu = 00:00:00 ; elapsed = 00:00:00 . Memory (MB): peak = 1744.750 ; gain = 0.000
INFO: [Project 1-111] Unisim Transformation Summary:
No Unisim elements were transformed.

Constraint Validation Runtime : Time (s): cpu = 00:00:00 ; elapsed = 00:00:00.046 . Memory (MB): peak = 1744.789 ; gain = 0.039
INFO: [Designutils 20-5008] Incremental synthesis strategy off
---------------------------------------------------------------------------------
Finished Constraint Validation : Time (s): cpu = 00:00:13 ; elapsed = 00:00:14 . Memory (MB): peak = 1744.789 ; gain = 787.668
---------------------------------------------------------------------------------
---------------------------------------------------------------------------------
Start Loading Part and Timing Information
---------------------------------------------------------------------------------
Loading part: xc7z010clg400-1
---------------------------------------------------------------------------------
Finished Loading Part and Timing Information : Time (s): cpu = 00:00:13 ; elapsed = 00:00:14 . Memory (MB): peak = 1744.789 ; gain = 787.668
---------------------------------------------------------------------------------
---------------------------------------------------------------------------------
Start Applying 'set_property' XDC Constraints
---------------------------------------------------------------------------------
Applied set_property KEEP_HIERARCHY = SOFT for inst. (constraint file  C:/FPGA/pet_scan/pet_scan.runs/system_xbar_1_synth_1/dont_touch.xdc, line 9).
---------------------------------------------------------------------------------
Finished applying 'set_property' XDC Constraints : Time (s): cpu = 00:00:13 ; elapsed = 00:00:14 . Memory (MB): peak = 1744.789 ; gain = 787.668
---------------------------------------------------------------------------------
---------------------------------------------------------------------------------
Finished RTL Optimization Phase 2 : Time (s): cpu = 00:00:13 ; elapsed = 00:00:14 . Memory (MB): peak = 1744.789 ; gain = 787.668
---------------------------------------------------------------------------------
---------------------------------------------------------------------------------
Start RTL Component Statistics 
---------------------------------------------------------------------------------
Detailed RTL Component Info : 
+---Registers : 
	               64 Bit    Registers := 1     
	               36 Bit    Registers := 2     
	               13 Bit    Registers := 1     
	                4 Bit    Registers := 1     
	                3 Bit    Registers := 1     
	                2 Bit    Registers := 2     
	                1 Bit    Registers := 14    
+---Muxes : 
	   2 Input   64 Bit        Muxes := 1     
	   2 Input   36 Bit        Muxes := 2     
	   2 Input   13 Bit        Muxes := 1     
	   2 Input   12 Bit        Muxes := 1     
	   2 Input    4 Bit        Muxes := 2     
	   2 Input    1 Bit        Muxes := 99    
---------------------------------------------------------------------------------
Finished RTL Component Statistics 
---------------------------------------------------------------------------------
---------------------------------------------------------------------------------
Start Part Resource Summary
---------------------------------------------------------------------------------
Part Resources:
DSPs: 80 (col length:40)
BRAMs: 120 (col length: RAMB18 40 RAMB36 20)
---------------------------------------------------------------------------------
Finished Part Resource Summary
---------------------------------------------------------------------------------
---------------------------------------------------------------------------------
Start Cross Boundary and Area Optimization
---------------------------------------------------------------------------------
WARNING: [Synth 8-7080] Parallel synthesis criteria is not met
INFO: [Synth 8-3936] Found unconnected internal register 'gen_sasd.crossbar_sasd_0/reg_slice_r/m_payload_i_reg' and it is trimmed from '36' to '35' bits. [c:/FPGA/pet_scan/pet_scan.gen/sources_1/bd/system/ipshared/92b2/hdl/axi_register_slice_v2_1_vl_rfs.v:1726]
---------------------------------------------------------------------------------
Finished Cross Boundary and Area Optimization : Time (s): cpu = 00:00:15 ; elapsed = 00:00:16 . Memory (MB): peak = 1744.789 ; gain = 787.668
---------------------------------------------------------------------------------
---------------------------------------------------------------------------------
Start Applying XDC Timing Constraints
---------------------------------------------------------------------------------
---------------------------------------------------------------------------------
Finished Applying XDC Timing Constraints : Time (s): cpu = 00:00:18 ; elapsed = 00:00:19 . Memory (MB): peak = 1744.789 ; gain = 787.668
---------------------------------------------------------------------------------
---------------------------------------------------------------------------------
Start Timing Optimization
---------------------------------------------------------------------------------
---------------------------------------------------------------------------------
Finished Timing Optimization : Time (s): cpu = 00:00:19 ; elapsed = 00:00:20 . Memory (MB): peak = 1744.789 ; gain = 787.668
---------------------------------------------------------------------------------
---------------------------------------------------------------------------------
Start Technology Mapping
---------------------------------------------------------------------------------
---------------------------------------------------------------------------------
Finished Technology Mapping : Time (s): cpu = 00:00:19 ; elapsed = 00:00:20 . Memory (MB): peak = 1744.789 ; gain = 787.668
---------------------------------------------------------------------------------
---------------------------------------------------------------------------------
Start IO Insertion
---------------------------------------------------------------------------------
---------------------------------------------------------------------------------
Start Flattening Before IO Insertion
---------------------------------------------------------------------------------
---------------------------------------------------------------------------------
Finished Flattening Before IO Insertion
---------------------------------------------------------------------------------
---------------------------------------------------------------------------------
Start Final Netlist Cleanup
---------------------------------------------------------------------------------
---------------------------------------------------------------------------------
Finished Final Netlist Cleanup
---------------------------------------------------------------------------------
---------------------------------------------------------------------------------
Finished IO Insertion : Time (s): cpu = 00:00:21 ; elapsed = 00:00:23 . Memory (MB): peak = 1744.789 ; gain = 787.668
---------------------------------------------------------------------------------
---------------------------------------------------------------------------------
Start Renaming Generated Instances
---------------------------------------------------------------------------------
---------------------------------------------------------------------------------
Finished Renaming Generated Instances : Time (s): cpu = 00:00:21 ; elapsed = 00:00:23 . Memory (MB): peak = 1744.789 ; gain = 787.668
---------------------------------------------------------------------------------
---------------------------------------------------------------------------------
Start Rebuilding User Hierarchy
---------------------------------------------------------------------------------
---------------------------------------------------------------------------------
Finished Rebuilding User Hierarchy : Time (s): cpu = 00:00:21 ; elapsed = 00:00:23 . Memory (MB): peak = 1744.789 ; gain = 787.668
---------------------------------------------------------------------------------
---------------------------------------------------------------------------------
Start Renaming Generated Ports
---------------------------------------------------------------------------------
---------------------------------------------------------------------------------
Finished Renaming Generated Ports : Time (s): cpu = 00:00:21 ; elapsed = 00:00:23 . Memory (MB): peak = 1744.789 ; gain = 787.668
---------------------------------------------------------------------------------
---------------------------------------------------------------------------------
Start Handling Custom Attributes
---------------------------------------------------------------------------------
---------------------------------------------------------------------------------
Finished Handling Custom Attributes : Time (s): cpu = 00:00:21 ; elapsed = 00:00:23 . Memory (MB): peak = 1744.789 ; gain = 787.668
---------------------------------------------------------------------------------
---------------------------------------------------------------------------------
Start Renaming Generated Nets
---------------------------------------------------------------------------------
---------------------------------------------------------------------------------
Finished Renaming Generated Nets : Time (s): cpu = 00:00:21 ; elapsed = 00:00:23 . Memory (MB): peak = 1744.789 ; gain = 787.668
---------------------------------------------------------------------------------
---------------------------------------------------------------------------------
Start Writing Synthesis Report
---------------------------------------------------------------------------------

Report BlackBoxes: 
+-+--------------+----------+
| |BlackBox name |Instances |
+-+--------------+----------+
+-+--------------+----------+

Report Cell Usage: 
+------+-----+------+
|      |Cell |Count |
+------+-----+------+
|1     |LUT1 |     1|
|2     |LUT2 |    24|
|3     |LUT3 |    30|
|4     |LUT4 |    77|
|5     |LUT5 |    86|
|6     |LUT6 |   251|
|7     |FDRE |   142|
+------+-----+------+
---------------------------------------------------------------------------------
Finished Writing Synthesis Report : Time (s): cpu = 00:00:21 ; elapsed = 00:00:23 . Memory (MB): peak = 1744.789 ; gain = 787.668
---------------------------------------------------------------------------------
Synthesis finished with 0 errors, 0 critical warnings and 112 warnings.
Synthesis Optimization Runtime : Time (s): cpu = 00:00:12 ; elapsed = 00:00:21 . Memory (MB): peak = 1744.789 ; gain = 697.152
Synthesis Optimization Complete : Time (s): cpu = 00:00:21 ; elapsed = 00:00:23 . Memory (MB): peak = 1744.789 ; gain = 787.668
INFO: [Project 1-571] Translating synthesized netlist
Netlist sorting complete. Time (s): cpu = 00:00:01 ; elapsed = 00:00:00.012 . Memory (MB): peak = 1744.789 ; gain = 0.000
INFO: [Project 1-570] Preparing netlist for logic optimization
INFO: [Opt 31-138] Pushed 0 inverter(s) to 0 load pin(s).
Netlist sorting complete. Time (s): cpu = 00:00:00 ; elapsed = 00:00:00 . Memory (MB): peak = 1744.789 ; gain = 0.000
INFO: [Project 1-111] Unisim Transformation Summary:
No Unisim elements were transformed.

Synth Design complete | Checksum: 79b177a6
INFO: [Common 17-83] Releasing license: Synthesis
69 Infos, 106 Warnings, 0 Critical Warnings and 0 Errors encountered.
synth_design completed successfully
synth_design: Time (s): cpu = 00:00:24 ; elapsed = 00:00:27 . Memory (MB): peak = 1744.789 ; gain = 1191.742
Write ShapeDB Complete: Time (s): cpu = 00:00:00 ; elapsed = 00:00:00.001 . Memory (MB): peak = 1744.789 ; gain = 0.000
INFO: [Common 17-1381] The checkpoint 'C:/FPGA/pet_scan/pet_scan.runs/system_xbar_1_synth_1/system_xbar_1.dcp' has been generated.
INFO: [Coretcl 2-1648] Added synthesis output to IP cache for IP system_xbar_1, cache-ID = 06b9a90236535bea
INFO: [Coretcl 2-1174] Renamed 7 cell refs.
Write ShapeDB Complete: Time (s): cpu = 00:00:00 ; elapsed = 00:00:00.001 . Memory (MB): peak = 1744.789 ; gain = 0.000
INFO: [Common 17-1381] The checkpoint 'C:/FPGA/pet_scan/pet_scan.runs/system_xbar_1_synth_1/system_xbar_1.dcp' has been generated.
INFO: [Vivado 12-24828] Executing command : report_utilization -file system_xbar_1_utilization_synth.rpt -pb system_xbar_1_utilization_synth.pb
INFO: [Common 17-206] Exiting Vivado at Wed Jul  9 11:40:10 2025...

*** Running vivado
    with args -log system_xbar_1.vds -m64 -product Vivado -mode batch -messageDb vivado.pb -notrace -source system_xbar_1.tcl



****** Vivado v2024.1 (64-bit)
  **** SW Build 5076996 on Wed May 22 18:37:14 MDT 2024
  **** IP Build 5075265 on Wed May 22 21:45:21 MDT 2024
  **** SharedData Build 5076995 on Wed May 22 18:29:18 MDT 2024
  **** Start of session at: Wed Jul  9 16:25:05 2025
    ** Copyright 1986-2022 Xilinx, Inc. All Rights Reserved.
    ** Copyright 2022-2024 Advanced Micro Devices, Inc. All Rights Reserved.

source system_xbar_1.tcl -notrace
INFO: [IP_Flow 19-6924] IPCACHE: Running cache check for IP inst: system_xbar_1
Command: synth_design -top system_xbar_1 -part xc7z010clg400-1 -incremental_mode off -mode out_of_context
Starting synth_design
Attempting to get a license for feature 'Synthesis' and/or device 'xc7z010'
INFO: [Common 17-349] Got license for feature 'Synthesis' and/or device 'xc7z010'
INFO: [Device 21-403] Loading part xc7z010clg400-1
INFO: [Device 21-9227] Part: xc7z010clg400-1 does not have CEAM library.
INFO: [Synth 8-7079] Multithreading enabled for synth_design using a maximum of 2 processes.
INFO: [Synth 8-7078] Launching helper process for spawning children vivado processes
WARNING: [Common 17-1361] You have specified a new message control rule that is equivalent to an existing rule with attributes ' -id {17-179}  -suppress '. The existing rule will be replaced.
INFO: [Synth 8-7075] Helper process launched with PID 34048
---------------------------------------------------------------------------------
Starting RTL Elaboration : Time (s): cpu = 00:00:04 ; elapsed = 00:00:05 . Memory (MB): peak = 1403.031 ; gain = 445.867
---------------------------------------------------------------------------------
INFO: [Synth 8-6157] synthesizing module 'system_xbar_1' [c:/FPGA/pet_scan/pet_scan.gen/sources_1/bd/system/ip/system_xbar_1/synth/system_xbar_1.v:53]
INFO: [Synth 8-6157] synthesizing module 'axi_crossbar_v2_1_32_axi_crossbar' [c:/FPGA/pet_scan/pet_scan.gen/sources_1/bd/system/ipshared/e9d8/hdl/axi_crossbar_v2_1_vl_rfs.v:4871]
INFO: [Synth 8-6157] synthesizing module 'axi_crossbar_v2_1_32_crossbar_sasd' [c:/FPGA/pet_scan/pet_scan.gen/sources_1/bd/system/ipshared/e9d8/hdl/axi_crossbar_v2_1_vl_rfs.v:1234]
INFO: [Synth 8-6157] synthesizing module 'axi_crossbar_v2_1_32_addr_decoder' [c:/FPGA/pet_scan/pet_scan.gen/sources_1/bd/system/ipshared/e9d8/hdl/axi_crossbar_v2_1_vl_rfs.v:790]
INFO: [Synth 8-6157] synthesizing module 'generic_baseblocks_v2_1_2_comparator_static' [c:/FPGA/pet_scan/pet_scan.gen/sources_1/bd/system/ipshared/0c28/hdl/generic_baseblocks_v2_1_vl_rfs.v:2119]
INFO: [Synth 8-6157] synthesizing module 'generic_baseblocks_v2_1_2_carry_and' [c:/FPGA/pet_scan/pet_scan.gen/sources_1/bd/system/ipshared/0c28/hdl/generic_baseblocks_v2_1_vl_rfs.v:60]
INFO: [Synth 8-6155] done synthesizing module 'generic_baseblocks_v2_1_2_carry_and' (0#1) [c:/FPGA/pet_scan/pet_scan.gen/sources_1/bd/system/ipshared/0c28/hdl/generic_baseblocks_v2_1_vl_rfs.v:60]
INFO: [Synth 8-6155] done synthesizing module 'generic_baseblocks_v2_1_2_comparator_static' (0#1) [c:/FPGA/pet_scan/pet_scan.gen/sources_1/bd/system/ipshared/0c28/hdl/generic_baseblocks_v2_1_vl_rfs.v:2119]
INFO: [Synth 8-6157] synthesizing module 'generic_baseblocks_v2_1_2_comparator_static__parameterized0' [c:/FPGA/pet_scan/pet_scan.gen/sources_1/bd/system/ipshared/0c28/hdl/generic_baseblocks_v2_1_vl_rfs.v:2119]
INFO: [Synth 8-6155] done synthesizing module 'generic_baseblocks_v2_1_2_comparator_static__parameterized0' (0#1) [c:/FPGA/pet_scan/pet_scan.gen/sources_1/bd/system/ipshared/0c28/hdl/generic_baseblocks_v2_1_vl_rfs.v:2119]
INFO: [Synth 8-6157] synthesizing module 'generic_baseblocks_v2_1_2_comparator_static__parameterized1' [c:/FPGA/pet_scan/pet_scan.gen/sources_1/bd/system/ipshared/0c28/hdl/generic_baseblocks_v2_1_vl_rfs.v:2119]
INFO: [Synth 8-6155] done synthesizing module 'generic_baseblocks_v2_1_2_comparator_static__parameterized1' (0#1) [c:/FPGA/pet_scan/pet_scan.gen/sources_1/bd/system/ipshared/0c28/hdl/generic_baseblocks_v2_1_vl_rfs.v:2119]
INFO: [Synth 8-6157] synthesizing module 'generic_baseblocks_v2_1_2_comparator_static__parameterized2' [c:/FPGA/pet_scan/pet_scan.gen/sources_1/bd/system/ipshared/0c28/hdl/generic_baseblocks_v2_1_vl_rfs.v:2119]
INFO: [Synth 8-6155] done synthesizing module 'generic_baseblocks_v2_1_2_comparator_static__parameterized2' (0#1) [c:/FPGA/pet_scan/pet_scan.gen/sources_1/bd/system/ipshared/0c28/hdl/generic_baseblocks_v2_1_vl_rfs.v:2119]
INFO: [Synth 8-6157] synthesizing module 'generic_baseblocks_v2_1_2_comparator_static__parameterized3' [c:/FPGA/pet_scan/pet_scan.gen/sources_1/bd/system/ipshared/0c28/hdl/generic_baseblocks_v2_1_vl_rfs.v:2119]
INFO: [Synth 8-6155] done synthesizing module 'generic_baseblocks_v2_1_2_comparator_static__parameterized3' (0#1) [c:/FPGA/pet_scan/pet_scan.gen/sources_1/bd/system/ipshared/0c28/hdl/generic_baseblocks_v2_1_vl_rfs.v:2119]
INFO: [Synth 8-6157] synthesizing module 'generic_baseblocks_v2_1_2_comparator_static__parameterized4' [c:/FPGA/pet_scan/pet_scan.gen/sources_1/bd/system/ipshared/0c28/hdl/generic_baseblocks_v2_1_vl_rfs.v:2119]
INFO: [Synth 8-6155] done synthesizing module 'generic_baseblocks_v2_1_2_comparator_static__parameterized4' (0#1) [c:/FPGA/pet_scan/pet_scan.gen/sources_1/bd/system/ipshared/0c28/hdl/generic_baseblocks_v2_1_vl_rfs.v:2119]
INFO: [Synth 8-6157] synthesizing module 'generic_baseblocks_v2_1_2_comparator_static__parameterized5' [c:/FPGA/pet_scan/pet_scan.gen/sources_1/bd/system/ipshared/0c28/hdl/generic_baseblocks_v2_1_vl_rfs.v:2119]
INFO: [Synth 8-6155] done synthesizing module 'generic_baseblocks_v2_1_2_comparator_static__parameterized5' (0#1) [c:/FPGA/pet_scan/pet_scan.gen/sources_1/bd/system/ipshared/0c28/hdl/generic_baseblocks_v2_1_vl_rfs.v:2119]
INFO: [Synth 8-6157] synthesizing module 'generic_baseblocks_v2_1_2_comparator_static__parameterized6' [c:/FPGA/pet_scan/pet_scan.gen/sources_1/bd/system/ipshared/0c28/hdl/generic_baseblocks_v2_1_vl_rfs.v:2119]
INFO: [Synth 8-6155] done synthesizing module 'generic_baseblocks_v2_1_2_comparator_static__parameterized6' (0#1) [c:/FPGA/pet_scan/pet_scan.gen/sources_1/bd/system/ipshared/0c28/hdl/generic_baseblocks_v2_1_vl_rfs.v:2119]
INFO: [Synth 8-6157] synthesizing module 'generic_baseblocks_v2_1_2_comparator_static__parameterized7' [c:/FPGA/pet_scan/pet_scan.gen/sources_1/bd/system/ipshared/0c28/hdl/generic_baseblocks_v2_1_vl_rfs.v:2119]
INFO: [Synth 8-6155] done synthesizing module 'generic_baseblocks_v2_1_2_comparator_static__parameterized7' (0#1) [c:/FPGA/pet_scan/pet_scan.gen/sources_1/bd/system/ipshared/0c28/hdl/generic_baseblocks_v2_1_vl_rfs.v:2119]
INFO: [Synth 8-6157] synthesizing module 'generic_baseblocks_v2_1_2_comparator_static__parameterized8' [c:/FPGA/pet_scan/pet_scan.gen/sources_1/bd/system/ipshared/0c28/hdl/generic_baseblocks_v2_1_vl_rfs.v:2119]
INFO: [Synth 8-6155] done synthesizing module 'generic_baseblocks_v2_1_2_comparator_static__parameterized8' (0#1) [c:/FPGA/pet_scan/pet_scan.gen/sources_1/bd/system/ipshared/0c28/hdl/generic_baseblocks_v2_1_vl_rfs.v:2119]
INFO: [Synth 8-6157] synthesizing module 'generic_baseblocks_v2_1_2_comparator_static__parameterized9' [c:/FPGA/pet_scan/pet_scan.gen/sources_1/bd/system/ipshared/0c28/hdl/generic_baseblocks_v2_1_vl_rfs.v:2119]
INFO: [Synth 8-6155] done synthesizing module 'generic_baseblocks_v2_1_2_comparator_static__parameterized9' (0#1) [c:/FPGA/pet_scan/pet_scan.gen/sources_1/bd/system/ipshared/0c28/hdl/generic_baseblocks_v2_1_vl_rfs.v:2119]
INFO: [Synth 8-6157] synthesizing module 'generic_baseblocks_v2_1_2_comparator_static__parameterized10' [c:/FPGA/pet_scan/pet_scan.gen/sources_1/bd/system/ipshared/0c28/hdl/generic_baseblocks_v2_1_vl_rfs.v:2119]
INFO: [Synth 8-6155] done synthesizing module 'generic_baseblocks_v2_1_2_comparator_static__parameterized10' (0#1) [c:/FPGA/pet_scan/pet_scan.gen/sources_1/bd/system/ipshared/0c28/hdl/generic_baseblocks_v2_1_vl_rfs.v:2119]
INFO: [Synth 8-6155] done synthesizing module 'axi_crossbar_v2_1_32_addr_decoder' (0#1) [c:/FPGA/pet_scan/pet_scan.gen/sources_1/bd/system/ipshared/e9d8/hdl/axi_crossbar_v2_1_vl_rfs.v:790]
INFO: [Synth 8-6157] synthesizing module 'axi_crossbar_v2_1_32_decerr_slave' [c:/FPGA/pet_scan/pet_scan.gen/sources_1/bd/system/ipshared/e9d8/hdl/axi_crossbar_v2_1_vl_rfs.v:3493]
INFO: [Synth 8-6155] done synthesizing module 'axi_crossbar_v2_1_32_decerr_slave' (0#1) [c:/FPGA/pet_scan/pet_scan.gen/sources_1/bd/system/ipshared/e9d8/hdl/axi_crossbar_v2_1_vl_rfs.v:3493]
INFO: [Synth 8-6157] synthesizing module 'axi_crossbar_v2_1_32_addr_arbiter_sasd' [c:/FPGA/pet_scan/pet_scan.gen/sources_1/bd/system/ipshared/e9d8/hdl/axi_crossbar_v2_1_vl_rfs.v:63]
INFO: [Synth 8-6155] done synthesizing module 'axi_crossbar_v2_1_32_addr_arbiter_sasd' (0#1) [c:/FPGA/pet_scan/pet_scan.gen/sources_1/bd/system/ipshared/e9d8/hdl/axi_crossbar_v2_1_vl_rfs.v:63]
INFO: [Synth 8-6157] synthesizing module 'axi_crossbar_v2_1_32_splitter' [c:/FPGA/pet_scan/pet_scan.gen/sources_1/bd/system/ipshared/e9d8/hdl/axi_crossbar_v2_1_vl_rfs.v:4451]
INFO: [Synth 8-6155] done synthesizing module 'axi_crossbar_v2_1_32_splitter' (0#1) [c:/FPGA/pet_scan/pet_scan.gen/sources_1/bd/system/ipshared/e9d8/hdl/axi_crossbar_v2_1_vl_rfs.v:4451]
INFO: [Synth 8-6157] synthesizing module 'axi_crossbar_v2_1_32_splitter__parameterized0' [c:/FPGA/pet_scan/pet_scan.gen/sources_1/bd/system/ipshared/e9d8/hdl/axi_crossbar_v2_1_vl_rfs.v:4451]
INFO: [Synth 8-6155] done synthesizing module 'axi_crossbar_v2_1_32_splitter__parameterized0' (0#1) [c:/FPGA/pet_scan/pet_scan.gen/sources_1/bd/system/ipshared/e9d8/hdl/axi_crossbar_v2_1_vl_rfs.v:4451]
INFO: [Synth 8-6157] synthesizing module 'generic_baseblocks_v2_1_2_mux_enc' [c:/FPGA/pet_scan/pet_scan.gen/sources_1/bd/system/ipshared/0c28/hdl/generic_baseblocks_v2_1_vl_rfs.v:2436]
INFO: [Synth 8-6155] done synthesizing module 'generic_baseblocks_v2_1_2_mux_enc' (0#1) [c:/FPGA/pet_scan/pet_scan.gen/sources_1/bd/system/ipshared/0c28/hdl/generic_baseblocks_v2_1_vl_rfs.v:2436]
INFO: [Synth 8-6157] synthesizing module 'generic_baseblocks_v2_1_2_mux_enc__parameterized0' [c:/FPGA/pet_scan/pet_scan.gen/sources_1/bd/system/ipshared/0c28/hdl/generic_baseblocks_v2_1_vl_rfs.v:2436]
INFO: [Synth 8-6155] done synthesizing module 'generic_baseblocks_v2_1_2_mux_enc__parameterized0' (0#1) [c:/FPGA/pet_scan/pet_scan.gen/sources_1/bd/system/ipshared/0c28/hdl/generic_baseblocks_v2_1_vl_rfs.v:2436]
INFO: [Synth 8-6157] synthesizing module 'generic_baseblocks_v2_1_2_mux_enc__parameterized1' [c:/FPGA/pet_scan/pet_scan.gen/sources_1/bd/system/ipshared/0c28/hdl/generic_baseblocks_v2_1_vl_rfs.v:2436]
INFO: [Synth 8-6155] done synthesizing module 'generic_baseblocks_v2_1_2_mux_enc__parameterized1' (0#1) [c:/FPGA/pet_scan/pet_scan.gen/sources_1/bd/system/ipshared/0c28/hdl/generic_baseblocks_v2_1_vl_rfs.v:2436]
INFO: [Synth 8-6157] synthesizing module 'axi_register_slice_v2_1_31_axic_register_slice' [c:/FPGA/pet_scan/pet_scan.gen/sources_1/bd/system/ipshared/92b2/hdl/axi_register_slice_v2_1_vl_rfs.v:1492]
INFO: [Synth 8-6155] done synthesizing module 'axi_register_slice_v2_1_31_axic_register_slice' (0#1) [c:/FPGA/pet_scan/pet_scan.gen/sources_1/bd/system/ipshared/92b2/hdl/axi_register_slice_v2_1_vl_rfs.v:1492]
INFO: [Synth 8-6157] synthesizing module 'generic_baseblocks_v2_1_2_mux_enc__parameterized2' [c:/FPGA/pet_scan/pet_scan.gen/sources_1/bd/system/ipshared/0c28/hdl/generic_baseblocks_v2_1_vl_rfs.v:2436]
INFO: [Synth 8-6155] done synthesizing module 'generic_baseblocks_v2_1_2_mux_enc__parameterized2' (0#1) [c:/FPGA/pet_scan/pet_scan.gen/sources_1/bd/system/ipshared/0c28/hdl/generic_baseblocks_v2_1_vl_rfs.v:2436]
INFO: [Synth 8-6155] done synthesizing module 'axi_crossbar_v2_1_32_crossbar_sasd' (0#1) [c:/FPGA/pet_scan/pet_scan.gen/sources_1/bd/system/ipshared/e9d8/hdl/axi_crossbar_v2_1_vl_rfs.v:1234]
INFO: [Synth 8-6155] done synthesizing module 'axi_crossbar_v2_1_32_axi_crossbar' (0#1) [c:/FPGA/pet_scan/pet_scan.gen/sources_1/bd/system/ipshared/e9d8/hdl/axi_crossbar_v2_1_vl_rfs.v:4871]
INFO: [Synth 8-6155] done synthesizing module 'system_xbar_1' (0#1) [c:/FPGA/pet_scan/pet_scan.gen/sources_1/bd/system/ip/system_xbar_1/synth/system_xbar_1.v:53]
WARNING: [Synth 8-6014] Unused sequential element gen_debug_trans_seq.debug_aw_trans_seq_i_reg was removed.  [c:/FPGA/pet_scan/pet_scan.gen/sources_1/bd/system/ipshared/e9d8/hdl/axi_crossbar_v2_1_vl_rfs.v:2051]
WARNING: [Synth 8-6014] Unused sequential element gen_debug_trans_seq.debug_ar_trans_seq_i_reg was removed.  [c:/FPGA/pet_scan/pet_scan.gen/sources_1/bd/system/ipshared/e9d8/hdl/axi_crossbar_v2_1_vl_rfs.v:2062]
WARNING: [Synth 8-6014] Unused sequential element gen_debug_trans_seq.debug_w_beat_cnt_i_reg was removed.  [c:/FPGA/pet_scan/pet_scan.gen/sources_1/bd/system/ipshared/e9d8/hdl/axi_crossbar_v2_1_vl_rfs.v:2073]
WARNING: [Synth 8-6014] Unused sequential element gen_debug_trans_seq.debug_r_beat_cnt_i_reg was removed.  [c:/FPGA/pet_scan/pet_scan.gen/sources_1/bd/system/ipshared/e9d8/hdl/axi_crossbar_v2_1_vl_rfs.v:2086]
WARNING: [Synth 8-7129] Port S[0] in module generic_baseblocks_v2_1_2_mux_enc__parameterized0 is either unconnected or has no load
WARNING: [Synth 8-7129] Port S_AXI_AWID[0] in module axi_crossbar_v2_1_32_decerr_slave is either unconnected or has no load
WARNING: [Synth 8-7129] Port S_AXI_WLAST in module axi_crossbar_v2_1_32_decerr_slave is either unconnected or has no load
WARNING: [Synth 8-7129] Port S_AXI_ARID[0] in module axi_crossbar_v2_1_32_decerr_slave is either unconnected or has no load
WARNING: [Synth 8-7129] Port S_AXI_ARLEN[7] in module axi_crossbar_v2_1_32_decerr_slave is either unconnected or has no load
WARNING: [Synth 8-7129] Port S_AXI_ARLEN[6] in module axi_crossbar_v2_1_32_decerr_slave is either unconnected or has no load
WARNING: [Synth 8-7129] Port S_AXI_ARLEN[5] in module axi_crossbar_v2_1_32_decerr_slave is either unconnected or has no load
WARNING: [Synth 8-7129] Port S_AXI_ARLEN[4] in module axi_crossbar_v2_1_32_decerr_slave is either unconnected or has no load
WARNING: [Synth 8-7129] Port S_AXI_ARLEN[3] in module axi_crossbar_v2_1_32_decerr_slave is either unconnected or has no load
WARNING: [Synth 8-7129] Port S_AXI_ARLEN[2] in module axi_crossbar_v2_1_32_decerr_slave is either unconnected or has no load
WARNING: [Synth 8-7129] Port S_AXI_ARLEN[1] in module axi_crossbar_v2_1_32_decerr_slave is either unconnected or has no load
WARNING: [Synth 8-7129] Port S_AXI_ARLEN[0] in module axi_crossbar_v2_1_32_decerr_slave is either unconnected or has no load
WARNING: [Synth 8-7129] Port ADDR[1] in module axi_crossbar_v2_1_32_addr_decoder is either unconnected or has no load
WARNING: [Synth 8-7129] Port ADDR[0] in module axi_crossbar_v2_1_32_addr_decoder is either unconnected or has no load
WARNING: [Synth 8-7129] Port S_AXI_AWID[0] in module axi_crossbar_v2_1_32_crossbar_sasd is either unconnected or has no load
WARNING: [Synth 8-7129] Port S_AXI_ARID[0] in module axi_crossbar_v2_1_32_crossbar_sasd is either unconnected or has no load
WARNING: [Synth 8-7129] Port M_AXI_BID[11] in module axi_crossbar_v2_1_32_crossbar_sasd is either unconnected or has no load
WARNING: [Synth 8-7129] Port M_AXI_BID[10] in module axi_crossbar_v2_1_32_crossbar_sasd is either unconnected or has no load
WARNING: [Synth 8-7129] Port M_AXI_BID[9] in module axi_crossbar_v2_1_32_crossbar_sasd is either unconnected or has no load
WARNING: [Synth 8-7129] Port M_AXI_BID[8] in module axi_crossbar_v2_1_32_crossbar_sasd is either unconnected or has no load
WARNING: [Synth 8-7129] Port M_AXI_BID[7] in module axi_crossbar_v2_1_32_crossbar_sasd is either unconnected or has no load
WARNING: [Synth 8-7129] Port M_AXI_BID[6] in module axi_crossbar_v2_1_32_crossbar_sasd is either unconnected or has no load
WARNING: [Synth 8-7129] Port M_AXI_BID[5] in module axi_crossbar_v2_1_32_crossbar_sasd is either unconnected or has no load
WARNING: [Synth 8-7129] Port M_AXI_BID[4] in module axi_crossbar_v2_1_32_crossbar_sasd is either unconnected or has no load
WARNING: [Synth 8-7129] Port M_AXI_BID[3] in module axi_crossbar_v2_1_32_crossbar_sasd is either unconnected or has no load
WARNING: [Synth 8-7129] Port M_AXI_BID[2] in module axi_crossbar_v2_1_32_crossbar_sasd is either unconnected or has no load
WARNING: [Synth 8-7129] Port M_AXI_BID[1] in module axi_crossbar_v2_1_32_crossbar_sasd is either unconnected or has no load
WARNING: [Synth 8-7129] Port M_AXI_BID[0] in module axi_crossbar_v2_1_32_crossbar_sasd is either unconnected or has no load
WARNING: [Synth 8-7129] Port M_AXI_RID[11] in module axi_crossbar_v2_1_32_crossbar_sasd is either unconnected or has no load
WARNING: [Synth 8-7129] Port M_AXI_RID[10] in module axi_crossbar_v2_1_32_crossbar_sasd is either unconnected or has no load
WARNING: [Synth 8-7129] Port M_AXI_RID[9] in module axi_crossbar_v2_1_32_crossbar_sasd is either unconnected or has no load
WARNING: [Synth 8-7129] Port M_AXI_RID[8] in module axi_crossbar_v2_1_32_crossbar_sasd is either unconnected or has no load
WARNING: [Synth 8-7129] Port M_AXI_RID[7] in module axi_crossbar_v2_1_32_crossbar_sasd is either unconnected or has no load
WARNING: [Synth 8-7129] Port M_AXI_RID[6] in module axi_crossbar_v2_1_32_crossbar_sasd is either unconnected or has no load
WARNING: [Synth 8-7129] Port M_AXI_RID[5] in module axi_crossbar_v2_1_32_crossbar_sasd is either unconnected or has no load
WARNING: [Synth 8-7129] Port M_AXI_RID[4] in module axi_crossbar_v2_1_32_crossbar_sasd is either unconnected or has no load
WARNING: [Synth 8-7129] Port M_AXI_RID[3] in module axi_crossbar_v2_1_32_crossbar_sasd is either unconnected or has no load
WARNING: [Synth 8-7129] Port M_AXI_RID[2] in module axi_crossbar_v2_1_32_crossbar_sasd is either unconnected or has no load
WARNING: [Synth 8-7129] Port M_AXI_RID[1] in module axi_crossbar_v2_1_32_crossbar_sasd is either unconnected or has no load
WARNING: [Synth 8-7129] Port M_AXI_RID[0] in module axi_crossbar_v2_1_32_crossbar_sasd is either unconnected or has no load
WARNING: [Synth 8-7129] Port s_axi_awid[0] in module axi_crossbar_v2_1_32_axi_crossbar is either unconnected or has no load
WARNING: [Synth 8-7129] Port s_axi_awlen[7] in module axi_crossbar_v2_1_32_axi_crossbar is either unconnected or has no load
WARNING: [Synth 8-7129] Port s_axi_awlen[6] in module axi_crossbar_v2_1_32_axi_crossbar is either unconnected or has no load
WARNING: [Synth 8-7129] Port s_axi_awlen[5] in module axi_crossbar_v2_1_32_axi_crossbar is either unconnected or has no load
WARNING: [Synth 8-7129] Port s_axi_awlen[4] in module axi_crossbar_v2_1_32_axi_crossbar is either unconnected or has no load
WARNING: [Synth 8-7129] Port s_axi_awlen[3] in module axi_crossbar_v2_1_32_axi_crossbar is either unconnected or has no load
WARNING: [Synth 8-7129] Port s_axi_awlen[2] in module axi_crossbar_v2_1_32_axi_crossbar is either unconnected or has no load
WARNING: [Synth 8-7129] Port s_axi_awlen[1] in module axi_crossbar_v2_1_32_axi_crossbar is either unconnected or has no load
WARNING: [Synth 8-7129] Port s_axi_awlen[0] in module axi_crossbar_v2_1_32_axi_crossbar is either unconnected or has no load
WARNING: [Synth 8-7129] Port s_axi_awsize[2] in module axi_crossbar_v2_1_32_axi_crossbar is either unconnected or has no load
WARNING: [Synth 8-7129] Port s_axi_awsize[1] in module axi_crossbar_v2_1_32_axi_crossbar is either unconnected or has no load
WARNING: [Synth 8-7129] Port s_axi_awsize[0] in module axi_crossbar_v2_1_32_axi_crossbar is either unconnected or has no load
WARNING: [Synth 8-7129] Port s_axi_awburst[1] in module axi_crossbar_v2_1_32_axi_crossbar is either unconnected or has no load
WARNING: [Synth 8-7129] Port s_axi_awburst[0] in module axi_crossbar_v2_1_32_axi_crossbar is either unconnected or has no load
WARNING: [Synth 8-7129] Port s_axi_awlock[0] in module axi_crossbar_v2_1_32_axi_crossbar is either unconnected or has no load
WARNING: [Synth 8-7129] Port s_axi_awcache[3] in module axi_crossbar_v2_1_32_axi_crossbar is either unconnected or has no load
WARNING: [Synth 8-7129] Port s_axi_awcache[2] in module axi_crossbar_v2_1_32_axi_crossbar is either unconnected or has no load
WARNING: [Synth 8-7129] Port s_axi_awcache[1] in module axi_crossbar_v2_1_32_axi_crossbar is either unconnected or has no load
WARNING: [Synth 8-7129] Port s_axi_awcache[0] in module axi_crossbar_v2_1_32_axi_crossbar is either unconnected or has no load
WARNING: [Synth 8-7129] Port s_axi_awqos[3] in module axi_crossbar_v2_1_32_axi_crossbar is either unconnected or has no load
WARNING: [Synth 8-7129] Port s_axi_awqos[2] in module axi_crossbar_v2_1_32_axi_crossbar is either unconnected or has no load
WARNING: [Synth 8-7129] Port s_axi_awqos[1] in module axi_crossbar_v2_1_32_axi_crossbar is either unconnected or has no load
WARNING: [Synth 8-7129] Port s_axi_awqos[0] in module axi_crossbar_v2_1_32_axi_crossbar is either unconnected or has no load
WARNING: [Synth 8-7129] Port s_axi_awuser[0] in module axi_crossbar_v2_1_32_axi_crossbar is either unconnected or has no load
WARNING: [Synth 8-7129] Port s_axi_wid[0] in module axi_crossbar_v2_1_32_axi_crossbar is either unconnected or has no load
WARNING: [Synth 8-7129] Port s_axi_wlast[0] in module axi_crossbar_v2_1_32_axi_crossbar is either unconnected or has no load
WARNING: [Synth 8-7129] Port s_axi_wuser[0] in module axi_crossbar_v2_1_32_axi_crossbar is either unconnected or has no load
WARNING: [Synth 8-7129] Port s_axi_arid[0] in module axi_crossbar_v2_1_32_axi_crossbar is either unconnected or has no load
WARNING: [Synth 8-7129] Port s_axi_arlen[7] in module axi_crossbar_v2_1_32_axi_crossbar is either unconnected or has no load
WARNING: [Synth 8-7129] Port s_axi_arlen[6] in module axi_crossbar_v2_1_32_axi_crossbar is either unconnected or has no load
WARNING: [Synth 8-7129] Port s_axi_arlen[5] in module axi_crossbar_v2_1_32_axi_crossbar is either unconnected or has no load
WARNING: [Synth 8-7129] Port s_axi_arlen[4] in module axi_crossbar_v2_1_32_axi_crossbar is either unconnected or has no load
WARNING: [Synth 8-7129] Port s_axi_arlen[3] in module axi_crossbar_v2_1_32_axi_crossbar is either unconnected or has no load
WARNING: [Synth 8-7129] Port s_axi_arlen[2] in module axi_crossbar_v2_1_32_axi_crossbar is either unconnected or has no load
WARNING: [Synth 8-7129] Port s_axi_arlen[1] in module axi_crossbar_v2_1_32_axi_crossbar is either unconnected or has no load
WARNING: [Synth 8-7129] Port s_axi_arlen[0] in module axi_crossbar_v2_1_32_axi_crossbar is either unconnected or has no load
WARNING: [Synth 8-7129] Port s_axi_arsize[2] in module axi_crossbar_v2_1_32_axi_crossbar is either unconnected or has no load
WARNING: [Synth 8-7129] Port s_axi_arsize[1] in module axi_crossbar_v2_1_32_axi_crossbar is either unconnected or has no load
WARNING: [Synth 8-7129] Port s_axi_arsize[0] in module axi_crossbar_v2_1_32_axi_crossbar is either unconnected or has no load
WARNING: [Synth 8-7129] Port s_axi_arburst[1] in module axi_crossbar_v2_1_32_axi_crossbar is either unconnected or has no load
WARNING: [Synth 8-7129] Port s_axi_arburst[0] in module axi_crossbar_v2_1_32_axi_crossbar is either unconnected or has no load
WARNING: [Synth 8-7129] Port s_axi_arlock[0] in module axi_crossbar_v2_1_32_axi_crossbar is either unconnected or has no load
WARNING: [Synth 8-7129] Port s_axi_arcache[3] in module axi_crossbar_v2_1_32_axi_crossbar is either unconnected or has no load
WARNING: [Synth 8-7129] Port s_axi_arcache[2] in module axi_crossbar_v2_1_32_axi_crossbar is either unconnected or has no load
WARNING: [Synth 8-7129] Port s_axi_arcache[1] in module axi_crossbar_v2_1_32_axi_crossbar is either unconnected or has no load
WARNING: [Synth 8-7129] Port s_axi_arcache[0] in module axi_crossbar_v2_1_32_axi_crossbar is either unconnected or has no load
WARNING: [Synth 8-7129] Port s_axi_arqos[3] in module axi_crossbar_v2_1_32_axi_crossbar is either unconnected or has no load
WARNING: [Synth 8-7129] Port s_axi_arqos[2] in module axi_crossbar_v2_1_32_axi_crossbar is either unconnected or has no load
WARNING: [Synth 8-7129] Port s_axi_arqos[1] in module axi_crossbar_v2_1_32_axi_crossbar is either unconnected or has no load
WARNING: [Synth 8-7129] Port s_axi_arqos[0] in module axi_crossbar_v2_1_32_axi_crossbar is either unconnected or has no load
WARNING: [Synth 8-7129] Port s_axi_aruser[0] in module axi_crossbar_v2_1_32_axi_crossbar is either unconnected or has no load
WARNING: [Synth 8-7129] Port m_axi_bid[11] in module axi_crossbar_v2_1_32_axi_crossbar is either unconnected or has no load
WARNING: [Synth 8-7129] Port m_axi_bid[10] in module axi_crossbar_v2_1_32_axi_crossbar is either unconnected or has no load
WARNING: [Synth 8-7129] Port m_axi_bid[9] in module axi_crossbar_v2_1_32_axi_crossbar is either unconnected or has no load
WARNING: [Synth 8-7129] Port m_axi_bid[8] in module axi_crossbar_v2_1_32_axi_crossbar is either unconnected or has no load
WARNING: [Synth 8-7129] Port m_axi_bid[7] in module axi_crossbar_v2_1_32_axi_crossbar is either unconnected or has no load
WARNING: [Synth 8-7129] Port m_axi_bid[6] in module axi_crossbar_v2_1_32_axi_crossbar is either unconnected or has no load
WARNING: [Synth 8-7129] Port m_axi_bid[5] in module axi_crossbar_v2_1_32_axi_crossbar is either unconnected or has no load
WARNING: [Synth 8-7129] Port m_axi_bid[4] in module axi_crossbar_v2_1_32_axi_crossbar is either unconnected or has no load
WARNING: [Synth 8-7129] Port m_axi_bid[3] in module axi_crossbar_v2_1_32_axi_crossbar is either unconnected or has no load
INFO: [Common 17-14] Message 'Synth 8-7129' appears 100 times and further instances of the messages will be disabled. Use the Tcl command set_msg_config to change the current settings.
---------------------------------------------------------------------------------
Finished RTL Elaboration : Time (s): cpu = 00:00:08 ; elapsed = 00:00:09 . Memory (MB): peak = 1653.000 ; gain = 695.836
---------------------------------------------------------------------------------
---------------------------------------------------------------------------------
Start Handling Custom Attributes
---------------------------------------------------------------------------------
---------------------------------------------------------------------------------
Finished Handling Custom Attributes : Time (s): cpu = 00:00:08 ; elapsed = 00:00:09 . Memory (MB): peak = 1653.000 ; gain = 695.836
---------------------------------------------------------------------------------
---------------------------------------------------------------------------------
Finished RTL Optimization Phase 1 : Time (s): cpu = 00:00:08 ; elapsed = 00:00:09 . Memory (MB): peak = 1653.000 ; gain = 695.836
---------------------------------------------------------------------------------
Netlist sorting complete. Time (s): cpu = 00:00:00 ; elapsed = 00:00:00.018 . Memory (MB): peak = 1653.000 ; gain = 0.000
INFO: [Project 1-570] Preparing netlist for logic optimization

Processing XDC Constraints
Initializing timing engine
Parsing XDC File [c:/FPGA/pet_scan/pet_scan.gen/sources_1/bd/system/ip/system_xbar_1/system_xbar_1_ooc.xdc] for cell 'inst'
Finished Parsing XDC File [c:/FPGA/pet_scan/pet_scan.gen/sources_1/bd/system/ip/system_xbar_1/system_xbar_1_ooc.xdc] for cell 'inst'
Parsing XDC File [C:/FPGA/pet_scan/pet_scan.runs/system_xbar_1_synth_1/dont_touch.xdc]
Finished Parsing XDC File [C:/FPGA/pet_scan/pet_scan.runs/system_xbar_1_synth_1/dont_touch.xdc]
Completed Processing XDC Constraints

Netlist sorting complete. Time (s): cpu = 00:00:00 ; elapsed = 00:00:00 . Memory (MB): peak = 1653.000 ; gain = 0.000
INFO: [Project 1-111] Unisim Transformation Summary:
No Unisim elements were transformed.

Constraint Validation Runtime : Time (s): cpu = 00:00:00 ; elapsed = 00:00:00.047 . Memory (MB): peak = 1653.000 ; gain = 0.000
INFO: [Designutils 20-5008] Incremental synthesis strategy off
---------------------------------------------------------------------------------
Finished Constraint Validation : Time (s): cpu = 00:00:13 ; elapsed = 00:00:14 . Memory (MB): peak = 1653.000 ; gain = 695.836
---------------------------------------------------------------------------------
---------------------------------------------------------------------------------
Start Loading Part and Timing Information
---------------------------------------------------------------------------------
Loading part: xc7z010clg400-1
---------------------------------------------------------------------------------
Finished Loading Part and Timing Information : Time (s): cpu = 00:00:13 ; elapsed = 00:00:14 . Memory (MB): peak = 1653.000 ; gain = 695.836
---------------------------------------------------------------------------------
---------------------------------------------------------------------------------
Start Applying 'set_property' XDC Constraints
---------------------------------------------------------------------------------
Applied set_property KEEP_HIERARCHY = SOFT for inst. (constraint file  C:/FPGA/pet_scan/pet_scan.runs/system_xbar_1_synth_1/dont_touch.xdc, line 9).
---------------------------------------------------------------------------------
Finished applying 'set_property' XDC Constraints : Time (s): cpu = 00:00:13 ; elapsed = 00:00:14 . Memory (MB): peak = 1653.000 ; gain = 695.836
---------------------------------------------------------------------------------
---------------------------------------------------------------------------------
Finished RTL Optimization Phase 2 : Time (s): cpu = 00:00:13 ; elapsed = 00:00:14 . Memory (MB): peak = 1653.000 ; gain = 695.836
---------------------------------------------------------------------------------
---------------------------------------------------------------------------------
Start RTL Component Statistics 
---------------------------------------------------------------------------------
Detailed RTL Component Info : 
+---Registers : 
	               64 Bit    Registers := 1     
	               36 Bit    Registers := 2     
	               13 Bit    Registers := 1     
	                4 Bit    Registers := 1     
	                3 Bit    Registers := 1     
	                2 Bit    Registers := 2     
	                1 Bit    Registers := 14    
+---Muxes : 
	   2 Input   64 Bit        Muxes := 1     
	   2 Input   36 Bit        Muxes := 2     
	   2 Input   13 Bit        Muxes := 1     
	   2 Input   12 Bit        Muxes := 1     
	   2 Input    4 Bit        Muxes := 2     
	   2 Input    1 Bit        Muxes := 99    
---------------------------------------------------------------------------------
Finished RTL Component Statistics 
---------------------------------------------------------------------------------
---------------------------------------------------------------------------------
Start Part Resource Summary
---------------------------------------------------------------------------------
Part Resources:
DSPs: 80 (col length:40)
BRAMs: 120 (col length: RAMB18 40 RAMB36 20)
---------------------------------------------------------------------------------
Finished Part Resource Summary
---------------------------------------------------------------------------------
---------------------------------------------------------------------------------
Start Cross Boundary and Area Optimization
---------------------------------------------------------------------------------
WARNING: [Synth 8-7080] Parallel synthesis criteria is not met
INFO: [Synth 8-3936] Found unconnected internal register 'gen_sasd.crossbar_sasd_0/reg_slice_r/m_payload_i_reg' and it is trimmed from '36' to '35' bits. [c:/FPGA/pet_scan/pet_scan.gen/sources_1/bd/system/ipshared/92b2/hdl/axi_register_slice_v2_1_vl_rfs.v:1726]
---------------------------------------------------------------------------------
Finished Cross Boundary and Area Optimization : Time (s): cpu = 00:00:15 ; elapsed = 00:00:17 . Memory (MB): peak = 1653.000 ; gain = 695.836
---------------------------------------------------------------------------------
---------------------------------------------------------------------------------
Start Applying XDC Timing Constraints
---------------------------------------------------------------------------------
---------------------------------------------------------------------------------
Finished Applying XDC Timing Constraints : Time (s): cpu = 00:00:19 ; elapsed = 00:00:20 . Memory (MB): peak = 1653.000 ; gain = 695.836
---------------------------------------------------------------------------------
---------------------------------------------------------------------------------
Start Timing Optimization
---------------------------------------------------------------------------------
---------------------------------------------------------------------------------
Finished Timing Optimization : Time (s): cpu = 00:00:20 ; elapsed = 00:00:21 . Memory (MB): peak = 1653.000 ; gain = 695.836
---------------------------------------------------------------------------------
---------------------------------------------------------------------------------
Start Technology Mapping
---------------------------------------------------------------------------------
---------------------------------------------------------------------------------
Finished Technology Mapping : Time (s): cpu = 00:00:20 ; elapsed = 00:00:21 . Memory (MB): peak = 1653.000 ; gain = 695.836
---------------------------------------------------------------------------------
---------------------------------------------------------------------------------
Start IO Insertion
---------------------------------------------------------------------------------
---------------------------------------------------------------------------------
Start Flattening Before IO Insertion
---------------------------------------------------------------------------------
---------------------------------------------------------------------------------
Finished Flattening Before IO Insertion
---------------------------------------------------------------------------------
---------------------------------------------------------------------------------
Start Final Netlist Cleanup
---------------------------------------------------------------------------------
---------------------------------------------------------------------------------
Finished Final Netlist Cleanup
---------------------------------------------------------------------------------
---------------------------------------------------------------------------------
Finished IO Insertion : Time (s): cpu = 00:00:23 ; elapsed = 00:00:24 . Memory (MB): peak = 1653.000 ; gain = 695.836
---------------------------------------------------------------------------------
---------------------------------------------------------------------------------
Start Renaming Generated Instances
---------------------------------------------------------------------------------
---------------------------------------------------------------------------------
Finished Renaming Generated Instances : Time (s): cpu = 00:00:23 ; elapsed = 00:00:24 . Memory (MB): peak = 1653.000 ; gain = 695.836
---------------------------------------------------------------------------------
---------------------------------------------------------------------------------
Start Rebuilding User Hierarchy
---------------------------------------------------------------------------------
---------------------------------------------------------------------------------
Finished Rebuilding User Hierarchy : Time (s): cpu = 00:00:23 ; elapsed = 00:00:24 . Memory (MB): peak = 1653.000 ; gain = 695.836
---------------------------------------------------------------------------------
---------------------------------------------------------------------------------
Start Renaming Generated Ports
---------------------------------------------------------------------------------
---------------------------------------------------------------------------------
Finished Renaming Generated Ports : Time (s): cpu = 00:00:23 ; elapsed = 00:00:24 . Memory (MB): peak = 1653.000 ; gain = 695.836
---------------------------------------------------------------------------------
---------------------------------------------------------------------------------
Start Handling Custom Attributes
---------------------------------------------------------------------------------
---------------------------------------------------------------------------------
Finished Handling Custom Attributes : Time (s): cpu = 00:00:23 ; elapsed = 00:00:24 . Memory (MB): peak = 1653.000 ; gain = 695.836
---------------------------------------------------------------------------------
---------------------------------------------------------------------------------
Start Renaming Generated Nets
---------------------------------------------------------------------------------
---------------------------------------------------------------------------------
Finished Renaming Generated Nets : Time (s): cpu = 00:00:23 ; elapsed = 00:00:24 . Memory (MB): peak = 1653.000 ; gain = 695.836
---------------------------------------------------------------------------------
---------------------------------------------------------------------------------
Start Writing Synthesis Report
---------------------------------------------------------------------------------

Report BlackBoxes: 
+-+--------------+----------+
| |BlackBox name |Instances |
+-+--------------+----------+
+-+--------------+----------+

Report Cell Usage: 
+------+-----+------+
|      |Cell |Count |
+------+-----+------+
|1     |LUT1 |     1|
|2     |LUT2 |    23|
|3     |LUT3 |    28|
|4     |LUT4 |    85|
|5     |LUT5 |    74|
|6     |LUT6 |   257|
|7     |FDRE |   142|
+------+-----+------+
---------------------------------------------------------------------------------
Finished Writing Synthesis Report : Time (s): cpu = 00:00:23 ; elapsed = 00:00:24 . Memory (MB): peak = 1653.000 ; gain = 695.836
---------------------------------------------------------------------------------
Synthesis finished with 0 errors, 0 critical warnings and 112 warnings.
Synthesis Optimization Runtime : Time (s): cpu = 00:00:14 ; elapsed = 00:00:23 . Memory (MB): peak = 1653.000 ; gain = 695.836
Synthesis Optimization Complete : Time (s): cpu = 00:00:23 ; elapsed = 00:00:24 . Memory (MB): peak = 1653.000 ; gain = 695.836
INFO: [Project 1-571] Translating synthesized netlist
Netlist sorting complete. Time (s): cpu = 00:00:00 ; elapsed = 00:00:00.012 . Memory (MB): peak = 1653.000 ; gain = 0.000
INFO: [Project 1-570] Preparing netlist for logic optimization
INFO: [Opt 31-138] Pushed 0 inverter(s) to 0 load pin(s).
Netlist sorting complete. Time (s): cpu = 00:00:00 ; elapsed = 00:00:00.001 . Memory (MB): peak = 1653.000 ; gain = 0.000
INFO: [Project 1-111] Unisim Transformation Summary:
No Unisim elements were transformed.

Synth Design complete | Checksum: 958257e2
INFO: [Common 17-83] Releasing license: Synthesis
69 Infos, 106 Warnings, 0 Critical Warnings and 0 Errors encountered.
synth_design completed successfully
synth_design: Time (s): cpu = 00:00:26 ; elapsed = 00:00:28 . Memory (MB): peak = 1653.000 ; gain = 1100.012
Write ShapeDB Complete: Time (s): cpu = 00:00:00 ; elapsed = 00:00:00.001 . Memory (MB): peak = 1653.000 ; gain = 0.000
INFO: [Common 17-1381] The checkpoint 'C:/FPGA/pet_scan/pet_scan.runs/system_xbar_1_synth_1/system_xbar_1.dcp' has been generated.
INFO: [Coretcl 2-1648] Added synthesis output to IP cache for IP system_xbar_1, cache-ID = 55ed176442cd6dba
INFO: [Coretcl 2-1174] Renamed 7 cell refs.
Write ShapeDB Complete: Time (s): cpu = 00:00:00 ; elapsed = 00:00:00.001 . Memory (MB): peak = 1653.000 ; gain = 0.000
INFO: [Common 17-1381] The checkpoint 'C:/FPGA/pet_scan/pet_scan.runs/system_xbar_1_synth_1/system_xbar_1.dcp' has been generated.
INFO: [Vivado 12-24828] Executing command : report_utilization -file system_xbar_1_utilization_synth.rpt -pb system_xbar_1_utilization_synth.pb
INFO: [Common 17-206] Exiting Vivado at Wed Jul  9 16:25:41 2025...
