solid ASCII
  facet normal 7.071068e-01 0.000000e+00 -7.071068e-01
    outer loop
      vertex   -5.258472e+01 4.370000e+01 2.595082e+01
      vertex   -7.595082e+01 4.370000e+01 2.584715e+00
      vertex   -5.258472e+01 4.620000e+01 2.595082e+01
    endloop
  endfacet
  facet normal 7.071068e-01 0.000000e+00 -7.071068e-01
    outer loop
      vertex   -5.258472e+01 4.620000e+01 2.595082e+01
      vertex   -7.595082e+01 4.370000e+01 2.584715e+00
      vertex   -7.595082e+01 4.620000e+01 2.584715e+00
    endloop
  endfacet
  facet normal -7.933533e-01 0.000000e+00 6.087614e-01
    outer loop
      vertex   -4.904918e+01 4.620000e+01 2.241528e+01
      vertex   -4.904918e+01 4.370000e+01 2.241528e+01
      vertex   -4.865188e+01 4.620000e+01 2.293305e+01
    endloop
  endfacet
  facet normal -7.933533e-01 0.000000e+00 6.087614e-01
    outer loop
      vertex   -4.865188e+01 4.620000e+01 2.293305e+01
      vertex   -4.904918e+01 4.370000e+01 2.241528e+01
      vertex   -4.865188e+01 4.370000e+01 2.293305e+01
    endloop
  endfacet
  facet normal -9.238795e-01 0.000000e+00 3.826834e-01
    outer loop
      vertex   -4.865188e+01 4.620000e+01 2.293305e+01
      vertex   -4.865188e+01 4.370000e+01 2.293305e+01
      vertex   -4.840213e+01 4.620000e+01 2.353600e+01
    endloop
  endfacet
  facet normal -9.238795e-01 0.000000e+00 3.826834e-01
    outer loop
      vertex   -4.840213e+01 4.620000e+01 2.353600e+01
      vertex   -4.865188e+01 4.370000e+01 2.293305e+01
      vertex   -4.840213e+01 4.370000e+01 2.353600e+01
    endloop
  endfacet
  facet normal -9.914449e-01 0.000000e+00 1.305262e-01
    outer loop
      vertex   -4.840213e+01 4.620000e+01 2.353600e+01
      vertex   -4.840213e+01 4.370000e+01 2.353600e+01
      vertex   -4.831695e+01 4.620000e+01 2.418305e+01
    endloop
  endfacet
  facet normal -9.914449e-01 0.000000e+00 1.305262e-01
    outer loop
      vertex   -4.831695e+01 4.620000e+01 2.418305e+01
      vertex   -4.840213e+01 4.370000e+01 2.353600e+01
      vertex   -4.831695e+01 4.370000e+01 2.418305e+01
    endloop
  endfacet
  facet normal -9.914449e-01 -0.000000e+00 -1.305262e-01
    outer loop
      vertex   -4.831695e+01 4.620000e+01 2.418305e+01
      vertex   -4.831695e+01 4.370000e+01 2.418305e+01
      vertex   -4.840213e+01 4.620000e+01 2.483010e+01
    endloop
  endfacet
  facet normal -9.914449e-01 -1.854889e-16 -1.305262e-01
    outer loop
      vertex   -4.840213e+01 4.620000e+01 2.483010e+01
      vertex   -4.831695e+01 4.370000e+01 2.418305e+01
      vertex   -4.840213e+01 4.370000e+01 2.483010e+01
    endloop
  endfacet
  facet normal -9.238795e-01 -5.438259e-16 -3.826834e-01
    outer loop
      vertex   -4.840213e+01 4.620000e+01 2.483010e+01
      vertex   -4.840213e+01 4.370000e+01 2.483010e+01
      vertex   -4.865188e+01 4.620000e+01 2.543305e+01
    endloop
  endfacet
  facet normal -9.238795e-01 -0.000000e+00 -3.826834e-01
    outer loop
      vertex   -4.865188e+01 4.620000e+01 2.543305e+01
      vertex   -4.840213e+01 4.370000e+01 2.483010e+01
      vertex   -4.865188e+01 4.370000e+01 2.543305e+01
    endloop
  endfacet
  facet normal -7.933533e-01 -0.000000e+00 -6.087614e-01
    outer loop
      vertex   -4.865188e+01 4.620000e+01 2.543305e+01
      vertex   -4.865188e+01 4.370000e+01 2.543305e+01
      vertex   -4.904918e+01 4.620000e+01 2.595082e+01
    endloop
  endfacet
  facet normal -7.933533e-01 -0.000000e+00 -6.087614e-01
    outer loop
      vertex   -4.904918e+01 4.620000e+01 2.595082e+01
      vertex   -4.865188e+01 4.370000e+01 2.543305e+01
      vertex   -4.904918e+01 4.370000e+01 2.595082e+01
    endloop
  endfacet
  facet normal -6.087614e-01 -0.000000e+00 -7.933533e-01
    outer loop
      vertex   -4.904918e+01 4.620000e+01 2.595082e+01
      vertex   -4.904918e+01 4.370000e+01 2.595082e+01
      vertex   -4.956695e+01 4.620000e+01 2.634812e+01
    endloop
  endfacet
  facet normal -6.087614e-01 -0.000000e+00 -7.933533e-01
    outer loop
      vertex   -4.956695e+01 4.620000e+01 2.634812e+01
      vertex   -4.904918e+01 4.370000e+01 2.595082e+01
      vertex   -4.956695e+01 4.370000e+01 2.634812e+01
    endloop
  endfacet
  facet normal -3.826834e-01 -0.000000e+00 -9.238795e-01
    outer loop
      vertex   -4.956695e+01 4.620000e+01 2.634812e+01
      vertex   -4.956695e+01 4.370000e+01 2.634812e+01
      vertex   -5.016990e+01 4.620000e+01 2.659787e+01
    endloop
  endfacet
  facet normal -3.826834e-01 -2.625824e-15 -9.238795e-01
    outer loop
      vertex   -5.016990e+01 4.620000e+01 2.659787e+01
      vertex   -4.956695e+01 4.370000e+01 2.634812e+01
      vertex   -5.016990e+01 4.370000e+01 2.659787e+01
    endloop
  endfacet
  facet normal -1.305262e-01 -2.817856e-15 -9.914449e-01
    outer loop
      vertex   -5.016990e+01 4.620000e+01 2.659787e+01
      vertex   -5.016990e+01 4.370000e+01 2.659787e+01
      vertex   -5.081695e+01 4.620000e+01 2.668305e+01
    endloop
  endfacet
  facet normal -1.305262e-01 -0.000000e+00 -9.914449e-01
    outer loop
      vertex   -5.081695e+01 4.620000e+01 2.668305e+01
      vertex   -5.016990e+01 4.370000e+01 2.659787e+01
      vertex   -5.081695e+01 4.370000e+01 2.668305e+01
    endloop
  endfacet
  facet normal 1.305262e-01 0.000000e+00 -9.914449e-01
    outer loop
      vertex   -5.081695e+01 4.620000e+01 2.668305e+01
      vertex   -5.081695e+01 4.370000e+01 2.668305e+01
      vertex   -5.146400e+01 4.620000e+01 2.659787e+01
    endloop
  endfacet
  facet normal 1.305262e-01 0.000000e+00 -9.914449e-01
    outer loop
      vertex   -5.146400e+01 4.620000e+01 2.659787e+01
      vertex   -5.081695e+01 4.370000e+01 2.668305e+01
      vertex   -5.146400e+01 4.370000e+01 2.659787e+01
    endloop
  endfacet
  facet normal 3.826834e-01 0.000000e+00 -9.238795e-01
    outer loop
      vertex   -5.146400e+01 4.620000e+01 2.659787e+01
      vertex   -5.146400e+01 4.370000e+01 2.659787e+01
      vertex   -5.206695e+01 4.620000e+01 2.634812e+01
    endloop
  endfacet
  facet normal 3.826834e-01 -1.312912e-15 -9.238795e-01
    outer loop
      vertex   -5.206695e+01 4.620000e+01 2.634812e+01
      vertex   -5.146400e+01 4.370000e+01 2.659787e+01
      vertex   -5.206695e+01 4.370000e+01 2.634812e+01
    endloop
  endfacet
  facet normal 6.087614e-01 -1.127423e-15 -7.933533e-01
    outer loop
      vertex   -5.206695e+01 4.620000e+01 2.634812e+01
      vertex   -5.206695e+01 4.370000e+01 2.634812e+01
      vertex   -5.258472e+01 4.620000e+01 2.595082e+01
    endloop
  endfacet
  facet normal 6.087614e-01 0.000000e+00 -7.933533e-01
    outer loop
      vertex   -5.258472e+01 4.620000e+01 2.595082e+01
      vertex   -5.206695e+01 4.370000e+01 2.634812e+01
      vertex   -5.258472e+01 4.370000e+01 2.595082e+01
    endloop
  endfacet
  facet normal -7.071068e-01 0.000000e+00 7.071068e-01
    outer loop
      vertex   -7.241528e+01 4.370000e+01 -9.508189e-01
      vertex   -4.904918e+01 4.370000e+01 2.241528e+01
      vertex   -7.241528e+01 4.620000e+01 -9.508189e-01
    endloop
  endfacet
  facet normal -7.071068e-01 0.000000e+00 7.071068e-01
    outer loop
      vertex   -7.241528e+01 4.620000e+01 -9.508189e-01
      vertex   -4.904918e+01 4.370000e+01 2.241528e+01
      vertex   -4.904918e+01 4.620000e+01 2.241528e+01
    endloop
  endfacet
  facet normal 7.933533e-01 0.000000e+00 -6.087614e-01
    outer loop
      vertex   -7.595082e+01 4.620000e+01 2.584715e+00
      vertex   -7.595082e+01 4.370000e+01 2.584715e+00
      vertex   -7.634812e+01 4.620000e+01 2.066948e+00
    endloop
  endfacet
  facet normal 7.933533e-01 0.000000e+00 -6.087614e-01
    outer loop
      vertex   -7.634812e+01 4.620000e+01 2.066948e+00
      vertex   -7.595082e+01 4.370000e+01 2.584715e+00
      vertex   -7.634812e+01 4.370000e+01 2.066948e+00
    endloop
  endfacet
  facet normal 9.238795e-01 0.000000e+00 -3.826834e-01
    outer loop
      vertex   -7.634812e+01 4.620000e+01 2.066948e+00
      vertex   -7.634812e+01 4.370000e+01 2.066948e+00
      vertex   -7.659787e+01 4.620000e+01 1.463996e+00
    endloop
  endfacet
  facet normal 9.238795e-01 1.359565e-16 -3.826834e-01
    outer loop
      vertex   -7.659787e+01 4.620000e+01 1.463996e+00
      vertex   -7.634812e+01 4.370000e+01 2.066948e+00
      vertex   -7.659787e+01 4.370000e+01 1.463996e+00
    endloop
  endfacet
  facet normal 9.914449e-01 4.637222e-17 -1.305262e-01
    outer loop
      vertex   -7.659787e+01 4.620000e+01 1.463996e+00
      vertex   -7.659787e+01 4.370000e+01 1.463996e+00
      vertex   -7.668305e+01 4.620000e+01 8.169481e-01
    endloop
  endfacet
  facet normal 9.914449e-01 0.000000e+00 -1.305262e-01
    outer loop
      vertex   -7.668305e+01 4.620000e+01 8.169481e-01
      vertex   -7.659787e+01 4.370000e+01 1.463996e+00
      vertex   -7.668305e+01 4.370000e+01 8.169481e-01
    endloop
  endfacet
  facet normal 9.914449e-01 0.000000e+00 1.305262e-01
    outer loop
      vertex   -7.668305e+01 4.620000e+01 8.169481e-01
      vertex   -7.668305e+01 4.370000e+01 8.169481e-01
      vertex   -7.659787e+01 4.620000e+01 1.699005e-01
    endloop
  endfacet
  facet normal 9.914449e-01 -7.245659e-17 1.305262e-01
    outer loop
      vertex   -7.659787e+01 4.620000e+01 1.699005e-01
      vertex   -7.668305e+01 4.370000e+01 8.169481e-01
      vertex   -7.659787e+01 4.370000e+01 1.699005e-01
    endloop
  endfacet
  facet normal 9.238795e-01 -2.124320e-16 3.826834e-01
    outer loop
      vertex   -7.659787e+01 4.620000e+01 1.699005e-01
      vertex   -7.659787e+01 4.370000e+01 1.699005e-01
      vertex   -7.634812e+01 4.620000e+01 -4.330519e-01
    endloop
  endfacet
  facet normal 9.238795e-01 -8.497279e-17 3.826834e-01
    outer loop
      vertex   -7.634812e+01 4.620000e+01 -4.330519e-01
      vertex   -7.659787e+01 4.370000e+01 1.699005e-01
      vertex   -7.634812e+01 4.370000e+01 -4.330519e-01
    endloop
  endfacet
  facet normal 7.933533e-01 -1.351722e-16 6.087614e-01
    outer loop
      vertex   -7.634812e+01 4.620000e+01 -4.330519e-01
      vertex   -7.634812e+01 4.370000e+01 -4.330519e-01
      vertex   -7.595082e+01 4.620000e+01 -9.508189e-01
    endloop
  endfacet
  facet normal 7.933533e-01 0.000000e+00 6.087614e-01
    outer loop
      vertex   -7.595082e+01 4.620000e+01 -9.508189e-01
      vertex   -7.634812e+01 4.370000e+01 -4.330519e-01
      vertex   -7.595082e+01 4.370000e+01 -9.508189e-01
    endloop
  endfacet
  facet normal 6.087614e-01 0.000000e+00 7.933533e-01
    outer loop
      vertex   -7.595082e+01 4.620000e+01 -9.508189e-01
      vertex   -7.595082e+01 4.370000e+01 -9.508189e-01
      vertex   -7.543305e+01 4.620000e+01 -1.348115e+00
    endloop
  endfacet
  facet normal 6.087614e-01 -7.046393e-17 7.933533e-01
    outer loop
      vertex   -7.543305e+01 4.620000e+01 -1.348115e+00
      vertex   -7.595082e+01 4.370000e+01 -9.508189e-01
      vertex   -7.543305e+01 4.370000e+01 -1.348115e+00
    endloop
  endfacet
  facet normal 3.826834e-01 -8.205699e-17 9.238795e-01
    outer loop
      vertex   -7.543305e+01 4.620000e+01 -1.348115e+00
      vertex   -7.543305e+01 4.370000e+01 -1.348115e+00
      vertex   -7.483010e+01 4.620000e+01 -1.597866e+00
    endloop
  endfacet
  facet normal 3.826834e-01 0.000000e+00 9.238795e-01
    outer loop
      vertex   -7.483010e+01 4.620000e+01 -1.597866e+00
      vertex   -7.543305e+01 4.370000e+01 -1.348115e+00
      vertex   -7.483010e+01 4.370000e+01 -1.597866e+00
    endloop
  endfacet
  facet normal 1.305262e-01 0.000000e+00 9.914449e-01
    outer loop
      vertex   -7.483010e+01 4.620000e+01 -1.597866e+00
      vertex   -7.483010e+01 4.370000e+01 -1.597866e+00
      vertex   -7.418305e+01 4.620000e+01 -1.683052e+00
    endloop
  endfacet
  facet normal 1.305262e-01 0.000000e+00 9.914449e-01
    outer loop
      vertex   -7.418305e+01 4.620000e+01 -1.683052e+00
      vertex   -7.483010e+01 4.370000e+01 -1.597866e+00
      vertex   -7.418305e+01 4.370000e+01 -1.683052e+00
    endloop
  endfacet
  facet normal -1.305262e-01 0.000000e+00 9.914449e-01
    outer loop
      vertex   -7.418305e+01 4.620000e+01 -1.683052e+00
      vertex   -7.418305e+01 4.370000e+01 -1.683052e+00
      vertex   -7.353600e+01 4.620000e+01 -1.597866e+00
    endloop
  endfacet
  facet normal -1.305262e-01 0.000000e+00 9.914449e-01
    outer loop
      vertex   -7.353600e+01 4.620000e+01 -1.597866e+00
      vertex   -7.418305e+01 4.370000e+01 -1.683052e+00
      vertex   -7.353600e+01 4.370000e+01 -1.597866e+00
    endloop
  endfacet
  facet normal -3.826834e-01 0.000000e+00 9.238795e-01
    outer loop
      vertex   -7.353600e+01 4.620000e+01 -1.597866e+00
      vertex   -7.353600e+01 4.370000e+01 -1.597866e+00
      vertex   -7.293305e+01 4.620000e+01 -1.348115e+00
    endloop
  endfacet
  facet normal -3.826834e-01 0.000000e+00 9.238795e-01
    outer loop
      vertex   -7.293305e+01 4.620000e+01 -1.348115e+00
      vertex   -7.353600e+01 4.370000e+01 -1.597866e+00
      vertex   -7.293305e+01 4.370000e+01 -1.348115e+00
    endloop
  endfacet
  facet normal -6.087614e-01 0.000000e+00 7.933533e-01
    outer loop
      vertex   -7.293305e+01 4.620000e+01 -1.348115e+00
      vertex   -7.293305e+01 4.370000e+01 -1.348115e+00
      vertex   -7.241528e+01 4.620000e+01 -9.508189e-01
    endloop
  endfacet
  facet normal -6.087614e-01 0.000000e+00 7.933533e-01
    outer loop
      vertex   -7.241528e+01 4.620000e+01 -9.508189e-01
      vertex   -7.293305e+01 4.370000e+01 -1.348115e+00
      vertex   -7.241528e+01 4.370000e+01 -9.508189e-01
    endloop
  endfacet
  facet normal 7.071068e-01 0.000000e+00 -7.071068e-01
    outer loop
      vertex   7.241528e+01 4.370000e+01 9.508189e-01
      vertex   4.904918e+01 4.370000e+01 -2.241528e+01
      vertex   7.241528e+01 4.620000e+01 9.508189e-01
    endloop
  endfacet
  facet normal 7.071068e-01 0.000000e+00 -7.071068e-01
    outer loop
      vertex   7.241528e+01 4.620000e+01 9.508189e-01
      vertex   4.904918e+01 4.370000e+01 -2.241528e+01
      vertex   4.904918e+01 4.620000e+01 -2.241528e+01
    endloop
  endfacet
  facet normal -7.933533e-01 0.000000e+00 6.087614e-01
    outer loop
      vertex   7.595082e+01 4.620000e+01 -2.584715e+00
      vertex   7.595082e+01 4.370000e+01 -2.584715e+00
      vertex   7.634812e+01 4.620000e+01 -2.066948e+00
    endloop
  endfacet
  facet normal -7.933533e-01 0.000000e+00 6.087614e-01
    outer loop
      vertex   7.634812e+01 4.620000e+01 -2.066948e+00
      vertex   7.595082e+01 4.370000e+01 -2.584715e+00
      vertex   7.634812e+01 4.370000e+01 -2.066948e+00
    endloop
  endfacet
  facet normal -9.238795e-01 0.000000e+00 3.826834e-01
    outer loop
      vertex   7.634812e+01 4.620000e+01 -2.066948e+00
      vertex   7.634812e+01 4.370000e+01 -2.066948e+00
      vertex   7.659787e+01 4.620000e+01 -1.463996e+00
    endloop
  endfacet
  facet normal -9.238795e-01 1.359565e-16 3.826834e-01
    outer loop
      vertex   7.659787e+01 4.620000e+01 -1.463996e+00
      vertex   7.634812e+01 4.370000e+01 -2.066948e+00
      vertex   7.659787e+01 4.370000e+01 -1.463996e+00
    endloop
  endfacet
  facet normal -9.914449e-01 4.637222e-17 1.305262e-01
    outer loop
      vertex   7.659787e+01 4.620000e+01 -1.463996e+00
      vertex   7.659787e+01 4.370000e+01 -1.463996e+00
      vertex   7.668305e+01 4.620000e+01 -8.169481e-01
    endloop
  endfacet
  facet normal -9.914449e-01 0.000000e+00 1.305262e-01
    outer loop
      vertex   7.668305e+01 4.620000e+01 -8.169481e-01
      vertex   7.659787e+01 4.370000e+01 -1.463996e+00
      vertex   7.668305e+01 4.370000e+01 -8.169481e-01
    endloop
  endfacet
  facet normal -9.914449e-01 -0.000000e+00 -1.305262e-01
    outer loop
      vertex   7.668305e+01 4.620000e+01 -8.169481e-01
      vertex   7.668305e+01 4.370000e+01 -8.169481e-01
      vertex   7.659787e+01 4.620000e+01 -1.699005e-01
    endloop
  endfacet
  facet normal -9.914449e-01 -7.245659e-17 -1.305262e-01
    outer loop
      vertex   7.659787e+01 4.620000e+01 -1.699005e-01
      vertex   7.668305e+01 4.370000e+01 -8.169481e-01
      vertex   7.659787e+01 4.370000e+01 -1.699005e-01
    endloop
  endfacet
  facet normal -9.238795e-01 -2.124320e-16 -3.826834e-01
    outer loop
      vertex   7.659787e+01 4.620000e+01 -1.699005e-01
      vertex   7.659787e+01 4.370000e+01 -1.699005e-01
      vertex   7.634812e+01 4.620000e+01 4.330519e-01
    endloop
  endfacet
  facet normal -9.238795e-01 -8.497279e-17 -3.826834e-01
    outer loop
      vertex   7.634812e+01 4.620000e+01 4.330519e-01
      vertex   7.659787e+01 4.370000e+01 -1.699005e-01
      vertex   7.634812e+01 4.370000e+01 4.330519e-01
    endloop
  endfacet
  facet normal -7.933533e-01 -1.351722e-16 -6.087614e-01
    outer loop
      vertex   7.634812e+01 4.620000e+01 4.330519e-01
      vertex   7.634812e+01 4.370000e+01 4.330519e-01
      vertex   7.595082e+01 4.620000e+01 9.508189e-01
    endloop
  endfacet
  facet normal -7.933533e-01 -0.000000e+00 -6.087614e-01
    outer loop
      vertex   7.595082e+01 4.620000e+01 9.508189e-01
      vertex   7.634812e+01 4.370000e+01 4.330519e-01
      vertex   7.595082e+01 4.370000e+01 9.508189e-01
    endloop
  endfacet
  facet normal -6.087614e-01 -0.000000e+00 -7.933533e-01
    outer loop
      vertex   7.595082e+01 4.620000e+01 9.508189e-01
      vertex   7.595082e+01 4.370000e+01 9.508189e-01
      vertex   7.543305e+01 4.620000e+01 1.348115e+00
    endloop
  endfacet
  facet normal -6.087614e-01 -7.046393e-17 -7.933533e-01
    outer loop
      vertex   7.543305e+01 4.620000e+01 1.348115e+00
      vertex   7.595082e+01 4.370000e+01 9.508189e-01
      vertex   7.543305e+01 4.370000e+01 1.348115e+00
    endloop
  endfacet
  facet normal -3.826834e-01 -8.205699e-17 -9.238795e-01
    outer loop
      vertex   7.543305e+01 4.620000e+01 1.348115e+00
      vertex   7.543305e+01 4.370000e+01 1.348115e+00
      vertex   7.483010e+01 4.620000e+01 1.597866e+00
    endloop
  endfacet
  facet normal -3.826834e-01 -0.000000e+00 -9.238795e-01
    outer loop
      vertex   7.483010e+01 4.620000e+01 1.597866e+00
      vertex   7.543305e+01 4.370000e+01 1.348115e+00
      vertex   7.483010e+01 4.370000e+01 1.597866e+00
    endloop
  endfacet
  facet normal -1.305262e-01 -0.000000e+00 -9.914449e-01
    outer loop
      vertex   7.483010e+01 4.620000e+01 1.597866e+00
      vertex   7.483010e+01 4.370000e+01 1.597866e+00
      vertex   7.418305e+01 4.620000e+01 1.683052e+00
    endloop
  endfacet
  facet normal -1.305262e-01 -0.000000e+00 -9.914449e-01
    outer loop
      vertex   7.418305e+01 4.620000e+01 1.683052e+00
      vertex   7.483010e+01 4.370000e+01 1.597866e+00
      vertex   7.418305e+01 4.370000e+01 1.683052e+00
    endloop
  endfacet
  facet normal 1.305262e-01 0.000000e+00 -9.914449e-01
    outer loop
      vertex   7.418305e+01 4.620000e+01 1.683052e+00
      vertex   7.418305e+01 4.370000e+01 1.683052e+00
      vertex   7.353600e+01 4.620000e+01 1.597866e+00
    endloop
  endfacet
  facet normal 1.305262e-01 0.000000e+00 -9.914449e-01
    outer loop
      vertex   7.353600e+01 4.620000e+01 1.597866e+00
      vertex   7.418305e+01 4.370000e+01 1.683052e+00
      vertex   7.353600e+01 4.370000e+01 1.597866e+00
    endloop
  endfacet
  facet normal 3.826834e-01 0.000000e+00 -9.238795e-01
    outer loop
      vertex   7.353600e+01 4.620000e+01 1.597866e+00
      vertex   7.353600e+01 4.370000e+01 1.597866e+00
      vertex   7.293305e+01 4.620000e+01 1.348115e+00
    endloop
  endfacet
  facet normal 3.826834e-01 0.000000e+00 -9.238795e-01
    outer loop
      vertex   7.293305e+01 4.620000e+01 1.348115e+00
      vertex   7.353600e+01 4.370000e+01 1.597866e+00
      vertex   7.293305e+01 4.370000e+01 1.348115e+00
    endloop
  endfacet
  facet normal 6.087614e-01 0.000000e+00 -7.933533e-01
    outer loop
      vertex   7.293305e+01 4.620000e+01 1.348115e+00
      vertex   7.293305e+01 4.370000e+01 1.348115e+00
      vertex   7.241528e+01 4.620000e+01 9.508189e-01
    endloop
  endfacet
  facet normal 6.087614e-01 0.000000e+00 -7.933533e-01
    outer loop
      vertex   7.241528e+01 4.620000e+01 9.508189e-01
      vertex   7.293305e+01 4.370000e+01 1.348115e+00
      vertex   7.241528e+01 4.370000e+01 9.508189e-01
    endloop
  endfacet
  facet normal -7.071068e-01 0.000000e+00 7.071068e-01
    outer loop
      vertex   5.258472e+01 4.370000e+01 -2.595082e+01
      vertex   7.595082e+01 4.370000e+01 -2.584715e+00
      vertex   5.258472e+01 4.620000e+01 -2.595082e+01
    endloop
  endfacet
  facet normal -7.071068e-01 0.000000e+00 7.071068e-01
    outer loop
      vertex   5.258472e+01 4.620000e+01 -2.595082e+01
      vertex   7.595082e+01 4.370000e+01 -2.584715e+00
      vertex   7.595082e+01 4.620000e+01 -2.584715e+00
    endloop
  endfacet
  facet normal 7.933533e-01 0.000000e+00 -6.087614e-01
    outer loop
      vertex   4.904918e+01 4.620000e+01 -2.241528e+01
      vertex   4.904918e+01 4.370000e+01 -2.241528e+01
      vertex   4.865188e+01 4.620000e+01 -2.293305e+01
    endloop
  endfacet
  facet normal 7.933533e-01 0.000000e+00 -6.087614e-01
    outer loop
      vertex   4.865188e+01 4.620000e+01 -2.293305e+01
      vertex   4.904918e+01 4.370000e+01 -2.241528e+01
      vertex   4.865188e+01 4.370000e+01 -2.293305e+01
    endloop
  endfacet
  facet normal 9.238795e-01 0.000000e+00 -3.826834e-01
    outer loop
      vertex   4.865188e+01 4.620000e+01 -2.293305e+01
      vertex   4.865188e+01 4.370000e+01 -2.293305e+01
      vertex   4.840213e+01 4.620000e+01 -2.353600e+01
    endloop
  endfacet
  facet normal 9.238795e-01 0.000000e+00 -3.826834e-01
    outer loop
      vertex   4.840213e+01 4.620000e+01 -2.353600e+01
      vertex   4.865188e+01 4.370000e+01 -2.293305e+01
      vertex   4.840213e+01 4.370000e+01 -2.353600e+01
    endloop
  endfacet
  facet normal 9.914449e-01 0.000000e+00 -1.305262e-01
    outer loop
      vertex   4.840213e+01 4.620000e+01 -2.353600e+01
      vertex   4.840213e+01 4.370000e+01 -2.353600e+01
      vertex   4.831695e+01 4.620000e+01 -2.418305e+01
    endloop
  endfacet
  facet normal 9.914449e-01 0.000000e+00 -1.305262e-01
    outer loop
      vertex   4.831695e+01 4.620000e+01 -2.418305e+01
      vertex   4.840213e+01 4.370000e+01 -2.353600e+01
      vertex   4.831695e+01 4.370000e+01 -2.418305e+01
    endloop
  endfacet
  facet normal 9.914449e-01 0.000000e+00 1.305262e-01
    outer loop
      vertex   4.831695e+01 4.620000e+01 -2.418305e+01
      vertex   4.831695e+01 4.370000e+01 -2.418305e+01
      vertex   4.840213e+01 4.620000e+01 -2.483010e+01
    endloop
  endfacet
  facet normal 9.914449e-01 -1.854889e-16 1.305262e-01
    outer loop
      vertex   4.840213e+01 4.620000e+01 -2.483010e+01
      vertex   4.831695e+01 4.370000e+01 -2.418305e+01
      vertex   4.840213e+01 4.370000e+01 -2.483010e+01
    endloop
  endfacet
  facet normal 9.238795e-01 -5.438259e-16 3.826834e-01
    outer loop
      vertex   4.840213e+01 4.620000e+01 -2.483010e+01
      vertex   4.840213e+01 4.370000e+01 -2.483010e+01
      vertex   4.865188e+01 4.620000e+01 -2.543305e+01
    endloop
  endfacet
  facet normal 9.238795e-01 0.000000e+00 3.826834e-01
    outer loop
      vertex   4.865188e+01 4.620000e+01 -2.543305e+01
      vertex   4.840213e+01 4.370000e+01 -2.483010e+01
      vertex   4.865188e+01 4.370000e+01 -2.543305e+01
    endloop
  endfacet
  facet normal 7.933533e-01 0.000000e+00 6.087614e-01
    outer loop
      vertex   4.865188e+01 4.620000e+01 -2.543305e+01
      vertex   4.865188e+01 4.370000e+01 -2.543305e+01
      vertex   4.904918e+01 4.620000e+01 -2.595082e+01
    endloop
  endfacet
  facet normal 7.933533e-01 0.000000e+00 6.087614e-01
    outer loop
      vertex   4.904918e+01 4.620000e+01 -2.595082e+01
      vertex   4.865188e+01 4.370000e+01 -2.543305e+01
      vertex   4.904918e+01 4.370000e+01 -2.595082e+01
    endloop
  endfacet
  facet normal 6.087614e-01 0.000000e+00 7.933533e-01
    outer loop
      vertex   4.904918e+01 4.620000e+01 -2.595082e+01
      vertex   4.904918e+01 4.370000e+01 -2.595082e+01
      vertex   4.956695e+01 4.620000e+01 -2.634812e+01
    endloop
  endfacet
  facet normal 6.087614e-01 0.000000e+00 7.933533e-01
    outer loop
      vertex   4.956695e+01 4.620000e+01 -2.634812e+01
      vertex   4.904918e+01 4.370000e+01 -2.595082e+01
      vertex   4.956695e+01 4.370000e+01 -2.634812e+01
    endloop
  endfacet
  facet normal 3.826834e-01 0.000000e+00 9.238795e-01
    outer loop
      vertex   4.956695e+01 4.620000e+01 -2.634812e+01
      vertex   4.956695e+01 4.370000e+01 -2.634812e+01
      vertex   5.016990e+01 4.620000e+01 -2.659787e+01
    endloop
  endfacet
  facet normal 3.826834e-01 -1.312912e-15 9.238795e-01
    outer loop
      vertex   5.016990e+01 4.620000e+01 -2.659787e+01
      vertex   4.956695e+01 4.370000e+01 -2.634812e+01
      vertex   5.016990e+01 4.370000e+01 -2.659787e+01
    endloop
  endfacet
  facet normal 1.305262e-01 -1.408928e-15 9.914449e-01
    outer loop
      vertex   5.016990e+01 4.620000e+01 -2.659787e+01
      vertex   5.016990e+01 4.370000e+01 -2.659787e+01
      vertex   5.081695e+01 4.620000e+01 -2.668305e+01
    endloop
  endfacet
  facet normal 1.305262e-01 0.000000e+00 9.914449e-01
    outer loop
      vertex   5.081695e+01 4.620000e+01 -2.668305e+01
      vertex   5.016990e+01 4.370000e+01 -2.659787e+01
      vertex   5.081695e+01 4.370000e+01 -2.668305e+01
    endloop
  endfacet
  facet normal -1.305262e-01 0.000000e+00 9.914449e-01
    outer loop
      vertex   5.081695e+01 4.620000e+01 -2.668305e+01
      vertex   5.081695e+01 4.370000e+01 -2.668305e+01
      vertex   5.146400e+01 4.620000e+01 -2.659787e+01
    endloop
  endfacet
  facet normal -1.305262e-01 0.000000e+00 9.914449e-01
    outer loop
      vertex   5.146400e+01 4.620000e+01 -2.659787e+01
      vertex   5.081695e+01 4.370000e+01 -2.668305e+01
      vertex   5.146400e+01 4.370000e+01 -2.659787e+01
    endloop
  endfacet
  facet normal -3.826834e-01 0.000000e+00 9.238795e-01
    outer loop
      vertex   5.146400e+01 4.620000e+01 -2.659787e+01
      vertex   5.146400e+01 4.370000e+01 -2.659787e+01
      vertex   5.206695e+01 4.620000e+01 -2.634812e+01
    endloop
  endfacet
  facet normal -3.826834e-01 -2.625824e-15 9.238795e-01
    outer loop
      vertex   5.206695e+01 4.620000e+01 -2.634812e+01
      vertex   5.146400e+01 4.370000e+01 -2.659787e+01
      vertex   5.206695e+01 4.370000e+01 -2.634812e+01
    endloop
  endfacet
  facet normal -6.087614e-01 -2.254846e-15 7.933533e-01
    outer loop
      vertex   5.206695e+01 4.620000e+01 -2.634812e+01
      vertex   5.206695e+01 4.370000e+01 -2.634812e+01
      vertex   5.258472e+01 4.620000e+01 -2.595082e+01
    endloop
  endfacet
  facet normal -6.087614e-01 0.000000e+00 7.933533e-01
    outer loop
      vertex   5.258472e+01 4.620000e+01 -2.595082e+01
      vertex   5.206695e+01 4.370000e+01 -2.634812e+01
      vertex   5.258472e+01 4.370000e+01 -2.595082e+01
    endloop
  endfacet
  facet normal -9.914449e-01 0.000000e+00 -1.305262e-01
    outer loop
      vertex   -7.176824e+01 4.370000e+01 2.483010e+01
      vertex   -7.176824e+01 4.620000e+01 2.483010e+01
      vertex   -7.168305e+01 4.370000e+01 2.418305e+01
    endloop
  endfacet
  facet normal -9.914449e-01 0.000000e+00 -1.305262e-01
    outer loop
      vertex   -7.168305e+01 4.370000e+01 2.418305e+01
      vertex   -7.176824e+01 4.620000e+01 2.483010e+01
      vertex   -7.168305e+01 4.620000e+01 2.418305e+01
    endloop
  endfacet
  facet normal -9.914449e-01 0.000000e+00 1.305262e-01
    outer loop
      vertex   -7.168305e+01 4.370000e+01 2.418305e+01
      vertex   -7.168305e+01 4.620000e+01 2.418305e+01
      vertex   -7.176824e+01 4.370000e+01 2.353600e+01
    endloop
  endfacet
  facet normal -9.914449e-01 0.000000e+00 1.305262e-01
    outer loop
      vertex   -7.176824e+01 4.370000e+01 2.353600e+01
      vertex   -7.168305e+01 4.620000e+01 2.418305e+01
      vertex   -7.176824e+01 4.620000e+01 2.353600e+01
    endloop
  endfacet
  facet normal -9.238795e-01 0.000000e+00 3.826834e-01
    outer loop
      vertex   -7.176824e+01 4.370000e+01 2.353600e+01
      vertex   -7.176824e+01 4.620000e+01 2.353600e+01
      vertex   -7.201799e+01 4.370000e+01 2.293305e+01
    endloop
  endfacet
  facet normal -9.238795e-01 0.000000e+00 3.826834e-01
    outer loop
      vertex   -7.201799e+01 4.370000e+01 2.293305e+01
      vertex   -7.176824e+01 4.620000e+01 2.353600e+01
      vertex   -7.201799e+01 4.620000e+01 2.293305e+01
    endloop
  endfacet
  facet normal -7.933533e-01 0.000000e+00 6.087614e-01
    outer loop
      vertex   -7.201799e+01 4.370000e+01 2.293305e+01
      vertex   -7.201799e+01 4.620000e+01 2.293305e+01
      vertex   -7.241528e+01 4.370000e+01 2.241528e+01
    endloop
  endfacet
  facet normal -7.933533e-01 0.000000e+00 6.087614e-01
    outer loop
      vertex   -7.241528e+01 4.370000e+01 2.241528e+01
      vertex   -7.201799e+01 4.620000e+01 2.293305e+01
      vertex   -7.241528e+01 4.620000e+01 2.241528e+01
    endloop
  endfacet
  facet normal -6.087614e-01 0.000000e+00 7.933533e-01
    outer loop
      vertex   -7.241528e+01 4.370000e+01 2.241528e+01
      vertex   -7.241528e+01 4.620000e+01 2.241528e+01
      vertex   -7.293305e+01 4.370000e+01 2.201799e+01
    endloop
  endfacet
  facet normal -6.087614e-01 0.000000e+00 7.933533e-01
    outer loop
      vertex   -7.293305e+01 4.370000e+01 2.201799e+01
      vertex   -7.241528e+01 4.620000e+01 2.241528e+01
      vertex   -7.293305e+01 4.620000e+01 2.201799e+01
    endloop
  endfacet
  facet normal -3.826834e-01 0.000000e+00 9.238795e-01
    outer loop
      vertex   -7.293305e+01 4.370000e+01 2.201799e+01
      vertex   -7.293305e+01 4.620000e+01 2.201799e+01
      vertex   -7.353600e+01 4.370000e+01 2.176824e+01
    endloop
  endfacet
  facet normal -3.826834e-01 0.000000e+00 9.238795e-01
    outer loop
      vertex   -7.353600e+01 4.370000e+01 2.176824e+01
      vertex   -7.293305e+01 4.620000e+01 2.201799e+01
      vertex   -7.353600e+01 4.620000e+01 2.176824e+01
    endloop
  endfacet
  facet normal -1.305262e-01 0.000000e+00 9.914449e-01
    outer loop
      vertex   -7.353600e+01 4.370000e+01 2.176824e+01
      vertex   -7.353600e+01 4.620000e+01 2.176824e+01
      vertex   -7.418305e+01 4.370000e+01 2.168305e+01
    endloop
  endfacet
  facet normal -1.305262e-01 0.000000e+00 9.914449e-01
    outer loop
      vertex   -7.418305e+01 4.370000e+01 2.168305e+01
      vertex   -7.353600e+01 4.620000e+01 2.176824e+01
      vertex   -7.418305e+01 4.620000e+01 2.168305e+01
    endloop
  endfacet
  facet normal 1.305262e-01 -0.000000e+00 9.914449e-01
    outer loop
      vertex   -7.418305e+01 4.370000e+01 2.168305e+01
      vertex   -7.418305e+01 4.620000e+01 2.168305e+01
      vertex   -7.483010e+01 4.370000e+01 2.176824e+01
    endloop
  endfacet
  facet normal 1.305262e-01 -0.000000e+00 9.914449e-01
    outer loop
      vertex   -7.483010e+01 4.370000e+01 2.176824e+01
      vertex   -7.418305e+01 4.620000e+01 2.168305e+01
      vertex   -7.483010e+01 4.620000e+01 2.176824e+01
    endloop
  endfacet
  facet normal 3.826834e-01 -0.000000e+00 9.238795e-01
    outer loop
      vertex   -7.483010e+01 4.370000e+01 2.176824e+01
      vertex   -7.483010e+01 4.620000e+01 2.176824e+01
      vertex   -7.543305e+01 4.370000e+01 2.201799e+01
    endloop
  endfacet
  facet normal 3.826834e-01 -0.000000e+00 9.238795e-01
    outer loop
      vertex   -7.543305e+01 4.370000e+01 2.201799e+01
      vertex   -7.483010e+01 4.620000e+01 2.176824e+01
      vertex   -7.543305e+01 4.620000e+01 2.201799e+01
    endloop
  endfacet
  facet normal 6.087614e-01 -0.000000e+00 7.933533e-01
    outer loop
      vertex   -7.543305e+01 4.370000e+01 2.201799e+01
      vertex   -7.543305e+01 4.620000e+01 2.201799e+01
      vertex   -7.595082e+01 4.370000e+01 2.241528e+01
    endloop
  endfacet
  facet normal 6.087614e-01 -0.000000e+00 7.933533e-01
    outer loop
      vertex   -7.595082e+01 4.370000e+01 2.241528e+01
      vertex   -7.543305e+01 4.620000e+01 2.201799e+01
      vertex   -7.595082e+01 4.620000e+01 2.241528e+01
    endloop
  endfacet
  facet normal 7.933533e-01 -0.000000e+00 6.087614e-01
    outer loop
      vertex   -7.595082e+01 4.370000e+01 2.241528e+01
      vertex   -7.595082e+01 4.620000e+01 2.241528e+01
      vertex   -7.634812e+01 4.370000e+01 2.293305e+01
    endloop
  endfacet
  facet normal 7.933533e-01 -0.000000e+00 6.087614e-01
    outer loop
      vertex   -7.634812e+01 4.370000e+01 2.293305e+01
      vertex   -7.595082e+01 4.620000e+01 2.241528e+01
      vertex   -7.634812e+01 4.620000e+01 2.293305e+01
    endloop
  endfacet
  facet normal 9.238795e-01 -0.000000e+00 3.826834e-01
    outer loop
      vertex   -7.634812e+01 4.370000e+01 2.293305e+01
      vertex   -7.634812e+01 4.620000e+01 2.293305e+01
      vertex   -7.659787e+01 4.370000e+01 2.353600e+01
    endloop
  endfacet
  facet normal 9.238795e-01 -5.438259e-16 3.826834e-01
    outer loop
      vertex   -7.659787e+01 4.370000e+01 2.353600e+01
      vertex   -7.634812e+01 4.620000e+01 2.293305e+01
      vertex   -7.659787e+01 4.620000e+01 2.353600e+01
    endloop
  endfacet
  facet normal 9.914449e-01 -1.854889e-16 1.305262e-01
    outer loop
      vertex   -7.659787e+01 4.370000e+01 2.353600e+01
      vertex   -7.659787e+01 4.620000e+01 2.353600e+01
      vertex   -7.668305e+01 4.370000e+01 2.418305e+01
    endloop
  endfacet
  facet normal 9.914449e-01 -0.000000e+00 1.305262e-01
    outer loop
      vertex   -7.668305e+01 4.370000e+01 2.418305e+01
      vertex   -7.659787e+01 4.620000e+01 2.353600e+01
      vertex   -7.668305e+01 4.620000e+01 2.418305e+01
    endloop
  endfacet
  facet normal 9.914449e-01 0.000000e+00 -1.305262e-01
    outer loop
      vertex   -7.668305e+01 4.370000e+01 2.418305e+01
      vertex   -7.668305e+01 4.620000e+01 2.418305e+01
      vertex   -7.659787e+01 4.370000e+01 2.483010e+01
    endloop
  endfacet
  facet normal 9.914449e-01 1.854889e-16 -1.305262e-01
    outer loop
      vertex   -7.659787e+01 4.370000e+01 2.483010e+01
      vertex   -7.668305e+01 4.620000e+01 2.418305e+01
      vertex   -7.659787e+01 4.620000e+01 2.483010e+01
    endloop
  endfacet
  facet normal 9.238795e-01 5.438259e-16 -3.826834e-01
    outer loop
      vertex   -7.659787e+01 4.370000e+01 2.483010e+01
      vertex   -7.659787e+01 4.620000e+01 2.483010e+01
      vertex   -7.634812e+01 4.370000e+01 2.543305e+01
    endloop
  endfacet
  facet normal 9.238795e-01 0.000000e+00 -3.826834e-01
    outer loop
      vertex   -7.634812e+01 4.370000e+01 2.543305e+01
      vertex   -7.659787e+01 4.620000e+01 2.483010e+01
      vertex   -7.634812e+01 4.620000e+01 2.543305e+01
    endloop
  endfacet
  facet normal 7.933533e-01 0.000000e+00 -6.087614e-01
    outer loop
      vertex   -7.634812e+01 4.370000e+01 2.543305e+01
      vertex   -7.634812e+01 4.620000e+01 2.543305e+01
      vertex   -7.595082e+01 4.370000e+01 2.595082e+01
    endloop
  endfacet
  facet normal 7.933533e-01 0.000000e+00 -6.087614e-01
    outer loop
      vertex   -7.595082e+01 4.370000e+01 2.595082e+01
      vertex   -7.634812e+01 4.620000e+01 2.543305e+01
      vertex   -7.595082e+01 4.620000e+01 2.595082e+01
    endloop
  endfacet
  facet normal 6.087614e-01 0.000000e+00 -7.933533e-01
    outer loop
      vertex   -7.595082e+01 4.370000e+01 2.595082e+01
      vertex   -7.595082e+01 4.620000e+01 2.595082e+01
      vertex   -7.543305e+01 4.370000e+01 2.634812e+01
    endloop
  endfacet
  facet normal 6.087614e-01 0.000000e+00 -7.933533e-01
    outer loop
      vertex   -7.543305e+01 4.370000e+01 2.634812e+01
      vertex   -7.595082e+01 4.620000e+01 2.595082e+01
      vertex   -7.543305e+01 4.620000e+01 2.634812e+01
    endloop
  endfacet
  facet normal 3.826834e-01 0.000000e+00 -9.238795e-01
    outer loop
      vertex   -7.543305e+01 4.370000e+01 2.634812e+01
      vertex   -7.543305e+01 4.620000e+01 2.634812e+01
      vertex   -7.483010e+01 4.370000e+01 2.659787e+01
    endloop
  endfacet
  facet normal 3.826834e-01 0.000000e+00 -9.238795e-01
    outer loop
      vertex   -7.483010e+01 4.370000e+01 2.659787e+01
      vertex   -7.543305e+01 4.620000e+01 2.634812e+01
      vertex   -7.483010e+01 4.620000e+01 2.659787e+01
    endloop
  endfacet
  facet normal 1.305262e-01 0.000000e+00 -9.914449e-01
    outer loop
      vertex   -7.483010e+01 4.370000e+01 2.659787e+01
      vertex   -7.483010e+01 4.620000e+01 2.659787e+01
      vertex   -7.418305e+01 4.370000e+01 2.668305e+01
    endloop
  endfacet
  facet normal 1.305262e-01 0.000000e+00 -9.914449e-01
    outer loop
      vertex   -7.418305e+01 4.370000e+01 2.668305e+01
      vertex   -7.483010e+01 4.620000e+01 2.659787e+01
      vertex   -7.418305e+01 4.620000e+01 2.668305e+01
    endloop
  endfacet
  facet normal -1.305262e-01 0.000000e+00 -9.914449e-01
    outer loop
      vertex   -7.418305e+01 4.370000e+01 2.668305e+01
      vertex   -7.418305e+01 4.620000e+01 2.668305e+01
      vertex   -7.353600e+01 4.370000e+01 2.659787e+01
    endloop
  endfacet
  facet normal -1.305262e-01 0.000000e+00 -9.914449e-01
    outer loop
      vertex   -7.353600e+01 4.370000e+01 2.659787e+01
      vertex   -7.418305e+01 4.620000e+01 2.668305e+01
      vertex   -7.353600e+01 4.620000e+01 2.659787e+01
    endloop
  endfacet
  facet normal -3.826834e-01 0.000000e+00 -9.238795e-01
    outer loop
      vertex   -7.353600e+01 4.370000e+01 2.659787e+01
      vertex   -7.353600e+01 4.620000e+01 2.659787e+01
      vertex   -7.293305e+01 4.370000e+01 2.634812e+01
    endloop
  endfacet
  facet normal -3.826834e-01 0.000000e+00 -9.238795e-01
    outer loop
      vertex   -7.293305e+01 4.370000e+01 2.634812e+01
      vertex   -7.353600e+01 4.620000e+01 2.659787e+01
      vertex   -7.293305e+01 4.620000e+01 2.634812e+01
    endloop
  endfacet
  facet normal -6.087614e-01 0.000000e+00 -7.933533e-01
    outer loop
      vertex   -7.293305e+01 4.370000e+01 2.634812e+01
      vertex   -7.293305e+01 4.620000e+01 2.634812e+01
      vertex   -7.241528e+01 4.370000e+01 2.595082e+01
    endloop
  endfacet
  facet normal -6.087614e-01 0.000000e+00 -7.933533e-01
    outer loop
      vertex   -7.241528e+01 4.370000e+01 2.595082e+01
      vertex   -7.293305e+01 4.620000e+01 2.634812e+01
      vertex   -7.241528e+01 4.620000e+01 2.595082e+01
    endloop
  endfacet
  facet normal -7.933533e-01 0.000000e+00 -6.087614e-01
    outer loop
      vertex   -7.241528e+01 4.370000e+01 2.595082e+01
      vertex   -7.241528e+01 4.620000e+01 2.595082e+01
      vertex   -7.201799e+01 4.370000e+01 2.543305e+01
    endloop
  endfacet
  facet normal -7.933533e-01 0.000000e+00 -6.087614e-01
    outer loop
      vertex   -7.201799e+01 4.370000e+01 2.543305e+01
      vertex   -7.241528e+01 4.620000e+01 2.595082e+01
      vertex   -7.201799e+01 4.620000e+01 2.543305e+01
    endloop
  endfacet
  facet normal -9.238795e-01 0.000000e+00 -3.826834e-01
    outer loop
      vertex   -7.201799e+01 4.370000e+01 2.543305e+01
      vertex   -7.201799e+01 4.620000e+01 2.543305e+01
      vertex   -7.176824e+01 4.370000e+01 2.483010e+01
    endloop
  endfacet
  facet normal -9.238795e-01 0.000000e+00 -3.826834e-01
    outer loop
      vertex   -7.176824e+01 4.370000e+01 2.483010e+01
      vertex   -7.201799e+01 4.620000e+01 2.543305e+01
      vertex   -7.176824e+01 4.620000e+01 2.483010e+01
    endloop
  endfacet
  facet normal -9.914449e-01 0.000000e+00 -1.305262e-01
    outer loop
      vertex   7.659787e+01 4.370000e+01 -2.353600e+01
      vertex   7.659787e+01 4.620000e+01 -2.353600e+01
      vertex   7.668305e+01 4.370000e+01 -2.418305e+01
    endloop
  endfacet
  facet normal -9.914449e-01 0.000000e+00 -1.305262e-01
    outer loop
      vertex   7.668305e+01 4.370000e+01 -2.418305e+01
      vertex   7.659787e+01 4.620000e+01 -2.353600e+01
      vertex   7.668305e+01 4.620000e+01 -2.418305e+01
    endloop
  endfacet
  facet normal -9.914449e-01 0.000000e+00 1.305262e-01
    outer loop
      vertex   7.668305e+01 4.370000e+01 -2.418305e+01
      vertex   7.668305e+01 4.620000e+01 -2.418305e+01
      vertex   7.659787e+01 4.370000e+01 -2.483010e+01
    endloop
  endfacet
  facet normal -9.914449e-01 0.000000e+00 1.305262e-01
    outer loop
      vertex   7.659787e+01 4.370000e+01 -2.483010e+01
      vertex   7.668305e+01 4.620000e+01 -2.418305e+01
      vertex   7.659787e+01 4.620000e+01 -2.483010e+01
    endloop
  endfacet
  facet normal -9.238795e-01 0.000000e+00 3.826834e-01
    outer loop
      vertex   7.659787e+01 4.370000e+01 -2.483010e+01
      vertex   7.659787e+01 4.620000e+01 -2.483010e+01
      vertex   7.634812e+01 4.370000e+01 -2.543305e+01
    endloop
  endfacet
  facet normal -9.238795e-01 0.000000e+00 3.826834e-01
    outer loop
      vertex   7.634812e+01 4.370000e+01 -2.543305e+01
      vertex   7.659787e+01 4.620000e+01 -2.483010e+01
      vertex   7.634812e+01 4.620000e+01 -2.543305e+01
    endloop
  endfacet
  facet normal -7.933533e-01 0.000000e+00 6.087614e-01
    outer loop
      vertex   7.634812e+01 4.370000e+01 -2.543305e+01
      vertex   7.634812e+01 4.620000e+01 -2.543305e+01
      vertex   7.595082e+01 4.370000e+01 -2.595082e+01
    endloop
  endfacet
  facet normal -7.933533e-01 0.000000e+00 6.087614e-01
    outer loop
      vertex   7.595082e+01 4.370000e+01 -2.595082e+01
      vertex   7.634812e+01 4.620000e+01 -2.543305e+01
      vertex   7.595082e+01 4.620000e+01 -2.595082e+01
    endloop
  endfacet
  facet normal -6.087614e-01 0.000000e+00 7.933533e-01
    outer loop
      vertex   7.595082e+01 4.370000e+01 -2.595082e+01
      vertex   7.595082e+01 4.620000e+01 -2.595082e+01
      vertex   7.543305e+01 4.370000e+01 -2.634812e+01
    endloop
  endfacet
  facet normal -6.087614e-01 0.000000e+00 7.933533e-01
    outer loop
      vertex   7.543305e+01 4.370000e+01 -2.634812e+01
      vertex   7.595082e+01 4.620000e+01 -2.595082e+01
      vertex   7.543305e+01 4.620000e+01 -2.634812e+01
    endloop
  endfacet
  facet normal -3.826834e-01 0.000000e+00 9.238795e-01
    outer loop
      vertex   7.543305e+01 4.370000e+01 -2.634812e+01
      vertex   7.543305e+01 4.620000e+01 -2.634812e+01
      vertex   7.483010e+01 4.370000e+01 -2.659787e+01
    endloop
  endfacet
  facet normal -3.826834e-01 0.000000e+00 9.238795e-01
    outer loop
      vertex   7.483010e+01 4.370000e+01 -2.659787e+01
      vertex   7.543305e+01 4.620000e+01 -2.634812e+01
      vertex   7.483010e+01 4.620000e+01 -2.659787e+01
    endloop
  endfacet
  facet normal -1.305262e-01 0.000000e+00 9.914449e-01
    outer loop
      vertex   7.483010e+01 4.370000e+01 -2.659787e+01
      vertex   7.483010e+01 4.620000e+01 -2.659787e+01
      vertex   7.418305e+01 4.370000e+01 -2.668305e+01
    endloop
  endfacet
  facet normal -1.305262e-01 0.000000e+00 9.914449e-01
    outer loop
      vertex   7.418305e+01 4.370000e+01 -2.668305e+01
      vertex   7.483010e+01 4.620000e+01 -2.659787e+01
      vertex   7.418305e+01 4.620000e+01 -2.668305e+01
    endloop
  endfacet
  facet normal 1.305262e-01 -0.000000e+00 9.914449e-01
    outer loop
      vertex   7.418305e+01 4.370000e+01 -2.668305e+01
      vertex   7.418305e+01 4.620000e+01 -2.668305e+01
      vertex   7.353600e+01 4.370000e+01 -2.659787e+01
    endloop
  endfacet
  facet normal 1.305262e-01 -0.000000e+00 9.914449e-01
    outer loop
      vertex   7.353600e+01 4.370000e+01 -2.659787e+01
      vertex   7.418305e+01 4.620000e+01 -2.668305e+01
      vertex   7.353600e+01 4.620000e+01 -2.659787e+01
    endloop
  endfacet
  facet normal 3.826834e-01 -0.000000e+00 9.238795e-01
    outer loop
      vertex   7.353600e+01 4.370000e+01 -2.659787e+01
      vertex   7.353600e+01 4.620000e+01 -2.659787e+01
      vertex   7.293305e+01 4.370000e+01 -2.634812e+01
    endloop
  endfacet
  facet normal 3.826834e-01 -0.000000e+00 9.238795e-01
    outer loop
      vertex   7.293305e+01 4.370000e+01 -2.634812e+01
      vertex   7.353600e+01 4.620000e+01 -2.659787e+01
      vertex   7.293305e+01 4.620000e+01 -2.634812e+01
    endloop
  endfacet
  facet normal 6.087614e-01 -0.000000e+00 7.933533e-01
    outer loop
      vertex   7.293305e+01 4.370000e+01 -2.634812e+01
      vertex   7.293305e+01 4.620000e+01 -2.634812e+01
      vertex   7.241528e+01 4.370000e+01 -2.595082e+01
    endloop
  endfacet
  facet normal 6.087614e-01 -0.000000e+00 7.933533e-01
    outer loop
      vertex   7.241528e+01 4.370000e+01 -2.595082e+01
      vertex   7.293305e+01 4.620000e+01 -2.634812e+01
      vertex   7.241528e+01 4.620000e+01 -2.595082e+01
    endloop
  endfacet
  facet normal 7.933533e-01 -0.000000e+00 6.087614e-01
    outer loop
      vertex   7.241528e+01 4.370000e+01 -2.595082e+01
      vertex   7.241528e+01 4.620000e+01 -2.595082e+01
      vertex   7.201799e+01 4.370000e+01 -2.543305e+01
    endloop
  endfacet
  facet normal 7.933533e-01 -0.000000e+00 6.087614e-01
    outer loop
      vertex   7.201799e+01 4.370000e+01 -2.543305e+01
      vertex   7.241528e+01 4.620000e+01 -2.595082e+01
      vertex   7.201799e+01 4.620000e+01 -2.543305e+01
    endloop
  endfacet
  facet normal 9.238795e-01 -0.000000e+00 3.826834e-01
    outer loop
      vertex   7.201799e+01 4.370000e+01 -2.543305e+01
      vertex   7.201799e+01 4.620000e+01 -2.543305e+01
      vertex   7.176824e+01 4.370000e+01 -2.483010e+01
    endloop
  endfacet
  facet normal 9.238795e-01 -5.438259e-16 3.826834e-01
    outer loop
      vertex   7.176824e+01 4.370000e+01 -2.483010e+01
      vertex   7.201799e+01 4.620000e+01 -2.543305e+01
      vertex   7.176824e+01 4.620000e+01 -2.483010e+01
    endloop
  endfacet
  facet normal 9.914449e-01 -1.854889e-16 1.305262e-01
    outer loop
      vertex   7.176824e+01 4.370000e+01 -2.483010e+01
      vertex   7.176824e+01 4.620000e+01 -2.483010e+01
      vertex   7.168305e+01 4.370000e+01 -2.418305e+01
    endloop
  endfacet
  facet normal 9.914449e-01 -0.000000e+00 1.305262e-01
    outer loop
      vertex   7.168305e+01 4.370000e+01 -2.418305e+01
      vertex   7.176824e+01 4.620000e+01 -2.483010e+01
      vertex   7.168305e+01 4.620000e+01 -2.418305e+01
    endloop
  endfacet
  facet normal 9.914449e-01 0.000000e+00 -1.305262e-01
    outer loop
      vertex   7.168305e+01 4.370000e+01 -2.418305e+01
      vertex   7.168305e+01 4.620000e+01 -2.418305e+01
      vertex   7.176824e+01 4.370000e+01 -2.353600e+01
    endloop
  endfacet
  facet normal 9.914449e-01 1.854889e-16 -1.305262e-01
    outer loop
      vertex   7.176824e+01 4.370000e+01 -2.353600e+01
      vertex   7.168305e+01 4.620000e+01 -2.418305e+01
      vertex   7.176824e+01 4.620000e+01 -2.353600e+01
    endloop
  endfacet
  facet normal 9.238795e-01 5.438259e-16 -3.826834e-01
    outer loop
      vertex   7.176824e+01 4.370000e+01 -2.353600e+01
      vertex   7.176824e+01 4.620000e+01 -2.353600e+01
      vertex   7.201799e+01 4.370000e+01 -2.293305e+01
    endloop
  endfacet
  facet normal 9.238795e-01 0.000000e+00 -3.826834e-01
    outer loop
      vertex   7.201799e+01 4.370000e+01 -2.293305e+01
      vertex   7.176824e+01 4.620000e+01 -2.353600e+01
      vertex   7.201799e+01 4.620000e+01 -2.293305e+01
    endloop
  endfacet
  facet normal 7.933533e-01 0.000000e+00 -6.087614e-01
    outer loop
      vertex   7.201799e+01 4.370000e+01 -2.293305e+01
      vertex   7.201799e+01 4.620000e+01 -2.293305e+01
      vertex   7.241528e+01 4.370000e+01 -2.241528e+01
    endloop
  endfacet
  facet normal 7.933533e-01 0.000000e+00 -6.087614e-01
    outer loop
      vertex   7.241528e+01 4.370000e+01 -2.241528e+01
      vertex   7.201799e+01 4.620000e+01 -2.293305e+01
      vertex   7.241528e+01 4.620000e+01 -2.241528e+01
    endloop
  endfacet
  facet normal 6.087614e-01 0.000000e+00 -7.933533e-01
    outer loop
      vertex   7.241528e+01 4.370000e+01 -2.241528e+01
      vertex   7.241528e+01 4.620000e+01 -2.241528e+01
      vertex   7.293305e+01 4.370000e+01 -2.201799e+01
    endloop
  endfacet
  facet normal 6.087614e-01 0.000000e+00 -7.933533e-01
    outer loop
      vertex   7.293305e+01 4.370000e+01 -2.201799e+01
      vertex   7.241528e+01 4.620000e+01 -2.241528e+01
      vertex   7.293305e+01 4.620000e+01 -2.201799e+01
    endloop
  endfacet
  facet normal 3.826834e-01 0.000000e+00 -9.238795e-01
    outer loop
      vertex   7.293305e+01 4.370000e+01 -2.201799e+01
      vertex   7.293305e+01 4.620000e+01 -2.201799e+01
      vertex   7.353600e+01 4.370000e+01 -2.176824e+01
    endloop
  endfacet
  facet normal 3.826834e-01 0.000000e+00 -9.238795e-01
    outer loop
      vertex   7.353600e+01 4.370000e+01 -2.176824e+01
      vertex   7.293305e+01 4.620000e+01 -2.201799e+01
      vertex   7.353600e+01 4.620000e+01 -2.176824e+01
    endloop
  endfacet
  facet normal 1.305262e-01 0.000000e+00 -9.914449e-01
    outer loop
      vertex   7.353600e+01 4.370000e+01 -2.176824e+01
      vertex   7.353600e+01 4.620000e+01 -2.176824e+01
      vertex   7.418305e+01 4.370000e+01 -2.168305e+01
    endloop
  endfacet
  facet normal 1.305262e-01 0.000000e+00 -9.914449e-01
    outer loop
      vertex   7.418305e+01 4.370000e+01 -2.168305e+01
      vertex   7.353600e+01 4.620000e+01 -2.176824e+01
      vertex   7.418305e+01 4.620000e+01 -2.168305e+01
    endloop
  endfacet
  facet normal -1.305262e-01 0.000000e+00 -9.914449e-01
    outer loop
      vertex   7.418305e+01 4.370000e+01 -2.168305e+01
      vertex   7.418305e+01 4.620000e+01 -2.168305e+01
      vertex   7.483010e+01 4.370000e+01 -2.176824e+01
    endloop
  endfacet
  facet normal -1.305262e-01 0.000000e+00 -9.914449e-01
    outer loop
      vertex   7.483010e+01 4.370000e+01 -2.176824e+01
      vertex   7.418305e+01 4.620000e+01 -2.168305e+01
      vertex   7.483010e+01 4.620000e+01 -2.176824e+01
    endloop
  endfacet
  facet normal -3.826834e-01 0.000000e+00 -9.238795e-01
    outer loop
      vertex   7.483010e+01 4.370000e+01 -2.176824e+01
      vertex   7.483010e+01 4.620000e+01 -2.176824e+01
      vertex   7.543305e+01 4.370000e+01 -2.201799e+01
    endloop
  endfacet
  facet normal -3.826834e-01 0.000000e+00 -9.238795e-01
    outer loop
      vertex   7.543305e+01 4.370000e+01 -2.201799e+01
      vertex   7.483010e+01 4.620000e+01 -2.176824e+01
      vertex   7.543305e+01 4.620000e+01 -2.201799e+01
    endloop
  endfacet
  facet normal -6.087614e-01 0.000000e+00 -7.933533e-01
    outer loop
      vertex   7.543305e+01 4.370000e+01 -2.201799e+01
      vertex   7.543305e+01 4.620000e+01 -2.201799e+01
      vertex   7.595082e+01 4.370000e+01 -2.241528e+01
    endloop
  endfacet
  facet normal -6.087614e-01 0.000000e+00 -7.933533e-01
    outer loop
      vertex   7.595082e+01 4.370000e+01 -2.241528e+01
      vertex   7.543305e+01 4.620000e+01 -2.201799e+01
      vertex   7.595082e+01 4.620000e+01 -2.241528e+01
    endloop
  endfacet
  facet normal -7.933533e-01 0.000000e+00 -6.087614e-01
    outer loop
      vertex   7.595082e+01 4.370000e+01 -2.241528e+01
      vertex   7.595082e+01 4.620000e+01 -2.241528e+01
      vertex   7.634812e+01 4.370000e+01 -2.293305e+01
    endloop
  endfacet
  facet normal -7.933533e-01 0.000000e+00 -6.087614e-01
    outer loop
      vertex   7.634812e+01 4.370000e+01 -2.293305e+01
      vertex   7.595082e+01 4.620000e+01 -2.241528e+01
      vertex   7.634812e+01 4.620000e+01 -2.293305e+01
    endloop
  endfacet
  facet normal -9.238795e-01 0.000000e+00 -3.826834e-01
    outer loop
      vertex   7.634812e+01 4.370000e+01 -2.293305e+01
      vertex   7.634812e+01 4.620000e+01 -2.293305e+01
      vertex   7.659787e+01 4.370000e+01 -2.353600e+01
    endloop
  endfacet
  facet normal -9.238795e-01 0.000000e+00 -3.826834e-01
    outer loop
      vertex   7.659787e+01 4.370000e+01 -2.353600e+01
      vertex   7.634812e+01 4.620000e+01 -2.293305e+01
      vertex   7.659787e+01 4.620000e+01 -2.353600e+01
    endloop
  endfacet
  facet normal 7.071068e-01 0.000000e+00 -7.071068e-01
    outer loop
      vertex   -2.758472e+01 4.370000e+01 2.595082e+01
      vertex   -7.595082e+01 4.370000e+01 -2.241528e+01
      vertex   -2.758472e+01 4.620000e+01 2.595082e+01
    endloop
  endfacet
  facet normal 7.071068e-01 0.000000e+00 -7.071068e-01
    outer loop
      vertex   -2.758472e+01 4.620000e+01 2.595082e+01
      vertex   -7.595082e+01 4.370000e+01 -2.241528e+01
      vertex   -7.595082e+01 4.620000e+01 -2.241528e+01
    endloop
  endfacet
  facet normal -7.933533e-01 0.000000e+00 6.087614e-01
    outer loop
      vertex   -2.404918e+01 4.620000e+01 2.241528e+01
      vertex   -2.404918e+01 4.370000e+01 2.241528e+01
      vertex   -2.365188e+01 4.620000e+01 2.293305e+01
    endloop
  endfacet
  facet normal -7.933533e-01 0.000000e+00 6.087614e-01
    outer loop
      vertex   -2.365188e+01 4.620000e+01 2.293305e+01
      vertex   -2.404918e+01 4.370000e+01 2.241528e+01
      vertex   -2.365188e+01 4.370000e+01 2.293305e+01
    endloop
  endfacet
  facet normal -9.238795e-01 0.000000e+00 3.826834e-01
    outer loop
      vertex   -2.365188e+01 4.620000e+01 2.293305e+01
      vertex   -2.365188e+01 4.370000e+01 2.293305e+01
      vertex   -2.340213e+01 4.620000e+01 2.353600e+01
    endloop
  endfacet
  facet normal -9.238795e-01 -1.312912e-15 3.826834e-01
    outer loop
      vertex   -2.340213e+01 4.620000e+01 2.353600e+01
      vertex   -2.365188e+01 4.370000e+01 2.293305e+01
      vertex   -2.340213e+01 4.370000e+01 2.353600e+01
    endloop
  endfacet
  facet normal -9.914449e-01 -1.408928e-15 1.305262e-01
    outer loop
      vertex   -2.340213e+01 4.620000e+01 2.353600e+01
      vertex   -2.340213e+01 4.370000e+01 2.353600e+01
      vertex   -2.331695e+01 4.620000e+01 2.418305e+01
    endloop
  endfacet
  facet normal -9.914449e-01 0.000000e+00 1.305262e-01
    outer loop
      vertex   -2.331695e+01 4.620000e+01 2.418305e+01
      vertex   -2.340213e+01 4.370000e+01 2.353600e+01
      vertex   -2.331695e+01 4.370000e+01 2.418305e+01
    endloop
  endfacet
  facet normal -9.914449e-01 -0.000000e+00 -1.305262e-01
    outer loop
      vertex   -2.331695e+01 4.620000e+01 2.418305e+01
      vertex   -2.331695e+01 4.370000e+01 2.418305e+01
      vertex   -2.340213e+01 4.620000e+01 2.483010e+01
    endloop
  endfacet
  facet normal -9.914449e-01 -0.000000e+00 -1.305262e-01
    outer loop
      vertex   -2.340213e+01 4.620000e+01 2.483010e+01
      vertex   -2.331695e+01 4.370000e+01 2.418305e+01
      vertex   -2.340213e+01 4.370000e+01 2.483010e+01
    endloop
  endfacet
  facet normal -9.238795e-01 -0.000000e+00 -3.826834e-01
    outer loop
      vertex   -2.340213e+01 4.620000e+01 2.483010e+01
      vertex   -2.340213e+01 4.370000e+01 2.483010e+01
      vertex   -2.365188e+01 4.620000e+01 2.543305e+01
    endloop
  endfacet
  facet normal -9.238795e-01 -0.000000e+00 -3.826834e-01
    outer loop
      vertex   -2.365188e+01 4.620000e+01 2.543305e+01
      vertex   -2.340213e+01 4.370000e+01 2.483010e+01
      vertex   -2.365188e+01 4.370000e+01 2.543305e+01
    endloop
  endfacet
  facet normal -7.933533e-01 -0.000000e+00 -6.087614e-01
    outer loop
      vertex   -2.365188e+01 4.620000e+01 2.543305e+01
      vertex   -2.365188e+01 4.370000e+01 2.543305e+01
      vertex   -2.404918e+01 4.620000e+01 2.595082e+01
    endloop
  endfacet
  facet normal -7.933533e-01 -0.000000e+00 -6.087614e-01
    outer loop
      vertex   -2.404918e+01 4.620000e+01 2.595082e+01
      vertex   -2.365188e+01 4.370000e+01 2.543305e+01
      vertex   -2.404918e+01 4.370000e+01 2.595082e+01
    endloop
  endfacet
  facet normal -6.087614e-01 -0.000000e+00 -7.933533e-01
    outer loop
      vertex   -2.404918e+01 4.620000e+01 2.595082e+01
      vertex   -2.404918e+01 4.370000e+01 2.595082e+01
      vertex   -2.456695e+01 4.620000e+01 2.634812e+01
    endloop
  endfacet
  facet normal -6.087614e-01 -0.000000e+00 -7.933533e-01
    outer loop
      vertex   -2.456695e+01 4.620000e+01 2.634812e+01
      vertex   -2.404918e+01 4.370000e+01 2.595082e+01
      vertex   -2.456695e+01 4.370000e+01 2.634812e+01
    endloop
  endfacet
  facet normal -3.826834e-01 -0.000000e+00 -9.238795e-01
    outer loop
      vertex   -2.456695e+01 4.620000e+01 2.634812e+01
      vertex   -2.456695e+01 4.370000e+01 2.634812e+01
      vertex   -2.516990e+01 4.620000e+01 2.659787e+01
    endloop
  endfacet
  facet normal -3.826834e-01 -3.938735e-15 -9.238795e-01
    outer loop
      vertex   -2.516990e+01 4.620000e+01 2.659787e+01
      vertex   -2.456695e+01 4.370000e+01 2.634812e+01
      vertex   -2.516990e+01 4.370000e+01 2.659787e+01
    endloop
  endfacet
  facet normal -1.305262e-01 -4.226784e-15 -9.914449e-01
    outer loop
      vertex   -2.516990e+01 4.620000e+01 2.659787e+01
      vertex   -2.516990e+01 4.370000e+01 2.659787e+01
      vertex   -2.581695e+01 4.620000e+01 2.668305e+01
    endloop
  endfacet
  facet normal -1.305262e-01 -0.000000e+00 -9.914449e-01
    outer loop
      vertex   -2.581695e+01 4.620000e+01 2.668305e+01
      vertex   -2.516990e+01 4.370000e+01 2.659787e+01
      vertex   -2.581695e+01 4.370000e+01 2.668305e+01
    endloop
  endfacet
  facet normal 1.305262e-01 0.000000e+00 -9.914449e-01
    outer loop
      vertex   -2.581695e+01 4.620000e+01 2.668305e+01
      vertex   -2.581695e+01 4.370000e+01 2.668305e+01
      vertex   -2.646400e+01 4.620000e+01 2.659787e+01
    endloop
  endfacet
  facet normal 1.305262e-01 -1.854889e-16 -9.914449e-01
    outer loop
      vertex   -2.646400e+01 4.620000e+01 2.659787e+01
      vertex   -2.581695e+01 4.370000e+01 2.668305e+01
      vertex   -2.646400e+01 4.370000e+01 2.659787e+01
    endloop
  endfacet
  facet normal 3.826834e-01 -5.438259e-16 -9.238795e-01
    outer loop
      vertex   -2.646400e+01 4.620000e+01 2.659787e+01
      vertex   -2.646400e+01 4.370000e+01 2.659787e+01
      vertex   -2.706695e+01 4.620000e+01 2.634812e+01
    endloop
  endfacet
  facet normal 3.826834e-01 0.000000e+00 -9.238795e-01
    outer loop
      vertex   -2.706695e+01 4.620000e+01 2.634812e+01
      vertex   -2.646400e+01 4.370000e+01 2.659787e+01
      vertex   -2.706695e+01 4.370000e+01 2.634812e+01
    endloop
  endfacet
  facet normal 6.087614e-01 0.000000e+00 -7.933533e-01
    outer loop
      vertex   -2.706695e+01 4.620000e+01 2.634812e+01
      vertex   -2.706695e+01 4.370000e+01 2.634812e+01
      vertex   -2.758472e+01 4.620000e+01 2.595082e+01
    endloop
  endfacet
  facet normal 6.087614e-01 0.000000e+00 -7.933533e-01
    outer loop
      vertex   -2.758472e+01 4.620000e+01 2.595082e+01
      vertex   -2.706695e+01 4.370000e+01 2.634812e+01
      vertex   -2.758472e+01 4.370000e+01 2.595082e+01
    endloop
  endfacet
  facet normal -7.071068e-01 0.000000e+00 7.071068e-01
    outer loop
      vertex   -7.241528e+01 4.370000e+01 -2.595082e+01
      vertex   -2.404918e+01 4.370000e+01 2.241528e+01
      vertex   -7.241528e+01 4.620000e+01 -2.595082e+01
    endloop
  endfacet
  facet normal -7.071068e-01 0.000000e+00 7.071068e-01
    outer loop
      vertex   -7.241528e+01 4.620000e+01 -2.595082e+01
      vertex   -2.404918e+01 4.370000e+01 2.241528e+01
      vertex   -2.404918e+01 4.620000e+01 2.241528e+01
    endloop
  endfacet
  facet normal 7.933533e-01 0.000000e+00 -6.087614e-01
    outer loop
      vertex   -7.595082e+01 4.620000e+01 -2.241528e+01
      vertex   -7.595082e+01 4.370000e+01 -2.241528e+01
      vertex   -7.634812e+01 4.620000e+01 -2.293305e+01
    endloop
  endfacet
  facet normal 7.933533e-01 0.000000e+00 -6.087614e-01
    outer loop
      vertex   -7.634812e+01 4.620000e+01 -2.293305e+01
      vertex   -7.595082e+01 4.370000e+01 -2.241528e+01
      vertex   -7.634812e+01 4.370000e+01 -2.293305e+01
    endloop
  endfacet
  facet normal 9.238795e-01 0.000000e+00 -3.826834e-01
    outer loop
      vertex   -7.634812e+01 4.620000e+01 -2.293305e+01
      vertex   -7.634812e+01 4.370000e+01 -2.293305e+01
      vertex   -7.659787e+01 4.620000e+01 -2.353600e+01
    endloop
  endfacet
  facet normal 9.238795e-01 -5.438259e-16 -3.826834e-01
    outer loop
      vertex   -7.659787e+01 4.620000e+01 -2.353600e+01
      vertex   -7.634812e+01 4.370000e+01 -2.293305e+01
      vertex   -7.659787e+01 4.370000e+01 -2.353600e+01
    endloop
  endfacet
  facet normal 9.914449e-01 -1.854889e-16 -1.305262e-01
    outer loop
      vertex   -7.659787e+01 4.620000e+01 -2.353600e+01
      vertex   -7.659787e+01 4.370000e+01 -2.353600e+01
      vertex   -7.668305e+01 4.620000e+01 -2.418305e+01
    endloop
  endfacet
  facet normal 9.914449e-01 0.000000e+00 -1.305262e-01
    outer loop
      vertex   -7.668305e+01 4.620000e+01 -2.418305e+01
      vertex   -7.659787e+01 4.370000e+01 -2.353600e+01
      vertex   -7.668305e+01 4.370000e+01 -2.418305e+01
    endloop
  endfacet
  facet normal 9.914449e-01 0.000000e+00 1.305262e-01
    outer loop
      vertex   -7.668305e+01 4.620000e+01 -2.418305e+01
      vertex   -7.668305e+01 4.370000e+01 -2.418305e+01
      vertex   -7.659787e+01 4.620000e+01 -2.483010e+01
    endloop
  endfacet
  facet normal 9.914449e-01 0.000000e+00 1.305262e-01
    outer loop
      vertex   -7.659787e+01 4.620000e+01 -2.483010e+01
      vertex   -7.668305e+01 4.370000e+01 -2.418305e+01
      vertex   -7.659787e+01 4.370000e+01 -2.483010e+01
    endloop
  endfacet
  facet normal 9.238795e-01 0.000000e+00 3.826834e-01
    outer loop
      vertex   -7.659787e+01 4.620000e+01 -2.483010e+01
      vertex   -7.659787e+01 4.370000e+01 -2.483010e+01
      vertex   -7.634812e+01 4.620000e+01 -2.543305e+01
    endloop
  endfacet
  facet normal 9.238795e-01 0.000000e+00 3.826834e-01
    outer loop
      vertex   -7.634812e+01 4.620000e+01 -2.543305e+01
      vertex   -7.659787e+01 4.370000e+01 -2.483010e+01
      vertex   -7.634812e+01 4.370000e+01 -2.543305e+01
    endloop
  endfacet
  facet normal 7.933533e-01 0.000000e+00 6.087614e-01
    outer loop
      vertex   -7.634812e+01 4.620000e+01 -2.543305e+01
      vertex   -7.634812e+01 4.370000e+01 -2.543305e+01
      vertex   -7.595082e+01 4.620000e+01 -2.595082e+01
    endloop
  endfacet
  facet normal 7.933533e-01 0.000000e+00 6.087614e-01
    outer loop
      vertex   -7.595082e+01 4.620000e+01 -2.595082e+01
      vertex   -7.634812e+01 4.370000e+01 -2.543305e+01
      vertex   -7.595082e+01 4.370000e+01 -2.595082e+01
    endloop
  endfacet
  facet normal 6.087614e-01 0.000000e+00 7.933533e-01
    outer loop
      vertex   -7.595082e+01 4.620000e+01 -2.595082e+01
      vertex   -7.595082e+01 4.370000e+01 -2.595082e+01
      vertex   -7.543305e+01 4.620000e+01 -2.634812e+01
    endloop
  endfacet
  facet normal 6.087614e-01 0.000000e+00 7.933533e-01
    outer loop
      vertex   -7.543305e+01 4.620000e+01 -2.634812e+01
      vertex   -7.595082e+01 4.370000e+01 -2.595082e+01
      vertex   -7.543305e+01 4.370000e+01 -2.634812e+01
    endloop
  endfacet
  facet normal 3.826834e-01 0.000000e+00 9.238795e-01
    outer loop
      vertex   -7.543305e+01 4.620000e+01 -2.634812e+01
      vertex   -7.543305e+01 4.370000e+01 -2.634812e+01
      vertex   -7.483010e+01 4.620000e+01 -2.659787e+01
    endloop
  endfacet
  facet normal 3.826834e-01 0.000000e+00 9.238795e-01
    outer loop
      vertex   -7.483010e+01 4.620000e+01 -2.659787e+01
      vertex   -7.543305e+01 4.370000e+01 -2.634812e+01
      vertex   -7.483010e+01 4.370000e+01 -2.659787e+01
    endloop
  endfacet
  facet normal 1.305262e-01 0.000000e+00 9.914449e-01
    outer loop
      vertex   -7.483010e+01 4.620000e+01 -2.659787e+01
      vertex   -7.483010e+01 4.370000e+01 -2.659787e+01
      vertex   -7.418305e+01 4.620000e+01 -2.668305e+01
    endloop
  endfacet
  facet normal 1.305262e-01 0.000000e+00 9.914449e-01
    outer loop
      vertex   -7.418305e+01 4.620000e+01 -2.668305e+01
      vertex   -7.483010e+01 4.370000e+01 -2.659787e+01
      vertex   -7.418305e+01 4.370000e+01 -2.668305e+01
    endloop
  endfacet
  facet normal -1.305262e-01 0.000000e+00 9.914449e-01
    outer loop
      vertex   -7.418305e+01 4.620000e+01 -2.668305e+01
      vertex   -7.418305e+01 4.370000e+01 -2.668305e+01
      vertex   -7.353600e+01 4.620000e+01 -2.659787e+01
    endloop
  endfacet
  facet normal -1.305262e-01 0.000000e+00 9.914449e-01
    outer loop
      vertex   -7.353600e+01 4.620000e+01 -2.659787e+01
      vertex   -7.418305e+01 4.370000e+01 -2.668305e+01
      vertex   -7.353600e+01 4.370000e+01 -2.659787e+01
    endloop
  endfacet
  facet normal -3.826834e-01 0.000000e+00 9.238795e-01
    outer loop
      vertex   -7.353600e+01 4.620000e+01 -2.659787e+01
      vertex   -7.353600e+01 4.370000e+01 -2.659787e+01
      vertex   -7.293305e+01 4.620000e+01 -2.634812e+01
    endloop
  endfacet
  facet normal -3.826834e-01 0.000000e+00 9.238795e-01
    outer loop
      vertex   -7.293305e+01 4.620000e+01 -2.634812e+01
      vertex   -7.353600e+01 4.370000e+01 -2.659787e+01
      vertex   -7.293305e+01 4.370000e+01 -2.634812e+01
    endloop
  endfacet
  facet normal -6.087614e-01 0.000000e+00 7.933533e-01
    outer loop
      vertex   -7.293305e+01 4.620000e+01 -2.634812e+01
      vertex   -7.293305e+01 4.370000e+01 -2.634812e+01
      vertex   -7.241528e+01 4.620000e+01 -2.595082e+01
    endloop
  endfacet
  facet normal -6.087614e-01 0.000000e+00 7.933533e-01
    outer loop
      vertex   -7.241528e+01 4.620000e+01 -2.595082e+01
      vertex   -7.293305e+01 4.370000e+01 -2.634812e+01
      vertex   -7.241528e+01 4.370000e+01 -2.595082e+01
    endloop
  endfacet
  facet normal 7.071068e-01 0.000000e+00 -7.071068e-01
    outer loop
      vertex   -2.584715e+00 4.370000e+01 2.595082e+01
      vertex   -5.095082e+01 4.370000e+01 -2.241528e+01
      vertex   -2.584715e+00 4.620000e+01 2.595082e+01
    endloop
  endfacet
  facet normal 7.071068e-01 0.000000e+00 -7.071068e-01
    outer loop
      vertex   -2.584715e+00 4.620000e+01 2.595082e+01
      vertex   -5.095082e+01 4.370000e+01 -2.241528e+01
      vertex   -5.095082e+01 4.620000e+01 -2.241528e+01
    endloop
  endfacet
  facet normal -7.933533e-01 0.000000e+00 6.087614e-01
    outer loop
      vertex   9.508189e-01 4.620000e+01 2.241528e+01
      vertex   9.508189e-01 4.370000e+01 2.241528e+01
      vertex   1.348115e+00 4.620000e+01 2.293305e+01
    endloop
  endfacet
  facet normal -7.933533e-01 0.000000e+00 6.087614e-01
    outer loop
      vertex   1.348115e+00 4.620000e+01 2.293305e+01
      vertex   9.508189e-01 4.370000e+01 2.241528e+01
      vertex   1.348115e+00 4.370000e+01 2.293305e+01
    endloop
  endfacet
  facet normal -9.238795e-01 0.000000e+00 3.826834e-01
    outer loop
      vertex   1.348115e+00 4.620000e+01 2.293305e+01
      vertex   1.348115e+00 4.370000e+01 2.293305e+01
      vertex   1.597866e+00 4.620000e+01 2.353600e+01
    endloop
  endfacet
  facet normal -9.238795e-01 -8.205699e-17 3.826834e-01
    outer loop
      vertex   1.597866e+00 4.620000e+01 2.353600e+01
      vertex   1.348115e+00 4.370000e+01 2.293305e+01
      vertex   1.597866e+00 4.370000e+01 2.353600e+01
    endloop
  endfacet
  facet normal -9.914449e-01 -8.805799e-17 1.305262e-01
    outer loop
      vertex   1.597866e+00 4.620000e+01 2.353600e+01
      vertex   1.597866e+00 4.370000e+01 2.353600e+01
      vertex   1.683052e+00 4.620000e+01 2.418305e+01
    endloop
  endfacet
  facet normal -9.914449e-01 0.000000e+00 1.305262e-01
    outer loop
      vertex   1.683052e+00 4.620000e+01 2.418305e+01
      vertex   1.597866e+00 4.370000e+01 2.353600e+01
      vertex   1.683052e+00 4.370000e+01 2.418305e+01
    endloop
  endfacet
  facet normal -9.914449e-01 -0.000000e+00 -1.305262e-01
    outer loop
      vertex   1.683052e+00 4.620000e+01 2.418305e+01
      vertex   1.683052e+00 4.370000e+01 2.418305e+01
      vertex   1.597866e+00 4.620000e+01 2.483010e+01
    endloop
  endfacet
  facet normal -9.914449e-01 -1.068038e-16 -1.305262e-01
    outer loop
      vertex   1.597866e+00 4.620000e+01 2.483010e+01
      vertex   1.683052e+00 4.370000e+01 2.418305e+01
      vertex   1.597866e+00 4.370000e+01 2.483010e+01
    endloop
  endfacet
  facet normal -9.238795e-01 -8.414808e-16 -3.826834e-01
    outer loop
      vertex   1.597866e+00 4.620000e+01 2.483010e+01
      vertex   1.597866e+00 4.370000e+01 2.483010e+01
      vertex   1.348115e+00 4.620000e+01 2.543305e+01
    endloop
  endfacet
  facet normal -9.238795e-01 8.205699e-17 -3.826834e-01
    outer loop
      vertex   1.348115e+00 4.620000e+01 2.543305e+01
      vertex   1.597866e+00 4.370000e+01 2.483010e+01
      vertex   1.348115e+00 4.370000e+01 2.543305e+01
    endloop
  endfacet
  facet normal -7.933533e-01 7.046393e-17 -6.087614e-01
    outer loop
      vertex   1.348115e+00 4.620000e+01 2.543305e+01
      vertex   1.348115e+00 4.370000e+01 2.543305e+01
      vertex   9.508189e-01 4.620000e+01 2.595082e+01
    endloop
  endfacet
  facet normal -7.933533e-01 -0.000000e+00 -6.087614e-01
    outer loop
      vertex   9.508189e-01 4.620000e+01 2.595082e+01
      vertex   1.348115e+00 4.370000e+01 2.543305e+01
      vertex   9.508189e-01 4.370000e+01 2.595082e+01
    endloop
  endfacet
  facet normal -6.087614e-01 -0.000000e+00 -7.933533e-01
    outer loop
      vertex   9.508189e-01 4.620000e+01 2.595082e+01
      vertex   9.508189e-01 4.370000e+01 2.595082e+01
      vertex   4.330519e-01 4.620000e+01 2.634812e+01
    endloop
  endfacet
  facet normal -6.087614e-01 1.351722e-16 -7.933533e-01
    outer loop
      vertex   4.330519e-01 4.620000e+01 2.634812e+01
      vertex   9.508189e-01 4.370000e+01 2.595082e+01
      vertex   4.330519e-01 4.370000e+01 2.634812e+01
    endloop
  endfacet
  facet normal -3.826834e-01 8.497279e-17 -9.238795e-01
    outer loop
      vertex   4.330519e-01 4.620000e+01 2.634812e+01
      vertex   4.330519e-01 4.370000e+01 2.634812e+01
      vertex   -1.699005e-01 4.620000e+01 2.659787e+01
    endloop
  endfacet
  facet normal -3.826834e-01 4.248640e-17 -9.238795e-01
    outer loop
      vertex   -1.699005e-01 4.620000e+01 2.659787e+01
      vertex   4.330519e-01 4.370000e+01 2.634812e+01
      vertex   -1.699005e-01 4.370000e+01 2.659787e+01
    endloop
  endfacet
  facet normal -1.305262e-01 1.449132e-17 -9.914449e-01
    outer loop
      vertex   -1.699005e-01 4.620000e+01 2.659787e+01
      vertex   -1.699005e-01 4.370000e+01 2.659787e+01
      vertex   -8.169481e-01 4.620000e+01 2.668305e+01
    endloop
  endfacet
  facet normal -1.305262e-01 -0.000000e+00 -9.914449e-01
    outer loop
      vertex   -8.169481e-01 4.620000e+01 2.668305e+01
      vertex   -1.699005e-01 4.370000e+01 2.659787e+01
      vertex   -8.169481e-01 4.370000e+01 2.668305e+01
    endloop
  endfacet
  facet normal 1.305262e-01 0.000000e+00 -9.914449e-01
    outer loop
      vertex   -8.169481e-01 4.620000e+01 2.668305e+01
      vertex   -8.169481e-01 4.370000e+01 2.668305e+01
      vertex   -1.463996e+00 4.620000e+01 2.659787e+01
    endloop
  endfacet
  facet normal 1.305262e-01 -2.318611e-17 -9.914449e-01
    outer loop
      vertex   -1.463996e+00 4.620000e+01 2.659787e+01
      vertex   -8.169481e-01 4.370000e+01 2.668305e+01
      vertex   -1.463996e+00 4.370000e+01 2.659787e+01
    endloop
  endfacet
  facet normal 3.826834e-01 -6.797823e-17 -9.238795e-01
    outer loop
      vertex   -1.463996e+00 4.620000e+01 2.659787e+01
      vertex   -1.463996e+00 4.370000e+01 2.659787e+01
      vertex   -2.066948e+00 4.620000e+01 2.634812e+01
    endloop
  endfacet
  facet normal 3.826834e-01 -6.797823e-17 -9.238795e-01
    outer loop
      vertex   -2.066948e+00 4.620000e+01 2.634812e+01
      vertex   -1.463996e+00 4.370000e+01 2.659787e+01
      vertex   -2.066948e+00 4.370000e+01 2.634812e+01
    endloop
  endfacet
  facet normal 6.087614e-01 -1.081378e-16 -7.933533e-01
    outer loop
      vertex   -2.066948e+00 4.620000e+01 2.634812e+01
      vertex   -2.066948e+00 4.370000e+01 2.634812e+01
      vertex   -2.584715e+00 4.620000e+01 2.595082e+01
    endloop
  endfacet
  facet normal 6.087614e-01 0.000000e+00 -7.933533e-01
    outer loop
      vertex   -2.584715e+00 4.620000e+01 2.595082e+01
      vertex   -2.066948e+00 4.370000e+01 2.634812e+01
      vertex   -2.584715e+00 4.370000e+01 2.595082e+01
    endloop
  endfacet
  facet normal -7.071068e-01 0.000000e+00 7.071068e-01
    outer loop
      vertex   -4.741528e+01 4.370000e+01 -2.595082e+01
      vertex   9.508189e-01 4.370000e+01 2.241528e+01
      vertex   -4.741528e+01 4.620000e+01 -2.595082e+01
    endloop
  endfacet
  facet normal -7.071068e-01 0.000000e+00 7.071068e-01
    outer loop
      vertex   -4.741528e+01 4.620000e+01 -2.595082e+01
      vertex   9.508189e-01 4.370000e+01 2.241528e+01
      vertex   9.508189e-01 4.620000e+01 2.241528e+01
    endloop
  endfacet
  facet normal 7.933533e-01 0.000000e+00 -6.087614e-01
    outer loop
      vertex   -5.095082e+01 4.620000e+01 -2.241528e+01
      vertex   -5.095082e+01 4.370000e+01 -2.241528e+01
      vertex   -5.134812e+01 4.620000e+01 -2.293305e+01
    endloop
  endfacet
  facet normal 7.933533e-01 0.000000e+00 -6.087614e-01
    outer loop
      vertex   -5.134812e+01 4.620000e+01 -2.293305e+01
      vertex   -5.095082e+01 4.370000e+01 -2.241528e+01
      vertex   -5.134812e+01 4.370000e+01 -2.293305e+01
    endloop
  endfacet
  facet normal 9.238795e-01 0.000000e+00 -3.826834e-01
    outer loop
      vertex   -5.134812e+01 4.620000e+01 -2.293305e+01
      vertex   -5.134812e+01 4.370000e+01 -2.293305e+01
      vertex   -5.159787e+01 4.620000e+01 -2.353600e+01
    endloop
  endfacet
  facet normal 9.238795e-01 0.000000e+00 -3.826834e-01
    outer loop
      vertex   -5.159787e+01 4.620000e+01 -2.353600e+01
      vertex   -5.134812e+01 4.370000e+01 -2.293305e+01
      vertex   -5.159787e+01 4.370000e+01 -2.353600e+01
    endloop
  endfacet
  facet normal 9.914449e-01 0.000000e+00 -1.305262e-01
    outer loop
      vertex   -5.159787e+01 4.620000e+01 -2.353600e+01
      vertex   -5.159787e+01 4.370000e+01 -2.353600e+01
      vertex   -5.168305e+01 4.620000e+01 -2.418305e+01
    endloop
  endfacet
  facet normal 9.914449e-01 0.000000e+00 -1.305262e-01
    outer loop
      vertex   -5.168305e+01 4.620000e+01 -2.418305e+01
      vertex   -5.159787e+01 4.370000e+01 -2.353600e+01
      vertex   -5.168305e+01 4.370000e+01 -2.418305e+01
    endloop
  endfacet
  facet normal 9.914449e-01 0.000000e+00 1.305262e-01
    outer loop
      vertex   -5.168305e+01 4.620000e+01 -2.418305e+01
      vertex   -5.168305e+01 4.370000e+01 -2.418305e+01
      vertex   -5.159787e+01 4.620000e+01 -2.483010e+01
    endloop
  endfacet
  facet normal 9.914449e-01 1.854889e-16 1.305262e-01
    outer loop
      vertex   -5.159787e+01 4.620000e+01 -2.483010e+01
      vertex   -5.168305e+01 4.370000e+01 -2.418305e+01
      vertex   -5.159787e+01 4.370000e+01 -2.483010e+01
    endloop
  endfacet
  facet normal 9.238795e-01 5.438259e-16 3.826834e-01
    outer loop
      vertex   -5.159787e+01 4.620000e+01 -2.483010e+01
      vertex   -5.159787e+01 4.370000e+01 -2.483010e+01
      vertex   -5.134812e+01 4.620000e+01 -2.543305e+01
    endloop
  endfacet
  facet normal 9.238795e-01 0.000000e+00 3.826834e-01
    outer loop
      vertex   -5.134812e+01 4.620000e+01 -2.543305e+01
      vertex   -5.159787e+01 4.370000e+01 -2.483010e+01
      vertex   -5.134812e+01 4.370000e+01 -2.543305e+01
    endloop
  endfacet
  facet normal 7.933533e-01 0.000000e+00 6.087614e-01
    outer loop
      vertex   -5.134812e+01 4.620000e+01 -2.543305e+01
      vertex   -5.134812e+01 4.370000e+01 -2.543305e+01
      vertex   -5.095082e+01 4.620000e+01 -2.595082e+01
    endloop
  endfacet
  facet normal 7.933533e-01 0.000000e+00 6.087614e-01
    outer loop
      vertex   -5.095082e+01 4.620000e+01 -2.595082e+01
      vertex   -5.134812e+01 4.370000e+01 -2.543305e+01
      vertex   -5.095082e+01 4.370000e+01 -2.595082e+01
    endloop
  endfacet
  facet normal 6.087614e-01 0.000000e+00 7.933533e-01
    outer loop
      vertex   -5.095082e+01 4.620000e+01 -2.595082e+01
      vertex   -5.095082e+01 4.370000e+01 -2.595082e+01
      vertex   -5.043305e+01 4.620000e+01 -2.634812e+01
    endloop
  endfacet
  facet normal 6.087614e-01 -2.857627e-15 7.933533e-01
    outer loop
      vertex   -5.043305e+01 4.620000e+01 -2.634812e+01
      vertex   -5.095082e+01 4.370000e+01 -2.595082e+01
      vertex   -5.043305e+01 4.370000e+01 -2.634812e+01
    endloop
  endfacet
  facet normal 3.826834e-01 -2.400564e-15 9.238795e-01
    outer loop
      vertex   -5.043305e+01 4.620000e+01 -2.634812e+01
      vertex   -5.043305e+01 4.370000e+01 -2.634812e+01
      vertex   -4.983010e+01 4.620000e+01 -2.659787e+01
    endloop
  endfacet
  facet normal 3.826834e-01 0.000000e+00 9.238795e-01
    outer loop
      vertex   -4.983010e+01 4.620000e+01 -2.659787e+01
      vertex   -5.043305e+01 4.370000e+01 -2.634812e+01
      vertex   -4.983010e+01 4.370000e+01 -2.659787e+01
    endloop
  endfacet
  facet normal 1.305262e-01 0.000000e+00 9.914449e-01
    outer loop
      vertex   -4.983010e+01 4.620000e+01 -2.659787e+01
      vertex   -4.983010e+01 4.370000e+01 -2.659787e+01
      vertex   -4.918305e+01 4.620000e+01 -2.668305e+01
    endloop
  endfacet
  facet normal 1.305262e-01 0.000000e+00 9.914449e-01
    outer loop
      vertex   -4.918305e+01 4.620000e+01 -2.668305e+01
      vertex   -4.983010e+01 4.370000e+01 -2.659787e+01
      vertex   -4.918305e+01 4.370000e+01 -2.668305e+01
    endloop
  endfacet
  facet normal -1.305262e-01 0.000000e+00 9.914449e-01
    outer loop
      vertex   -4.918305e+01 4.620000e+01 -2.668305e+01
      vertex   -4.918305e+01 4.370000e+01 -2.668305e+01
      vertex   -4.853600e+01 4.620000e+01 -2.659787e+01
    endloop
  endfacet
  facet normal -1.305262e-01 0.000000e+00 9.914449e-01
    outer loop
      vertex   -4.853600e+01 4.620000e+01 -2.659787e+01
      vertex   -4.918305e+01 4.370000e+01 -2.668305e+01
      vertex   -4.853600e+01 4.370000e+01 -2.659787e+01
    endloop
  endfacet
  facet normal -3.826834e-01 0.000000e+00 9.238795e-01
    outer loop
      vertex   -4.853600e+01 4.620000e+01 -2.659787e+01
      vertex   -4.853600e+01 4.370000e+01 -2.659787e+01
      vertex   -4.793305e+01 4.620000e+01 -2.634812e+01
    endloop
  endfacet
  facet normal -3.826834e-01 0.000000e+00 9.238795e-01
    outer loop
      vertex   -4.793305e+01 4.620000e+01 -2.634812e+01
      vertex   -4.853600e+01 4.370000e+01 -2.659787e+01
      vertex   -4.793305e+01 4.370000e+01 -2.634812e+01
    endloop
  endfacet
  facet normal -6.087614e-01 0.000000e+00 7.933533e-01
    outer loop
      vertex   -4.793305e+01 4.620000e+01 -2.634812e+01
      vertex   -4.793305e+01 4.370000e+01 -2.634812e+01
      vertex   -4.741528e+01 4.620000e+01 -2.595082e+01
    endloop
  endfacet
  facet normal -6.087614e-01 0.000000e+00 7.933533e-01
    outer loop
      vertex   -4.741528e+01 4.620000e+01 -2.595082e+01
      vertex   -4.793305e+01 4.370000e+01 -2.634812e+01
      vertex   -4.741528e+01 4.370000e+01 -2.595082e+01
    endloop
  endfacet
  facet normal 7.071068e-01 0.000000e+00 -7.071068e-01
    outer loop
      vertex   2.241528e+01 4.370000e+01 2.595082e+01
      vertex   -2.595082e+01 4.370000e+01 -2.241528e+01
      vertex   2.241528e+01 4.620000e+01 2.595082e+01
    endloop
  endfacet
  facet normal 7.071068e-01 0.000000e+00 -7.071068e-01
    outer loop
      vertex   2.241528e+01 4.620000e+01 2.595082e+01
      vertex   -2.595082e+01 4.370000e+01 -2.241528e+01
      vertex   -2.595082e+01 4.620000e+01 -2.241528e+01
    endloop
  endfacet
  facet normal -7.933533e-01 0.000000e+00 6.087614e-01
    outer loop
      vertex   2.595082e+01 4.620000e+01 2.241528e+01
      vertex   2.595082e+01 4.370000e+01 2.241528e+01
      vertex   2.634812e+01 4.620000e+01 2.293305e+01
    endloop
  endfacet
  facet normal -7.933533e-01 0.000000e+00 6.087614e-01
    outer loop
      vertex   2.634812e+01 4.620000e+01 2.293305e+01
      vertex   2.595082e+01 4.370000e+01 2.241528e+01
      vertex   2.634812e+01 4.370000e+01 2.293305e+01
    endloop
  endfacet
  facet normal -9.238795e-01 0.000000e+00 3.826834e-01
    outer loop
      vertex   2.634812e+01 4.620000e+01 2.293305e+01
      vertex   2.634812e+01 4.370000e+01 2.293305e+01
      vertex   2.659787e+01 4.620000e+01 2.353600e+01
    endloop
  endfacet
  facet normal -9.238795e-01 -1.312912e-15 3.826834e-01
    outer loop
      vertex   2.659787e+01 4.620000e+01 2.353600e+01
      vertex   2.634812e+01 4.370000e+01 2.293305e+01
      vertex   2.659787e+01 4.370000e+01 2.353600e+01
    endloop
  endfacet
  facet normal -9.914449e-01 -1.408928e-15 1.305262e-01
    outer loop
      vertex   2.659787e+01 4.620000e+01 2.353600e+01
      vertex   2.659787e+01 4.370000e+01 2.353600e+01
      vertex   2.668305e+01 4.620000e+01 2.418305e+01
    endloop
  endfacet
  facet normal -9.914449e-01 0.000000e+00 1.305262e-01
    outer loop
      vertex   2.668305e+01 4.620000e+01 2.418305e+01
      vertex   2.659787e+01 4.370000e+01 2.353600e+01
      vertex   2.668305e+01 4.370000e+01 2.418305e+01
    endloop
  endfacet
  facet normal -9.914449e-01 -0.000000e+00 -1.305262e-01
    outer loop
      vertex   2.668305e+01 4.620000e+01 2.418305e+01
      vertex   2.668305e+01 4.370000e+01 2.418305e+01
      vertex   2.659787e+01 4.620000e+01 2.483010e+01
    endloop
  endfacet
  facet normal -9.914449e-01 -3.709778e-16 -1.305262e-01
    outer loop
      vertex   2.659787e+01 4.620000e+01 2.483010e+01
      vertex   2.668305e+01 4.370000e+01 2.418305e+01
      vertex   2.659787e+01 4.370000e+01 2.483010e+01
    endloop
  endfacet
  facet normal -9.238795e-01 -1.087652e-15 -3.826834e-01
    outer loop
      vertex   2.659787e+01 4.620000e+01 2.483010e+01
      vertex   2.659787e+01 4.370000e+01 2.483010e+01
      vertex   2.634812e+01 4.620000e+01 2.543305e+01
    endloop
  endfacet
  facet normal -9.238795e-01 -0.000000e+00 -3.826834e-01
    outer loop
      vertex   2.634812e+01 4.620000e+01 2.543305e+01
      vertex   2.659787e+01 4.370000e+01 2.483010e+01
      vertex   2.634812e+01 4.370000e+01 2.543305e+01
    endloop
  endfacet
  facet normal -7.933533e-01 -0.000000e+00 -6.087614e-01
    outer loop
      vertex   2.634812e+01 4.620000e+01 2.543305e+01
      vertex   2.634812e+01 4.370000e+01 2.543305e+01
      vertex   2.595082e+01 4.620000e+01 2.595082e+01
    endloop
  endfacet
  facet normal -7.933533e-01 -0.000000e+00 -6.087614e-01
    outer loop
      vertex   2.595082e+01 4.620000e+01 2.595082e+01
      vertex   2.634812e+01 4.370000e+01 2.543305e+01
      vertex   2.595082e+01 4.370000e+01 2.595082e+01
    endloop
  endfacet
  facet normal -6.087614e-01 -0.000000e+00 -7.933533e-01
    outer loop
      vertex   2.595082e+01 4.620000e+01 2.595082e+01
      vertex   2.595082e+01 4.370000e+01 2.595082e+01
      vertex   2.543305e+01 4.620000e+01 2.634812e+01
    endloop
  endfacet
  facet normal -6.087614e-01 -0.000000e+00 -7.933533e-01
    outer loop
      vertex   2.543305e+01 4.620000e+01 2.634812e+01
      vertex   2.595082e+01 4.370000e+01 2.595082e+01
      vertex   2.543305e+01 4.370000e+01 2.634812e+01
    endloop
  endfacet
  facet normal -3.826834e-01 -0.000000e+00 -9.238795e-01
    outer loop
      vertex   2.543305e+01 4.620000e+01 2.634812e+01
      vertex   2.543305e+01 4.370000e+01 2.634812e+01
      vertex   2.483010e+01 4.620000e+01 2.659787e+01
    endloop
  endfacet
  facet normal -3.826834e-01 -0.000000e+00 -9.238795e-01
    outer loop
      vertex   2.483010e+01 4.620000e+01 2.659787e+01
      vertex   2.543305e+01 4.370000e+01 2.634812e+01
      vertex   2.483010e+01 4.370000e+01 2.659787e+01
    endloop
  endfacet
  facet normal -1.305262e-01 -0.000000e+00 -9.914449e-01
    outer loop
      vertex   2.483010e+01 4.620000e+01 2.659787e+01
      vertex   2.483010e+01 4.370000e+01 2.659787e+01
      vertex   2.418305e+01 4.620000e+01 2.668305e+01
    endloop
  endfacet
  facet normal -1.305262e-01 -0.000000e+00 -9.914449e-01
    outer loop
      vertex   2.418305e+01 4.620000e+01 2.668305e+01
      vertex   2.483010e+01 4.370000e+01 2.659787e+01
      vertex   2.418305e+01 4.370000e+01 2.668305e+01
    endloop
  endfacet
  facet normal 1.305262e-01 0.000000e+00 -9.914449e-01
    outer loop
      vertex   2.418305e+01 4.620000e+01 2.668305e+01
      vertex   2.418305e+01 4.370000e+01 2.668305e+01
      vertex   2.353600e+01 4.620000e+01 2.659787e+01
    endloop
  endfacet
  facet normal 1.305262e-01 -1.854889e-16 -9.914449e-01
    outer loop
      vertex   2.353600e+01 4.620000e+01 2.659787e+01
      vertex   2.418305e+01 4.370000e+01 2.668305e+01
      vertex   2.353600e+01 4.370000e+01 2.659787e+01
    endloop
  endfacet
  facet normal 3.826834e-01 -5.438259e-16 -9.238795e-01
    outer loop
      vertex   2.353600e+01 4.620000e+01 2.659787e+01
      vertex   2.353600e+01 4.370000e+01 2.659787e+01
      vertex   2.293305e+01 4.620000e+01 2.634812e+01
    endloop
  endfacet
  facet normal 3.826834e-01 0.000000e+00 -9.238795e-01
    outer loop
      vertex   2.293305e+01 4.620000e+01 2.634812e+01
      vertex   2.353600e+01 4.370000e+01 2.659787e+01
      vertex   2.293305e+01 4.370000e+01 2.634812e+01
    endloop
  endfacet
  facet normal 6.087614e-01 0.000000e+00 -7.933533e-01
    outer loop
      vertex   2.293305e+01 4.620000e+01 2.634812e+01
      vertex   2.293305e+01 4.370000e+01 2.634812e+01
      vertex   2.241528e+01 4.620000e+01 2.595082e+01
    endloop
  endfacet
  facet normal 6.087614e-01 0.000000e+00 -7.933533e-01
    outer loop
      vertex   2.241528e+01 4.620000e+01 2.595082e+01
      vertex   2.293305e+01 4.370000e+01 2.634812e+01
      vertex   2.241528e+01 4.370000e+01 2.595082e+01
    endloop
  endfacet
  facet normal -7.071068e-01 0.000000e+00 7.071068e-01
    outer loop
      vertex   -2.241528e+01 4.370000e+01 -2.595082e+01
      vertex   2.595082e+01 4.370000e+01 2.241528e+01
      vertex   -2.241528e+01 4.620000e+01 -2.595082e+01
    endloop
  endfacet
  facet normal -7.071068e-01 0.000000e+00 7.071068e-01
    outer loop
      vertex   -2.241528e+01 4.620000e+01 -2.595082e+01
      vertex   2.595082e+01 4.370000e+01 2.241528e+01
      vertex   2.595082e+01 4.620000e+01 2.241528e+01
    endloop
  endfacet
  facet normal 7.933533e-01 0.000000e+00 -6.087614e-01
    outer loop
      vertex   -2.595082e+01 4.620000e+01 -2.241528e+01
      vertex   -2.595082e+01 4.370000e+01 -2.241528e+01
      vertex   -2.634812e+01 4.620000e+01 -2.293305e+01
    endloop
  endfacet
  facet normal 7.933533e-01 0.000000e+00 -6.087614e-01
    outer loop
      vertex   -2.634812e+01 4.620000e+01 -2.293305e+01
      vertex   -2.595082e+01 4.370000e+01 -2.241528e+01
      vertex   -2.634812e+01 4.370000e+01 -2.293305e+01
    endloop
  endfacet
  facet normal 9.238795e-01 0.000000e+00 -3.826834e-01
    outer loop
      vertex   -2.634812e+01 4.620000e+01 -2.293305e+01
      vertex   -2.634812e+01 4.370000e+01 -2.293305e+01
      vertex   -2.659787e+01 4.620000e+01 -2.353600e+01
    endloop
  endfacet
  facet normal 9.238795e-01 0.000000e+00 -3.826834e-01
    outer loop
      vertex   -2.659787e+01 4.620000e+01 -2.353600e+01
      vertex   -2.634812e+01 4.370000e+01 -2.293305e+01
      vertex   -2.659787e+01 4.370000e+01 -2.353600e+01
    endloop
  endfacet
  facet normal 9.914449e-01 0.000000e+00 -1.305262e-01
    outer loop
      vertex   -2.659787e+01 4.620000e+01 -2.353600e+01
      vertex   -2.659787e+01 4.370000e+01 -2.353600e+01
      vertex   -2.668305e+01 4.620000e+01 -2.418305e+01
    endloop
  endfacet
  facet normal 9.914449e-01 0.000000e+00 -1.305262e-01
    outer loop
      vertex   -2.668305e+01 4.620000e+01 -2.418305e+01
      vertex   -2.659787e+01 4.370000e+01 -2.353600e+01
      vertex   -2.668305e+01 4.370000e+01 -2.418305e+01
    endloop
  endfacet
  facet normal 9.914449e-01 0.000000e+00 1.305262e-01
    outer loop
      vertex   -2.668305e+01 4.620000e+01 -2.418305e+01
      vertex   -2.668305e+01 4.370000e+01 -2.418305e+01
      vertex   -2.659787e+01 4.620000e+01 -2.483010e+01
    endloop
  endfacet
  facet normal 9.914449e-01 0.000000e+00 1.305262e-01
    outer loop
      vertex   -2.659787e+01 4.620000e+01 -2.483010e+01
      vertex   -2.668305e+01 4.370000e+01 -2.418305e+01
      vertex   -2.659787e+01 4.370000e+01 -2.483010e+01
    endloop
  endfacet
  facet normal 9.238795e-01 0.000000e+00 3.826834e-01
    outer loop
      vertex   -2.659787e+01 4.620000e+01 -2.483010e+01
      vertex   -2.659787e+01 4.370000e+01 -2.483010e+01
      vertex   -2.634812e+01 4.620000e+01 -2.543305e+01
    endloop
  endfacet
  facet normal 9.238795e-01 0.000000e+00 3.826834e-01
    outer loop
      vertex   -2.634812e+01 4.620000e+01 -2.543305e+01
      vertex   -2.659787e+01 4.370000e+01 -2.483010e+01
      vertex   -2.634812e+01 4.370000e+01 -2.543305e+01
    endloop
  endfacet
  facet normal 7.933533e-01 0.000000e+00 6.087614e-01
    outer loop
      vertex   -2.634812e+01 4.620000e+01 -2.543305e+01
      vertex   -2.634812e+01 4.370000e+01 -2.543305e+01
      vertex   -2.595082e+01 4.620000e+01 -2.595082e+01
    endloop
  endfacet
  facet normal 7.933533e-01 0.000000e+00 6.087614e-01
    outer loop
      vertex   -2.595082e+01 4.620000e+01 -2.595082e+01
      vertex   -2.634812e+01 4.370000e+01 -2.543305e+01
      vertex   -2.595082e+01 4.370000e+01 -2.595082e+01
    endloop
  endfacet
  facet normal 6.087614e-01 0.000000e+00 7.933533e-01
    outer loop
      vertex   -2.595082e+01 4.620000e+01 -2.595082e+01
      vertex   -2.595082e+01 4.370000e+01 -2.595082e+01
      vertex   -2.543305e+01 4.620000e+01 -2.634812e+01
    endloop
  endfacet
  facet normal 6.087614e-01 0.000000e+00 7.933533e-01
    outer loop
      vertex   -2.543305e+01 4.620000e+01 -2.634812e+01
      vertex   -2.595082e+01 4.370000e+01 -2.595082e+01
      vertex   -2.543305e+01 4.370000e+01 -2.634812e+01
    endloop
  endfacet
  facet normal 3.826834e-01 0.000000e+00 9.238795e-01
    outer loop
      vertex   -2.543305e+01 4.620000e+01 -2.634812e+01
      vertex   -2.543305e+01 4.370000e+01 -2.634812e+01
      vertex   -2.483010e+01 4.620000e+01 -2.659787e+01
    endloop
  endfacet
  facet normal 3.826834e-01 -3.938735e-15 9.238795e-01
    outer loop
      vertex   -2.483010e+01 4.620000e+01 -2.659787e+01
      vertex   -2.543305e+01 4.370000e+01 -2.634812e+01
      vertex   -2.483010e+01 4.370000e+01 -2.659787e+01
    endloop
  endfacet
  facet normal 1.305262e-01 -4.226784e-15 9.914449e-01
    outer loop
      vertex   -2.483010e+01 4.620000e+01 -2.659787e+01
      vertex   -2.483010e+01 4.370000e+01 -2.659787e+01
      vertex   -2.418305e+01 4.620000e+01 -2.668305e+01
    endloop
  endfacet
  facet normal 1.305262e-01 0.000000e+00 9.914449e-01
    outer loop
      vertex   -2.418305e+01 4.620000e+01 -2.668305e+01
      vertex   -2.483010e+01 4.370000e+01 -2.659787e+01
      vertex   -2.418305e+01 4.370000e+01 -2.668305e+01
    endloop
  endfacet
  facet normal -1.305262e-01 0.000000e+00 9.914449e-01
    outer loop
      vertex   -2.418305e+01 4.620000e+01 -2.668305e+01
      vertex   -2.418305e+01 4.370000e+01 -2.668305e+01
      vertex   -2.353600e+01 4.620000e+01 -2.659787e+01
    endloop
  endfacet
  facet normal -1.305262e-01 -3.709778e-16 9.914449e-01
    outer loop
      vertex   -2.353600e+01 4.620000e+01 -2.659787e+01
      vertex   -2.418305e+01 4.370000e+01 -2.668305e+01
      vertex   -2.353600e+01 4.370000e+01 -2.659787e+01
    endloop
  endfacet
  facet normal -3.826834e-01 -1.087652e-15 9.238795e-01
    outer loop
      vertex   -2.353600e+01 4.620000e+01 -2.659787e+01
      vertex   -2.353600e+01 4.370000e+01 -2.659787e+01
      vertex   -2.293305e+01 4.620000e+01 -2.634812e+01
    endloop
  endfacet
  facet normal -3.826834e-01 0.000000e+00 9.238795e-01
    outer loop
      vertex   -2.293305e+01 4.620000e+01 -2.634812e+01
      vertex   -2.353600e+01 4.370000e+01 -2.659787e+01
      vertex   -2.293305e+01 4.370000e+01 -2.634812e+01
    endloop
  endfacet
  facet normal -6.087614e-01 0.000000e+00 7.933533e-01
    outer loop
      vertex   -2.293305e+01 4.620000e+01 -2.634812e+01
      vertex   -2.293305e+01 4.370000e+01 -2.634812e+01
      vertex   -2.241528e+01 4.620000e+01 -2.595082e+01
    endloop
  endfacet
  facet normal -6.087614e-01 0.000000e+00 7.933533e-01
    outer loop
      vertex   -2.241528e+01 4.620000e+01 -2.595082e+01
      vertex   -2.293305e+01 4.370000e+01 -2.634812e+01
      vertex   -2.241528e+01 4.370000e+01 -2.595082e+01
    endloop
  endfacet
  facet normal 7.071068e-01 0.000000e+00 -7.071068e-01
    outer loop
      vertex   4.741528e+01 4.370000e+01 2.595082e+01
      vertex   -9.508189e-01 4.370000e+01 -2.241528e+01
      vertex   4.741528e+01 4.620000e+01 2.595082e+01
    endloop
  endfacet
  facet normal 7.071068e-01 0.000000e+00 -7.071068e-01
    outer loop
      vertex   4.741528e+01 4.620000e+01 2.595082e+01
      vertex   -9.508189e-01 4.370000e+01 -2.241528e+01
      vertex   -9.508189e-01 4.620000e+01 -2.241528e+01
    endloop
  endfacet
  facet normal -7.933533e-01 0.000000e+00 6.087614e-01
    outer loop
      vertex   5.095082e+01 4.620000e+01 2.241528e+01
      vertex   5.095082e+01 4.370000e+01 2.241528e+01
      vertex   5.134812e+01 4.620000e+01 2.293305e+01
    endloop
  endfacet
  facet normal -7.933533e-01 0.000000e+00 6.087614e-01
    outer loop
      vertex   5.134812e+01 4.620000e+01 2.293305e+01
      vertex   5.095082e+01 4.370000e+01 2.241528e+01
      vertex   5.134812e+01 4.370000e+01 2.293305e+01
    endloop
  endfacet
  facet normal -9.238795e-01 0.000000e+00 3.826834e-01
    outer loop
      vertex   5.134812e+01 4.620000e+01 2.293305e+01
      vertex   5.134812e+01 4.370000e+01 2.293305e+01
      vertex   5.159787e+01 4.620000e+01 2.353600e+01
    endloop
  endfacet
  facet normal -9.238795e-01 0.000000e+00 3.826834e-01
    outer loop
      vertex   5.159787e+01 4.620000e+01 2.353600e+01
      vertex   5.134812e+01 4.370000e+01 2.293305e+01
      vertex   5.159787e+01 4.370000e+01 2.353600e+01
    endloop
  endfacet
  facet normal -9.914449e-01 0.000000e+00 1.305262e-01
    outer loop
      vertex   5.159787e+01 4.620000e+01 2.353600e+01
      vertex   5.159787e+01 4.370000e+01 2.353600e+01
      vertex   5.168305e+01 4.620000e+01 2.418305e+01
    endloop
  endfacet
  facet normal -9.914449e-01 0.000000e+00 1.305262e-01
    outer loop
      vertex   5.168305e+01 4.620000e+01 2.418305e+01
      vertex   5.159787e+01 4.370000e+01 2.353600e+01
      vertex   5.168305e+01 4.370000e+01 2.418305e+01
    endloop
  endfacet
  facet normal -9.914449e-01 -0.000000e+00 -1.305262e-01
    outer loop
      vertex   5.168305e+01 4.620000e+01 2.418305e+01
      vertex   5.168305e+01 4.370000e+01 2.418305e+01
      vertex   5.159787e+01 4.620000e+01 2.483010e+01
    endloop
  endfacet
  facet normal -9.914449e-01 2.446878e-15 -1.305262e-01
    outer loop
      vertex   5.159787e+01 4.620000e+01 2.483010e+01
      vertex   5.168305e+01 4.370000e+01 2.418305e+01
      vertex   5.159787e+01 4.370000e+01 2.483010e+01
    endloop
  endfacet
  facet normal -9.238795e-01 1.538172e-15 -3.826834e-01
    outer loop
      vertex   5.159787e+01 4.620000e+01 2.483010e+01
      vertex   5.159787e+01 4.370000e+01 2.483010e+01
      vertex   5.134812e+01 4.620000e+01 2.543305e+01
    endloop
  endfacet
  facet normal -9.238795e-01 -0.000000e+00 -3.826834e-01
    outer loop
      vertex   5.134812e+01 4.620000e+01 2.543305e+01
      vertex   5.159787e+01 4.370000e+01 2.483010e+01
      vertex   5.134812e+01 4.370000e+01 2.543305e+01
    endloop
  endfacet
  facet normal -7.933533e-01 -0.000000e+00 -6.087614e-01
    outer loop
      vertex   5.134812e+01 4.620000e+01 2.543305e+01
      vertex   5.134812e+01 4.370000e+01 2.543305e+01
      vertex   5.095082e+01 4.620000e+01 2.595082e+01
    endloop
  endfacet
  facet normal -7.933533e-01 -0.000000e+00 -6.087614e-01
    outer loop
      vertex   5.095082e+01 4.620000e+01 2.595082e+01
      vertex   5.134812e+01 4.370000e+01 2.543305e+01
      vertex   5.095082e+01 4.370000e+01 2.595082e+01
    endloop
  endfacet
  facet normal -6.087614e-01 -0.000000e+00 -7.933533e-01
    outer loop
      vertex   5.095082e+01 4.620000e+01 2.595082e+01
      vertex   5.095082e+01 4.370000e+01 2.595082e+01
      vertex   5.043305e+01 4.620000e+01 2.634812e+01
    endloop
  endfacet
  facet normal -6.087614e-01 -0.000000e+00 -7.933533e-01
    outer loop
      vertex   5.043305e+01 4.620000e+01 2.634812e+01
      vertex   5.095082e+01 4.370000e+01 2.595082e+01
      vertex   5.043305e+01 4.370000e+01 2.634812e+01
    endloop
  endfacet
  facet normal -3.826834e-01 -0.000000e+00 -9.238795e-01
    outer loop
      vertex   5.043305e+01 4.620000e+01 2.634812e+01
      vertex   5.043305e+01 4.370000e+01 2.634812e+01
      vertex   4.983010e+01 4.620000e+01 2.659787e+01
    endloop
  endfacet
  facet normal -3.826834e-01 1.087652e-15 -9.238795e-01
    outer loop
      vertex   4.983010e+01 4.620000e+01 2.659787e+01
      vertex   5.043305e+01 4.370000e+01 2.634812e+01
      vertex   4.983010e+01 4.370000e+01 2.659787e+01
    endloop
  endfacet
  facet normal -1.305262e-01 3.709778e-16 -9.914449e-01
    outer loop
      vertex   4.983010e+01 4.620000e+01 2.659787e+01
      vertex   4.983010e+01 4.370000e+01 2.659787e+01
      vertex   4.918305e+01 4.620000e+01 2.668305e+01
    endloop
  endfacet
  facet normal -1.305262e-01 -0.000000e+00 -9.914449e-01
    outer loop
      vertex   4.918305e+01 4.620000e+01 2.668305e+01
      vertex   4.983010e+01 4.370000e+01 2.659787e+01
      vertex   4.918305e+01 4.370000e+01 2.668305e+01
    endloop
  endfacet
  facet normal 1.305262e-01 0.000000e+00 -9.914449e-01
    outer loop
      vertex   4.918305e+01 4.620000e+01 2.668305e+01
      vertex   4.918305e+01 4.370000e+01 2.668305e+01
      vertex   4.853600e+01 4.620000e+01 2.659787e+01
    endloop
  endfacet
  facet normal 1.305262e-01 0.000000e+00 -9.914449e-01
    outer loop
      vertex   4.853600e+01 4.620000e+01 2.659787e+01
      vertex   4.918305e+01 4.370000e+01 2.668305e+01
      vertex   4.853600e+01 4.370000e+01 2.659787e+01
    endloop
  endfacet
  facet normal 3.826834e-01 0.000000e+00 -9.238795e-01
    outer loop
      vertex   4.853600e+01 4.620000e+01 2.659787e+01
      vertex   4.853600e+01 4.370000e+01 2.659787e+01
      vertex   4.793305e+01 4.620000e+01 2.634812e+01
    endloop
  endfacet
  facet normal 3.826834e-01 0.000000e+00 -9.238795e-01
    outer loop
      vertex   4.793305e+01 4.620000e+01 2.634812e+01
      vertex   4.853600e+01 4.370000e+01 2.659787e+01
      vertex   4.793305e+01 4.370000e+01 2.634812e+01
    endloop
  endfacet
  facet normal 6.087614e-01 0.000000e+00 -7.933533e-01
    outer loop
      vertex   4.793305e+01 4.620000e+01 2.634812e+01
      vertex   4.793305e+01 4.370000e+01 2.634812e+01
      vertex   4.741528e+01 4.620000e+01 2.595082e+01
    endloop
  endfacet
  facet normal 6.087614e-01 0.000000e+00 -7.933533e-01
    outer loop
      vertex   4.741528e+01 4.620000e+01 2.595082e+01
      vertex   4.793305e+01 4.370000e+01 2.634812e+01
      vertex   4.741528e+01 4.370000e+01 2.595082e+01
    endloop
  endfacet
  facet normal -7.071068e-01 0.000000e+00 7.071068e-01
    outer loop
      vertex   2.584715e+00 4.370000e+01 -2.595082e+01
      vertex   5.095082e+01 4.370000e+01 2.241528e+01
      vertex   2.584715e+00 4.620000e+01 -2.595082e+01
    endloop
  endfacet
  facet normal -7.071068e-01 0.000000e+00 7.071068e-01
    outer loop
      vertex   2.584715e+00 4.620000e+01 -2.595082e+01
      vertex   5.095082e+01 4.370000e+01 2.241528e+01
      vertex   5.095082e+01 4.620000e+01 2.241528e+01
    endloop
  endfacet
  facet normal 7.933533e-01 0.000000e+00 -6.087614e-01
    outer loop
      vertex   -9.508189e-01 4.620000e+01 -2.241528e+01
      vertex   -9.508189e-01 4.370000e+01 -2.241528e+01
      vertex   -1.348115e+00 4.620000e+01 -2.293305e+01
    endloop
  endfacet
  facet normal 7.933533e-01 0.000000e+00 -6.087614e-01
    outer loop
      vertex   -1.348115e+00 4.620000e+01 -2.293305e+01
      vertex   -9.508189e-01 4.370000e+01 -2.241528e+01
      vertex   -1.348115e+00 4.370000e+01 -2.293305e+01
    endloop
  endfacet
  facet normal 9.238795e-01 0.000000e+00 -3.826834e-01
    outer loop
      vertex   -1.348115e+00 4.620000e+01 -2.293305e+01
      vertex   -1.348115e+00 4.370000e+01 -2.293305e+01
      vertex   -1.597866e+00 4.620000e+01 -2.353600e+01
    endloop
  endfacet
  facet normal 9.238795e-01 -8.205699e-17 -3.826834e-01
    outer loop
      vertex   -1.597866e+00 4.620000e+01 -2.353600e+01
      vertex   -1.348115e+00 4.370000e+01 -2.293305e+01
      vertex   -1.597866e+00 4.370000e+01 -2.353600e+01
    endloop
  endfacet
  facet normal 9.914449e-01 -8.805799e-17 -1.305262e-01
    outer loop
      vertex   -1.597866e+00 4.620000e+01 -2.353600e+01
      vertex   -1.597866e+00 4.370000e+01 -2.353600e+01
      vertex   -1.683052e+00 4.620000e+01 -2.418305e+01
    endloop
  endfacet
  facet normal 9.914449e-01 0.000000e+00 -1.305262e-01
    outer loop
      vertex   -1.683052e+00 4.620000e+01 -2.418305e+01
      vertex   -1.597866e+00 4.370000e+01 -2.353600e+01
      vertex   -1.683052e+00 4.370000e+01 -2.418305e+01
    endloop
  endfacet
  facet normal 9.914449e-01 0.000000e+00 1.305262e-01
    outer loop
      vertex   -1.683052e+00 4.620000e+01 -2.418305e+01
      vertex   -1.683052e+00 4.370000e+01 -2.418305e+01
      vertex   -1.597866e+00 4.620000e+01 -2.483010e+01
    endloop
  endfacet
  facet normal 9.914449e-01 2.641740e-16 1.305262e-01
    outer loop
      vertex   -1.597866e+00 4.620000e+01 -2.483010e+01
      vertex   -1.683052e+00 4.370000e+01 -2.418305e+01
      vertex   -1.597866e+00 4.370000e+01 -2.483010e+01
    endloop
  endfacet
  facet normal 9.238795e-01 2.461710e-16 3.826834e-01
    outer loop
      vertex   -1.597866e+00 4.620000e+01 -2.483010e+01
      vertex   -1.597866e+00 4.370000e+01 -2.483010e+01
      vertex   -1.348115e+00 4.620000e+01 -2.543305e+01
    endloop
  endfacet
  facet normal 9.238795e-01 8.205699e-17 3.826834e-01
    outer loop
      vertex   -1.348115e+00 4.620000e+01 -2.543305e+01
      vertex   -1.597866e+00 4.370000e+01 -2.483010e+01
      vertex   -1.348115e+00 4.370000e+01 -2.543305e+01
    endloop
  endfacet
  facet normal 7.933533e-01 7.046393e-17 6.087614e-01
    outer loop
      vertex   -1.348115e+00 4.620000e+01 -2.543305e+01
      vertex   -1.348115e+00 4.370000e+01 -2.543305e+01
      vertex   -9.508189e-01 4.620000e+01 -2.595082e+01
    endloop
  endfacet
  facet normal 7.933533e-01 0.000000e+00 6.087614e-01
    outer loop
      vertex   -9.508189e-01 4.620000e+01 -2.595082e+01
      vertex   -1.348115e+00 4.370000e+01 -2.543305e+01
      vertex   -9.508189e-01 4.370000e+01 -2.595082e+01
    endloop
  endfacet
  facet normal 6.087614e-01 0.000000e+00 7.933533e-01
    outer loop
      vertex   -9.508189e-01 4.620000e+01 -2.595082e+01
      vertex   -9.508189e-01 4.370000e+01 -2.595082e+01
      vertex   -4.330519e-01 4.620000e+01 -2.634812e+01
    endloop
  endfacet
  facet normal 6.087614e-01 1.351722e-16 7.933533e-01
    outer loop
      vertex   -4.330519e-01 4.620000e+01 -2.634812e+01
      vertex   -9.508189e-01 4.370000e+01 -2.595082e+01
      vertex   -4.330519e-01 4.370000e+01 -2.634812e+01
    endloop
  endfacet
  facet normal 3.826834e-01 8.497279e-17 9.238795e-01
    outer loop
      vertex   -4.330519e-01 4.620000e+01 -2.634812e+01
      vertex   -4.330519e-01 4.370000e+01 -2.634812e+01
      vertex   1.699005e-01 4.620000e+01 -2.659787e+01
    endloop
  endfacet
  facet normal 3.826834e-01 -3.896249e-15 9.238795e-01
    outer loop
      vertex   1.699005e-01 4.620000e+01 -2.659787e+01
      vertex   -4.330519e-01 4.370000e+01 -2.634812e+01
      vertex   1.699005e-01 4.370000e+01 -2.659787e+01
    endloop
  endfacet
  facet normal 1.305262e-01 -4.212292e-15 9.914449e-01
    outer loop
      vertex   1.699005e-01 4.620000e+01 -2.659787e+01
      vertex   1.699005e-01 4.370000e+01 -2.659787e+01
      vertex   8.169481e-01 4.620000e+01 -2.668305e+01
    endloop
  endfacet
  facet normal 1.305262e-01 0.000000e+00 9.914449e-01
    outer loop
      vertex   8.169481e-01 4.620000e+01 -2.668305e+01
      vertex   1.699005e-01 4.370000e+01 -2.659787e+01
      vertex   8.169481e-01 4.370000e+01 -2.668305e+01
    endloop
  endfacet
  facet normal -1.305262e-01 0.000000e+00 9.914449e-01
    outer loop
      vertex   8.169481e-01 4.620000e+01 -2.668305e+01
      vertex   8.169481e-01 4.370000e+01 -2.668305e+01
      vertex   1.463996e+00 4.620000e+01 -2.659787e+01
    endloop
  endfacet
  facet normal -1.305262e-01 -2.318611e-17 9.914449e-01
    outer loop
      vertex   1.463996e+00 4.620000e+01 -2.659787e+01
      vertex   8.169481e-01 4.370000e+01 -2.668305e+01
      vertex   1.463996e+00 4.370000e+01 -2.659787e+01
    endloop
  endfacet
  facet normal -3.826834e-01 -6.797823e-17 9.238795e-01
    outer loop
      vertex   1.463996e+00 4.620000e+01 -2.659787e+01
      vertex   1.463996e+00 4.370000e+01 -2.659787e+01
      vertex   2.066948e+00 4.620000e+01 -2.634812e+01
    endloop
  endfacet
  facet normal -3.826834e-01 -6.797823e-17 9.238795e-01
    outer loop
      vertex   2.066948e+00 4.620000e+01 -2.634812e+01
      vertex   1.463996e+00 4.370000e+01 -2.659787e+01
      vertex   2.066948e+00 4.370000e+01 -2.634812e+01
    endloop
  endfacet
  facet normal -6.087614e-01 -1.081378e-16 7.933533e-01
    outer loop
      vertex   2.066948e+00 4.620000e+01 -2.634812e+01
      vertex   2.066948e+00 4.370000e+01 -2.634812e+01
      vertex   2.584715e+00 4.620000e+01 -2.595082e+01
    endloop
  endfacet
  facet normal -6.087614e-01 0.000000e+00 7.933533e-01
    outer loop
      vertex   2.584715e+00 4.620000e+01 -2.595082e+01
      vertex   2.066948e+00 4.370000e+01 -2.634812e+01
      vertex   2.584715e+00 4.370000e+01 -2.595082e+01
    endloop
  endfacet
  facet normal 7.071068e-01 0.000000e+00 -7.071068e-01
    outer loop
      vertex   7.241528e+01 4.370000e+01 2.595082e+01
      vertex   2.404918e+01 4.370000e+01 -2.241528e+01
      vertex   7.241528e+01 4.620000e+01 2.595082e+01
    endloop
  endfacet
  facet normal 7.071068e-01 0.000000e+00 -7.071068e-01
    outer loop
      vertex   7.241528e+01 4.620000e+01 2.595082e+01
      vertex   2.404918e+01 4.370000e+01 -2.241528e+01
      vertex   2.404918e+01 4.620000e+01 -2.241528e+01
    endloop
  endfacet
  facet normal -7.933533e-01 0.000000e+00 6.087614e-01
    outer loop
      vertex   7.595082e+01 4.620000e+01 2.241528e+01
      vertex   7.595082e+01 4.370000e+01 2.241528e+01
      vertex   7.634812e+01 4.620000e+01 2.293305e+01
    endloop
  endfacet
  facet normal -7.933533e-01 0.000000e+00 6.087614e-01
    outer loop
      vertex   7.634812e+01 4.620000e+01 2.293305e+01
      vertex   7.595082e+01 4.370000e+01 2.241528e+01
      vertex   7.634812e+01 4.370000e+01 2.293305e+01
    endloop
  endfacet
  facet normal -9.238795e-01 0.000000e+00 3.826834e-01
    outer loop
      vertex   7.634812e+01 4.620000e+01 2.293305e+01
      vertex   7.634812e+01 4.370000e+01 2.293305e+01
      vertex   7.659787e+01 4.620000e+01 2.353600e+01
    endloop
  endfacet
  facet normal -9.238795e-01 0.000000e+00 3.826834e-01
    outer loop
      vertex   7.659787e+01 4.620000e+01 2.353600e+01
      vertex   7.634812e+01 4.370000e+01 2.293305e+01
      vertex   7.659787e+01 4.370000e+01 2.353600e+01
    endloop
  endfacet
  facet normal -9.914449e-01 0.000000e+00 1.305262e-01
    outer loop
      vertex   7.659787e+01 4.620000e+01 2.353600e+01
      vertex   7.659787e+01 4.370000e+01 2.353600e+01
      vertex   7.668305e+01 4.620000e+01 2.418305e+01
    endloop
  endfacet
  facet normal -9.914449e-01 0.000000e+00 1.305262e-01
    outer loop
      vertex   7.668305e+01 4.620000e+01 2.418305e+01
      vertex   7.659787e+01 4.370000e+01 2.353600e+01
      vertex   7.668305e+01 4.370000e+01 2.418305e+01
    endloop
  endfacet
  facet normal -9.914449e-01 -0.000000e+00 -1.305262e-01
    outer loop
      vertex   7.668305e+01 4.620000e+01 2.418305e+01
      vertex   7.668305e+01 4.370000e+01 2.418305e+01
      vertex   7.659787e+01 4.620000e+01 2.483010e+01
    endloop
  endfacet
  facet normal -9.914449e-01 -0.000000e+00 -1.305262e-01
    outer loop
      vertex   7.659787e+01 4.620000e+01 2.483010e+01
      vertex   7.668305e+01 4.370000e+01 2.418305e+01
      vertex   7.659787e+01 4.370000e+01 2.483010e+01
    endloop
  endfacet
  facet normal -9.238795e-01 -0.000000e+00 -3.826834e-01
    outer loop
      vertex   7.659787e+01 4.620000e+01 2.483010e+01
      vertex   7.659787e+01 4.370000e+01 2.483010e+01
      vertex   7.634812e+01 4.620000e+01 2.543305e+01
    endloop
  endfacet
  facet normal -9.238795e-01 -0.000000e+00 -3.826834e-01
    outer loop
      vertex   7.634812e+01 4.620000e+01 2.543305e+01
      vertex   7.659787e+01 4.370000e+01 2.483010e+01
      vertex   7.634812e+01 4.370000e+01 2.543305e+01
    endloop
  endfacet
  facet normal -7.933533e-01 -0.000000e+00 -6.087614e-01
    outer loop
      vertex   7.634812e+01 4.620000e+01 2.543305e+01
      vertex   7.634812e+01 4.370000e+01 2.543305e+01
      vertex   7.595082e+01 4.620000e+01 2.595082e+01
    endloop
  endfacet
  facet normal -7.933533e-01 -0.000000e+00 -6.087614e-01
    outer loop
      vertex   7.595082e+01 4.620000e+01 2.595082e+01
      vertex   7.634812e+01 4.370000e+01 2.543305e+01
      vertex   7.595082e+01 4.370000e+01 2.595082e+01
    endloop
  endfacet
  facet normal -6.087614e-01 -0.000000e+00 -7.933533e-01
    outer loop
      vertex   7.595082e+01 4.620000e+01 2.595082e+01
      vertex   7.595082e+01 4.370000e+01 2.595082e+01
      vertex   7.543305e+01 4.620000e+01 2.634812e+01
    endloop
  endfacet
  facet normal -6.087614e-01 -0.000000e+00 -7.933533e-01
    outer loop
      vertex   7.543305e+01 4.620000e+01 2.634812e+01
      vertex   7.595082e+01 4.370000e+01 2.595082e+01
      vertex   7.543305e+01 4.370000e+01 2.634812e+01
    endloop
  endfacet
  facet normal -3.826834e-01 -0.000000e+00 -9.238795e-01
    outer loop
      vertex   7.543305e+01 4.620000e+01 2.634812e+01
      vertex   7.543305e+01 4.370000e+01 2.634812e+01
      vertex   7.483010e+01 4.620000e+01 2.659787e+01
    endloop
  endfacet
  facet normal -3.826834e-01 -2.625824e-15 -9.238795e-01
    outer loop
      vertex   7.483010e+01 4.620000e+01 2.659787e+01
      vertex   7.543305e+01 4.370000e+01 2.634812e+01
      vertex   7.483010e+01 4.370000e+01 2.659787e+01
    endloop
  endfacet
  facet normal -1.305262e-01 -2.817856e-15 -9.914449e-01
    outer loop
      vertex   7.483010e+01 4.620000e+01 2.659787e+01
      vertex   7.483010e+01 4.370000e+01 2.659787e+01
      vertex   7.418305e+01 4.620000e+01 2.668305e+01
    endloop
  endfacet
  facet normal -1.305262e-01 -0.000000e+00 -9.914449e-01
    outer loop
      vertex   7.418305e+01 4.620000e+01 2.668305e+01
      vertex   7.483010e+01 4.370000e+01 2.659787e+01
      vertex   7.418305e+01 4.370000e+01 2.668305e+01
    endloop
  endfacet
  facet normal 1.305262e-01 0.000000e+00 -9.914449e-01
    outer loop
      vertex   7.418305e+01 4.620000e+01 2.668305e+01
      vertex   7.418305e+01 4.370000e+01 2.668305e+01
      vertex   7.353600e+01 4.620000e+01 2.659787e+01
    endloop
  endfacet
  facet normal 1.305262e-01 0.000000e+00 -9.914449e-01
    outer loop
      vertex   7.353600e+01 4.620000e+01 2.659787e+01
      vertex   7.418305e+01 4.370000e+01 2.668305e+01
      vertex   7.353600e+01 4.370000e+01 2.659787e+01
    endloop
  endfacet
  facet normal 3.826834e-01 0.000000e+00 -9.238795e-01
    outer loop
      vertex   7.353600e+01 4.620000e+01 2.659787e+01
      vertex   7.353600e+01 4.370000e+01 2.659787e+01
      vertex   7.293305e+01 4.620000e+01 2.634812e+01
    endloop
  endfacet
  facet normal 3.826834e-01 0.000000e+00 -9.238795e-01
    outer loop
      vertex   7.293305e+01 4.620000e+01 2.634812e+01
      vertex   7.353600e+01 4.370000e+01 2.659787e+01
      vertex   7.293305e+01 4.370000e+01 2.634812e+01
    endloop
  endfacet
  facet normal 6.087614e-01 0.000000e+00 -7.933533e-01
    outer loop
      vertex   7.293305e+01 4.620000e+01 2.634812e+01
      vertex   7.293305e+01 4.370000e+01 2.634812e+01
      vertex   7.241528e+01 4.620000e+01 2.595082e+01
    endloop
  endfacet
  facet normal 6.087614e-01 0.000000e+00 -7.933533e-01
    outer loop
      vertex   7.241528e+01 4.620000e+01 2.595082e+01
      vertex   7.293305e+01 4.370000e+01 2.634812e+01
      vertex   7.241528e+01 4.370000e+01 2.595082e+01
    endloop
  endfacet
  facet normal -7.071068e-01 0.000000e+00 7.071068e-01
    outer loop
      vertex   2.758472e+01 4.370000e+01 -2.595082e+01
      vertex   7.595082e+01 4.370000e+01 2.241528e+01
      vertex   2.758472e+01 4.620000e+01 -2.595082e+01
    endloop
  endfacet
  facet normal -7.071068e-01 0.000000e+00 7.071068e-01
    outer loop
      vertex   2.758472e+01 4.620000e+01 -2.595082e+01
      vertex   7.595082e+01 4.370000e+01 2.241528e+01
      vertex   7.595082e+01 4.620000e+01 2.241528e+01
    endloop
  endfacet
  facet normal 7.933533e-01 0.000000e+00 -6.087614e-01
    outer loop
      vertex   2.404918e+01 4.620000e+01 -2.241528e+01
      vertex   2.404918e+01 4.370000e+01 -2.241528e+01
      vertex   2.365188e+01 4.620000e+01 -2.293305e+01
    endloop
  endfacet
  facet normal 7.933533e-01 0.000000e+00 -6.087614e-01
    outer loop
      vertex   2.365188e+01 4.620000e+01 -2.293305e+01
      vertex   2.404918e+01 4.370000e+01 -2.241528e+01
      vertex   2.365188e+01 4.370000e+01 -2.293305e+01
    endloop
  endfacet
  facet normal 9.238795e-01 0.000000e+00 -3.826834e-01
    outer loop
      vertex   2.365188e+01 4.620000e+01 -2.293305e+01
      vertex   2.365188e+01 4.370000e+01 -2.293305e+01
      vertex   2.340213e+01 4.620000e+01 -2.353600e+01
    endloop
  endfacet
  facet normal 9.238795e-01 0.000000e+00 -3.826834e-01
    outer loop
      vertex   2.340213e+01 4.620000e+01 -2.353600e+01
      vertex   2.365188e+01 4.370000e+01 -2.293305e+01
      vertex   2.340213e+01 4.370000e+01 -2.353600e+01
    endloop
  endfacet
  facet normal 9.914449e-01 0.000000e+00 -1.305262e-01
    outer loop
      vertex   2.340213e+01 4.620000e+01 -2.353600e+01
      vertex   2.340213e+01 4.370000e+01 -2.353600e+01
      vertex   2.331695e+01 4.620000e+01 -2.418305e+01
    endloop
  endfacet
  facet normal 9.914449e-01 0.000000e+00 -1.305262e-01
    outer loop
      vertex   2.331695e+01 4.620000e+01 -2.418305e+01
      vertex   2.340213e+01 4.370000e+01 -2.353600e+01
      vertex   2.331695e+01 4.370000e+01 -2.418305e+01
    endloop
  endfacet
  facet normal 9.914449e-01 0.000000e+00 1.305262e-01
    outer loop
      vertex   2.331695e+01 4.620000e+01 -2.418305e+01
      vertex   2.331695e+01 4.370000e+01 -2.418305e+01
      vertex   2.340213e+01 4.620000e+01 -2.483010e+01
    endloop
  endfacet
  facet normal 9.914449e-01 -3.709778e-16 1.305262e-01
    outer loop
      vertex   2.340213e+01 4.620000e+01 -2.483010e+01
      vertex   2.331695e+01 4.370000e+01 -2.418305e+01
      vertex   2.340213e+01 4.370000e+01 -2.483010e+01
    endloop
  endfacet
  facet normal 9.238795e-01 -1.087652e-15 3.826834e-01
    outer loop
      vertex   2.340213e+01 4.620000e+01 -2.483010e+01
      vertex   2.340213e+01 4.370000e+01 -2.483010e+01
      vertex   2.365188e+01 4.620000e+01 -2.543305e+01
    endloop
  endfacet
  facet normal 9.238795e-01 0.000000e+00 3.826834e-01
    outer loop
      vertex   2.365188e+01 4.620000e+01 -2.543305e+01
      vertex   2.340213e+01 4.370000e+01 -2.483010e+01
      vertex   2.365188e+01 4.370000e+01 -2.543305e+01
    endloop
  endfacet
  facet normal 7.933533e-01 0.000000e+00 6.087614e-01
    outer loop
      vertex   2.365188e+01 4.620000e+01 -2.543305e+01
      vertex   2.365188e+01 4.370000e+01 -2.543305e+01
      vertex   2.404918e+01 4.620000e+01 -2.595082e+01
    endloop
  endfacet
  facet normal 7.933533e-01 0.000000e+00 6.087614e-01
    outer loop
      vertex   2.404918e+01 4.620000e+01 -2.595082e+01
      vertex   2.365188e+01 4.370000e+01 -2.543305e+01
      vertex   2.404918e+01 4.370000e+01 -2.595082e+01
    endloop
  endfacet
  facet normal 6.087614e-01 0.000000e+00 7.933533e-01
    outer loop
      vertex   2.404918e+01 4.620000e+01 -2.595082e+01
      vertex   2.404918e+01 4.370000e+01 -2.595082e+01
      vertex   2.456695e+01 4.620000e+01 -2.634812e+01
    endloop
  endfacet
  facet normal 6.087614e-01 0.000000e+00 7.933533e-01
    outer loop
      vertex   2.456695e+01 4.620000e+01 -2.634812e+01
      vertex   2.404918e+01 4.370000e+01 -2.595082e+01
      vertex   2.456695e+01 4.370000e+01 -2.634812e+01
    endloop
  endfacet
  facet normal 3.826834e-01 0.000000e+00 9.238795e-01
    outer loop
      vertex   2.456695e+01 4.620000e+01 -2.634812e+01
      vertex   2.456695e+01 4.370000e+01 -2.634812e+01
      vertex   2.516990e+01 4.620000e+01 -2.659787e+01
    endloop
  endfacet
  facet normal 3.826834e-01 0.000000e+00 9.238795e-01
    outer loop
      vertex   2.516990e+01 4.620000e+01 -2.659787e+01
      vertex   2.456695e+01 4.370000e+01 -2.634812e+01
      vertex   2.516990e+01 4.370000e+01 -2.659787e+01
    endloop
  endfacet
  facet normal 1.305262e-01 0.000000e+00 9.914449e-01
    outer loop
      vertex   2.516990e+01 4.620000e+01 -2.659787e+01
      vertex   2.516990e+01 4.370000e+01 -2.659787e+01
      vertex   2.581695e+01 4.620000e+01 -2.668305e+01
    endloop
  endfacet
  facet normal 1.305262e-01 0.000000e+00 9.914449e-01
    outer loop
      vertex   2.581695e+01 4.620000e+01 -2.668305e+01
      vertex   2.516990e+01 4.370000e+01 -2.659787e+01
      vertex   2.581695e+01 4.370000e+01 -2.668305e+01
    endloop
  endfacet
  facet normal -1.305262e-01 0.000000e+00 9.914449e-01
    outer loop
      vertex   2.581695e+01 4.620000e+01 -2.668305e+01
      vertex   2.581695e+01 4.370000e+01 -2.668305e+01
      vertex   2.646400e+01 4.620000e+01 -2.659787e+01
    endloop
  endfacet
  facet normal -1.305262e-01 -3.709778e-16 9.914449e-01
    outer loop
      vertex   2.646400e+01 4.620000e+01 -2.659787e+01
      vertex   2.581695e+01 4.370000e+01 -2.668305e+01
      vertex   2.646400e+01 4.370000e+01 -2.659787e+01
    endloop
  endfacet
  facet normal -3.826834e-01 -1.087652e-15 9.238795e-01
    outer loop
      vertex   2.646400e+01 4.620000e+01 -2.659787e+01
      vertex   2.646400e+01 4.370000e+01 -2.659787e+01
      vertex   2.706695e+01 4.620000e+01 -2.634812e+01
    endloop
  endfacet
  facet normal -3.826834e-01 0.000000e+00 9.238795e-01
    outer loop
      vertex   2.706695e+01 4.620000e+01 -2.634812e+01
      vertex   2.646400e+01 4.370000e+01 -2.659787e+01
      vertex   2.706695e+01 4.370000e+01 -2.634812e+01
    endloop
  endfacet
  facet normal -6.087614e-01 0.000000e+00 7.933533e-01
    outer loop
      vertex   2.706695e+01 4.620000e+01 -2.634812e+01
      vertex   2.706695e+01 4.370000e+01 -2.634812e+01
      vertex   2.758472e+01 4.620000e+01 -2.595082e+01
    endloop
  endfacet
  facet normal -6.087614e-01 0.000000e+00 7.933533e-01
    outer loop
      vertex   2.758472e+01 4.620000e+01 -2.595082e+01
      vertex   2.706695e+01 4.370000e+01 -2.634812e+01
      vertex   2.758472e+01 4.370000e+01 -2.595082e+01
    endloop
  endfacet
  facet normal 0.000000e+00 -1.000000e+00 0.000000e+00
    outer loop
      vertex   7.640791e+01 3.800000e+01 3.388919e+01
      vertex   7.642315e+01 3.800000e+01 3.489821e+01
      vertex   7.500000e+01 3.800000e+01 3.400000e+01
    endloop
  endfacet
  facet normal 0.000000e+00 -1.000000e+00 0.000000e+00
    outer loop
      vertex   7.500000e+01 3.800000e+01 3.400000e+01
      vertex   7.642315e+01 3.800000e+01 3.489821e+01
      vertex   7.500000e+01 3.800000e+01 3.500000e+01
    endloop
  endfacet
  facet normal 0.000000e+00 -1.000000e+00 0.000000e+00
    outer loop
      vertex   7.500000e+01 3.800000e+01 3.400000e+01
      vertex   7.500000e+01 3.800000e+01 3.500000e+01
      vertex   -7.500000e+01 3.800000e+01 3.400000e+01
    endloop
  endfacet
  facet normal 0.000000e+00 -1.000000e+00 0.000000e+00
    outer loop
      vertex   -7.500000e+01 3.800000e+01 3.400000e+01
      vertex   7.500000e+01 3.800000e+01 3.500000e+01
      vertex   -7.500000e+01 3.800000e+01 3.500000e+01
    endloop
  endfacet
  facet normal 0.000000e+00 -1.000000e+00 0.000000e+00
    outer loop
      vertex   -7.500000e+01 3.800000e+01 3.400000e+01
      vertex   -7.500000e+01 3.800000e+01 3.500000e+01
      vertex   -7.642315e+01 3.800000e+01 3.489821e+01
    endloop
  endfacet
  facet normal 0.000000e+00 -1.000000e+00 -0.000000e+00
    outer loop
      vertex   7.642315e+01 3.800000e+01 3.489821e+01
      vertex   7.640791e+01 3.800000e+01 3.388919e+01
      vertex   7.781733e+01 3.800000e+01 3.459493e+01
    endloop
  endfacet
  facet normal 0.000000e+00 -1.000000e+00 0.000000e+00
    outer loop
      vertex   7.781733e+01 3.800000e+01 3.459493e+01
      vertex   7.640791e+01 3.800000e+01 3.388919e+01
      vertex   7.778115e+01 3.800000e+01 3.355951e+01
    endloop
  endfacet
  facet normal 0.000000e+00 -1.000000e+00 -0.000000e+00
    outer loop
      vertex   7.781733e+01 3.800000e+01 3.459493e+01
      vertex   7.778115e+01 3.800000e+01 3.355951e+01
      vertex   7.915415e+01 3.800000e+01 3.409632e+01
    endloop
  endfacet
  facet normal 0.000000e+00 -1.000000e+00 0.000000e+00
    outer loop
      vertex   7.915415e+01 3.800000e+01 3.409632e+01
      vertex   7.778115e+01 3.800000e+01 3.355951e+01
      vertex   7.908591e+01 3.800000e+01 3.301906e+01
    endloop
  endfacet
  facet normal 0.000000e+00 -1.000000e+00 -0.000000e+00
    outer loop
      vertex   7.915415e+01 3.800000e+01 3.409632e+01
      vertex   7.908591e+01 3.800000e+01 3.301906e+01
      vertex   8.040641e+01 3.800000e+01 3.341254e+01
    endloop
  endfacet
  facet normal 0.000000e+00 -1.000000e+00 0.000000e+00
    outer loop
      vertex   8.040641e+01 3.800000e+01 3.341254e+01
      vertex   7.908591e+01 3.800000e+01 3.301906e+01
      vertex   8.029007e+01 3.800000e+01 3.228115e+01
    endloop
  endfacet
  facet normal 0.000000e+00 -1.000000e+00 -0.000000e+00
    outer loop
      vertex   8.040641e+01 3.800000e+01 3.341254e+01
      vertex   8.029007e+01 3.800000e+01 3.228115e+01
      vertex   8.154861e+01 3.800000e+01 3.255750e+01
    endloop
  endfacet
  facet normal 0.000000e+00 -1.000000e+00 0.000000e+00
    outer loop
      vertex   8.154861e+01 3.800000e+01 3.255750e+01
      vertex   8.029007e+01 3.800000e+01 3.228115e+01
      vertex   8.136396e+01 3.800000e+01 3.136396e+01
    endloop
  endfacet
  facet normal 0.000000e+00 -1.000000e+00 -0.000000e+00
    outer loop
      vertex   8.154861e+01 3.800000e+01 3.255750e+01
      vertex   8.136396e+01 3.800000e+01 3.136396e+01
      vertex   8.255750e+01 3.800000e+01 3.154861e+01
    endloop
  endfacet
  facet normal 0.000000e+00 -1.000000e+00 0.000000e+00
    outer loop
      vertex   8.255750e+01 3.800000e+01 3.154861e+01
      vertex   8.136396e+01 3.800000e+01 3.136396e+01
      vertex   8.228115e+01 3.800000e+01 3.029007e+01
    endloop
  endfacet
  facet normal 0.000000e+00 -1.000000e+00 -0.000000e+00
    outer loop
      vertex   8.255750e+01 3.800000e+01 3.154861e+01
      vertex   8.228115e+01 3.800000e+01 3.029007e+01
      vertex   8.341254e+01 3.800000e+01 3.040641e+01
    endloop
  endfacet
  facet normal 0.000000e+00 -1.000000e+00 0.000000e+00
    outer loop
      vertex   8.341254e+01 3.800000e+01 3.040641e+01
      vertex   8.228115e+01 3.800000e+01 3.029007e+01
      vertex   8.301906e+01 3.800000e+01 2.908591e+01
    endloop
  endfacet
  facet normal 0.000000e+00 -1.000000e+00 -0.000000e+00
    outer loop
      vertex   8.341254e+01 3.800000e+01 3.040641e+01
      vertex   8.301906e+01 3.800000e+01 2.908591e+01
      vertex   8.409632e+01 3.800000e+01 2.915415e+01
    endloop
  endfacet
  facet normal 0.000000e+00 -1.000000e+00 0.000000e+00
    outer loop
      vertex   8.409632e+01 3.800000e+01 2.915415e+01
      vertex   8.301906e+01 3.800000e+01 2.908591e+01
      vertex   8.355951e+01 3.800000e+01 2.778115e+01
    endloop
  endfacet
  facet normal 0.000000e+00 -1.000000e+00 -0.000000e+00
    outer loop
      vertex   8.409632e+01 3.800000e+01 2.915415e+01
      vertex   8.355951e+01 3.800000e+01 2.778115e+01
      vertex   8.459493e+01 3.800000e+01 2.781733e+01
    endloop
  endfacet
  facet normal 0.000000e+00 -1.000000e+00 0.000000e+00
    outer loop
      vertex   8.459493e+01 3.800000e+01 2.781733e+01
      vertex   8.355951e+01 3.800000e+01 2.778115e+01
      vertex   8.388919e+01 3.800000e+01 2.640791e+01
    endloop
  endfacet
  facet normal 0.000000e+00 -1.000000e+00 -0.000000e+00
    outer loop
      vertex   8.459493e+01 3.800000e+01 2.781733e+01
      vertex   8.388919e+01 3.800000e+01 2.640791e+01
      vertex   8.489821e+01 3.800000e+01 2.642315e+01
    endloop
  endfacet
  facet normal 0.000000e+00 -1.000000e+00 0.000000e+00
    outer loop
      vertex   8.489821e+01 3.800000e+01 2.642315e+01
      vertex   8.388919e+01 3.800000e+01 2.640791e+01
      vertex   8.400000e+01 3.800000e+01 2.500000e+01
    endloop
  endfacet
  facet normal 0.000000e+00 -1.000000e+00 -0.000000e+00
    outer loop
      vertex   8.489821e+01 3.800000e+01 2.642315e+01
      vertex   8.400000e+01 3.800000e+01 2.500000e+01
      vertex   8.500000e+01 3.800000e+01 2.500000e+01
    endloop
  endfacet
  facet normal -0.000000e+00 -1.000000e+00 0.000000e+00
    outer loop
      vertex   8.500000e+01 3.800000e+01 2.500000e+01
      vertex   8.400000e+01 3.800000e+01 2.500000e+01
      vertex   8.400000e+01 3.800000e+01 -2.500000e+01
    endloop
  endfacet
  facet normal 0.000000e+00 -1.000000e+00 -0.000000e+00
    outer loop
      vertex   8.500000e+01 3.800000e+01 2.500000e+01
      vertex   8.400000e+01 3.800000e+01 -2.500000e+01
      vertex   8.500000e+01 3.800000e+01 -2.500000e+01
    endloop
  endfacet
  facet normal -0.000000e+00 -1.000000e+00 0.000000e+00
    outer loop
      vertex   8.500000e+01 3.800000e+01 -2.500000e+01
      vertex   8.400000e+01 3.800000e+01 -2.500000e+01
      vertex   8.489821e+01 3.800000e+01 -2.642315e+01
    endloop
  endfacet
  facet normal 0.000000e+00 -1.000000e+00 0.000000e+00
    outer loop
      vertex   8.489821e+01 3.800000e+01 -2.642315e+01
      vertex   8.400000e+01 3.800000e+01 -2.500000e+01
      vertex   8.388919e+01 3.800000e+01 -2.640791e+01
    endloop
  endfacet
  facet normal -0.000000e+00 -1.000000e+00 0.000000e+00
    outer loop
      vertex   8.489821e+01 3.800000e+01 -2.642315e+01
      vertex   8.388919e+01 3.800000e+01 -2.640791e+01
      vertex   8.459493e+01 3.800000e+01 -2.781733e+01
    endloop
  endfacet
  facet normal 0.000000e+00 -1.000000e+00 0.000000e+00
    outer loop
      vertex   8.459493e+01 3.800000e+01 -2.781733e+01
      vertex   8.388919e+01 3.800000e+01 -2.640791e+01
      vertex   8.355951e+01 3.800000e+01 -2.778115e+01
    endloop
  endfacet
  facet normal -0.000000e+00 -1.000000e+00 0.000000e+00
    outer loop
      vertex   8.459493e+01 3.800000e+01 -2.781733e+01
      vertex   8.355951e+01 3.800000e+01 -2.778115e+01
      vertex   8.409632e+01 3.800000e+01 -2.915415e+01
    endloop
  endfacet
  facet normal 0.000000e+00 -1.000000e+00 0.000000e+00
    outer loop
      vertex   8.409632e+01 3.800000e+01 -2.915415e+01
      vertex   8.355951e+01 3.800000e+01 -2.778115e+01
      vertex   8.301906e+01 3.800000e+01 -2.908591e+01
    endloop
  endfacet
  facet normal -0.000000e+00 -1.000000e+00 0.000000e+00
    outer loop
      vertex   8.409632e+01 3.800000e+01 -2.915415e+01
      vertex   8.301906e+01 3.800000e+01 -2.908591e+01
      vertex   8.341254e+01 3.800000e+01 -3.040641e+01
    endloop
  endfacet
  facet normal 0.000000e+00 -1.000000e+00 0.000000e+00
    outer loop
      vertex   8.341254e+01 3.800000e+01 -3.040641e+01
      vertex   8.301906e+01 3.800000e+01 -2.908591e+01
      vertex   8.228115e+01 3.800000e+01 -3.029007e+01
    endloop
  endfacet
  facet normal -0.000000e+00 -1.000000e+00 0.000000e+00
    outer loop
      vertex   8.341254e+01 3.800000e+01 -3.040641e+01
      vertex   8.228115e+01 3.800000e+01 -3.029007e+01
      vertex   8.255750e+01 3.800000e+01 -3.154861e+01
    endloop
  endfacet
  facet normal 0.000000e+00 -1.000000e+00 0.000000e+00
    outer loop
      vertex   8.255750e+01 3.800000e+01 -3.154861e+01
      vertex   8.228115e+01 3.800000e+01 -3.029007e+01
      vertex   8.136396e+01 3.800000e+01 -3.136396e+01
    endloop
  endfacet
  facet normal -0.000000e+00 -1.000000e+00 0.000000e+00
    outer loop
      vertex   8.255750e+01 3.800000e+01 -3.154861e+01
      vertex   8.136396e+01 3.800000e+01 -3.136396e+01
      vertex   8.154861e+01 3.800000e+01 -3.255750e+01
    endloop
  endfacet
  facet normal 0.000000e+00 -1.000000e+00 0.000000e+00
    outer loop
      vertex   8.154861e+01 3.800000e+01 -3.255750e+01
      vertex   8.136396e+01 3.800000e+01 -3.136396e+01
      vertex   8.029007e+01 3.800000e+01 -3.228115e+01
    endloop
  endfacet
  facet normal -0.000000e+00 -1.000000e+00 0.000000e+00
    outer loop
      vertex   8.154861e+01 3.800000e+01 -3.255750e+01
      vertex   8.029007e+01 3.800000e+01 -3.228115e+01
      vertex   8.040641e+01 3.800000e+01 -3.341254e+01
    endloop
  endfacet
  facet normal 0.000000e+00 -1.000000e+00 0.000000e+00
    outer loop
      vertex   8.040641e+01 3.800000e+01 -3.341254e+01
      vertex   8.029007e+01 3.800000e+01 -3.228115e+01
      vertex   7.908591e+01 3.800000e+01 -3.301906e+01
    endloop
  endfacet
  facet normal -0.000000e+00 -1.000000e+00 0.000000e+00
    outer loop
      vertex   8.040641e+01 3.800000e+01 -3.341254e+01
      vertex   7.908591e+01 3.800000e+01 -3.301906e+01
      vertex   7.915415e+01 3.800000e+01 -3.409632e+01
    endloop
  endfacet
  facet normal 0.000000e+00 -1.000000e+00 0.000000e+00
    outer loop
      vertex   7.915415e+01 3.800000e+01 -3.409632e+01
      vertex   7.908591e+01 3.800000e+01 -3.301906e+01
      vertex   7.778115e+01 3.800000e+01 -3.355951e+01
    endloop
  endfacet
  facet normal -0.000000e+00 -1.000000e+00 0.000000e+00
    outer loop
      vertex   7.915415e+01 3.800000e+01 -3.409632e+01
      vertex   7.778115e+01 3.800000e+01 -3.355951e+01
      vertex   7.781733e+01 3.800000e+01 -3.459493e+01
    endloop
  endfacet
  facet normal 0.000000e+00 -1.000000e+00 0.000000e+00
    outer loop
      vertex   7.781733e+01 3.800000e+01 -3.459493e+01
      vertex   7.778115e+01 3.800000e+01 -3.355951e+01
      vertex   7.640791e+01 3.800000e+01 -3.388919e+01
    endloop
  endfacet
  facet normal -0.000000e+00 -1.000000e+00 0.000000e+00
    outer loop
      vertex   7.781733e+01 3.800000e+01 -3.459493e+01
      vertex   7.640791e+01 3.800000e+01 -3.388919e+01
      vertex   7.642315e+01 3.800000e+01 -3.489821e+01
    endloop
  endfacet
  facet normal 0.000000e+00 -1.000000e+00 0.000000e+00
    outer loop
      vertex   7.642315e+01 3.800000e+01 -3.489821e+01
      vertex   7.640791e+01 3.800000e+01 -3.388919e+01
      vertex   7.500000e+01 3.800000e+01 -3.400000e+01
    endloop
  endfacet
  facet normal -0.000000e+00 -1.000000e+00 0.000000e+00
    outer loop
      vertex   7.642315e+01 3.800000e+01 -3.489821e+01
      vertex   7.500000e+01 3.800000e+01 -3.400000e+01
      vertex   7.500000e+01 3.800000e+01 -3.500000e+01
    endloop
  endfacet
  facet normal 0.000000e+00 -1.000000e+00 0.000000e+00
    outer loop
      vertex   7.500000e+01 3.800000e+01 -3.500000e+01
      vertex   7.500000e+01 3.800000e+01 -3.400000e+01
      vertex   -7.500000e+01 3.800000e+01 -3.500000e+01
    endloop
  endfacet
  facet normal 0.000000e+00 -1.000000e+00 0.000000e+00
    outer loop
      vertex   -7.500000e+01 3.800000e+01 -3.500000e+01
      vertex   7.500000e+01 3.800000e+01 -3.400000e+01
      vertex   -7.500000e+01 3.800000e+01 -3.400000e+01
    endloop
  endfacet
  facet normal 0.000000e+00 -1.000000e+00 0.000000e+00
    outer loop
      vertex   -7.500000e+01 3.800000e+01 -3.500000e+01
      vertex   -7.500000e+01 3.800000e+01 -3.400000e+01
      vertex   -7.642315e+01 3.800000e+01 -3.489821e+01
    endloop
  endfacet
  facet normal 0.000000e+00 -1.000000e+00 0.000000e+00
    outer loop
      vertex   -7.642315e+01 3.800000e+01 -3.489821e+01
      vertex   -7.500000e+01 3.800000e+01 -3.400000e+01
      vertex   -7.640791e+01 3.800000e+01 -3.388919e+01
    endloop
  endfacet
  facet normal 0.000000e+00 -1.000000e+00 0.000000e+00
    outer loop
      vertex   -7.642315e+01 3.800000e+01 -3.489821e+01
      vertex   -7.640791e+01 3.800000e+01 -3.388919e+01
      vertex   -7.781733e+01 3.800000e+01 -3.459493e+01
    endloop
  endfacet
  facet normal 0.000000e+00 -1.000000e+00 0.000000e+00
    outer loop
      vertex   -7.781733e+01 3.800000e+01 -3.459493e+01
      vertex   -7.640791e+01 3.800000e+01 -3.388919e+01
      vertex   -7.778115e+01 3.800000e+01 -3.355951e+01
    endloop
  endfacet
  facet normal 0.000000e+00 -1.000000e+00 0.000000e+00
    outer loop
      vertex   -7.781733e+01 3.800000e+01 -3.459493e+01
      vertex   -7.778115e+01 3.800000e+01 -3.355951e+01
      vertex   -7.915415e+01 3.800000e+01 -3.409632e+01
    endloop
  endfacet
  facet normal 0.000000e+00 -1.000000e+00 0.000000e+00
    outer loop
      vertex   -7.915415e+01 3.800000e+01 -3.409632e+01
      vertex   -7.778115e+01 3.800000e+01 -3.355951e+01
      vertex   -7.908591e+01 3.800000e+01 -3.301906e+01
    endloop
  endfacet
  facet normal 0.000000e+00 -1.000000e+00 0.000000e+00
    outer loop
      vertex   -7.915415e+01 3.800000e+01 -3.409632e+01
      vertex   -7.908591e+01 3.800000e+01 -3.301906e+01
      vertex   -8.040641e+01 3.800000e+01 -3.341254e+01
    endloop
  endfacet
  facet normal 0.000000e+00 -1.000000e+00 0.000000e+00
    outer loop
      vertex   -8.040641e+01 3.800000e+01 -3.341254e+01
      vertex   -7.908591e+01 3.800000e+01 -3.301906e+01
      vertex   -8.029007e+01 3.800000e+01 -3.228115e+01
    endloop
  endfacet
  facet normal 0.000000e+00 -1.000000e+00 0.000000e+00
    outer loop
      vertex   -8.040641e+01 3.800000e+01 -3.341254e+01
      vertex   -8.029007e+01 3.800000e+01 -3.228115e+01
      vertex   -8.154861e+01 3.800000e+01 -3.255750e+01
    endloop
  endfacet
  facet normal 0.000000e+00 -1.000000e+00 0.000000e+00
    outer loop
      vertex   -8.154861e+01 3.800000e+01 -3.255750e+01
      vertex   -8.029007e+01 3.800000e+01 -3.228115e+01
      vertex   -8.136396e+01 3.800000e+01 -3.136396e+01
    endloop
  endfacet
  facet normal 0.000000e+00 -1.000000e+00 0.000000e+00
    outer loop
      vertex   -8.154861e+01 3.800000e+01 -3.255750e+01
      vertex   -8.136396e+01 3.800000e+01 -3.136396e+01
      vertex   -8.255750e+01 3.800000e+01 -3.154861e+01
    endloop
  endfacet
  facet normal 0.000000e+00 -1.000000e+00 0.000000e+00
    outer loop
      vertex   -8.255750e+01 3.800000e+01 -3.154861e+01
      vertex   -8.136396e+01 3.800000e+01 -3.136396e+01
      vertex   -8.228115e+01 3.800000e+01 -3.029007e+01
    endloop
  endfacet
  facet normal 0.000000e+00 -1.000000e+00 0.000000e+00
    outer loop
      vertex   -8.255750e+01 3.800000e+01 -3.154861e+01
      vertex   -8.228115e+01 3.800000e+01 -3.029007e+01
      vertex   -8.341254e+01 3.800000e+01 -3.040641e+01
    endloop
  endfacet
  facet normal 0.000000e+00 -1.000000e+00 0.000000e+00
    outer loop
      vertex   -8.341254e+01 3.800000e+01 -3.040641e+01
      vertex   -8.228115e+01 3.800000e+01 -3.029007e+01
      vertex   -8.301906e+01 3.800000e+01 -2.908591e+01
    endloop
  endfacet
  facet normal 0.000000e+00 -1.000000e+00 0.000000e+00
    outer loop
      vertex   -8.341254e+01 3.800000e+01 -3.040641e+01
      vertex   -8.301906e+01 3.800000e+01 -2.908591e+01
      vertex   -8.409632e+01 3.800000e+01 -2.915415e+01
    endloop
  endfacet
  facet normal 0.000000e+00 -1.000000e+00 0.000000e+00
    outer loop
      vertex   -8.409632e+01 3.800000e+01 -2.915415e+01
      vertex   -8.301906e+01 3.800000e+01 -2.908591e+01
      vertex   -8.355951e+01 3.800000e+01 -2.778115e+01
    endloop
  endfacet
  facet normal 0.000000e+00 -1.000000e+00 0.000000e+00
    outer loop
      vertex   -8.409632e+01 3.800000e+01 -2.915415e+01
      vertex   -8.355951e+01 3.800000e+01 -2.778115e+01
      vertex   -8.459493e+01 3.800000e+01 -2.781733e+01
    endloop
  endfacet
  facet normal 0.000000e+00 -1.000000e+00 0.000000e+00
    outer loop
      vertex   -8.459493e+01 3.800000e+01 -2.781733e+01
      vertex   -8.355951e+01 3.800000e+01 -2.778115e+01
      vertex   -8.388919e+01 3.800000e+01 -2.640791e+01
    endloop
  endfacet
  facet normal 0.000000e+00 -1.000000e+00 0.000000e+00
    outer loop
      vertex   -8.459493e+01 3.800000e+01 -2.781733e+01
      vertex   -8.388919e+01 3.800000e+01 -2.640791e+01
      vertex   -8.489821e+01 3.800000e+01 -2.642315e+01
    endloop
  endfacet
  facet normal 0.000000e+00 -1.000000e+00 0.000000e+00
    outer loop
      vertex   -8.489821e+01 3.800000e+01 -2.642315e+01
      vertex   -8.388919e+01 3.800000e+01 -2.640791e+01
      vertex   -8.400000e+01 3.800000e+01 -2.500000e+01
    endloop
  endfacet
  facet normal 0.000000e+00 -1.000000e+00 0.000000e+00
    outer loop
      vertex   -8.489821e+01 3.800000e+01 -2.642315e+01
      vertex   -8.400000e+01 3.800000e+01 -2.500000e+01
      vertex   -8.500000e+01 3.800000e+01 -2.500000e+01
    endloop
  endfacet
  facet normal 0.000000e+00 -1.000000e+00 0.000000e+00
    outer loop
      vertex   -8.500000e+01 3.800000e+01 -2.500000e+01
      vertex   -8.400000e+01 3.800000e+01 -2.500000e+01
      vertex   -8.400000e+01 3.800000e+01 2.500000e+01
    endloop
  endfacet
  facet normal 0.000000e+00 -1.000000e+00 0.000000e+00
    outer loop
      vertex   -8.500000e+01 3.800000e+01 -2.500000e+01
      vertex   -8.400000e+01 3.800000e+01 2.500000e+01
      vertex   -8.500000e+01 3.800000e+01 2.500000e+01
    endloop
  endfacet
  facet normal 0.000000e+00 -1.000000e+00 0.000000e+00
    outer loop
      vertex   -8.500000e+01 3.800000e+01 2.500000e+01
      vertex   -8.400000e+01 3.800000e+01 2.500000e+01
      vertex   -8.489821e+01 3.800000e+01 2.642315e+01
    endloop
  endfacet
  facet normal 0.000000e+00 -1.000000e+00 0.000000e+00
    outer loop
      vertex   -8.489821e+01 3.800000e+01 2.642315e+01
      vertex   -8.400000e+01 3.800000e+01 2.500000e+01
      vertex   -8.388919e+01 3.800000e+01 2.640791e+01
    endloop
  endfacet
  facet normal 0.000000e+00 -1.000000e+00 0.000000e+00
    outer loop
      vertex   -8.489821e+01 3.800000e+01 2.642315e+01
      vertex   -8.388919e+01 3.800000e+01 2.640791e+01
      vertex   -8.459493e+01 3.800000e+01 2.781733e+01
    endloop
  endfacet
  facet normal 0.000000e+00 -1.000000e+00 0.000000e+00
    outer loop
      vertex   -8.459493e+01 3.800000e+01 2.781733e+01
      vertex   -8.388919e+01 3.800000e+01 2.640791e+01
      vertex   -8.355951e+01 3.800000e+01 2.778115e+01
    endloop
  endfacet
  facet normal 0.000000e+00 -1.000000e+00 0.000000e+00
    outer loop
      vertex   -8.459493e+01 3.800000e+01 2.781733e+01
      vertex   -8.355951e+01 3.800000e+01 2.778115e+01
      vertex   -8.409632e+01 3.800000e+01 2.915415e+01
    endloop
  endfacet
  facet normal 0.000000e+00 -1.000000e+00 0.000000e+00
    outer loop
      vertex   -8.409632e+01 3.800000e+01 2.915415e+01
      vertex   -8.355951e+01 3.800000e+01 2.778115e+01
      vertex   -8.301906e+01 3.800000e+01 2.908591e+01
    endloop
  endfacet
  facet normal 0.000000e+00 -1.000000e+00 0.000000e+00
    outer loop
      vertex   -8.409632e+01 3.800000e+01 2.915415e+01
      vertex   -8.301906e+01 3.800000e+01 2.908591e+01
      vertex   -8.341254e+01 3.800000e+01 3.040641e+01
    endloop
  endfacet
  facet normal 0.000000e+00 -1.000000e+00 0.000000e+00
    outer loop
      vertex   -8.341254e+01 3.800000e+01 3.040641e+01
      vertex   -8.301906e+01 3.800000e+01 2.908591e+01
      vertex   -8.228115e+01 3.800000e+01 3.029007e+01
    endloop
  endfacet
  facet normal 0.000000e+00 -1.000000e+00 0.000000e+00
    outer loop
      vertex   -8.341254e+01 3.800000e+01 3.040641e+01
      vertex   -8.228115e+01 3.800000e+01 3.029007e+01
      vertex   -8.255750e+01 3.800000e+01 3.154861e+01
    endloop
  endfacet
  facet normal 0.000000e+00 -1.000000e+00 0.000000e+00
    outer loop
      vertex   -8.255750e+01 3.800000e+01 3.154861e+01
      vertex   -8.228115e+01 3.800000e+01 3.029007e+01
      vertex   -8.136396e+01 3.800000e+01 3.136396e+01
    endloop
  endfacet
  facet normal 0.000000e+00 -1.000000e+00 0.000000e+00
    outer loop
      vertex   -8.255750e+01 3.800000e+01 3.154861e+01
      vertex   -8.136396e+01 3.800000e+01 3.136396e+01
      vertex   -8.154861e+01 3.800000e+01 3.255750e+01
    endloop
  endfacet
  facet normal 0.000000e+00 -1.000000e+00 0.000000e+00
    outer loop
      vertex   -8.154861e+01 3.800000e+01 3.255750e+01
      vertex   -8.136396e+01 3.800000e+01 3.136396e+01
      vertex   -8.029007e+01 3.800000e+01 3.228115e+01
    endloop
  endfacet
  facet normal 0.000000e+00 -1.000000e+00 0.000000e+00
    outer loop
      vertex   -8.154861e+01 3.800000e+01 3.255750e+01
      vertex   -8.029007e+01 3.800000e+01 3.228115e+01
      vertex   -8.040641e+01 3.800000e+01 3.341254e+01
    endloop
  endfacet
  facet normal 0.000000e+00 -1.000000e+00 0.000000e+00
    outer loop
      vertex   -8.040641e+01 3.800000e+01 3.341254e+01
      vertex   -8.029007e+01 3.800000e+01 3.228115e+01
      vertex   -7.908591e+01 3.800000e+01 3.301906e+01
    endloop
  endfacet
  facet normal 0.000000e+00 -1.000000e+00 0.000000e+00
    outer loop
      vertex   -8.040641e+01 3.800000e+01 3.341254e+01
      vertex   -7.908591e+01 3.800000e+01 3.301906e+01
      vertex   -7.915415e+01 3.800000e+01 3.409632e+01
    endloop
  endfacet
  facet normal 0.000000e+00 -1.000000e+00 0.000000e+00
    outer loop
      vertex   -7.915415e+01 3.800000e+01 3.409632e+01
      vertex   -7.908591e+01 3.800000e+01 3.301906e+01
      vertex   -7.778115e+01 3.800000e+01 3.355951e+01
    endloop
  endfacet
  facet normal 0.000000e+00 -1.000000e+00 0.000000e+00
    outer loop
      vertex   -7.915415e+01 3.800000e+01 3.409632e+01
      vertex   -7.778115e+01 3.800000e+01 3.355951e+01
      vertex   -7.781733e+01 3.800000e+01 3.459493e+01
    endloop
  endfacet
  facet normal 0.000000e+00 -1.000000e+00 0.000000e+00
    outer loop
      vertex   -7.781733e+01 3.800000e+01 3.459493e+01
      vertex   -7.778115e+01 3.800000e+01 3.355951e+01
      vertex   -7.640791e+01 3.800000e+01 3.388919e+01
    endloop
  endfacet
  facet normal 0.000000e+00 -1.000000e+00 0.000000e+00
    outer loop
      vertex   -7.781733e+01 3.800000e+01 3.459493e+01
      vertex   -7.640791e+01 3.800000e+01 3.388919e+01
      vertex   -7.642315e+01 3.800000e+01 3.489821e+01
    endloop
  endfacet
  facet normal 0.000000e+00 -1.000000e+00 0.000000e+00
    outer loop
      vertex   -7.642315e+01 3.800000e+01 3.489821e+01
      vertex   -7.640791e+01 3.800000e+01 3.388919e+01
      vertex   -7.500000e+01 3.800000e+01 3.400000e+01
    endloop
  endfacet
  facet normal 0.000000e+00 1.000000e+00 0.000000e+00
    outer loop
      vertex   -7.595082e+01 4.620000e+01 2.584715e+00
      vertex   -7.353600e+01 4.620000e+01 2.176824e+01
      vertex   -5.258472e+01 4.620000e+01 2.595082e+01
    endloop
  endfacet
  facet normal 0.000000e+00 1.000000e+00 0.000000e+00
    outer loop
      vertex   -5.258472e+01 4.620000e+01 2.595082e+01
      vertex   -7.353600e+01 4.620000e+01 2.176824e+01
      vertex   -7.293305e+01 4.620000e+01 2.201799e+01
    endloop
  endfacet
  facet normal 0.000000e+00 1.000000e+00 0.000000e+00
    outer loop
      vertex   -5.258472e+01 4.620000e+01 2.595082e+01
      vertex   -7.293305e+01 4.620000e+01 2.201799e+01
      vertex   -7.241528e+01 4.620000e+01 2.241528e+01
    endloop
  endfacet
  facet normal 0.000000e+00 1.000000e+00 -0.000000e+00
    outer loop
      vertex   -7.634812e+01 4.620000e+01 2.066948e+00
      vertex   -8.500000e+01 4.620000e+01 2.500000e+01
      vertex   -7.595082e+01 4.620000e+01 2.584715e+00
    endloop
  endfacet
  facet normal 0.000000e+00 1.000000e+00 -0.000000e+00
    outer loop
      vertex   -7.595082e+01 4.620000e+01 2.584715e+00
      vertex   -8.500000e+01 4.620000e+01 2.500000e+01
      vertex   -7.543305e+01 4.620000e+01 2.201799e+01
    endloop
  endfacet
  facet normal 0.000000e+00 1.000000e+00 0.000000e+00
    outer loop
      vertex   -7.595082e+01 4.620000e+01 2.584715e+00
      vertex   -7.543305e+01 4.620000e+01 2.201799e+01
      vertex   -7.483010e+01 4.620000e+01 2.176824e+01
    endloop
  endfacet
  facet normal 0.000000e+00 1.000000e+00 0.000000e+00
    outer loop
      vertex   -7.634812e+01 4.620000e+01 2.066948e+00
      vertex   -7.659787e+01 4.620000e+01 1.463996e+00
      vertex   -8.500000e+01 4.620000e+01 2.500000e+01
    endloop
  endfacet
  facet normal 0.000000e+00 1.000000e+00 0.000000e+00
    outer loop
      vertex   -8.500000e+01 4.620000e+01 2.500000e+01
      vertex   -7.659787e+01 4.620000e+01 1.463996e+00
      vertex   -7.668305e+01 4.620000e+01 8.169481e-01
    endloop
  endfacet
  facet normal 0.000000e+00 1.000000e+00 0.000000e+00
    outer loop
      vertex   -8.500000e+01 4.620000e+01 2.500000e+01
      vertex   -7.668305e+01 4.620000e+01 8.169481e-01
      vertex   -8.500000e+01 4.620000e+01 -2.500000e+01
    endloop
  endfacet
  facet normal 0.000000e+00 1.000000e+00 0.000000e+00
    outer loop
      vertex   -8.500000e+01 4.620000e+01 -2.500000e+01
      vertex   -7.668305e+01 4.620000e+01 8.169481e-01
      vertex   -7.659787e+01 4.620000e+01 1.699005e-01
    endloop
  endfacet
  facet normal 0.000000e+00 1.000000e+00 0.000000e+00
    outer loop
      vertex   -8.500000e+01 4.620000e+01 -2.500000e+01
      vertex   -7.659787e+01 4.620000e+01 1.699005e-01
      vertex   -7.634812e+01 4.620000e+01 -4.330519e-01
    endloop
  endfacet
  facet normal 0.000000e+00 1.000000e+00 0.000000e+00
    outer loop
      vertex   -7.634812e+01 4.620000e+01 -4.330519e-01
      vertex   -7.595082e+01 4.620000e+01 -9.508189e-01
      vertex   -8.500000e+01 4.620000e+01 -2.500000e+01
    endloop
  endfacet
  facet normal 0.000000e+00 1.000000e+00 0.000000e+00
    outer loop
      vertex   -8.500000e+01 4.620000e+01 -2.500000e+01
      vertex   -7.595082e+01 4.620000e+01 -9.508189e-01
      vertex   -7.543305e+01 4.620000e+01 -1.348115e+00
    endloop
  endfacet
  facet normal 0.000000e+00 1.000000e+00 0.000000e+00
    outer loop
      vertex   -8.500000e+01 4.620000e+01 -2.500000e+01
      vertex   -7.543305e+01 4.620000e+01 -1.348115e+00
      vertex   -7.595082e+01 4.620000e+01 -2.241528e+01
    endloop
  endfacet
  facet normal 0.000000e+00 1.000000e+00 0.000000e+00
    outer loop
      vertex   -7.595082e+01 4.620000e+01 -2.241528e+01
      vertex   -7.543305e+01 4.620000e+01 -1.348115e+00
      vertex   -7.483010e+01 4.620000e+01 -1.597866e+00
    endloop
  endfacet
  facet normal 0.000000e+00 1.000000e+00 0.000000e+00
    outer loop
      vertex   -7.595082e+01 4.620000e+01 -2.241528e+01
      vertex   -7.483010e+01 4.620000e+01 -1.597866e+00
      vertex   -7.418305e+01 4.620000e+01 -1.683052e+00
    endloop
  endfacet
  facet normal -0.000000e+00 1.000000e+00 0.000000e+00
    outer loop
      vertex   -7.418305e+01 4.620000e+01 -1.683052e+00
      vertex   -7.353600e+01 4.620000e+01 -1.597866e+00
      vertex   -7.595082e+01 4.620000e+01 -2.241528e+01
    endloop
  endfacet
  facet normal 0.000000e+00 1.000000e+00 0.000000e+00
    outer loop
      vertex   -7.595082e+01 4.620000e+01 -2.241528e+01
      vertex   -7.353600e+01 4.620000e+01 -1.597866e+00
      vertex   -7.293305e+01 4.620000e+01 -1.348115e+00
    endloop
  endfacet
  facet normal 0.000000e+00 1.000000e+00 0.000000e+00
    outer loop
      vertex   -7.595082e+01 4.620000e+01 -2.241528e+01
      vertex   -7.293305e+01 4.620000e+01 -1.348115e+00
      vertex   -7.241528e+01 4.620000e+01 -9.508189e-01
    endloop
  endfacet
  facet normal 0.000000e+00 1.000000e+00 0.000000e+00
    outer loop
      vertex   -7.595082e+01 4.620000e+01 -2.241528e+01
      vertex   -7.241528e+01 4.620000e+01 -9.508189e-01
      vertex   -2.758472e+01 4.620000e+01 2.595082e+01
    endloop
  endfacet
  facet normal 0.000000e+00 1.000000e+00 0.000000e+00
    outer loop
      vertex   -2.758472e+01 4.620000e+01 2.595082e+01
      vertex   -7.241528e+01 4.620000e+01 -9.508189e-01
      vertex   -4.904918e+01 4.620000e+01 2.241528e+01
    endloop
  endfacet
  facet normal 0.000000e+00 1.000000e+00 0.000000e+00
    outer loop
      vertex   -2.758472e+01 4.620000e+01 2.595082e+01
      vertex   -4.904918e+01 4.620000e+01 2.241528e+01
      vertex   -4.865188e+01 4.620000e+01 2.293305e+01
    endloop
  endfacet
  facet normal 0.000000e+00 1.000000e+00 0.000000e+00
    outer loop
      vertex   -4.865188e+01 4.620000e+01 2.293305e+01
      vertex   -4.840213e+01 4.620000e+01 2.353600e+01
      vertex   -2.758472e+01 4.620000e+01 2.595082e+01
    endloop
  endfacet
  facet normal 0.000000e+00 1.000000e+00 0.000000e+00
    outer loop
      vertex   -2.758472e+01 4.620000e+01 2.595082e+01
      vertex   -4.840213e+01 4.620000e+01 2.353600e+01
      vertex   -4.831695e+01 4.620000e+01 2.418305e+01
    endloop
  endfacet
  facet normal 0.000000e+00 1.000000e+00 0.000000e+00
    outer loop
      vertex   -2.758472e+01 4.620000e+01 2.595082e+01
      vertex   -4.831695e+01 4.620000e+01 2.418305e+01
      vertex   -4.840213e+01 4.620000e+01 2.483010e+01
    endloop
  endfacet
  facet normal 0.000000e+00 1.000000e+00 -0.000000e+00
    outer loop
      vertex   -4.840213e+01 4.620000e+01 2.483010e+01
      vertex   -4.865188e+01 4.620000e+01 2.543305e+01
      vertex   -2.758472e+01 4.620000e+01 2.595082e+01
    endloop
  endfacet
  facet normal 0.000000e+00 1.000000e+00 0.000000e+00
    outer loop
      vertex   -2.758472e+01 4.620000e+01 2.595082e+01
      vertex   -4.865188e+01 4.620000e+01 2.543305e+01
      vertex   -4.904918e+01 4.620000e+01 2.595082e+01
    endloop
  endfacet
  facet normal 0.000000e+00 1.000000e+00 -0.000000e+00
    outer loop
      vertex   -2.758472e+01 4.620000e+01 2.595082e+01
      vertex   -4.904918e+01 4.620000e+01 2.595082e+01
      vertex   -2.706695e+01 4.620000e+01 2.634812e+01
    endloop
  endfacet
  facet normal 0.000000e+00 1.000000e+00 0.000000e+00
    outer loop
      vertex   -2.706695e+01 4.620000e+01 2.634812e+01
      vertex   -4.904918e+01 4.620000e+01 2.595082e+01
      vertex   -4.956695e+01 4.620000e+01 2.634812e+01
    endloop
  endfacet
  facet normal 0.000000e+00 1.000000e+00 -0.000000e+00
    outer loop
      vertex   -2.706695e+01 4.620000e+01 2.634812e+01
      vertex   -4.956695e+01 4.620000e+01 2.634812e+01
      vertex   -2.646400e+01 4.620000e+01 2.659787e+01
    endloop
  endfacet
  facet normal 0.000000e+00 1.000000e+00 0.000000e+00
    outer loop
      vertex   -2.646400e+01 4.620000e+01 2.659787e+01
      vertex   -4.956695e+01 4.620000e+01 2.634812e+01
      vertex   -5.016990e+01 4.620000e+01 2.659787e+01
    endloop
  endfacet
  facet normal 0.000000e+00 1.000000e+00 -0.000000e+00
    outer loop
      vertex   -2.646400e+01 4.620000e+01 2.659787e+01
      vertex   -5.016990e+01 4.620000e+01 2.659787e+01
      vertex   -2.581695e+01 4.620000e+01 2.668305e+01
    endloop
  endfacet
  facet normal 0.000000e+00 1.000000e+00 0.000000e+00
    outer loop
      vertex   -2.581695e+01 4.620000e+01 2.668305e+01
      vertex   -5.016990e+01 4.620000e+01 2.659787e+01
      vertex   -5.081695e+01 4.620000e+01 2.668305e+01
    endloop
  endfacet
  facet normal 0.000000e+00 1.000000e+00 0.000000e+00
    outer loop
      vertex   -2.581695e+01 4.620000e+01 2.668305e+01
      vertex   -5.081695e+01 4.620000e+01 2.668305e+01
      vertex   -7.500000e+01 4.620000e+01 3.500000e+01
    endloop
  endfacet
  facet normal 0.000000e+00 1.000000e+00 0.000000e+00
    outer loop
      vertex   -7.500000e+01 4.620000e+01 3.500000e+01
      vertex   -5.081695e+01 4.620000e+01 2.668305e+01
      vertex   -5.146400e+01 4.620000e+01 2.659787e+01
    endloop
  endfacet
  facet normal 0.000000e+00 1.000000e+00 0.000000e+00
    outer loop
      vertex   -7.500000e+01 4.620000e+01 3.500000e+01
      vertex   -5.146400e+01 4.620000e+01 2.659787e+01
      vertex   -7.353600e+01 4.620000e+01 2.659787e+01
    endloop
  endfacet
  facet normal -0.000000e+00 1.000000e+00 0.000000e+00
    outer loop
      vertex   -7.353600e+01 4.620000e+01 2.659787e+01
      vertex   -5.146400e+01 4.620000e+01 2.659787e+01
      vertex   -7.293305e+01 4.620000e+01 2.634812e+01
    endloop
  endfacet
  facet normal -0.000000e+00 1.000000e+00 0.000000e+00
    outer loop
      vertex   -7.293305e+01 4.620000e+01 2.634812e+01
      vertex   -5.146400e+01 4.620000e+01 2.659787e+01
      vertex   -5.206695e+01 4.620000e+01 2.634812e+01
    endloop
  endfacet
  facet normal 0.000000e+00 1.000000e+00 0.000000e+00
    outer loop
      vertex   -7.293305e+01 4.620000e+01 2.634812e+01
      vertex   -5.206695e+01 4.620000e+01 2.634812e+01
      vertex   -7.241528e+01 4.620000e+01 2.595082e+01
    endloop
  endfacet
  facet normal 0.000000e+00 1.000000e+00 0.000000e+00
    outer loop
      vertex   -7.241528e+01 4.620000e+01 2.595082e+01
      vertex   -5.206695e+01 4.620000e+01 2.634812e+01
      vertex   -5.258472e+01 4.620000e+01 2.595082e+01
    endloop
  endfacet
  facet normal -0.000000e+00 1.000000e+00 0.000000e+00
    outer loop
      vertex   -7.241528e+01 4.620000e+01 2.595082e+01
      vertex   -5.258472e+01 4.620000e+01 2.595082e+01
      vertex   -7.201799e+01 4.620000e+01 2.543305e+01
    endloop
  endfacet
  facet normal -0.000000e+00 1.000000e+00 0.000000e+00
    outer loop
      vertex   -7.201799e+01 4.620000e+01 2.543305e+01
      vertex   -5.258472e+01 4.620000e+01 2.595082e+01
      vertex   -7.176824e+01 4.620000e+01 2.483010e+01
    endloop
  endfacet
  facet normal -0.000000e+00 1.000000e+00 0.000000e+00
    outer loop
      vertex   -7.176824e+01 4.620000e+01 2.483010e+01
      vertex   -5.258472e+01 4.620000e+01 2.595082e+01
      vertex   -7.168305e+01 4.620000e+01 2.418305e+01
    endloop
  endfacet
  facet normal -0.000000e+00 1.000000e+00 0.000000e+00
    outer loop
      vertex   -7.168305e+01 4.620000e+01 2.418305e+01
      vertex   -5.258472e+01 4.620000e+01 2.595082e+01
      vertex   -7.176824e+01 4.620000e+01 2.353600e+01
    endloop
  endfacet
  facet normal -0.000000e+00 1.000000e+00 0.000000e+00
    outer loop
      vertex   -7.176824e+01 4.620000e+01 2.353600e+01
      vertex   -5.258472e+01 4.620000e+01 2.595082e+01
      vertex   -7.201799e+01 4.620000e+01 2.293305e+01
    endloop
  endfacet
  facet normal -0.000000e+00 1.000000e+00 0.000000e+00
    outer loop
      vertex   -7.201799e+01 4.620000e+01 2.293305e+01
      vertex   -5.258472e+01 4.620000e+01 2.595082e+01
      vertex   -7.241528e+01 4.620000e+01 2.241528e+01
    endloop
  endfacet
  facet normal 0.000000e+00 1.000000e+00 -0.000000e+00
    outer loop
      vertex   4.904918e+01 4.620000e+01 -2.241528e+01
      vertex   2.758472e+01 4.620000e+01 -2.595082e+01
      vertex   7.241528e+01 4.620000e+01 9.508189e-01
    endloop
  endfacet
  facet normal 0.000000e+00 1.000000e+00 -0.000000e+00
    outer loop
      vertex   7.241528e+01 4.620000e+01 9.508189e-01
      vertex   2.758472e+01 4.620000e+01 -2.595082e+01
      vertex   7.595082e+01 4.620000e+01 2.241528e+01
    endloop
  endfacet
  facet normal 0.000000e+00 1.000000e+00 0.000000e+00
    outer loop
      vertex   7.241528e+01 4.620000e+01 9.508189e-01
      vertex   7.595082e+01 4.620000e+01 2.241528e+01
      vertex   7.293305e+01 4.620000e+01 1.348115e+00
    endloop
  endfacet
  facet normal 0.000000e+00 1.000000e+00 0.000000e+00
    outer loop
      vertex   7.293305e+01 4.620000e+01 1.348115e+00
      vertex   7.595082e+01 4.620000e+01 2.241528e+01
      vertex   7.353600e+01 4.620000e+01 1.597866e+00
    endloop
  endfacet
  facet normal 0.000000e+00 1.000000e+00 0.000000e+00
    outer loop
      vertex   7.353600e+01 4.620000e+01 1.597866e+00
      vertex   7.595082e+01 4.620000e+01 2.241528e+01
      vertex   7.418305e+01 4.620000e+01 1.683052e+00
    endloop
  endfacet
  facet normal -0.000000e+00 1.000000e+00 0.000000e+00
    outer loop
      vertex   7.418305e+01 4.620000e+01 1.683052e+00
      vertex   7.595082e+01 4.620000e+01 2.241528e+01
      vertex   7.483010e+01 4.620000e+01 1.597866e+00
    endloop
  endfacet
  facet normal -0.000000e+00 1.000000e+00 0.000000e+00
    outer loop
      vertex   7.483010e+01 4.620000e+01 1.597866e+00
      vertex   7.595082e+01 4.620000e+01 2.241528e+01
      vertex   7.543305e+01 4.620000e+01 1.348115e+00
    endloop
  endfacet
  facet normal 0.000000e+00 1.000000e+00 0.000000e+00
    outer loop
      vertex   7.543305e+01 4.620000e+01 1.348115e+00
      vertex   7.595082e+01 4.620000e+01 2.241528e+01
      vertex   8.500000e+01 4.620000e+01 2.500000e+01
    endloop
  endfacet
  facet normal -0.000000e+00 1.000000e+00 0.000000e+00
    outer loop
      vertex   7.543305e+01 4.620000e+01 1.348115e+00
      vertex   8.500000e+01 4.620000e+01 2.500000e+01
      vertex   7.595082e+01 4.620000e+01 9.508189e-01
    endloop
  endfacet
  facet normal -0.000000e+00 1.000000e+00 0.000000e+00
    outer loop
      vertex   7.595082e+01 4.620000e+01 9.508189e-01
      vertex   8.500000e+01 4.620000e+01 2.500000e+01
      vertex   7.634812e+01 4.620000e+01 4.330519e-01
    endloop
  endfacet
  facet normal -0.000000e+00 1.000000e+00 0.000000e+00
    outer loop
      vertex   7.634812e+01 4.620000e+01 4.330519e-01
      vertex   8.500000e+01 4.620000e+01 2.500000e+01
      vertex   7.659787e+01 4.620000e+01 -1.699005e-01
    endloop
  endfacet
  facet normal -0.000000e+00 1.000000e+00 0.000000e+00
    outer loop
      vertex   7.659787e+01 4.620000e+01 -1.699005e-01
      vertex   8.500000e+01 4.620000e+01 2.500000e+01
      vertex   7.668305e+01 4.620000e+01 -8.169481e-01
    endloop
  endfacet
  facet normal -0.000000e+00 1.000000e+00 0.000000e+00
    outer loop
      vertex   7.668305e+01 4.620000e+01 -8.169481e-01
      vertex   8.500000e+01 4.620000e+01 2.500000e+01
      vertex   8.500000e+01 4.620000e+01 -2.500000e+01
    endloop
  endfacet
  facet normal 0.000000e+00 1.000000e+00 0.000000e+00
    outer loop
      vertex   7.668305e+01 4.620000e+01 -8.169481e-01
      vertex   8.500000e+01 4.620000e+01 -2.500000e+01
      vertex   7.659787e+01 4.620000e+01 -1.463996e+00
    endloop
  endfacet
  facet normal 0.000000e+00 1.000000e+00 0.000000e+00
    outer loop
      vertex   7.659787e+01 4.620000e+01 -1.463996e+00
      vertex   8.500000e+01 4.620000e+01 -2.500000e+01
      vertex   7.634812e+01 4.620000e+01 -2.066948e+00
    endloop
  endfacet
  facet normal 0.000000e+00 1.000000e+00 0.000000e+00
    outer loop
      vertex   7.634812e+01 4.620000e+01 -2.066948e+00
      vertex   8.500000e+01 4.620000e+01 -2.500000e+01
      vertex   7.595082e+01 4.620000e+01 -2.584715e+00
    endloop
  endfacet
  facet normal 0.000000e+00 1.000000e+00 0.000000e+00
    outer loop
      vertex   7.595082e+01 4.620000e+01 -2.584715e+00
      vertex   8.500000e+01 4.620000e+01 -2.500000e+01
      vertex   7.543305e+01 4.620000e+01 -2.201799e+01
    endloop
  endfacet
  facet normal 0.000000e+00 1.000000e+00 0.000000e+00
    outer loop
      vertex   7.595082e+01 4.620000e+01 -2.584715e+00
      vertex   7.543305e+01 4.620000e+01 -2.201799e+01
      vertex   7.483010e+01 4.620000e+01 -2.176824e+01
    endloop
  endfacet
  facet normal 0.000000e+00 1.000000e+00 0.000000e+00
    outer loop
      vertex   4.904918e+01 4.620000e+01 -2.241528e+01
      vertex   4.865188e+01 4.620000e+01 -2.293305e+01
      vertex   2.758472e+01 4.620000e+01 -2.595082e+01
    endloop
  endfacet
  facet normal 0.000000e+00 1.000000e+00 0.000000e+00
    outer loop
      vertex   2.758472e+01 4.620000e+01 -2.595082e+01
      vertex   4.865188e+01 4.620000e+01 -2.293305e+01
      vertex   4.840213e+01 4.620000e+01 -2.353600e+01
    endloop
  endfacet
  facet normal 0.000000e+00 1.000000e+00 0.000000e+00
    outer loop
      vertex   2.758472e+01 4.620000e+01 -2.595082e+01
      vertex   4.840213e+01 4.620000e+01 -2.353600e+01
      vertex   4.831695e+01 4.620000e+01 -2.418305e+01
    endloop
  endfacet
  facet normal 0.000000e+00 1.000000e+00 0.000000e+00
    outer loop
      vertex   4.831695e+01 4.620000e+01 -2.418305e+01
      vertex   4.840213e+01 4.620000e+01 -2.483010e+01
      vertex   2.758472e+01 4.620000e+01 -2.595082e+01
    endloop
  endfacet
  facet normal 0.000000e+00 1.000000e+00 0.000000e+00
    outer loop
      vertex   2.758472e+01 4.620000e+01 -2.595082e+01
      vertex   4.840213e+01 4.620000e+01 -2.483010e+01
      vertex   4.865188e+01 4.620000e+01 -2.543305e+01
    endloop
  endfacet
  facet normal 0.000000e+00 1.000000e+00 0.000000e+00
    outer loop
      vertex   2.758472e+01 4.620000e+01 -2.595082e+01
      vertex   4.865188e+01 4.620000e+01 -2.543305e+01
      vertex   4.904918e+01 4.620000e+01 -2.595082e+01
    endloop
  endfacet
  facet normal -0.000000e+00 1.000000e+00 0.000000e+00
    outer loop
      vertex   2.758472e+01 4.620000e+01 -2.595082e+01
      vertex   4.904918e+01 4.620000e+01 -2.595082e+01
      vertex   2.706695e+01 4.620000e+01 -2.634812e+01
    endloop
  endfacet
  facet normal 0.000000e+00 1.000000e+00 0.000000e+00
    outer loop
      vertex   2.706695e+01 4.620000e+01 -2.634812e+01
      vertex   4.904918e+01 4.620000e+01 -2.595082e+01
      vertex   4.956695e+01 4.620000e+01 -2.634812e+01
    endloop
  endfacet
  facet normal -0.000000e+00 1.000000e+00 0.000000e+00
    outer loop
      vertex   2.706695e+01 4.620000e+01 -2.634812e+01
      vertex   4.956695e+01 4.620000e+01 -2.634812e+01
      vertex   2.646400e+01 4.620000e+01 -2.659787e+01
    endloop
  endfacet
  facet normal 0.000000e+00 1.000000e+00 0.000000e+00
    outer loop
      vertex   2.646400e+01 4.620000e+01 -2.659787e+01
      vertex   4.956695e+01 4.620000e+01 -2.634812e+01
      vertex   5.016990e+01 4.620000e+01 -2.659787e+01
    endloop
  endfacet
  facet normal -0.000000e+00 1.000000e+00 0.000000e+00
    outer loop
      vertex   2.646400e+01 4.620000e+01 -2.659787e+01
      vertex   5.016990e+01 4.620000e+01 -2.659787e+01
      vertex   2.581695e+01 4.620000e+01 -2.668305e+01
    endloop
  endfacet
  facet normal 0.000000e+00 1.000000e+00 0.000000e+00
    outer loop
      vertex   2.581695e+01 4.620000e+01 -2.668305e+01
      vertex   5.016990e+01 4.620000e+01 -2.659787e+01
      vertex   5.081695e+01 4.620000e+01 -2.668305e+01
    endloop
  endfacet
  facet normal -0.000000e+00 1.000000e+00 0.000000e+00
    outer loop
      vertex   2.581695e+01 4.620000e+01 -2.668305e+01
      vertex   5.081695e+01 4.620000e+01 -2.668305e+01
      vertex   7.500000e+01 4.620000e+01 -3.500000e+01
    endloop
  endfacet
  facet normal 0.000000e+00 1.000000e+00 0.000000e+00
    outer loop
      vertex   7.500000e+01 4.620000e+01 -3.500000e+01
      vertex   5.081695e+01 4.620000e+01 -2.668305e+01
      vertex   5.146400e+01 4.620000e+01 -2.659787e+01
    endloop
  endfacet
  facet normal 0.000000e+00 1.000000e+00 0.000000e+00
    outer loop
      vertex   7.500000e+01 4.620000e+01 -3.500000e+01
      vertex   5.146400e+01 4.620000e+01 -2.659787e+01
      vertex   7.353600e+01 4.620000e+01 -2.659787e+01
    endloop
  endfacet
  facet normal 0.000000e+00 1.000000e+00 0.000000e+00
    outer loop
      vertex   7.353600e+01 4.620000e+01 -2.659787e+01
      vertex   5.146400e+01 4.620000e+01 -2.659787e+01
      vertex   7.293305e+01 4.620000e+01 -2.634812e+01
    endloop
  endfacet
  facet normal 0.000000e+00 1.000000e+00 0.000000e+00
    outer loop
      vertex   7.293305e+01 4.620000e+01 -2.634812e+01
      vertex   5.146400e+01 4.620000e+01 -2.659787e+01
      vertex   5.206695e+01 4.620000e+01 -2.634812e+01
    endloop
  endfacet
  facet normal 0.000000e+00 1.000000e+00 0.000000e+00
    outer loop
      vertex   7.293305e+01 4.620000e+01 -2.634812e+01
      vertex   5.206695e+01 4.620000e+01 -2.634812e+01
      vertex   7.241528e+01 4.620000e+01 -2.595082e+01
    endloop
  endfacet
  facet normal 0.000000e+00 1.000000e+00 0.000000e+00
    outer loop
      vertex   7.241528e+01 4.620000e+01 -2.595082e+01
      vertex   5.206695e+01 4.620000e+01 -2.634812e+01
      vertex   5.258472e+01 4.620000e+01 -2.595082e+01
    endloop
  endfacet
  facet normal 0.000000e+00 1.000000e+00 0.000000e+00
    outer loop
      vertex   7.241528e+01 4.620000e+01 -2.595082e+01
      vertex   5.258472e+01 4.620000e+01 -2.595082e+01
      vertex   7.201799e+01 4.620000e+01 -2.543305e+01
    endloop
  endfacet
  facet normal 0.000000e+00 1.000000e+00 0.000000e+00
    outer loop
      vertex   7.201799e+01 4.620000e+01 -2.543305e+01
      vertex   5.258472e+01 4.620000e+01 -2.595082e+01
      vertex   7.176824e+01 4.620000e+01 -2.483010e+01
    endloop
  endfacet
  facet normal 0.000000e+00 1.000000e+00 0.000000e+00
    outer loop
      vertex   7.176824e+01 4.620000e+01 -2.483010e+01
      vertex   5.258472e+01 4.620000e+01 -2.595082e+01
      vertex   7.168305e+01 4.620000e+01 -2.418305e+01
    endloop
  endfacet
  facet normal 0.000000e+00 1.000000e+00 -0.000000e+00
    outer loop
      vertex   7.168305e+01 4.620000e+01 -2.418305e+01
      vertex   5.258472e+01 4.620000e+01 -2.595082e+01
      vertex   7.176824e+01 4.620000e+01 -2.353600e+01
    endloop
  endfacet
  facet normal 0.000000e+00 1.000000e+00 -0.000000e+00
    outer loop
      vertex   7.176824e+01 4.620000e+01 -2.353600e+01
      vertex   5.258472e+01 4.620000e+01 -2.595082e+01
      vertex   7.201799e+01 4.620000e+01 -2.293305e+01
    endloop
  endfacet
  facet normal 0.000000e+00 1.000000e+00 -0.000000e+00
    outer loop
      vertex   7.201799e+01 4.620000e+01 -2.293305e+01
      vertex   5.258472e+01 4.620000e+01 -2.595082e+01
      vertex   7.241528e+01 4.620000e+01 -2.241528e+01
    endloop
  endfacet
  facet normal 0.000000e+00 1.000000e+00 -0.000000e+00
    outer loop
      vertex   7.241528e+01 4.620000e+01 -2.241528e+01
      vertex   5.258472e+01 4.620000e+01 -2.595082e+01
      vertex   7.293305e+01 4.620000e+01 -2.201799e+01
    endloop
  endfacet
  facet normal 0.000000e+00 1.000000e+00 -0.000000e+00
    outer loop
      vertex   7.293305e+01 4.620000e+01 -2.201799e+01
      vertex   5.258472e+01 4.620000e+01 -2.595082e+01
      vertex   7.353600e+01 4.620000e+01 -2.176824e+01
    endloop
  endfacet
  facet normal 0.000000e+00 1.000000e+00 -0.000000e+00
    outer loop
      vertex   7.353600e+01 4.620000e+01 -2.176824e+01
      vertex   5.258472e+01 4.620000e+01 -2.595082e+01
      vertex   7.595082e+01 4.620000e+01 -2.584715e+00
    endloop
  endfacet
  facet normal 0.000000e+00 1.000000e+00 0.000000e+00
    outer loop
      vertex   7.353600e+01 4.620000e+01 -2.176824e+01
      vertex   7.595082e+01 4.620000e+01 -2.584715e+00
      vertex   7.418305e+01 4.620000e+01 -2.168305e+01
    endloop
  endfacet
  facet normal -0.000000e+00 1.000000e+00 0.000000e+00
    outer loop
      vertex   7.418305e+01 4.620000e+01 -2.168305e+01
      vertex   7.595082e+01 4.620000e+01 -2.584715e+00
      vertex   7.483010e+01 4.620000e+01 -2.176824e+01
    endloop
  endfacet
  facet normal 0.000000e+00 1.000000e+00 0.000000e+00
    outer loop
      vertex   -7.353600e+01 4.620000e+01 2.659787e+01
      vertex   -7.418305e+01 4.620000e+01 2.668305e+01
      vertex   -7.500000e+01 4.620000e+01 3.500000e+01
    endloop
  endfacet
  facet normal 0.000000e+00 1.000000e+00 0.000000e+00
    outer loop
      vertex   -7.500000e+01 4.620000e+01 3.500000e+01
      vertex   -7.418305e+01 4.620000e+01 2.668305e+01
      vertex   -8.040641e+01 4.620000e+01 3.341254e+01
    endloop
  endfacet
  facet normal 0.000000e+00 1.000000e+00 0.000000e+00
    outer loop
      vertex   -7.500000e+01 4.620000e+01 3.500000e+01
      vertex   -8.040641e+01 4.620000e+01 3.341254e+01
      vertex   -7.915415e+01 4.620000e+01 3.409632e+01
    endloop
  endfacet
  facet normal 0.000000e+00 1.000000e+00 -0.000000e+00
    outer loop
      vertex   -7.483010e+01 4.620000e+01 2.659787e+01
      vertex   -8.341254e+01 4.620000e+01 3.040641e+01
      vertex   -7.418305e+01 4.620000e+01 2.668305e+01
    endloop
  endfacet
  facet normal 0.000000e+00 1.000000e+00 0.000000e+00
    outer loop
      vertex   -7.418305e+01 4.620000e+01 2.668305e+01
      vertex   -8.341254e+01 4.620000e+01 3.040641e+01
      vertex   -8.255750e+01 4.620000e+01 3.154861e+01
    endloop
  endfacet
  facet normal 0.000000e+00 1.000000e+00 0.000000e+00
    outer loop
      vertex   -7.418305e+01 4.620000e+01 2.668305e+01
      vertex   -8.255750e+01 4.620000e+01 3.154861e+01
      vertex   -8.154861e+01 4.620000e+01 3.255750e+01
    endloop
  endfacet
  facet normal 0.000000e+00 1.000000e+00 -0.000000e+00
    outer loop
      vertex   -7.543305e+01 4.620000e+01 2.634812e+01
      vertex   -8.459493e+01 4.620000e+01 2.781733e+01
      vertex   -7.483010e+01 4.620000e+01 2.659787e+01
    endloop
  endfacet
  facet normal 0.000000e+00 1.000000e+00 0.000000e+00
    outer loop
      vertex   -7.483010e+01 4.620000e+01 2.659787e+01
      vertex   -8.459493e+01 4.620000e+01 2.781733e+01
      vertex   -8.409632e+01 4.620000e+01 2.915415e+01
    endloop
  endfacet
  facet normal 0.000000e+00 1.000000e+00 0.000000e+00
    outer loop
      vertex   -7.483010e+01 4.620000e+01 2.659787e+01
      vertex   -8.409632e+01 4.620000e+01 2.915415e+01
      vertex   -8.341254e+01 4.620000e+01 3.040641e+01
    endloop
  endfacet
  facet normal 0.000000e+00 1.000000e+00 0.000000e+00
    outer loop
      vertex   -7.543305e+01 4.620000e+01 2.634812e+01
      vertex   -7.595082e+01 4.620000e+01 2.595082e+01
      vertex   -8.459493e+01 4.620000e+01 2.781733e+01
    endloop
  endfacet
  facet normal 0.000000e+00 1.000000e+00 0.000000e+00
    outer loop
      vertex   -8.459493e+01 4.620000e+01 2.781733e+01
      vertex   -7.595082e+01 4.620000e+01 2.595082e+01
      vertex   -8.489821e+01 4.620000e+01 2.642315e+01
    endloop
  endfacet
  facet normal 0.000000e+00 1.000000e+00 0.000000e+00
    outer loop
      vertex   -8.489821e+01 4.620000e+01 2.642315e+01
      vertex   -7.595082e+01 4.620000e+01 2.595082e+01
      vertex   -7.634812e+01 4.620000e+01 2.543305e+01
    endloop
  endfacet
  facet normal 0.000000e+00 1.000000e+00 0.000000e+00
    outer loop
      vertex   -8.489821e+01 4.620000e+01 2.642315e+01
      vertex   -7.634812e+01 4.620000e+01 2.543305e+01
      vertex   -8.500000e+01 4.620000e+01 2.500000e+01
    endloop
  endfacet
  facet normal -0.000000e+00 1.000000e+00 0.000000e+00
    outer loop
      vertex   -8.500000e+01 4.620000e+01 2.500000e+01
      vertex   -7.634812e+01 4.620000e+01 2.543305e+01
      vertex   -7.659787e+01 4.620000e+01 2.483010e+01
    endloop
  endfacet
  facet normal 0.000000e+00 1.000000e+00 0.000000e+00
    outer loop
      vertex   -8.500000e+01 4.620000e+01 2.500000e+01
      vertex   -7.659787e+01 4.620000e+01 2.483010e+01
      vertex   -7.668305e+01 4.620000e+01 2.418305e+01
    endloop
  endfacet
  facet normal 0.000000e+00 1.000000e+00 0.000000e+00
    outer loop
      vertex   -7.668305e+01 4.620000e+01 2.418305e+01
      vertex   -7.659787e+01 4.620000e+01 2.353600e+01
      vertex   -8.500000e+01 4.620000e+01 2.500000e+01
    endloop
  endfacet
  facet normal 0.000000e+00 1.000000e+00 0.000000e+00
    outer loop
      vertex   -8.500000e+01 4.620000e+01 2.500000e+01
      vertex   -7.659787e+01 4.620000e+01 2.353600e+01
      vertex   -7.634812e+01 4.620000e+01 2.293305e+01
    endloop
  endfacet
  facet normal 0.000000e+00 1.000000e+00 0.000000e+00
    outer loop
      vertex   -8.500000e+01 4.620000e+01 2.500000e+01
      vertex   -7.634812e+01 4.620000e+01 2.293305e+01
      vertex   -7.595082e+01 4.620000e+01 2.241528e+01
    endloop
  endfacet
  facet normal 0.000000e+00 1.000000e+00 0.000000e+00
    outer loop
      vertex   -7.595082e+01 4.620000e+01 2.241528e+01
      vertex   -7.543305e+01 4.620000e+01 2.201799e+01
      vertex   -8.500000e+01 4.620000e+01 2.500000e+01
    endloop
  endfacet
  facet normal 0.000000e+00 1.000000e+00 0.000000e+00
    outer loop
      vertex   -7.483010e+01 4.620000e+01 2.176824e+01
      vertex   -7.418305e+01 4.620000e+01 2.168305e+01
      vertex   -7.595082e+01 4.620000e+01 2.584715e+00
    endloop
  endfacet
  facet normal 0.000000e+00 1.000000e+00 0.000000e+00
    outer loop
      vertex   -7.595082e+01 4.620000e+01 2.584715e+00
      vertex   -7.418305e+01 4.620000e+01 2.168305e+01
      vertex   -7.353600e+01 4.620000e+01 2.176824e+01
    endloop
  endfacet
  facet normal -0.000000e+00 1.000000e+00 0.000000e+00
    outer loop
      vertex   7.659787e+01 4.620000e+01 -2.483010e+01
      vertex   7.668305e+01 4.620000e+01 -2.418305e+01
      vertex   8.500000e+01 4.620000e+01 -2.500000e+01
    endloop
  endfacet
  facet normal 0.000000e+00 1.000000e+00 0.000000e+00
    outer loop
      vertex   8.500000e+01 4.620000e+01 -2.500000e+01
      vertex   7.668305e+01 4.620000e+01 -2.418305e+01
      vertex   7.659787e+01 4.620000e+01 -2.353600e+01
    endloop
  endfacet
  facet normal 0.000000e+00 1.000000e+00 0.000000e+00
    outer loop
      vertex   8.500000e+01 4.620000e+01 -2.500000e+01
      vertex   7.659787e+01 4.620000e+01 -2.353600e+01
      vertex   7.634812e+01 4.620000e+01 -2.293305e+01
    endloop
  endfacet
  facet normal -0.000000e+00 1.000000e+00 -0.000000e+00
    outer loop
      vertex   7.634812e+01 4.620000e+01 -2.293305e+01
      vertex   7.595082e+01 4.620000e+01 -2.241528e+01
      vertex   8.500000e+01 4.620000e+01 -2.500000e+01
    endloop
  endfacet
  facet normal 0.000000e+00 1.000000e+00 0.000000e+00
    outer loop
      vertex   8.500000e+01 4.620000e+01 -2.500000e+01
      vertex   7.595082e+01 4.620000e+01 -2.241528e+01
      vertex   7.543305e+01 4.620000e+01 -2.201799e+01
    endloop
  endfacet
  facet normal 0.000000e+00 1.000000e+00 0.000000e+00
    outer loop
      vertex   7.353600e+01 4.620000e+01 -2.659787e+01
      vertex   7.418305e+01 4.620000e+01 -2.668305e+01
      vertex   7.500000e+01 4.620000e+01 -3.500000e+01
    endloop
  endfacet
  facet normal 0.000000e+00 1.000000e+00 -0.000000e+00
    outer loop
      vertex   7.500000e+01 4.620000e+01 -3.500000e+01
      vertex   7.418305e+01 4.620000e+01 -2.668305e+01
      vertex   8.040641e+01 4.620000e+01 -3.341254e+01
    endloop
  endfacet
  facet normal 0.000000e+00 1.000000e+00 0.000000e+00
    outer loop
      vertex   7.500000e+01 4.620000e+01 -3.500000e+01
      vertex   8.040641e+01 4.620000e+01 -3.341254e+01
      vertex   7.915415e+01 4.620000e+01 -3.409632e+01
    endloop
  endfacet
  facet normal 0.000000e+00 1.000000e+00 0.000000e+00
    outer loop
      vertex   7.483010e+01 4.620000e+01 -2.659787e+01
      vertex   8.341254e+01 4.620000e+01 -3.040641e+01
      vertex   7.418305e+01 4.620000e+01 -2.668305e+01
    endloop
  endfacet
  facet normal 0.000000e+00 1.000000e+00 0.000000e+00
    outer loop
      vertex   7.418305e+01 4.620000e+01 -2.668305e+01
      vertex   8.341254e+01 4.620000e+01 -3.040641e+01
      vertex   8.255750e+01 4.620000e+01 -3.154861e+01
    endloop
  endfacet
  facet normal 0.000000e+00 1.000000e+00 0.000000e+00
    outer loop
      vertex   7.418305e+01 4.620000e+01 -2.668305e+01
      vertex   8.255750e+01 4.620000e+01 -3.154861e+01
      vertex   8.154861e+01 4.620000e+01 -3.255750e+01
    endloop
  endfacet
  facet normal 0.000000e+00 1.000000e+00 0.000000e+00
    outer loop
      vertex   7.543305e+01 4.620000e+01 -2.634812e+01
      vertex   8.459493e+01 4.620000e+01 -2.781733e+01
      vertex   7.483010e+01 4.620000e+01 -2.659787e+01
    endloop
  endfacet
  facet normal 0.000000e+00 1.000000e+00 0.000000e+00
    outer loop
      vertex   7.483010e+01 4.620000e+01 -2.659787e+01
      vertex   8.459493e+01 4.620000e+01 -2.781733e+01
      vertex   8.409632e+01 4.620000e+01 -2.915415e+01
    endloop
  endfacet
  facet normal 0.000000e+00 1.000000e+00 0.000000e+00
    outer loop
      vertex   7.483010e+01 4.620000e+01 -2.659787e+01
      vertex   8.409632e+01 4.620000e+01 -2.915415e+01
      vertex   8.341254e+01 4.620000e+01 -3.040641e+01
    endloop
  endfacet
  facet normal -0.000000e+00 1.000000e+00 0.000000e+00
    outer loop
      vertex   7.543305e+01 4.620000e+01 -2.634812e+01
      vertex   7.595082e+01 4.620000e+01 -2.595082e+01
      vertex   8.459493e+01 4.620000e+01 -2.781733e+01
    endloop
  endfacet
  facet normal 0.000000e+00 1.000000e+00 -0.000000e+00
    outer loop
      vertex   8.459493e+01 4.620000e+01 -2.781733e+01
      vertex   7.595082e+01 4.620000e+01 -2.595082e+01
      vertex   8.489821e+01 4.620000e+01 -2.642315e+01
    endloop
  endfacet
  facet normal 0.000000e+00 1.000000e+00 0.000000e+00
    outer loop
      vertex   8.489821e+01 4.620000e+01 -2.642315e+01
      vertex   7.595082e+01 4.620000e+01 -2.595082e+01
      vertex   7.634812e+01 4.620000e+01 -2.543305e+01
    endloop
  endfacet
  facet normal 0.000000e+00 1.000000e+00 -0.000000e+00
    outer loop
      vertex   8.489821e+01 4.620000e+01 -2.642315e+01
      vertex   7.634812e+01 4.620000e+01 -2.543305e+01
      vertex   8.500000e+01 4.620000e+01 -2.500000e+01
    endloop
  endfacet
  facet normal 0.000000e+00 1.000000e+00 0.000000e+00
    outer loop
      vertex   8.500000e+01 4.620000e+01 -2.500000e+01
      vertex   7.634812e+01 4.620000e+01 -2.543305e+01
      vertex   7.659787e+01 4.620000e+01 -2.483010e+01
    endloop
  endfacet
  facet normal 0.000000e+00 1.000000e+00 0.000000e+00
    outer loop
      vertex   -7.595082e+01 4.620000e+01 -2.241528e+01
      vertex   -7.634812e+01 4.620000e+01 -2.293305e+01
      vertex   -8.500000e+01 4.620000e+01 -2.500000e+01
    endloop
  endfacet
  facet normal 0.000000e+00 1.000000e+00 0.000000e+00
    outer loop
      vertex   -8.500000e+01 4.620000e+01 -2.500000e+01
      vertex   -7.634812e+01 4.620000e+01 -2.293305e+01
      vertex   -7.659787e+01 4.620000e+01 -2.353600e+01
    endloop
  endfacet
  facet normal 0.000000e+00 1.000000e+00 0.000000e+00
    outer loop
      vertex   -8.500000e+01 4.620000e+01 -2.500000e+01
      vertex   -7.659787e+01 4.620000e+01 -2.353600e+01
      vertex   -7.668305e+01 4.620000e+01 -2.418305e+01
    endloop
  endfacet
  facet normal 0.000000e+00 1.000000e+00 0.000000e+00
    outer loop
      vertex   -7.668305e+01 4.620000e+01 -2.418305e+01
      vertex   -7.659787e+01 4.620000e+01 -2.483010e+01
      vertex   -8.500000e+01 4.620000e+01 -2.500000e+01
    endloop
  endfacet
  facet normal -0.000000e+00 1.000000e+00 0.000000e+00
    outer loop
      vertex   -8.500000e+01 4.620000e+01 -2.500000e+01
      vertex   -7.659787e+01 4.620000e+01 -2.483010e+01
      vertex   -7.634812e+01 4.620000e+01 -2.543305e+01
    endloop
  endfacet
  facet normal 0.000000e+00 1.000000e+00 0.000000e+00
    outer loop
      vertex   -8.500000e+01 4.620000e+01 -2.500000e+01
      vertex   -7.634812e+01 4.620000e+01 -2.543305e+01
      vertex   -8.489821e+01 4.620000e+01 -2.642315e+01
    endloop
  endfacet
  facet normal 0.000000e+00 1.000000e+00 0.000000e+00
    outer loop
      vertex   -8.489821e+01 4.620000e+01 -2.642315e+01
      vertex   -7.634812e+01 4.620000e+01 -2.543305e+01
      vertex   -7.595082e+01 4.620000e+01 -2.595082e+01
    endloop
  endfacet
  facet normal -0.000000e+00 1.000000e+00 0.000000e+00
    outer loop
      vertex   -8.489821e+01 4.620000e+01 -2.642315e+01
      vertex   -7.595082e+01 4.620000e+01 -2.595082e+01
      vertex   -8.459493e+01 4.620000e+01 -2.781733e+01
    endloop
  endfacet
  facet normal 0.000000e+00 1.000000e+00 0.000000e+00
    outer loop
      vertex   -8.459493e+01 4.620000e+01 -2.781733e+01
      vertex   -7.595082e+01 4.620000e+01 -2.595082e+01
      vertex   -7.543305e+01 4.620000e+01 -2.634812e+01
    endloop
  endfacet
  facet normal 0.000000e+00 1.000000e+00 0.000000e+00
    outer loop
      vertex   -8.459493e+01 4.620000e+01 -2.781733e+01
      vertex   -7.543305e+01 4.620000e+01 -2.634812e+01
      vertex   -7.483010e+01 4.620000e+01 -2.659787e+01
    endloop
  endfacet
  facet normal 0.000000e+00 1.000000e+00 0.000000e+00
    outer loop
      vertex   -7.418305e+01 4.620000e+01 -2.668305e+01
      vertex   -8.341254e+01 4.620000e+01 -3.040641e+01
      vertex   -7.483010e+01 4.620000e+01 -2.659787e+01
    endloop
  endfacet
  facet normal 0.000000e+00 1.000000e+00 0.000000e+00
    outer loop
      vertex   -7.483010e+01 4.620000e+01 -2.659787e+01
      vertex   -8.341254e+01 4.620000e+01 -3.040641e+01
      vertex   -8.409632e+01 4.620000e+01 -2.915415e+01
    endloop
  endfacet
  facet normal 0.000000e+00 1.000000e+00 0.000000e+00
    outer loop
      vertex   -7.483010e+01 4.620000e+01 -2.659787e+01
      vertex   -8.409632e+01 4.620000e+01 -2.915415e+01
      vertex   -8.459493e+01 4.620000e+01 -2.781733e+01
    endloop
  endfacet
  facet normal 0.000000e+00 1.000000e+00 0.000000e+00
    outer loop
      vertex   -7.353600e+01 4.620000e+01 -2.659787e+01
      vertex   -7.500000e+01 4.620000e+01 -3.500000e+01
      vertex   -7.418305e+01 4.620000e+01 -2.668305e+01
    endloop
  endfacet
  facet normal 0.000000e+00 1.000000e+00 0.000000e+00
    outer loop
      vertex   -7.418305e+01 4.620000e+01 -2.668305e+01
      vertex   -7.500000e+01 4.620000e+01 -3.500000e+01
      vertex   -8.040641e+01 4.620000e+01 -3.341254e+01
    endloop
  endfacet
  facet normal 0.000000e+00 1.000000e+00 0.000000e+00
    outer loop
      vertex   -7.418305e+01 4.620000e+01 -2.668305e+01
      vertex   -8.040641e+01 4.620000e+01 -3.341254e+01
      vertex   -8.154861e+01 4.620000e+01 -3.255750e+01
    endloop
  endfacet
  facet normal -0.000000e+00 1.000000e+00 0.000000e+00
    outer loop
      vertex   -7.353600e+01 4.620000e+01 -2.659787e+01
      vertex   -7.293305e+01 4.620000e+01 -2.634812e+01
      vertex   -7.500000e+01 4.620000e+01 -3.500000e+01
    endloop
  endfacet
  facet normal 0.000000e+00 1.000000e+00 0.000000e+00
    outer loop
      vertex   -7.500000e+01 4.620000e+01 -3.500000e+01
      vertex   -7.293305e+01 4.620000e+01 -2.634812e+01
      vertex   -5.043305e+01 4.620000e+01 -2.634812e+01
    endloop
  endfacet
  facet normal 0.000000e+00 1.000000e+00 0.000000e+00
    outer loop
      vertex   -7.500000e+01 4.620000e+01 -3.500000e+01
      vertex   -5.043305e+01 4.620000e+01 -2.634812e+01
      vertex   -4.983010e+01 4.620000e+01 -2.659787e+01
    endloop
  endfacet
  facet normal 0.000000e+00 1.000000e+00 0.000000e+00
    outer loop
      vertex   -5.043305e+01 4.620000e+01 -2.634812e+01
      vertex   -7.293305e+01 4.620000e+01 -2.634812e+01
      vertex   -5.095082e+01 4.620000e+01 -2.595082e+01
    endloop
  endfacet
  facet normal 0.000000e+00 1.000000e+00 0.000000e+00
    outer loop
      vertex   -5.095082e+01 4.620000e+01 -2.595082e+01
      vertex   -7.293305e+01 4.620000e+01 -2.634812e+01
      vertex   -7.241528e+01 4.620000e+01 -2.595082e+01
    endloop
  endfacet
  facet normal 0.000000e+00 1.000000e+00 0.000000e+00
    outer loop
      vertex   -5.095082e+01 4.620000e+01 -2.595082e+01
      vertex   -7.241528e+01 4.620000e+01 -2.595082e+01
      vertex   -5.134812e+01 4.620000e+01 -2.543305e+01
    endloop
  endfacet
  facet normal 0.000000e+00 1.000000e+00 0.000000e+00
    outer loop
      vertex   -5.134812e+01 4.620000e+01 -2.543305e+01
      vertex   -7.241528e+01 4.620000e+01 -2.595082e+01
      vertex   -5.159787e+01 4.620000e+01 -2.483010e+01
    endloop
  endfacet
  facet normal 0.000000e+00 1.000000e+00 0.000000e+00
    outer loop
      vertex   -5.159787e+01 4.620000e+01 -2.483010e+01
      vertex   -7.241528e+01 4.620000e+01 -2.595082e+01
      vertex   -5.168305e+01 4.620000e+01 -2.418305e+01
    endloop
  endfacet
  facet normal 0.000000e+00 1.000000e+00 -0.000000e+00
    outer loop
      vertex   -5.168305e+01 4.620000e+01 -2.418305e+01
      vertex   -7.241528e+01 4.620000e+01 -2.595082e+01
      vertex   -5.159787e+01 4.620000e+01 -2.353600e+01
    endloop
  endfacet
  facet normal 0.000000e+00 1.000000e+00 -0.000000e+00
    outer loop
      vertex   -5.159787e+01 4.620000e+01 -2.353600e+01
      vertex   -7.241528e+01 4.620000e+01 -2.595082e+01
      vertex   -5.134812e+01 4.620000e+01 -2.293305e+01
    endloop
  endfacet
  facet normal 0.000000e+00 1.000000e+00 -0.000000e+00
    outer loop
      vertex   -5.134812e+01 4.620000e+01 -2.293305e+01
      vertex   -7.241528e+01 4.620000e+01 -2.595082e+01
      vertex   -5.095082e+01 4.620000e+01 -2.241528e+01
    endloop
  endfacet
  facet normal 0.000000e+00 1.000000e+00 -0.000000e+00
    outer loop
      vertex   -5.095082e+01 4.620000e+01 -2.241528e+01
      vertex   -7.241528e+01 4.620000e+01 -2.595082e+01
      vertex   -2.404918e+01 4.620000e+01 2.241528e+01
    endloop
  endfacet
  facet normal 0.000000e+00 1.000000e+00 0.000000e+00
    outer loop
      vertex   -5.095082e+01 4.620000e+01 -2.241528e+01
      vertex   -2.404918e+01 4.620000e+01 2.241528e+01
      vertex   -2.584715e+00 4.620000e+01 2.595082e+01
    endloop
  endfacet
  facet normal 0.000000e+00 1.000000e+00 0.000000e+00
    outer loop
      vertex   -2.584715e+00 4.620000e+01 2.595082e+01
      vertex   -2.404918e+01 4.620000e+01 2.241528e+01
      vertex   -2.365188e+01 4.620000e+01 2.293305e+01
    endloop
  endfacet
  facet normal 0.000000e+00 1.000000e+00 0.000000e+00
    outer loop
      vertex   -2.584715e+00 4.620000e+01 2.595082e+01
      vertex   -2.365188e+01 4.620000e+01 2.293305e+01
      vertex   -2.340213e+01 4.620000e+01 2.353600e+01
    endloop
  endfacet
  facet normal 0.000000e+00 1.000000e+00 0.000000e+00
    outer loop
      vertex   -2.340213e+01 4.620000e+01 2.353600e+01
      vertex   -2.331695e+01 4.620000e+01 2.418305e+01
      vertex   -2.584715e+00 4.620000e+01 2.595082e+01
    endloop
  endfacet
  facet normal 0.000000e+00 1.000000e+00 0.000000e+00
    outer loop
      vertex   -2.584715e+00 4.620000e+01 2.595082e+01
      vertex   -2.331695e+01 4.620000e+01 2.418305e+01
      vertex   -2.340213e+01 4.620000e+01 2.483010e+01
    endloop
  endfacet
  facet normal 0.000000e+00 1.000000e+00 0.000000e+00
    outer loop
      vertex   -2.584715e+00 4.620000e+01 2.595082e+01
      vertex   -2.340213e+01 4.620000e+01 2.483010e+01
      vertex   -2.365188e+01 4.620000e+01 2.543305e+01
    endloop
  endfacet
  facet normal 0.000000e+00 1.000000e+00 -0.000000e+00
    outer loop
      vertex   -2.365188e+01 4.620000e+01 2.543305e+01
      vertex   -2.404918e+01 4.620000e+01 2.595082e+01
      vertex   -2.584715e+00 4.620000e+01 2.595082e+01
    endloop
  endfacet
  facet normal 0.000000e+00 1.000000e+00 -0.000000e+00
    outer loop
      vertex   -2.584715e+00 4.620000e+01 2.595082e+01
      vertex   -2.404918e+01 4.620000e+01 2.595082e+01
      vertex   -2.066948e+00 4.620000e+01 2.634812e+01
    endloop
  endfacet
  facet normal 0.000000e+00 1.000000e+00 0.000000e+00
    outer loop
      vertex   -2.066948e+00 4.620000e+01 2.634812e+01
      vertex   -2.404918e+01 4.620000e+01 2.595082e+01
      vertex   -2.456695e+01 4.620000e+01 2.634812e+01
    endloop
  endfacet
  facet normal 0.000000e+00 1.000000e+00 -0.000000e+00
    outer loop
      vertex   -2.066948e+00 4.620000e+01 2.634812e+01
      vertex   -2.456695e+01 4.620000e+01 2.634812e+01
      vertex   -1.463996e+00 4.620000e+01 2.659787e+01
    endloop
  endfacet
  facet normal 0.000000e+00 1.000000e+00 0.000000e+00
    outer loop
      vertex   -1.463996e+00 4.620000e+01 2.659787e+01
      vertex   -2.456695e+01 4.620000e+01 2.634812e+01
      vertex   -2.516990e+01 4.620000e+01 2.659787e+01
    endloop
  endfacet
  facet normal 0.000000e+00 1.000000e+00 -0.000000e+00
    outer loop
      vertex   -1.463996e+00 4.620000e+01 2.659787e+01
      vertex   -2.516990e+01 4.620000e+01 2.659787e+01
      vertex   -8.169481e-01 4.620000e+01 2.668305e+01
    endloop
  endfacet
  facet normal 0.000000e+00 1.000000e+00 0.000000e+00
    outer loop
      vertex   -8.169481e-01 4.620000e+01 2.668305e+01
      vertex   -2.516990e+01 4.620000e+01 2.659787e+01
      vertex   -2.581695e+01 4.620000e+01 2.668305e+01
    endloop
  endfacet
  facet normal 0.000000e+00 1.000000e+00 0.000000e+00
    outer loop
      vertex   -8.169481e-01 4.620000e+01 2.668305e+01
      vertex   -2.581695e+01 4.620000e+01 2.668305e+01
      vertex   -7.500000e+01 4.620000e+01 3.500000e+01
    endloop
  endfacet
  facet normal 0.000000e+00 1.000000e+00 0.000000e+00
    outer loop
      vertex   -4.983010e+01 4.620000e+01 -2.659787e+01
      vertex   -4.918305e+01 4.620000e+01 -2.668305e+01
      vertex   -7.500000e+01 4.620000e+01 -3.500000e+01
    endloop
  endfacet
  facet normal 0.000000e+00 1.000000e+00 0.000000e+00
    outer loop
      vertex   -7.500000e+01 4.620000e+01 -3.500000e+01
      vertex   -4.918305e+01 4.620000e+01 -2.668305e+01
      vertex   -2.418305e+01 4.620000e+01 -2.668305e+01
    endloop
  endfacet
  facet normal 0.000000e+00 1.000000e+00 0.000000e+00
    outer loop
      vertex   -7.500000e+01 4.620000e+01 -3.500000e+01
      vertex   -2.418305e+01 4.620000e+01 -2.668305e+01
      vertex   8.169481e-01 4.620000e+01 -2.668305e+01
    endloop
  endfacet
  facet normal 0.000000e+00 1.000000e+00 0.000000e+00
    outer loop
      vertex   8.169481e-01 4.620000e+01 -2.668305e+01
      vertex   -2.418305e+01 4.620000e+01 -2.668305e+01
      vertex   1.699005e-01 4.620000e+01 -2.659787e+01
    endloop
  endfacet
  facet normal 0.000000e+00 1.000000e+00 0.000000e+00
    outer loop
      vertex   1.699005e-01 4.620000e+01 -2.659787e+01
      vertex   -2.418305e+01 4.620000e+01 -2.668305e+01
      vertex   -2.353600e+01 4.620000e+01 -2.659787e+01
    endloop
  endfacet
  facet normal 0.000000e+00 1.000000e+00 0.000000e+00
    outer loop
      vertex   1.699005e-01 4.620000e+01 -2.659787e+01
      vertex   -2.353600e+01 4.620000e+01 -2.659787e+01
      vertex   -4.330519e-01 4.620000e+01 -2.634812e+01
    endloop
  endfacet
  facet normal 0.000000e+00 1.000000e+00 0.000000e+00
    outer loop
      vertex   -4.330519e-01 4.620000e+01 -2.634812e+01
      vertex   -2.353600e+01 4.620000e+01 -2.659787e+01
      vertex   -2.293305e+01 4.620000e+01 -2.634812e+01
    endloop
  endfacet
  facet normal 0.000000e+00 1.000000e+00 0.000000e+00
    outer loop
      vertex   -4.330519e-01 4.620000e+01 -2.634812e+01
      vertex   -2.293305e+01 4.620000e+01 -2.634812e+01
      vertex   -9.508189e-01 4.620000e+01 -2.595082e+01
    endloop
  endfacet
  facet normal 0.000000e+00 1.000000e+00 0.000000e+00
    outer loop
      vertex   -9.508189e-01 4.620000e+01 -2.595082e+01
      vertex   -2.293305e+01 4.620000e+01 -2.634812e+01
      vertex   -2.241528e+01 4.620000e+01 -2.595082e+01
    endloop
  endfacet
  facet normal 0.000000e+00 1.000000e+00 0.000000e+00
    outer loop
      vertex   -9.508189e-01 4.620000e+01 -2.595082e+01
      vertex   -2.241528e+01 4.620000e+01 -2.595082e+01
      vertex   -1.348115e+00 4.620000e+01 -2.543305e+01
    endloop
  endfacet
  facet normal 0.000000e+00 1.000000e+00 0.000000e+00
    outer loop
      vertex   -1.348115e+00 4.620000e+01 -2.543305e+01
      vertex   -2.241528e+01 4.620000e+01 -2.595082e+01
      vertex   -1.597866e+00 4.620000e+01 -2.483010e+01
    endloop
  endfacet
  facet normal 0.000000e+00 1.000000e+00 0.000000e+00
    outer loop
      vertex   -1.597866e+00 4.620000e+01 -2.483010e+01
      vertex   -2.241528e+01 4.620000e+01 -2.595082e+01
      vertex   -1.683052e+00 4.620000e+01 -2.418305e+01
    endloop
  endfacet
  facet normal 0.000000e+00 1.000000e+00 -0.000000e+00
    outer loop
      vertex   -1.683052e+00 4.620000e+01 -2.418305e+01
      vertex   -2.241528e+01 4.620000e+01 -2.595082e+01
      vertex   -1.597866e+00 4.620000e+01 -2.353600e+01
    endloop
  endfacet
  facet normal 0.000000e+00 1.000000e+00 -0.000000e+00
    outer loop
      vertex   -1.597866e+00 4.620000e+01 -2.353600e+01
      vertex   -2.241528e+01 4.620000e+01 -2.595082e+01
      vertex   -1.348115e+00 4.620000e+01 -2.293305e+01
    endloop
  endfacet
  facet normal 0.000000e+00 1.000000e+00 -0.000000e+00
    outer loop
      vertex   -1.348115e+00 4.620000e+01 -2.293305e+01
      vertex   -2.241528e+01 4.620000e+01 -2.595082e+01
      vertex   -9.508189e-01 4.620000e+01 -2.241528e+01
    endloop
  endfacet
  facet normal 0.000000e+00 1.000000e+00 -0.000000e+00
    outer loop
      vertex   -9.508189e-01 4.620000e+01 -2.241528e+01
      vertex   -2.241528e+01 4.620000e+01 -2.595082e+01
      vertex   2.595082e+01 4.620000e+01 2.241528e+01
    endloop
  endfacet
  facet normal 0.000000e+00 1.000000e+00 0.000000e+00
    outer loop
      vertex   -9.508189e-01 4.620000e+01 -2.241528e+01
      vertex   2.595082e+01 4.620000e+01 2.241528e+01
      vertex   4.741528e+01 4.620000e+01 2.595082e+01
    endloop
  endfacet
  facet normal 0.000000e+00 1.000000e+00 0.000000e+00
    outer loop
      vertex   4.741528e+01 4.620000e+01 2.595082e+01
      vertex   2.595082e+01 4.620000e+01 2.241528e+01
      vertex   2.634812e+01 4.620000e+01 2.293305e+01
    endloop
  endfacet
  facet normal 0.000000e+00 1.000000e+00 0.000000e+00
    outer loop
      vertex   4.741528e+01 4.620000e+01 2.595082e+01
      vertex   2.634812e+01 4.620000e+01 2.293305e+01
      vertex   2.659787e+01 4.620000e+01 2.353600e+01
    endloop
  endfacet
  facet normal 0.000000e+00 1.000000e+00 0.000000e+00
    outer loop
      vertex   -2.418305e+01 4.620000e+01 -2.668305e+01
      vertex   -4.918305e+01 4.620000e+01 -2.668305e+01
      vertex   -2.483010e+01 4.620000e+01 -2.659787e+01
    endloop
  endfacet
  facet normal 0.000000e+00 1.000000e+00 0.000000e+00
    outer loop
      vertex   -2.483010e+01 4.620000e+01 -2.659787e+01
      vertex   -4.918305e+01 4.620000e+01 -2.668305e+01
      vertex   -4.853600e+01 4.620000e+01 -2.659787e+01
    endloop
  endfacet
  facet normal 0.000000e+00 1.000000e+00 0.000000e+00
    outer loop
      vertex   -2.483010e+01 4.620000e+01 -2.659787e+01
      vertex   -4.853600e+01 4.620000e+01 -2.659787e+01
      vertex   -2.543305e+01 4.620000e+01 -2.634812e+01
    endloop
  endfacet
  facet normal 0.000000e+00 1.000000e+00 0.000000e+00
    outer loop
      vertex   -2.543305e+01 4.620000e+01 -2.634812e+01
      vertex   -4.853600e+01 4.620000e+01 -2.659787e+01
      vertex   -4.793305e+01 4.620000e+01 -2.634812e+01
    endloop
  endfacet
  facet normal 0.000000e+00 1.000000e+00 0.000000e+00
    outer loop
      vertex   -2.543305e+01 4.620000e+01 -2.634812e+01
      vertex   -4.793305e+01 4.620000e+01 -2.634812e+01
      vertex   -2.595082e+01 4.620000e+01 -2.595082e+01
    endloop
  endfacet
  facet normal 0.000000e+00 1.000000e+00 0.000000e+00
    outer loop
      vertex   -2.595082e+01 4.620000e+01 -2.595082e+01
      vertex   -4.793305e+01 4.620000e+01 -2.634812e+01
      vertex   -4.741528e+01 4.620000e+01 -2.595082e+01
    endloop
  endfacet
  facet normal 0.000000e+00 1.000000e+00 0.000000e+00
    outer loop
      vertex   -2.595082e+01 4.620000e+01 -2.595082e+01
      vertex   -4.741528e+01 4.620000e+01 -2.595082e+01
      vertex   -2.634812e+01 4.620000e+01 -2.543305e+01
    endloop
  endfacet
  facet normal 0.000000e+00 1.000000e+00 0.000000e+00
    outer loop
      vertex   -2.634812e+01 4.620000e+01 -2.543305e+01
      vertex   -4.741528e+01 4.620000e+01 -2.595082e+01
      vertex   -2.659787e+01 4.620000e+01 -2.483010e+01
    endloop
  endfacet
  facet normal 0.000000e+00 1.000000e+00 0.000000e+00
    outer loop
      vertex   -2.659787e+01 4.620000e+01 -2.483010e+01
      vertex   -4.741528e+01 4.620000e+01 -2.595082e+01
      vertex   -2.668305e+01 4.620000e+01 -2.418305e+01
    endloop
  endfacet
  facet normal 0.000000e+00 1.000000e+00 -0.000000e+00
    outer loop
      vertex   -2.668305e+01 4.620000e+01 -2.418305e+01
      vertex   -4.741528e+01 4.620000e+01 -2.595082e+01
      vertex   -2.659787e+01 4.620000e+01 -2.353600e+01
    endloop
  endfacet
  facet normal 0.000000e+00 1.000000e+00 -0.000000e+00
    outer loop
      vertex   -2.659787e+01 4.620000e+01 -2.353600e+01
      vertex   -4.741528e+01 4.620000e+01 -2.595082e+01
      vertex   -2.634812e+01 4.620000e+01 -2.293305e+01
    endloop
  endfacet
  facet normal 0.000000e+00 1.000000e+00 -0.000000e+00
    outer loop
      vertex   -2.634812e+01 4.620000e+01 -2.293305e+01
      vertex   -4.741528e+01 4.620000e+01 -2.595082e+01
      vertex   -2.595082e+01 4.620000e+01 -2.241528e+01
    endloop
  endfacet
  facet normal 0.000000e+00 1.000000e+00 -0.000000e+00
    outer loop
      vertex   -2.595082e+01 4.620000e+01 -2.241528e+01
      vertex   -4.741528e+01 4.620000e+01 -2.595082e+01
      vertex   9.508189e-01 4.620000e+01 2.241528e+01
    endloop
  endfacet
  facet normal 0.000000e+00 1.000000e+00 0.000000e+00
    outer loop
      vertex   -2.595082e+01 4.620000e+01 -2.241528e+01
      vertex   9.508189e-01 4.620000e+01 2.241528e+01
      vertex   2.241528e+01 4.620000e+01 2.595082e+01
    endloop
  endfacet
  facet normal 0.000000e+00 1.000000e+00 0.000000e+00
    outer loop
      vertex   2.241528e+01 4.620000e+01 2.595082e+01
      vertex   9.508189e-01 4.620000e+01 2.241528e+01
      vertex   1.348115e+00 4.620000e+01 2.293305e+01
    endloop
  endfacet
  facet normal 0.000000e+00 1.000000e+00 0.000000e+00
    outer loop
      vertex   2.241528e+01 4.620000e+01 2.595082e+01
      vertex   1.348115e+00 4.620000e+01 2.293305e+01
      vertex   1.597866e+00 4.620000e+01 2.353600e+01
    endloop
  endfacet
  facet normal 0.000000e+00 1.000000e+00 0.000000e+00
    outer loop
      vertex   1.597866e+00 4.620000e+01 2.353600e+01
      vertex   1.683052e+00 4.620000e+01 2.418305e+01
      vertex   2.241528e+01 4.620000e+01 2.595082e+01
    endloop
  endfacet
  facet normal 0.000000e+00 1.000000e+00 0.000000e+00
    outer loop
      vertex   2.241528e+01 4.620000e+01 2.595082e+01
      vertex   1.683052e+00 4.620000e+01 2.418305e+01
      vertex   1.597866e+00 4.620000e+01 2.483010e+01
    endloop
  endfacet
  facet normal 0.000000e+00 1.000000e+00 0.000000e+00
    outer loop
      vertex   2.241528e+01 4.620000e+01 2.595082e+01
      vertex   1.597866e+00 4.620000e+01 2.483010e+01
      vertex   1.348115e+00 4.620000e+01 2.543305e+01
    endloop
  endfacet
  facet normal 0.000000e+00 1.000000e+00 -0.000000e+00
    outer loop
      vertex   1.348115e+00 4.620000e+01 2.543305e+01
      vertex   9.508189e-01 4.620000e+01 2.595082e+01
      vertex   2.241528e+01 4.620000e+01 2.595082e+01
    endloop
  endfacet
  facet normal 0.000000e+00 1.000000e+00 -0.000000e+00
    outer loop
      vertex   2.241528e+01 4.620000e+01 2.595082e+01
      vertex   9.508189e-01 4.620000e+01 2.595082e+01
      vertex   2.293305e+01 4.620000e+01 2.634812e+01
    endloop
  endfacet
  facet normal 0.000000e+00 1.000000e+00 0.000000e+00
    outer loop
      vertex   2.293305e+01 4.620000e+01 2.634812e+01
      vertex   9.508189e-01 4.620000e+01 2.595082e+01
      vertex   4.330519e-01 4.620000e+01 2.634812e+01
    endloop
  endfacet
  facet normal 0.000000e+00 1.000000e+00 -0.000000e+00
    outer loop
      vertex   2.293305e+01 4.620000e+01 2.634812e+01
      vertex   4.330519e-01 4.620000e+01 2.634812e+01
      vertex   2.353600e+01 4.620000e+01 2.659787e+01
    endloop
  endfacet
  facet normal 0.000000e+00 1.000000e+00 0.000000e+00
    outer loop
      vertex   2.353600e+01 4.620000e+01 2.659787e+01
      vertex   4.330519e-01 4.620000e+01 2.634812e+01
      vertex   -1.699005e-01 4.620000e+01 2.659787e+01
    endloop
  endfacet
  facet normal 0.000000e+00 1.000000e+00 -0.000000e+00
    outer loop
      vertex   2.353600e+01 4.620000e+01 2.659787e+01
      vertex   -1.699005e-01 4.620000e+01 2.659787e+01
      vertex   2.418305e+01 4.620000e+01 2.668305e+01
    endloop
  endfacet
  facet normal 0.000000e+00 1.000000e+00 0.000000e+00
    outer loop
      vertex   2.418305e+01 4.620000e+01 2.668305e+01
      vertex   -1.699005e-01 4.620000e+01 2.659787e+01
      vertex   -8.169481e-01 4.620000e+01 2.668305e+01
    endloop
  endfacet
  facet normal 0.000000e+00 1.000000e+00 -0.000000e+00
    outer loop
      vertex   2.418305e+01 4.620000e+01 2.668305e+01
      vertex   -8.169481e-01 4.620000e+01 2.668305e+01
      vertex   7.500000e+01 4.620000e+01 3.500000e+01
    endloop
  endfacet
  facet normal 0.000000e+00 1.000000e+00 0.000000e+00
    outer loop
      vertex   7.500000e+01 4.620000e+01 3.500000e+01
      vertex   -8.169481e-01 4.620000e+01 2.668305e+01
      vertex   -7.500000e+01 4.620000e+01 3.500000e+01
    endloop
  endfacet
  facet normal 0.000000e+00 1.000000e+00 0.000000e+00
    outer loop
      vertex   2.659787e+01 4.620000e+01 2.353600e+01
      vertex   2.668305e+01 4.620000e+01 2.418305e+01
      vertex   4.741528e+01 4.620000e+01 2.595082e+01
    endloop
  endfacet
  facet normal 0.000000e+00 1.000000e+00 0.000000e+00
    outer loop
      vertex   4.741528e+01 4.620000e+01 2.595082e+01
      vertex   2.668305e+01 4.620000e+01 2.418305e+01
      vertex   2.659787e+01 4.620000e+01 2.483010e+01
    endloop
  endfacet
  facet normal 0.000000e+00 1.000000e+00 0.000000e+00
    outer loop
      vertex   4.741528e+01 4.620000e+01 2.595082e+01
      vertex   2.659787e+01 4.620000e+01 2.483010e+01
      vertex   2.634812e+01 4.620000e+01 2.543305e+01
    endloop
  endfacet
  facet normal 0.000000e+00 1.000000e+00 -0.000000e+00
    outer loop
      vertex   2.634812e+01 4.620000e+01 2.543305e+01
      vertex   2.595082e+01 4.620000e+01 2.595082e+01
      vertex   4.741528e+01 4.620000e+01 2.595082e+01
    endloop
  endfacet
  facet normal 0.000000e+00 1.000000e+00 -0.000000e+00
    outer loop
      vertex   4.741528e+01 4.620000e+01 2.595082e+01
      vertex   2.595082e+01 4.620000e+01 2.595082e+01
      vertex   4.793305e+01 4.620000e+01 2.634812e+01
    endloop
  endfacet
  facet normal 0.000000e+00 1.000000e+00 0.000000e+00
    outer loop
      vertex   4.793305e+01 4.620000e+01 2.634812e+01
      vertex   2.595082e+01 4.620000e+01 2.595082e+01
      vertex   2.543305e+01 4.620000e+01 2.634812e+01
    endloop
  endfacet
  facet normal 0.000000e+00 1.000000e+00 -0.000000e+00
    outer loop
      vertex   4.793305e+01 4.620000e+01 2.634812e+01
      vertex   2.543305e+01 4.620000e+01 2.634812e+01
      vertex   4.853600e+01 4.620000e+01 2.659787e+01
    endloop
  endfacet
  facet normal 0.000000e+00 1.000000e+00 0.000000e+00
    outer loop
      vertex   4.853600e+01 4.620000e+01 2.659787e+01
      vertex   2.543305e+01 4.620000e+01 2.634812e+01
      vertex   2.483010e+01 4.620000e+01 2.659787e+01
    endloop
  endfacet
  facet normal 0.000000e+00 1.000000e+00 -0.000000e+00
    outer loop
      vertex   4.853600e+01 4.620000e+01 2.659787e+01
      vertex   2.483010e+01 4.620000e+01 2.659787e+01
      vertex   4.918305e+01 4.620000e+01 2.668305e+01
    endloop
  endfacet
  facet normal 0.000000e+00 1.000000e+00 0.000000e+00
    outer loop
      vertex   4.918305e+01 4.620000e+01 2.668305e+01
      vertex   2.483010e+01 4.620000e+01 2.659787e+01
      vertex   2.418305e+01 4.620000e+01 2.668305e+01
    endloop
  endfacet
  facet normal 0.000000e+00 1.000000e+00 -0.000000e+00
    outer loop
      vertex   4.918305e+01 4.620000e+01 2.668305e+01
      vertex   2.418305e+01 4.620000e+01 2.668305e+01
      vertex   7.500000e+01 4.620000e+01 3.500000e+01
    endloop
  endfacet
  facet normal 0.000000e+00 1.000000e+00 0.000000e+00
    outer loop
      vertex   1.463996e+00 4.620000e+01 -2.659787e+01
      vertex   2.516990e+01 4.620000e+01 -2.659787e+01
      vertex   8.169481e-01 4.620000e+01 -2.668305e+01
    endloop
  endfacet
  facet normal -0.000000e+00 1.000000e+00 0.000000e+00
    outer loop
      vertex   8.169481e-01 4.620000e+01 -2.668305e+01
      vertex   2.516990e+01 4.620000e+01 -2.659787e+01
      vertex   2.581695e+01 4.620000e+01 -2.668305e+01
    endloop
  endfacet
  facet normal 0.000000e+00 1.000000e+00 0.000000e+00
    outer loop
      vertex   8.169481e-01 4.620000e+01 -2.668305e+01
      vertex   2.581695e+01 4.620000e+01 -2.668305e+01
      vertex   7.500000e+01 4.620000e+01 -3.500000e+01
    endloop
  endfacet
  facet normal 0.000000e+00 1.000000e+00 0.000000e+00
    outer loop
      vertex   2.516990e+01 4.620000e+01 -2.659787e+01
      vertex   1.463996e+00 4.620000e+01 -2.659787e+01
      vertex   2.456695e+01 4.620000e+01 -2.634812e+01
    endloop
  endfacet
  facet normal 0.000000e+00 1.000000e+00 0.000000e+00
    outer loop
      vertex   2.456695e+01 4.620000e+01 -2.634812e+01
      vertex   1.463996e+00 4.620000e+01 -2.659787e+01
      vertex   2.066948e+00 4.620000e+01 -2.634812e+01
    endloop
  endfacet
  facet normal 0.000000e+00 1.000000e+00 0.000000e+00
    outer loop
      vertex   2.456695e+01 4.620000e+01 -2.634812e+01
      vertex   2.066948e+00 4.620000e+01 -2.634812e+01
      vertex   2.404918e+01 4.620000e+01 -2.595082e+01
    endloop
  endfacet
  facet normal 0.000000e+00 1.000000e+00 0.000000e+00
    outer loop
      vertex   2.404918e+01 4.620000e+01 -2.595082e+01
      vertex   2.066948e+00 4.620000e+01 -2.634812e+01
      vertex   2.584715e+00 4.620000e+01 -2.595082e+01
    endloop
  endfacet
  facet normal 0.000000e+00 1.000000e+00 0.000000e+00
    outer loop
      vertex   2.404918e+01 4.620000e+01 -2.595082e+01
      vertex   2.584715e+00 4.620000e+01 -2.595082e+01
      vertex   2.365188e+01 4.620000e+01 -2.543305e+01
    endloop
  endfacet
  facet normal 0.000000e+00 1.000000e+00 0.000000e+00
    outer loop
      vertex   2.365188e+01 4.620000e+01 -2.543305e+01
      vertex   2.584715e+00 4.620000e+01 -2.595082e+01
      vertex   2.340213e+01 4.620000e+01 -2.483010e+01
    endloop
  endfacet
  facet normal 0.000000e+00 1.000000e+00 0.000000e+00
    outer loop
      vertex   2.340213e+01 4.620000e+01 -2.483010e+01
      vertex   2.584715e+00 4.620000e+01 -2.595082e+01
      vertex   2.331695e+01 4.620000e+01 -2.418305e+01
    endloop
  endfacet
  facet normal 0.000000e+00 1.000000e+00 -0.000000e+00
    outer loop
      vertex   2.331695e+01 4.620000e+01 -2.418305e+01
      vertex   2.584715e+00 4.620000e+01 -2.595082e+01
      vertex   2.340213e+01 4.620000e+01 -2.353600e+01
    endloop
  endfacet
  facet normal 0.000000e+00 1.000000e+00 -0.000000e+00
    outer loop
      vertex   2.340213e+01 4.620000e+01 -2.353600e+01
      vertex   2.584715e+00 4.620000e+01 -2.595082e+01
      vertex   2.365188e+01 4.620000e+01 -2.293305e+01
    endloop
  endfacet
  facet normal 0.000000e+00 1.000000e+00 -0.000000e+00
    outer loop
      vertex   2.365188e+01 4.620000e+01 -2.293305e+01
      vertex   2.584715e+00 4.620000e+01 -2.595082e+01
      vertex   2.404918e+01 4.620000e+01 -2.241528e+01
    endloop
  endfacet
  facet normal 0.000000e+00 1.000000e+00 -0.000000e+00
    outer loop
      vertex   2.404918e+01 4.620000e+01 -2.241528e+01
      vertex   2.584715e+00 4.620000e+01 -2.595082e+01
      vertex   5.095082e+01 4.620000e+01 2.241528e+01
    endloop
  endfacet
  facet normal 0.000000e+00 1.000000e+00 0.000000e+00
    outer loop
      vertex   2.404918e+01 4.620000e+01 -2.241528e+01
      vertex   5.095082e+01 4.620000e+01 2.241528e+01
      vertex   7.241528e+01 4.620000e+01 2.595082e+01
    endloop
  endfacet
  facet normal 0.000000e+00 1.000000e+00 0.000000e+00
    outer loop
      vertex   7.241528e+01 4.620000e+01 2.595082e+01
      vertex   5.095082e+01 4.620000e+01 2.241528e+01
      vertex   5.134812e+01 4.620000e+01 2.293305e+01
    endloop
  endfacet
  facet normal 0.000000e+00 1.000000e+00 0.000000e+00
    outer loop
      vertex   7.241528e+01 4.620000e+01 2.595082e+01
      vertex   5.134812e+01 4.620000e+01 2.293305e+01
      vertex   5.159787e+01 4.620000e+01 2.353600e+01
    endloop
  endfacet
  facet normal 0.000000e+00 1.000000e+00 0.000000e+00
    outer loop
      vertex   5.159787e+01 4.620000e+01 2.353600e+01
      vertex   5.168305e+01 4.620000e+01 2.418305e+01
      vertex   7.241528e+01 4.620000e+01 2.595082e+01
    endloop
  endfacet
  facet normal 0.000000e+00 1.000000e+00 0.000000e+00
    outer loop
      vertex   7.241528e+01 4.620000e+01 2.595082e+01
      vertex   5.168305e+01 4.620000e+01 2.418305e+01
      vertex   5.159787e+01 4.620000e+01 2.483010e+01
    endloop
  endfacet
  facet normal 0.000000e+00 1.000000e+00 0.000000e+00
    outer loop
      vertex   7.241528e+01 4.620000e+01 2.595082e+01
      vertex   5.159787e+01 4.620000e+01 2.483010e+01
      vertex   5.134812e+01 4.620000e+01 2.543305e+01
    endloop
  endfacet
  facet normal 0.000000e+00 1.000000e+00 -0.000000e+00
    outer loop
      vertex   5.134812e+01 4.620000e+01 2.543305e+01
      vertex   5.095082e+01 4.620000e+01 2.595082e+01
      vertex   7.241528e+01 4.620000e+01 2.595082e+01
    endloop
  endfacet
  facet normal 0.000000e+00 1.000000e+00 -0.000000e+00
    outer loop
      vertex   7.241528e+01 4.620000e+01 2.595082e+01
      vertex   5.095082e+01 4.620000e+01 2.595082e+01
      vertex   7.293305e+01 4.620000e+01 2.634812e+01
    endloop
  endfacet
  facet normal 0.000000e+00 1.000000e+00 0.000000e+00
    outer loop
      vertex   7.293305e+01 4.620000e+01 2.634812e+01
      vertex   5.095082e+01 4.620000e+01 2.595082e+01
      vertex   5.043305e+01 4.620000e+01 2.634812e+01
    endloop
  endfacet
  facet normal 0.000000e+00 1.000000e+00 -0.000000e+00
    outer loop
      vertex   7.293305e+01 4.620000e+01 2.634812e+01
      vertex   5.043305e+01 4.620000e+01 2.634812e+01
      vertex   7.500000e+01 4.620000e+01 3.500000e+01
    endloop
  endfacet
  facet normal 0.000000e+00 1.000000e+00 0.000000e+00
    outer loop
      vertex   7.500000e+01 4.620000e+01 3.500000e+01
      vertex   5.043305e+01 4.620000e+01 2.634812e+01
      vertex   4.983010e+01 4.620000e+01 2.659787e+01
    endloop
  endfacet
  facet normal 0.000000e+00 1.000000e+00 0.000000e+00
    outer loop
      vertex   7.500000e+01 4.620000e+01 3.500000e+01
      vertex   4.983010e+01 4.620000e+01 2.659787e+01
      vertex   4.918305e+01 4.620000e+01 2.668305e+01
    endloop
  endfacet
  facet normal 0.000000e+00 1.000000e+00 0.000000e+00
    outer loop
      vertex   7.595082e+01 4.620000e+01 2.241528e+01
      vertex   7.634812e+01 4.620000e+01 2.293305e+01
      vertex   8.500000e+01 4.620000e+01 2.500000e+01
    endloop
  endfacet
  facet normal 0.000000e+00 1.000000e+00 0.000000e+00
    outer loop
      vertex   8.500000e+01 4.620000e+01 2.500000e+01
      vertex   7.634812e+01 4.620000e+01 2.293305e+01
      vertex   7.659787e+01 4.620000e+01 2.353600e+01
    endloop
  endfacet
  facet normal 0.000000e+00 1.000000e+00 0.000000e+00
    outer loop
      vertex   8.500000e+01 4.620000e+01 2.500000e+01
      vertex   7.659787e+01 4.620000e+01 2.353600e+01
      vertex   7.668305e+01 4.620000e+01 2.418305e+01
    endloop
  endfacet
  facet normal 0.000000e+00 1.000000e+00 -0.000000e+00
    outer loop
      vertex   7.668305e+01 4.620000e+01 2.418305e+01
      vertex   7.659787e+01 4.620000e+01 2.483010e+01
      vertex   8.500000e+01 4.620000e+01 2.500000e+01
    endloop
  endfacet
  facet normal 0.000000e+00 1.000000e+00 0.000000e+00
    outer loop
      vertex   8.500000e+01 4.620000e+01 2.500000e+01
      vertex   7.659787e+01 4.620000e+01 2.483010e+01
      vertex   7.634812e+01 4.620000e+01 2.543305e+01
    endloop
  endfacet
  facet normal 0.000000e+00 1.000000e+00 0.000000e+00
    outer loop
      vertex   8.500000e+01 4.620000e+01 2.500000e+01
      vertex   7.634812e+01 4.620000e+01 2.543305e+01
      vertex   8.489821e+01 4.620000e+01 2.642315e+01
    endloop
  endfacet
  facet normal 0.000000e+00 1.000000e+00 0.000000e+00
    outer loop
      vertex   8.489821e+01 4.620000e+01 2.642315e+01
      vertex   7.634812e+01 4.620000e+01 2.543305e+01
      vertex   7.595082e+01 4.620000e+01 2.595082e+01
    endloop
  endfacet
  facet normal 0.000000e+00 1.000000e+00 0.000000e+00
    outer loop
      vertex   8.489821e+01 4.620000e+01 2.642315e+01
      vertex   7.595082e+01 4.620000e+01 2.595082e+01
      vertex   8.459493e+01 4.620000e+01 2.781733e+01
    endloop
  endfacet
  facet normal 0.000000e+00 1.000000e+00 0.000000e+00
    outer loop
      vertex   8.459493e+01 4.620000e+01 2.781733e+01
      vertex   7.595082e+01 4.620000e+01 2.595082e+01
      vertex   7.543305e+01 4.620000e+01 2.634812e+01
    endloop
  endfacet
  facet normal 0.000000e+00 1.000000e+00 0.000000e+00
    outer loop
      vertex   8.459493e+01 4.620000e+01 2.781733e+01
      vertex   7.543305e+01 4.620000e+01 2.634812e+01
      vertex   7.483010e+01 4.620000e+01 2.659787e+01
    endloop
  endfacet
  facet normal -0.000000e+00 1.000000e+00 0.000000e+00
    outer loop
      vertex   7.418305e+01 4.620000e+01 2.668305e+01
      vertex   8.341254e+01 4.620000e+01 3.040641e+01
      vertex   7.483010e+01 4.620000e+01 2.659787e+01
    endloop
  endfacet
  facet normal 0.000000e+00 1.000000e+00 0.000000e+00
    outer loop
      vertex   7.483010e+01 4.620000e+01 2.659787e+01
      vertex   8.341254e+01 4.620000e+01 3.040641e+01
      vertex   8.409632e+01 4.620000e+01 2.915415e+01
    endloop
  endfacet
  facet normal 0.000000e+00 1.000000e+00 0.000000e+00
    outer loop
      vertex   7.483010e+01 4.620000e+01 2.659787e+01
      vertex   8.409632e+01 4.620000e+01 2.915415e+01
      vertex   8.459493e+01 4.620000e+01 2.781733e+01
    endloop
  endfacet
  facet normal 0.000000e+00 1.000000e+00 0.000000e+00
    outer loop
      vertex   7.353600e+01 4.620000e+01 2.659787e+01
      vertex   7.500000e+01 4.620000e+01 3.500000e+01
      vertex   7.418305e+01 4.620000e+01 2.668305e+01
    endloop
  endfacet
  facet normal 0.000000e+00 1.000000e+00 0.000000e+00
    outer loop
      vertex   7.418305e+01 4.620000e+01 2.668305e+01
      vertex   7.500000e+01 4.620000e+01 3.500000e+01
      vertex   8.040641e+01 4.620000e+01 3.341254e+01
    endloop
  endfacet
  facet normal 0.000000e+00 1.000000e+00 0.000000e+00
    outer loop
      vertex   7.418305e+01 4.620000e+01 2.668305e+01
      vertex   8.040641e+01 4.620000e+01 3.341254e+01
      vertex   8.154861e+01 4.620000e+01 3.255750e+01
    endloop
  endfacet
  facet normal 0.000000e+00 1.000000e+00 -0.000000e+00
    outer loop
      vertex   7.353600e+01 4.620000e+01 2.659787e+01
      vertex   7.293305e+01 4.620000e+01 2.634812e+01
      vertex   7.500000e+01 4.620000e+01 3.500000e+01
    endloop
  endfacet
  facet normal 0.000000e+00 1.000000e+00 0.000000e+00
    outer loop
      vertex   7.642315e+01 4.620000e+01 3.489821e+01
      vertex   7.781733e+01 4.620000e+01 3.459493e+01
      vertex   7.500000e+01 4.620000e+01 3.500000e+01
    endloop
  endfacet
  facet normal 0.000000e+00 1.000000e+00 0.000000e+00
    outer loop
      vertex   7.500000e+01 4.620000e+01 3.500000e+01
      vertex   7.781733e+01 4.620000e+01 3.459493e+01
      vertex   7.915415e+01 4.620000e+01 3.409632e+01
    endloop
  endfacet
  facet normal 0.000000e+00 1.000000e+00 0.000000e+00
    outer loop
      vertex   7.500000e+01 4.620000e+01 3.500000e+01
      vertex   7.915415e+01 4.620000e+01 3.409632e+01
      vertex   8.040641e+01 4.620000e+01 3.341254e+01
    endloop
  endfacet
  facet normal 0.000000e+00 1.000000e+00 0.000000e+00
    outer loop
      vertex   8.154861e+01 4.620000e+01 3.255750e+01
      vertex   8.255750e+01 4.620000e+01 3.154861e+01
      vertex   7.418305e+01 4.620000e+01 2.668305e+01
    endloop
  endfacet
  facet normal 0.000000e+00 1.000000e+00 0.000000e+00
    outer loop
      vertex   7.418305e+01 4.620000e+01 2.668305e+01
      vertex   8.255750e+01 4.620000e+01 3.154861e+01
      vertex   8.341254e+01 4.620000e+01 3.040641e+01
    endloop
  endfacet
  facet normal 0.000000e+00 1.000000e+00 0.000000e+00
    outer loop
      vertex   8.154861e+01 4.620000e+01 -3.255750e+01
      vertex   8.040641e+01 4.620000e+01 -3.341254e+01
      vertex   7.418305e+01 4.620000e+01 -2.668305e+01
    endloop
  endfacet
  facet normal 0.000000e+00 1.000000e+00 0.000000e+00
    outer loop
      vertex   7.915415e+01 4.620000e+01 -3.409632e+01
      vertex   7.781733e+01 4.620000e+01 -3.459493e+01
      vertex   7.500000e+01 4.620000e+01 -3.500000e+01
    endloop
  endfacet
  facet normal 0.000000e+00 1.000000e+00 0.000000e+00
    outer loop
      vertex   7.500000e+01 4.620000e+01 -3.500000e+01
      vertex   7.781733e+01 4.620000e+01 -3.459493e+01
      vertex   7.642315e+01 4.620000e+01 -3.489821e+01
    endloop
  endfacet
  facet normal 0.000000e+00 1.000000e+00 0.000000e+00
    outer loop
      vertex   7.500000e+01 4.620000e+01 -3.500000e+01
      vertex   -7.500000e+01 4.620000e+01 -3.500000e+01
      vertex   8.169481e-01 4.620000e+01 -2.668305e+01
    endloop
  endfacet
  facet normal -0.000000e+00 1.000000e+00 -0.000000e+00
    outer loop
      vertex   -7.642315e+01 4.620000e+01 -3.489821e+01
      vertex   -7.781733e+01 4.620000e+01 -3.459493e+01
      vertex   -7.500000e+01 4.620000e+01 -3.500000e+01
    endloop
  endfacet
  facet normal 0.000000e+00 1.000000e+00 0.000000e+00
    outer loop
      vertex   -7.500000e+01 4.620000e+01 -3.500000e+01
      vertex   -7.781733e+01 4.620000e+01 -3.459493e+01
      vertex   -7.915415e+01 4.620000e+01 -3.409632e+01
    endloop
  endfacet
  facet normal 0.000000e+00 1.000000e+00 0.000000e+00
    outer loop
      vertex   -7.500000e+01 4.620000e+01 -3.500000e+01
      vertex   -7.915415e+01 4.620000e+01 -3.409632e+01
      vertex   -8.040641e+01 4.620000e+01 -3.341254e+01
    endloop
  endfacet
  facet normal 0.000000e+00 1.000000e+00 -0.000000e+00
    outer loop
      vertex   -8.154861e+01 4.620000e+01 -3.255750e+01
      vertex   -8.255750e+01 4.620000e+01 -3.154861e+01
      vertex   -7.418305e+01 4.620000e+01 -2.668305e+01
    endloop
  endfacet
  facet normal 0.000000e+00 1.000000e+00 0.000000e+00
    outer loop
      vertex   -7.418305e+01 4.620000e+01 -2.668305e+01
      vertex   -8.255750e+01 4.620000e+01 -3.154861e+01
      vertex   -8.341254e+01 4.620000e+01 -3.040641e+01
    endloop
  endfacet
  facet normal -0.000000e+00 1.000000e+00 0.000000e+00
    outer loop
      vertex   -8.154861e+01 4.620000e+01 3.255750e+01
      vertex   -8.040641e+01 4.620000e+01 3.341254e+01
      vertex   -7.418305e+01 4.620000e+01 2.668305e+01
    endloop
  endfacet
  facet normal 0.000000e+00 1.000000e+00 0.000000e+00
    outer loop
      vertex   -7.915415e+01 4.620000e+01 3.409632e+01
      vertex   -7.781733e+01 4.620000e+01 3.459493e+01
      vertex   -7.500000e+01 4.620000e+01 3.500000e+01
    endloop
  endfacet
  facet normal 0.000000e+00 1.000000e+00 0.000000e+00
    outer loop
      vertex   -7.500000e+01 4.620000e+01 3.500000e+01
      vertex   -7.781733e+01 4.620000e+01 3.459493e+01
      vertex   -7.642315e+01 4.620000e+01 3.489821e+01
    endloop
  endfacet
  facet normal 0.000000e+00 -1.000000e+00 0.000000e+00
    outer loop
      vertex   8.340500e+01 4.180000e+01 2.633122e+01
      vertex   8.350977e+01 4.180000e+01 2.500000e+01
      vertex   8.400000e+01 4.180000e+01 2.500000e+01
    endloop
  endfacet
  facet normal -0.000000e+00 -1.000000e+00 0.000000e+00
    outer loop
      vertex   8.400000e+01 4.180000e+01 2.500000e+01
      vertex   8.350977e+01 4.180000e+01 2.500000e+01
      vertex   8.350977e+01 4.180000e+01 -2.500000e+01
    endloop
  endfacet
  facet normal 0.000000e+00 -1.000000e+00 -0.000000e+00
    outer loop
      vertex   8.400000e+01 4.180000e+01 2.500000e+01
      vertex   8.350977e+01 4.180000e+01 -2.500000e+01
      vertex   8.400000e+01 4.180000e+01 -2.500000e+01
    endloop
  endfacet
  facet normal -0.000000e+00 -1.000000e+00 0.000000e+00
    outer loop
      vertex   8.400000e+01 4.180000e+01 -2.500000e+01
      vertex   8.350977e+01 4.180000e+01 -2.500000e+01
      vertex   8.340500e+01 4.180000e+01 -2.633122e+01
    endloop
  endfacet
  facet normal 0.000000e+00 -1.000000e+00 0.000000e+00
    outer loop
      vertex   8.400000e+01 4.180000e+01 -2.500000e+01
      vertex   8.340500e+01 4.180000e+01 -2.633122e+01
      vertex   8.388919e+01 4.180000e+01 -2.640791e+01
    endloop
  endfacet
  facet normal -0.000000e+00 -1.000000e+00 0.000000e+00
    outer loop
      vertex   8.388919e+01 4.180000e+01 -2.640791e+01
      vertex   8.340500e+01 4.180000e+01 -2.633122e+01
      vertex   8.309328e+01 4.180000e+01 -2.762966e+01
    endloop
  endfacet
  facet normal 0.000000e+00 -1.000000e+00 0.000000e+00
    outer loop
      vertex   8.388919e+01 4.180000e+01 -2.640791e+01
      vertex   8.309328e+01 4.180000e+01 -2.762966e+01
      vertex   8.355951e+01 4.180000e+01 -2.778115e+01
    endloop
  endfacet
  facet normal -0.000000e+00 -1.000000e+00 0.000000e+00
    outer loop
      vertex   8.355951e+01 4.180000e+01 -2.778115e+01
      vertex   8.309328e+01 4.180000e+01 -2.762966e+01
      vertex   8.258226e+01 4.180000e+01 -2.886336e+01
    endloop
  endfacet
  facet normal 0.000000e+00 -1.000000e+00 0.000000e+00
    outer loop
      vertex   8.355951e+01 4.180000e+01 -2.778115e+01
      vertex   8.258226e+01 4.180000e+01 -2.886336e+01
      vertex   8.301906e+01 4.180000e+01 -2.908591e+01
    endloop
  endfacet
  facet normal -0.000000e+00 -1.000000e+00 0.000000e+00
    outer loop
      vertex   8.301906e+01 4.180000e+01 -2.908591e+01
      vertex   8.258226e+01 4.180000e+01 -2.886336e+01
      vertex   8.188455e+01 4.180000e+01 -3.000192e+01
    endloop
  endfacet
  facet normal 0.000000e+00 -1.000000e+00 0.000000e+00
    outer loop
      vertex   8.301906e+01 4.180000e+01 -2.908591e+01
      vertex   8.188455e+01 4.180000e+01 -3.000192e+01
      vertex   8.228115e+01 4.180000e+01 -3.029007e+01
    endloop
  endfacet
  facet normal -0.000000e+00 -1.000000e+00 0.000000e+00
    outer loop
      vertex   8.228115e+01 4.180000e+01 -3.029007e+01
      vertex   8.188455e+01 4.180000e+01 -3.000192e+01
      vertex   8.101732e+01 4.180000e+01 -3.101732e+01
    endloop
  endfacet
  facet normal 0.000000e+00 -1.000000e+00 0.000000e+00
    outer loop
      vertex   8.228115e+01 4.180000e+01 -3.029007e+01
      vertex   8.101732e+01 4.180000e+01 -3.101732e+01
      vertex   8.136396e+01 4.180000e+01 -3.136396e+01
    endloop
  endfacet
  facet normal -0.000000e+00 -1.000000e+00 0.000000e+00
    outer loop
      vertex   8.136396e+01 4.180000e+01 -3.136396e+01
      vertex   8.101732e+01 4.180000e+01 -3.101732e+01
      vertex   8.000192e+01 4.180000e+01 -3.188455e+01
    endloop
  endfacet
  facet normal 0.000000e+00 -1.000000e+00 0.000000e+00
    outer loop
      vertex   8.136396e+01 4.180000e+01 -3.136396e+01
      vertex   8.000192e+01 4.180000e+01 -3.188455e+01
      vertex   8.029007e+01 4.180000e+01 -3.228115e+01
    endloop
  endfacet
  facet normal -0.000000e+00 -1.000000e+00 0.000000e+00
    outer loop
      vertex   8.029007e+01 4.180000e+01 -3.228115e+01
      vertex   8.000192e+01 4.180000e+01 -3.188455e+01
      vertex   7.886336e+01 4.180000e+01 -3.258226e+01
    endloop
  endfacet
  facet normal 0.000000e+00 -1.000000e+00 0.000000e+00
    outer loop
      vertex   8.029007e+01 4.180000e+01 -3.228115e+01
      vertex   7.886336e+01 4.180000e+01 -3.258226e+01
      vertex   7.908591e+01 4.180000e+01 -3.301906e+01
    endloop
  endfacet
  facet normal -0.000000e+00 -1.000000e+00 0.000000e+00
    outer loop
      vertex   7.908591e+01 4.180000e+01 -3.301906e+01
      vertex   7.886336e+01 4.180000e+01 -3.258226e+01
      vertex   7.762966e+01 4.180000e+01 -3.309328e+01
    endloop
  endfacet
  facet normal 0.000000e+00 -1.000000e+00 0.000000e+00
    outer loop
      vertex   7.908591e+01 4.180000e+01 -3.301906e+01
      vertex   7.762966e+01 4.180000e+01 -3.309328e+01
      vertex   7.778115e+01 4.180000e+01 -3.355951e+01
    endloop
  endfacet
  facet normal 0.000000e+00 -1.000000e+00 0.000000e+00
    outer loop
      vertex   7.778115e+01 4.180000e+01 -3.355951e+01
      vertex   7.762966e+01 4.180000e+01 -3.309328e+01
      vertex   7.633122e+01 4.180000e+01 -3.340500e+01
    endloop
  endfacet
  facet normal -0.000000e+00 -1.000000e+00 0.000000e+00
    outer loop
      vertex   7.778115e+01 4.180000e+01 -3.355951e+01
      vertex   7.633122e+01 4.180000e+01 -3.340500e+01
      vertex   7.640791e+01 4.180000e+01 -3.388919e+01
    endloop
  endfacet
  facet normal 0.000000e+00 -1.000000e+00 0.000000e+00
    outer loop
      vertex   7.640791e+01 4.180000e+01 -3.388919e+01
      vertex   7.633122e+01 4.180000e+01 -3.340500e+01
      vertex   7.500000e+01 4.180000e+01 -3.350977e+01
    endloop
  endfacet
  facet normal -0.000000e+00 -1.000000e+00 0.000000e+00
    outer loop
      vertex   7.640791e+01 4.180000e+01 -3.388919e+01
      vertex   7.500000e+01 4.180000e+01 -3.350977e+01
      vertex   7.500000e+01 4.180000e+01 -3.400000e+01
    endloop
  endfacet
  facet normal 0.000000e+00 -1.000000e+00 0.000000e+00
    outer loop
      vertex   7.500000e+01 4.180000e+01 -3.400000e+01
      vertex   7.500000e+01 4.180000e+01 -3.350977e+01
      vertex   -7.500000e+01 4.180000e+01 -3.400000e+01
    endloop
  endfacet
  facet normal 0.000000e+00 -1.000000e+00 0.000000e+00
    outer loop
      vertex   -7.500000e+01 4.180000e+01 -3.400000e+01
      vertex   7.500000e+01 4.180000e+01 -3.350977e+01
      vertex   -7.500000e+01 4.180000e+01 -3.350977e+01
    endloop
  endfacet
  facet normal 0.000000e+00 -1.000000e+00 0.000000e+00
    outer loop
      vertex   -7.500000e+01 4.180000e+01 -3.400000e+01
      vertex   -7.500000e+01 4.180000e+01 -3.350977e+01
      vertex   -7.640791e+01 4.180000e+01 -3.388919e+01
    endloop
  endfacet
  facet normal 0.000000e+00 -1.000000e+00 0.000000e+00
    outer loop
      vertex   -7.640791e+01 4.180000e+01 -3.388919e+01
      vertex   -7.500000e+01 4.180000e+01 -3.350977e+01
      vertex   -7.633122e+01 4.180000e+01 -3.340500e+01
    endloop
  endfacet
  facet normal 0.000000e+00 -1.000000e+00 0.000000e+00
    outer loop
      vertex   -7.640791e+01 4.180000e+01 -3.388919e+01
      vertex   -7.633122e+01 4.180000e+01 -3.340500e+01
      vertex   -7.778115e+01 4.180000e+01 -3.355951e+01
    endloop
  endfacet
  facet normal 0.000000e+00 -1.000000e+00 0.000000e+00
    outer loop
      vertex   -7.778115e+01 4.180000e+01 -3.355951e+01
      vertex   -7.633122e+01 4.180000e+01 -3.340500e+01
      vertex   -7.762966e+01 4.180000e+01 -3.309328e+01
    endloop
  endfacet
  facet normal 0.000000e+00 -1.000000e+00 0.000000e+00
    outer loop
      vertex   -7.778115e+01 4.180000e+01 -3.355951e+01
      vertex   -7.762966e+01 4.180000e+01 -3.309328e+01
      vertex   -7.908591e+01 4.180000e+01 -3.301906e+01
    endloop
  endfacet
  facet normal 0.000000e+00 -1.000000e+00 0.000000e+00
    outer loop
      vertex   -7.908591e+01 4.180000e+01 -3.301906e+01
      vertex   -7.762966e+01 4.180000e+01 -3.309328e+01
      vertex   -7.886336e+01 4.180000e+01 -3.258226e+01
    endloop
  endfacet
  facet normal 0.000000e+00 -1.000000e+00 0.000000e+00
    outer loop
      vertex   -7.908591e+01 4.180000e+01 -3.301906e+01
      vertex   -7.886336e+01 4.180000e+01 -3.258226e+01
      vertex   -8.029007e+01 4.180000e+01 -3.228115e+01
    endloop
  endfacet
  facet normal 0.000000e+00 -1.000000e+00 0.000000e+00
    outer loop
      vertex   -8.029007e+01 4.180000e+01 -3.228115e+01
      vertex   -7.886336e+01 4.180000e+01 -3.258226e+01
      vertex   -8.000192e+01 4.180000e+01 -3.188455e+01
    endloop
  endfacet
  facet normal 0.000000e+00 -1.000000e+00 0.000000e+00
    outer loop
      vertex   -8.029007e+01 4.180000e+01 -3.228115e+01
      vertex   -8.000192e+01 4.180000e+01 -3.188455e+01
      vertex   -8.136396e+01 4.180000e+01 -3.136396e+01
    endloop
  endfacet
  facet normal 0.000000e+00 -1.000000e+00 0.000000e+00
    outer loop
      vertex   -8.136396e+01 4.180000e+01 -3.136396e+01
      vertex   -8.000192e+01 4.180000e+01 -3.188455e+01
      vertex   -8.101732e+01 4.180000e+01 -3.101732e+01
    endloop
  endfacet
  facet normal 0.000000e+00 -1.000000e+00 0.000000e+00
    outer loop
      vertex   -8.136396e+01 4.180000e+01 -3.136396e+01
      vertex   -8.101732e+01 4.180000e+01 -3.101732e+01
      vertex   -8.228115e+01 4.180000e+01 -3.029007e+01
    endloop
  endfacet
  facet normal 0.000000e+00 -1.000000e+00 0.000000e+00
    outer loop
      vertex   -8.228115e+01 4.180000e+01 -3.029007e+01
      vertex   -8.101732e+01 4.180000e+01 -3.101732e+01
      vertex   -8.188455e+01 4.180000e+01 -3.000192e+01
    endloop
  endfacet
  facet normal 0.000000e+00 -1.000000e+00 0.000000e+00
    outer loop
      vertex   -8.228115e+01 4.180000e+01 -3.029007e+01
      vertex   -8.188455e+01 4.180000e+01 -3.000192e+01
      vertex   -8.301906e+01 4.180000e+01 -2.908591e+01
    endloop
  endfacet
  facet normal 0.000000e+00 -1.000000e+00 0.000000e+00
    outer loop
      vertex   -8.301906e+01 4.180000e+01 -2.908591e+01
      vertex   -8.188455e+01 4.180000e+01 -3.000192e+01
      vertex   -8.258226e+01 4.180000e+01 -2.886336e+01
    endloop
  endfacet
  facet normal 0.000000e+00 -1.000000e+00 0.000000e+00
    outer loop
      vertex   -8.301906e+01 4.180000e+01 -2.908591e+01
      vertex   -8.258226e+01 4.180000e+01 -2.886336e+01
      vertex   -8.355951e+01 4.180000e+01 -2.778115e+01
    endloop
  endfacet
  facet normal 0.000000e+00 -1.000000e+00 0.000000e+00
    outer loop
      vertex   -8.355951e+01 4.180000e+01 -2.778115e+01
      vertex   -8.258226e+01 4.180000e+01 -2.886336e+01
      vertex   -8.309328e+01 4.180000e+01 -2.762966e+01
    endloop
  endfacet
  facet normal 0.000000e+00 -1.000000e+00 0.000000e+00
    outer loop
      vertex   -8.355951e+01 4.180000e+01 -2.778115e+01
      vertex   -8.309328e+01 4.180000e+01 -2.762966e+01
      vertex   -8.388919e+01 4.180000e+01 -2.640791e+01
    endloop
  endfacet
  facet normal 0.000000e+00 -1.000000e+00 0.000000e+00
    outer loop
      vertex   -8.388919e+01 4.180000e+01 -2.640791e+01
      vertex   -8.309328e+01 4.180000e+01 -2.762966e+01
      vertex   -8.340500e+01 4.180000e+01 -2.633122e+01
    endloop
  endfacet
  facet normal 0.000000e+00 -1.000000e+00 0.000000e+00
    outer loop
      vertex   -8.388919e+01 4.180000e+01 -2.640791e+01
      vertex   -8.340500e+01 4.180000e+01 -2.633122e+01
      vertex   -8.400000e+01 4.180000e+01 -2.500000e+01
    endloop
  endfacet
  facet normal 0.000000e+00 -1.000000e+00 0.000000e+00
    outer loop
      vertex   -8.400000e+01 4.180000e+01 -2.500000e+01
      vertex   -8.340500e+01 4.180000e+01 -2.633122e+01
      vertex   -8.350977e+01 4.180000e+01 -2.500000e+01
    endloop
  endfacet
  facet normal 0.000000e+00 -1.000000e+00 0.000000e+00
    outer loop
      vertex   -8.400000e+01 4.180000e+01 -2.500000e+01
      vertex   -8.350977e+01 4.180000e+01 -2.500000e+01
      vertex   -8.350977e+01 4.180000e+01 2.500000e+01
    endloop
  endfacet
  facet normal 0.000000e+00 -1.000000e+00 0.000000e+00
    outer loop
      vertex   -8.400000e+01 4.180000e+01 -2.500000e+01
      vertex   -8.350977e+01 4.180000e+01 2.500000e+01
      vertex   -8.400000e+01 4.180000e+01 2.500000e+01
    endloop
  endfacet
  facet normal 0.000000e+00 -1.000000e+00 0.000000e+00
    outer loop
      vertex   -8.400000e+01 4.180000e+01 2.500000e+01
      vertex   -8.350977e+01 4.180000e+01 2.500000e+01
      vertex   -8.340500e+01 4.180000e+01 2.633122e+01
    endloop
  endfacet
  facet normal 0.000000e+00 -1.000000e+00 0.000000e+00
    outer loop
      vertex   -8.400000e+01 4.180000e+01 2.500000e+01
      vertex   -8.340500e+01 4.180000e+01 2.633122e+01
      vertex   -8.388919e+01 4.180000e+01 2.640791e+01
    endloop
  endfacet
  facet normal 0.000000e+00 -1.000000e+00 0.000000e+00
    outer loop
      vertex   -8.388919e+01 4.180000e+01 2.640791e+01
      vertex   -8.340500e+01 4.180000e+01 2.633122e+01
      vertex   -8.309328e+01 4.180000e+01 2.762966e+01
    endloop
  endfacet
  facet normal 0.000000e+00 -1.000000e+00 0.000000e+00
    outer loop
      vertex   -8.388919e+01 4.180000e+01 2.640791e+01
      vertex   -8.309328e+01 4.180000e+01 2.762966e+01
      vertex   -8.355951e+01 4.180000e+01 2.778115e+01
    endloop
  endfacet
  facet normal 0.000000e+00 -1.000000e+00 0.000000e+00
    outer loop
      vertex   -8.355951e+01 4.180000e+01 2.778115e+01
      vertex   -8.309328e+01 4.180000e+01 2.762966e+01
      vertex   -8.258226e+01 4.180000e+01 2.886336e+01
    endloop
  endfacet
  facet normal 0.000000e+00 -1.000000e+00 0.000000e+00
    outer loop
      vertex   -8.355951e+01 4.180000e+01 2.778115e+01
      vertex   -8.258226e+01 4.180000e+01 2.886336e+01
      vertex   -8.301906e+01 4.180000e+01 2.908591e+01
    endloop
  endfacet
  facet normal 0.000000e+00 -1.000000e+00 0.000000e+00
    outer loop
      vertex   -8.301906e+01 4.180000e+01 2.908591e+01
      vertex   -8.258226e+01 4.180000e+01 2.886336e+01
      vertex   -8.188455e+01 4.180000e+01 3.000192e+01
    endloop
  endfacet
  facet normal 0.000000e+00 -1.000000e+00 0.000000e+00
    outer loop
      vertex   -8.301906e+01 4.180000e+01 2.908591e+01
      vertex   -8.188455e+01 4.180000e+01 3.000192e+01
      vertex   -8.228115e+01 4.180000e+01 3.029007e+01
    endloop
  endfacet
  facet normal 0.000000e+00 -1.000000e+00 0.000000e+00
    outer loop
      vertex   -8.228115e+01 4.180000e+01 3.029007e+01
      vertex   -8.188455e+01 4.180000e+01 3.000192e+01
      vertex   -8.101732e+01 4.180000e+01 3.101732e+01
    endloop
  endfacet
  facet normal 0.000000e+00 -1.000000e+00 0.000000e+00
    outer loop
      vertex   -8.228115e+01 4.180000e+01 3.029007e+01
      vertex   -8.101732e+01 4.180000e+01 3.101732e+01
      vertex   -8.136396e+01 4.180000e+01 3.136396e+01
    endloop
  endfacet
  facet normal 0.000000e+00 -1.000000e+00 0.000000e+00
    outer loop
      vertex   -8.136396e+01 4.180000e+01 3.136396e+01
      vertex   -8.101732e+01 4.180000e+01 3.101732e+01
      vertex   -8.000192e+01 4.180000e+01 3.188455e+01
    endloop
  endfacet
  facet normal 0.000000e+00 -1.000000e+00 0.000000e+00
    outer loop
      vertex   -8.136396e+01 4.180000e+01 3.136396e+01
      vertex   -8.000192e+01 4.180000e+01 3.188455e+01
      vertex   -8.029007e+01 4.180000e+01 3.228115e+01
    endloop
  endfacet
  facet normal 0.000000e+00 -1.000000e+00 0.000000e+00
    outer loop
      vertex   -8.029007e+01 4.180000e+01 3.228115e+01
      vertex   -8.000192e+01 4.180000e+01 3.188455e+01
      vertex   -7.886336e+01 4.180000e+01 3.258226e+01
    endloop
  endfacet
  facet normal 0.000000e+00 -1.000000e+00 0.000000e+00
    outer loop
      vertex   -8.029007e+01 4.180000e+01 3.228115e+01
      vertex   -7.886336e+01 4.180000e+01 3.258226e+01
      vertex   -7.908591e+01 4.180000e+01 3.301906e+01
    endloop
  endfacet
  facet normal 0.000000e+00 -1.000000e+00 0.000000e+00
    outer loop
      vertex   -7.908591e+01 4.180000e+01 3.301906e+01
      vertex   -7.886336e+01 4.180000e+01 3.258226e+01
      vertex   -7.762966e+01 4.180000e+01 3.309328e+01
    endloop
  endfacet
  facet normal 0.000000e+00 -1.000000e+00 0.000000e+00
    outer loop
      vertex   -7.908591e+01 4.180000e+01 3.301906e+01
      vertex   -7.762966e+01 4.180000e+01 3.309328e+01
      vertex   -7.778115e+01 4.180000e+01 3.355951e+01
    endloop
  endfacet
  facet normal 0.000000e+00 -1.000000e+00 0.000000e+00
    outer loop
      vertex   -7.778115e+01 4.180000e+01 3.355951e+01
      vertex   -7.762966e+01 4.180000e+01 3.309328e+01
      vertex   -7.633122e+01 4.180000e+01 3.340500e+01
    endloop
  endfacet
  facet normal 0.000000e+00 -1.000000e+00 0.000000e+00
    outer loop
      vertex   -7.778115e+01 4.180000e+01 3.355951e+01
      vertex   -7.633122e+01 4.180000e+01 3.340500e+01
      vertex   -7.640791e+01 4.180000e+01 3.388919e+01
    endloop
  endfacet
  facet normal 0.000000e+00 -1.000000e+00 0.000000e+00
    outer loop
      vertex   -7.640791e+01 4.180000e+01 3.388919e+01
      vertex   -7.633122e+01 4.180000e+01 3.340500e+01
      vertex   -7.500000e+01 4.180000e+01 3.350977e+01
    endloop
  endfacet
  facet normal 0.000000e+00 -1.000000e+00 0.000000e+00
    outer loop
      vertex   -7.640791e+01 4.180000e+01 3.388919e+01
      vertex   -7.500000e+01 4.180000e+01 3.350977e+01
      vertex   -7.500000e+01 4.180000e+01 3.400000e+01
    endloop
  endfacet
  facet normal 0.000000e+00 -1.000000e+00 0.000000e+00
    outer loop
      vertex   -7.500000e+01 4.180000e+01 3.400000e+01
      vertex   -7.500000e+01 4.180000e+01 3.350977e+01
      vertex   7.500000e+01 4.180000e+01 3.400000e+01
    endloop
  endfacet
  facet normal 0.000000e+00 -1.000000e+00 -0.000000e+00
    outer loop
      vertex   7.500000e+01 4.180000e+01 3.400000e+01
      vertex   -7.500000e+01 4.180000e+01 3.350977e+01
      vertex   7.500000e+01 4.180000e+01 3.350977e+01
    endloop
  endfacet
  facet normal 0.000000e+00 -1.000000e+00 0.000000e+00
    outer loop
      vertex   7.500000e+01 4.180000e+01 3.400000e+01
      vertex   7.500000e+01 4.180000e+01 3.350977e+01
      vertex   7.640791e+01 4.180000e+01 3.388919e+01
    endloop
  endfacet
  facet normal 0.000000e+00 -1.000000e+00 0.000000e+00
    outer loop
      vertex   7.640791e+01 4.180000e+01 3.388919e+01
      vertex   7.500000e+01 4.180000e+01 3.350977e+01
      vertex   7.633122e+01 4.180000e+01 3.340500e+01
    endloop
  endfacet
  facet normal 0.000000e+00 -1.000000e+00 -0.000000e+00
    outer loop
      vertex   7.640791e+01 4.180000e+01 3.388919e+01
      vertex   7.633122e+01 4.180000e+01 3.340500e+01
      vertex   7.778115e+01 4.180000e+01 3.355951e+01
    endloop
  endfacet
  facet normal 0.000000e+00 -1.000000e+00 0.000000e+00
    outer loop
      vertex   7.778115e+01 4.180000e+01 3.355951e+01
      vertex   7.633122e+01 4.180000e+01 3.340500e+01
      vertex   7.762966e+01 4.180000e+01 3.309328e+01
    endloop
  endfacet
  facet normal 0.000000e+00 -1.000000e+00 -0.000000e+00
    outer loop
      vertex   7.778115e+01 4.180000e+01 3.355951e+01
      vertex   7.762966e+01 4.180000e+01 3.309328e+01
      vertex   7.908591e+01 4.180000e+01 3.301906e+01
    endloop
  endfacet
  facet normal -0.000000e+00 -1.000000e+00 0.000000e+00
    outer loop
      vertex   7.908591e+01 4.180000e+01 3.301906e+01
      vertex   7.762966e+01 4.180000e+01 3.309328e+01
      vertex   7.886336e+01 4.180000e+01 3.258226e+01
    endloop
  endfacet
  facet normal 0.000000e+00 -1.000000e+00 -0.000000e+00
    outer loop
      vertex   7.908591e+01 4.180000e+01 3.301906e+01
      vertex   7.886336e+01 4.180000e+01 3.258226e+01
      vertex   8.029007e+01 4.180000e+01 3.228115e+01
    endloop
  endfacet
  facet normal -0.000000e+00 -1.000000e+00 0.000000e+00
    outer loop
      vertex   8.029007e+01 4.180000e+01 3.228115e+01
      vertex   7.886336e+01 4.180000e+01 3.258226e+01
      vertex   8.000192e+01 4.180000e+01 3.188455e+01
    endloop
  endfacet
  facet normal 0.000000e+00 -1.000000e+00 -0.000000e+00
    outer loop
      vertex   8.029007e+01 4.180000e+01 3.228115e+01
      vertex   8.000192e+01 4.180000e+01 3.188455e+01
      vertex   8.136396e+01 4.180000e+01 3.136396e+01
    endloop
  endfacet
  facet normal -0.000000e+00 -1.000000e+00 0.000000e+00
    outer loop
      vertex   8.136396e+01 4.180000e+01 3.136396e+01
      vertex   8.000192e+01 4.180000e+01 3.188455e+01
      vertex   8.101732e+01 4.180000e+01 3.101732e+01
    endloop
  endfacet
  facet normal 0.000000e+00 -1.000000e+00 -0.000000e+00
    outer loop
      vertex   8.136396e+01 4.180000e+01 3.136396e+01
      vertex   8.101732e+01 4.180000e+01 3.101732e+01
      vertex   8.228115e+01 4.180000e+01 3.029007e+01
    endloop
  endfacet
  facet normal -0.000000e+00 -1.000000e+00 0.000000e+00
    outer loop
      vertex   8.228115e+01 4.180000e+01 3.029007e+01
      vertex   8.101732e+01 4.180000e+01 3.101732e+01
      vertex   8.188455e+01 4.180000e+01 3.000192e+01
    endloop
  endfacet
  facet normal 0.000000e+00 -1.000000e+00 -0.000000e+00
    outer loop
      vertex   8.228115e+01 4.180000e+01 3.029007e+01
      vertex   8.188455e+01 4.180000e+01 3.000192e+01
      vertex   8.301906e+01 4.180000e+01 2.908591e+01
    endloop
  endfacet
  facet normal -0.000000e+00 -1.000000e+00 0.000000e+00
    outer loop
      vertex   8.301906e+01 4.180000e+01 2.908591e+01
      vertex   8.188455e+01 4.180000e+01 3.000192e+01
      vertex   8.258226e+01 4.180000e+01 2.886336e+01
    endloop
  endfacet
  facet normal 0.000000e+00 -1.000000e+00 -0.000000e+00
    outer loop
      vertex   8.301906e+01 4.180000e+01 2.908591e+01
      vertex   8.258226e+01 4.180000e+01 2.886336e+01
      vertex   8.355951e+01 4.180000e+01 2.778115e+01
    endloop
  endfacet
  facet normal -0.000000e+00 -1.000000e+00 0.000000e+00
    outer loop
      vertex   8.355951e+01 4.180000e+01 2.778115e+01
      vertex   8.258226e+01 4.180000e+01 2.886336e+01
      vertex   8.309328e+01 4.180000e+01 2.762966e+01
    endloop
  endfacet
  facet normal 0.000000e+00 -1.000000e+00 -0.000000e+00
    outer loop
      vertex   8.355951e+01 4.180000e+01 2.778115e+01
      vertex   8.309328e+01 4.180000e+01 2.762966e+01
      vertex   8.388919e+01 4.180000e+01 2.640791e+01
    endloop
  endfacet
  facet normal -0.000000e+00 -1.000000e+00 0.000000e+00
    outer loop
      vertex   8.388919e+01 4.180000e+01 2.640791e+01
      vertex   8.309328e+01 4.180000e+01 2.762966e+01
      vertex   8.340500e+01 4.180000e+01 2.633122e+01
    endloop
  endfacet
  facet normal 0.000000e+00 -1.000000e+00 -0.000000e+00
    outer loop
      vertex   8.388919e+01 4.180000e+01 2.640791e+01
      vertex   8.340500e+01 4.180000e+01 2.633122e+01
      vertex   8.400000e+01 4.180000e+01 2.500000e+01
    endloop
  endfacet
  facet normal 1.647461e-01 -9.863360e-01 1.217415e-15
    outer loop
      vertex   -8.350977e+01 4.180000e+01 -2.500000e+01
      vertex   -8.304628e+01 4.187742e+01 5.000000e+00
      vertex   -8.350977e+01 4.180000e+01 2.500000e+01
    endloop
  endfacet
  facet normal 1.647461e-01 -9.863360e-01 -9.332263e-16
    outer loop
      vertex   -8.350977e+01 4.180000e+01 2.500000e+01
      vertex   -8.304628e+01 4.187742e+01 5.000000e+00
      vertex   -8.304628e+01 4.187742e+01 1.500000e+01
    endloop
  endfacet
  facet normal 1.647461e-01 -9.863360e-01 9.361796e-16
    outer loop
      vertex   -8.350977e+01 4.180000e+01 2.500000e+01
      vertex   -8.304628e+01 4.187742e+01 1.500000e+01
      vertex   -8.304628e+01 4.187742e+01 2.500000e+01
    endloop
  endfacet
  facet normal 4.017798e-01 -9.157363e-01 2.283854e-15
    outer loop
      vertex   -8.304628e+01 4.187742e+01 2.500000e+01
      vertex   -8.304628e+01 4.187742e+01 1.500000e+01
      vertex   -8.261596e+01 4.206622e+01 2.500000e+01
    endloop
  endfacet
  facet normal 4.017798e-01 -9.157363e-01 -7.970627e-17
    outer loop
      vertex   -8.261596e+01 4.206622e+01 2.500000e+01
      vertex   -8.304628e+01 4.187742e+01 1.500000e+01
      vertex   -8.261596e+01 4.206622e+01 1.500000e+01
    endloop
  endfacet
  facet normal 6.142370e-01 -7.891216e-01 3.121786e-16
    outer loop
      vertex   -8.261596e+01 4.206622e+01 2.500000e+01
      vertex   -8.261596e+01 4.206622e+01 1.500000e+01
      vertex   -8.224514e+01 4.235486e+01 2.500000e+01
    endloop
  endfacet
  facet normal 6.142370e-01 -7.891216e-01 6.231353e-16
    outer loop
      vertex   -8.224514e+01 4.235486e+01 2.500000e+01
      vertex   -8.261596e+01 4.206622e+01 1.500000e+01
      vertex   -8.261596e+01 4.206622e+01 5.000000e+00
    endloop
  endfacet
  facet normal 6.142370e-01 -7.891216e-01 1.184252e-15
    outer loop
      vertex   -8.224514e+01 4.235486e+01 2.500000e+01
      vertex   -8.261596e+01 4.206622e+01 5.000000e+00
      vertex   -8.261596e+01 4.206622e+01 -5.000000e+00
    endloop
  endfacet
  facet normal 4.017798e-01 -9.157363e-01 4.912572e-16
    outer loop
      vertex   -8.261596e+01 4.206622e+01 -5.000000e+00
      vertex   -8.261596e+01 4.206622e+01 5.000000e+00
      vertex   -8.304628e+01 4.187742e+01 -5.000000e+00
    endloop
  endfacet
  facet normal 4.017798e-01 -9.157363e-01 -8.121432e-16
    outer loop
      vertex   -8.261596e+01 4.206622e+01 -5.000000e+00
      vertex   -8.304628e+01 4.187742e+01 -5.000000e+00
      vertex   -8.304628e+01 4.187742e+01 -1.500000e+01
    endloop
  endfacet
  facet normal 1.647461e-01 -9.863360e-01 -1.634265e-15
    outer loop
      vertex   -8.304628e+01 4.187742e+01 -1.500000e+01
      vertex   -8.304628e+01 4.187742e+01 -5.000000e+00
      vertex   -8.350977e+01 4.180000e+01 -2.500000e+01
    endloop
  endfacet
  facet normal 1.647461e-01 -9.863360e-01 -1.166028e-15
    outer loop
      vertex   -8.304628e+01 4.187742e+01 -1.500000e+01
      vertex   -8.350977e+01 4.180000e+01 -2.500000e+01
      vertex   -8.304628e+01 4.187742e+01 -2.500000e+01
    endloop
  endfacet
  facet normal 4.017798e-01 -9.157363e-01 3.318447e-16
    outer loop
      vertex   -8.304628e+01 4.187742e+01 -1.500000e+01
      vertex   -8.304628e+01 4.187742e+01 -2.500000e+01
      vertex   -8.261596e+01 4.206622e+01 -1.500000e+01
    endloop
  endfacet
  facet normal 4.017798e-01 -9.157363e-01 -7.303760e-16
    outer loop
      vertex   -8.261596e+01 4.206622e+01 -1.500000e+01
      vertex   -8.304628e+01 4.187742e+01 -2.500000e+01
      vertex   -8.261596e+01 4.206622e+01 -2.500000e+01
    endloop
  endfacet
  facet normal 6.142370e-01 -7.891216e-01 -2.485261e-16
    outer loop
      vertex   -8.261596e+01 4.206622e+01 -1.500000e+01
      vertex   -8.261596e+01 4.206622e+01 -2.500000e+01
      vertex   -8.224514e+01 4.235486e+01 -2.500000e+01
    endloop
  endfacet
  facet normal 6.142370e-01 -7.891216e-01 -8.092307e-16
    outer loop
      vertex   -8.261596e+01 4.206622e+01 -1.500000e+01
      vertex   -8.224514e+01 4.235486e+01 -2.500000e+01
      vertex   -8.261596e+01 4.206622e+01 -5.000000e+00
    endloop
  endfacet
  facet normal 6.142370e-01 -7.891216e-01 0.000000e+00
    outer loop
      vertex   -8.261596e+01 4.206622e+01 -5.000000e+00
      vertex   -8.224514e+01 4.235486e+01 -2.500000e+01
      vertex   -8.224514e+01 4.235486e+01 2.500000e+01
    endloop
  endfacet
  facet normal 1.647461e-01 -9.863360e-01 2.356395e-16
    outer loop
      vertex   -8.304628e+01 4.187742e+01 5.000000e+00
      vertex   -8.350977e+01 4.180000e+01 -2.500000e+01
      vertex   -8.304628e+01 4.187742e+01 -5.000000e+00
    endloop
  endfacet
  facet normal 4.017798e-01 -9.157363e-01 -1.381046e-15
    outer loop
      vertex   -8.261596e+01 4.206622e+01 -5.000000e+00
      vertex   -8.304628e+01 4.187742e+01 -1.500000e+01
      vertex   -8.261596e+01 4.206622e+01 -1.500000e+01
    endloop
  endfacet
  facet normal 4.017798e-01 -9.157363e-01 -1.594754e-16
    outer loop
      vertex   -8.261596e+01 4.206622e+01 1.500000e+01
      vertex   -8.304628e+01 4.187742e+01 1.500000e+01
      vertex   -8.304628e+01 4.187742e+01 5.000000e+00
    endloop
  endfacet
  facet normal 4.017798e-01 -9.157363e-01 -1.594125e-16
    outer loop
      vertex   -8.261596e+01 4.206622e+01 1.500000e+01
      vertex   -8.304628e+01 4.187742e+01 5.000000e+00
      vertex   -8.261596e+01 4.206622e+01 5.000000e+00
    endloop
  endfacet
  facet normal 4.017798e-01 -9.157363e-01 1.633146e-15
    outer loop
      vertex   -8.261596e+01 4.206622e+01 5.000000e+00
      vertex   -8.304628e+01 4.187742e+01 5.000000e+00
      vertex   -8.304628e+01 4.187742e+01 -5.000000e+00
    endloop
  endfacet
  facet normal 1.647347e-01 -9.862675e-01 1.178206e-02
    outer loop
      vertex   -8.304628e+01 4.187742e+01 -2.500000e+01
      vertex   -8.350977e+01 4.180000e+01 -2.500000e+01
      vertex   -8.296438e+01 4.187742e+01 -2.614510e+01
    endloop
  endfacet
  facet normal 1.676240e-01 -9.857627e-01 1.319229e-02
    outer loop
      vertex   -8.296438e+01 4.187742e+01 -2.614510e+01
      vertex   -8.350977e+01 4.180000e+01 -2.500000e+01
      vertex   -8.340500e+01 4.180000e+01 -2.633122e+01
    endloop
  endfacet
  facet normal 1.587738e-01 -9.867107e-01 3.453912e-02
    outer loop
      vertex   -8.296438e+01 4.187742e+01 -2.614510e+01
      vertex   -8.340500e+01 4.180000e+01 -2.633122e+01
      vertex   -8.272035e+01 4.187742e+01 -2.726690e+01
    endloop
  endfacet
  facet normal 1.658248e-01 -9.853513e-01 3.981102e-02
    outer loop
      vertex   -8.272035e+01 4.187742e+01 -2.726690e+01
      vertex   -8.340500e+01 4.180000e+01 -2.633122e+01
      vertex   -8.309328e+01 4.180000e+01 -2.762966e+01
    endloop
  endfacet
  facet normal 1.503516e-01 -9.870408e-01 5.607825e-02
    outer loop
      vertex   -8.272035e+01 4.187742e+01 -2.726690e+01
      vertex   -8.309328e+01 4.180000e+01 -2.762966e+01
      vertex   -8.231915e+01 4.187742e+01 -2.834255e+01
    endloop
  endfacet
  facet normal 1.592562e-01 -9.850309e-01 6.596606e-02
    outer loop
      vertex   -8.231915e+01 4.187742e+01 -2.834255e+01
      vertex   -8.309328e+01 4.180000e+01 -2.762966e+01
      vertex   -8.258226e+01 4.180000e+01 -2.886336e+01
    endloop
  endfacet
  facet normal 1.396015e-01 -9.872693e-01 7.622820e-02
    outer loop
      vertex   -8.231915e+01 4.187742e+01 -2.834255e+01
      vertex   -8.258226e+01 4.180000e+01 -2.886336e+01
      vertex   -8.176896e+01 4.187742e+01 -2.935015e+01
    endloop
  endfacet
  facet normal 1.480413e-01 -9.848115e-01 9.071984e-02
    outer loop
      vertex   -8.176896e+01 4.187742e+01 -2.935015e+01
      vertex   -8.258226e+01 4.180000e+01 -2.886336e+01
      vertex   -8.188455e+01 4.180000e+01 -3.000192e+01
    endloop
  endfacet
  facet normal 1.266634e-01 -9.874035e-01 9.481906e-02
    outer loop
      vertex   -8.176896e+01 4.187742e+01 -2.935015e+01
      vertex   -8.188455e+01 4.180000e+01 -3.000192e+01
      vertex   -8.108097e+01 4.187742e+01 -3.026919e+01
    endloop
  endfacet
  facet normal 1.325071e-01 -9.847000e-01 1.131718e-01
    outer loop
      vertex   -8.108097e+01 4.187742e+01 -3.026919e+01
      vertex   -8.188455e+01 4.180000e+01 -3.000192e+01
      vertex   -8.101732e+01 4.180000e+01 -3.101732e+01
    endloop
  endfacet
  facet normal 1.116845e-01 -9.874478e-01 1.116845e-01
    outer loop
      vertex   -8.108097e+01 4.187742e+01 -3.026919e+01
      vertex   -8.101732e+01 4.180000e+01 -3.101732e+01
      vertex   -8.026919e+01 4.187742e+01 -3.108097e+01
    endloop
  endfacet
  facet normal 1.131718e-01 -9.847000e-01 1.325071e-01
    outer loop
      vertex   -8.026919e+01 4.187742e+01 -3.108097e+01
      vertex   -8.101732e+01 4.180000e+01 -3.101732e+01
      vertex   -8.000192e+01 4.180000e+01 -3.188455e+01
    endloop
  endfacet
  facet normal 9.481906e-02 -9.874035e-01 1.266634e-01
    outer loop
      vertex   -8.026919e+01 4.187742e+01 -3.108097e+01
      vertex   -8.000192e+01 4.180000e+01 -3.188455e+01
      vertex   -7.935015e+01 4.187742e+01 -3.176896e+01
    endloop
  endfacet
  facet normal 9.071984e-02 -9.848115e-01 1.480413e-01
    outer loop
      vertex   -7.935015e+01 4.187742e+01 -3.176896e+01
      vertex   -8.000192e+01 4.180000e+01 -3.188455e+01
      vertex   -7.886336e+01 4.180000e+01 -3.258226e+01
    endloop
  endfacet
  facet normal 7.622820e-02 -9.872693e-01 1.396015e-01
    outer loop
      vertex   -7.935015e+01 4.187742e+01 -3.176896e+01
      vertex   -7.886336e+01 4.180000e+01 -3.258226e+01
      vertex   -7.834255e+01 4.187742e+01 -3.231915e+01
    endloop
  endfacet
  facet normal 6.596606e-02 -9.850309e-01 1.592562e-01
    outer loop
      vertex   -7.834255e+01 4.187742e+01 -3.231915e+01
      vertex   -7.886336e+01 4.180000e+01 -3.258226e+01
      vertex   -7.762966e+01 4.180000e+01 -3.309328e+01
    endloop
  endfacet
  facet normal 5.607825e-02 -9.870408e-01 1.503516e-01
    outer loop
      vertex   -7.834255e+01 4.187742e+01 -3.231915e+01
      vertex   -7.762966e+01 4.180000e+01 -3.309328e+01
      vertex   -7.726690e+01 4.187742e+01 -3.272035e+01
    endloop
  endfacet
  facet normal 3.981102e-02 -9.853513e-01 1.658248e-01
    outer loop
      vertex   -7.726690e+01 4.187742e+01 -3.272035e+01
      vertex   -7.762966e+01 4.180000e+01 -3.309328e+01
      vertex   -7.633122e+01 4.180000e+01 -3.340500e+01
    endloop
  endfacet
  facet normal 3.453912e-02 -9.867107e-01 1.587738e-01
    outer loop
      vertex   -7.726690e+01 4.187742e+01 -3.272035e+01
      vertex   -7.633122e+01 4.180000e+01 -3.340500e+01
      vertex   -7.614510e+01 4.187742e+01 -3.296438e+01
    endloop
  endfacet
  facet normal 1.319229e-02 -9.857627e-01 1.676240e-01
    outer loop
      vertex   -7.614510e+01 4.187742e+01 -3.296438e+01
      vertex   -7.633122e+01 4.180000e+01 -3.340500e+01
      vertex   -7.500000e+01 4.180000e+01 -3.350977e+01
    endloop
  endfacet
  facet normal 1.178206e-02 -9.862675e-01 1.647347e-01
    outer loop
      vertex   -7.614510e+01 4.187742e+01 -3.296438e+01
      vertex   -7.500000e+01 4.180000e+01 -3.350977e+01
      vertex   -7.500000e+01 4.187742e+01 -3.304628e+01
    endloop
  endfacet
  facet normal 2.872400e-02 -9.153584e-01 4.016141e-01
    outer loop
      vertex   -7.500000e+01 4.187742e+01 -3.304628e+01
      vertex   -7.500000e+01 4.206622e+01 -3.261596e+01
      vertex   -7.614510e+01 4.187742e+01 -3.296438e+01
    endloop
  endfacet
  facet normal 2.872400e-02 -9.153584e-01 4.016141e-01
    outer loop
      vertex   -7.614510e+01 4.187742e+01 -3.296438e+01
      vertex   -7.500000e+01 4.206622e+01 -3.261596e+01
      vertex   -7.608386e+01 4.206622e+01 -3.253844e+01
    endloop
  endfacet
  facet normal 8.558728e-02 -9.153584e-01 3.934384e-01
    outer loop
      vertex   -7.614510e+01 4.187742e+01 -3.296438e+01
      vertex   -7.608386e+01 4.206622e+01 -3.253844e+01
      vertex   -7.726690e+01 4.187742e+01 -3.272035e+01
    endloop
  endfacet
  facet normal 8.558728e-02 -9.153584e-01 3.934384e-01
    outer loop
      vertex   -7.726690e+01 4.187742e+01 -3.272035e+01
      vertex   -7.608386e+01 4.206622e+01 -3.253844e+01
      vertex   -7.714566e+01 4.206622e+01 -3.230746e+01
    endloop
  endfacet
  facet normal 1.407082e-01 -9.153584e-01 3.772534e-01
    outer loop
      vertex   -7.726690e+01 4.187742e+01 -3.272035e+01
      vertex   -7.714566e+01 4.206622e+01 -3.230746e+01
      vertex   -7.834255e+01 4.187742e+01 -3.231915e+01
    endloop
  endfacet
  facet normal 1.407082e-01 -9.153584e-01 3.772534e-01
    outer loop
      vertex   -7.834255e+01 4.187742e+01 -3.231915e+01
      vertex   -7.714566e+01 4.206622e+01 -3.230746e+01
      vertex   -7.816378e+01 4.206622e+01 -3.192772e+01
    endloop
  endfacet
  facet normal 1.929648e-01 -9.153584e-01 3.533886e-01
    outer loop
      vertex   -7.834255e+01 4.187742e+01 -3.231915e+01
      vertex   -7.816378e+01 4.206622e+01 -3.192772e+01
      vertex   -7.935015e+01 4.187742e+01 -3.176896e+01
    endloop
  endfacet
  facet normal 1.929648e-01 -9.153584e-01 3.533886e-01
    outer loop
      vertex   -7.935015e+01 4.187742e+01 -3.176896e+01
      vertex   -7.816378e+01 4.206622e+01 -3.192772e+01
      vertex   -7.911750e+01 4.206622e+01 -3.140695e+01
    endloop
  endfacet
  facet normal 2.412931e-01 -9.153584e-01 3.223299e-01
    outer loop
      vertex   -7.935015e+01 4.187742e+01 -3.176896e+01
      vertex   -7.911750e+01 4.206622e+01 -3.140695e+01
      vertex   -8.026919e+01 4.187742e+01 -3.108097e+01
    endloop
  endfacet
  facet normal 2.412931e-01 -9.153584e-01 3.223299e-01
    outer loop
      vertex   -8.026919e+01 4.187742e+01 -3.108097e+01
      vertex   -7.911750e+01 4.206622e+01 -3.140695e+01
      vertex   -7.998739e+01 4.206622e+01 -3.075576e+01
    endloop
  endfacet
  facet normal 2.847094e-01 -9.153584e-01 2.847094e-01
    outer loop
      vertex   -8.026919e+01 4.187742e+01 -3.108097e+01
      vertex   -7.998739e+01 4.206622e+01 -3.075576e+01
      vertex   -8.108097e+01 4.187742e+01 -3.026919e+01
    endloop
  endfacet
  facet normal 2.847094e-01 -9.153584e-01 2.847094e-01
    outer loop
      vertex   -8.108097e+01 4.187742e+01 -3.026919e+01
      vertex   -7.998739e+01 4.206622e+01 -3.075576e+01
      vertex   -8.075576e+01 4.206622e+01 -2.998739e+01
    endloop
  endfacet
  facet normal 3.223299e-01 -9.153584e-01 2.412931e-01
    outer loop
      vertex   -8.108097e+01 4.187742e+01 -3.026919e+01
      vertex   -8.075576e+01 4.206622e+01 -2.998739e+01
      vertex   -8.176896e+01 4.187742e+01 -2.935015e+01
    endloop
  endfacet
  facet normal 3.223299e-01 -9.153584e-01 2.412931e-01
    outer loop
      vertex   -8.176896e+01 4.187742e+01 -2.935015e+01
      vertex   -8.075576e+01 4.206622e+01 -2.998739e+01
      vertex   -8.140695e+01 4.206622e+01 -2.911750e+01
    endloop
  endfacet
  facet normal 3.533886e-01 -9.153584e-01 1.929648e-01
    outer loop
      vertex   -8.176896e+01 4.187742e+01 -2.935015e+01
      vertex   -8.140695e+01 4.206622e+01 -2.911750e+01
      vertex   -8.231915e+01 4.187742e+01 -2.834255e+01
    endloop
  endfacet
  facet normal 3.533886e-01 -9.153584e-01 1.929648e-01
    outer loop
      vertex   -8.231915e+01 4.187742e+01 -2.834255e+01
      vertex   -8.140695e+01 4.206622e+01 -2.911750e+01
      vertex   -8.192772e+01 4.206622e+01 -2.816378e+01
    endloop
  endfacet
  facet normal 3.772534e-01 -9.153584e-01 1.407082e-01
    outer loop
      vertex   -8.231915e+01 4.187742e+01 -2.834255e+01
      vertex   -8.192772e+01 4.206622e+01 -2.816378e+01
      vertex   -8.272035e+01 4.187742e+01 -2.726690e+01
    endloop
  endfacet
  facet normal 3.772534e-01 -9.153584e-01 1.407082e-01
    outer loop
      vertex   -8.272035e+01 4.187742e+01 -2.726690e+01
      vertex   -8.192772e+01 4.206622e+01 -2.816378e+01
      vertex   -8.230746e+01 4.206622e+01 -2.714566e+01
    endloop
  endfacet
  facet normal 3.934384e-01 -9.153584e-01 8.558728e-02
    outer loop
      vertex   -8.272035e+01 4.187742e+01 -2.726690e+01
      vertex   -8.230746e+01 4.206622e+01 -2.714566e+01
      vertex   -8.296438e+01 4.187742e+01 -2.614510e+01
    endloop
  endfacet
  facet normal 3.934384e-01 -9.153584e-01 8.558728e-02
    outer loop
      vertex   -8.296438e+01 4.187742e+01 -2.614510e+01
      vertex   -8.230746e+01 4.206622e+01 -2.714566e+01
      vertex   -8.253844e+01 4.206622e+01 -2.608386e+01
    endloop
  endfacet
  facet normal 4.016141e-01 -9.153584e-01 2.872400e-02
    outer loop
      vertex   -8.296438e+01 4.187742e+01 -2.614510e+01
      vertex   -8.253844e+01 4.206622e+01 -2.608386e+01
      vertex   -8.304628e+01 4.187742e+01 -2.500000e+01
    endloop
  endfacet
  facet normal 4.016141e-01 -9.153584e-01 2.872400e-02
    outer loop
      vertex   -8.304628e+01 4.187742e+01 -2.500000e+01
      vertex   -8.253844e+01 4.206622e+01 -2.608386e+01
      vertex   -8.261596e+01 4.206622e+01 -2.500000e+01
    endloop
  endfacet
  facet normal 6.136451e-01 -7.883613e-01 4.388876e-02
    outer loop
      vertex   -8.261596e+01 4.206622e+01 -2.500000e+01
      vertex   -8.253844e+01 4.206622e+01 -2.608386e+01
      vertex   -8.224514e+01 4.235486e+01 -2.500000e+01
    endloop
  endfacet
  facet normal 5.959342e-01 -8.013389e-01 5.213749e-02
    outer loop
      vertex   -8.224514e+01 4.235486e+01 -2.500000e+01
      vertex   -8.253844e+01 4.206622e+01 -2.608386e+01
      vertex   -8.213507e+01 4.235486e+01 -2.625811e+01
    endloop
  endfacet
  facet normal 6.142357e-01 -7.777278e-01 1.336188e-01
    outer loop
      vertex   -8.213507e+01 4.235486e+01 -2.625811e+01
      vertex   -8.253844e+01 4.206622e+01 -2.608386e+01
      vertex   -8.230746e+01 4.206622e+01 -2.714566e+01
    endloop
  endfacet
  facet normal 5.687353e-01 -8.082801e-01 1.523922e-01
    outer loop
      vertex   -8.213507e+01 4.235486e+01 -2.625811e+01
      vertex   -8.230746e+01 4.206622e+01 -2.714566e+01
      vertex   -8.180820e+01 4.235486e+01 -2.747798e+01
    endloop
  endfacet
  facet normal 5.944595e-01 -7.729536e-01 2.217219e-01
    outer loop
      vertex   -8.180820e+01 4.235486e+01 -2.747798e+01
      vertex   -8.230746e+01 4.206622e+01 -2.714566e+01
      vertex   -8.192772e+01 4.206622e+01 -2.816378e+01
    endloop
  endfacet
  facet normal 5.319494e-01 -8.096296e-01 2.480521e-01
    outer loop
      vertex   -8.180820e+01 4.235486e+01 -2.747798e+01
      vertex   -8.192772e+01 4.206622e+01 -2.816378e+01
      vertex   -8.127447e+01 4.235486e+01 -2.862257e+01
    endloop
  endfacet
  facet normal 5.551324e-01 -7.745599e-01 3.031252e-01
    outer loop
      vertex   -8.127447e+01 4.235486e+01 -2.862257e+01
      vertex   -8.192772e+01 4.206622e+01 -2.816378e+01
      vertex   -8.140695e+01 4.206622e+01 -2.911750e+01
    endloop
  endfacet
  facet normal 4.853783e-01 -8.055429e-01 3.398656e-01
    outer loop
      vertex   -8.127447e+01 4.235486e+01 -2.862257e+01
      vertex   -8.140695e+01 4.206622e+01 -2.911750e+01
      vertex   -8.055010e+01 4.235486e+01 -2.965709e+01
    endloop
  endfacet
  facet normal 4.985882e-01 -7.823700e-01 3.732385e-01
    outer loop
      vertex   -8.055010e+01 4.235486e+01 -2.965709e+01
      vertex   -8.140695e+01 4.206622e+01 -2.911750e+01
      vertex   -8.075576e+01 4.206622e+01 -2.998739e+01
    endloop
  endfacet
  facet normal 4.284324e-01 -7.955447e-01 4.284324e-01
    outer loop
      vertex   -8.055010e+01 4.235486e+01 -2.965709e+01
      vertex   -8.075576e+01 4.206622e+01 -2.998739e+01
      vertex   -7.998739e+01 4.206622e+01 -3.075576e+01
    endloop
  endfacet
  facet normal 4.388876e-02 -7.883613e-01 6.136451e-01
    outer loop
      vertex   -7.500000e+01 4.206622e+01 -3.261596e+01
      vertex   -7.500000e+01 4.235486e+01 -3.224514e+01
      vertex   -7.608386e+01 4.206622e+01 -3.253844e+01
    endloop
  endfacet
  facet normal 5.213749e-02 -8.013389e-01 5.959342e-01
    outer loop
      vertex   -7.608386e+01 4.206622e+01 -3.253844e+01
      vertex   -7.500000e+01 4.235486e+01 -3.224514e+01
      vertex   -7.625811e+01 4.235486e+01 -3.213507e+01
    endloop
  endfacet
  facet normal 1.336188e-01 -7.777278e-01 6.142357e-01
    outer loop
      vertex   -7.608386e+01 4.206622e+01 -3.253844e+01
      vertex   -7.625811e+01 4.235486e+01 -3.213507e+01
      vertex   -7.714566e+01 4.206622e+01 -3.230746e+01
    endloop
  endfacet
  facet normal 1.523922e-01 -8.082801e-01 5.687353e-01
    outer loop
      vertex   -7.714566e+01 4.206622e+01 -3.230746e+01
      vertex   -7.625811e+01 4.235486e+01 -3.213507e+01
      vertex   -7.747798e+01 4.235486e+01 -3.180820e+01
    endloop
  endfacet
  facet normal 2.217219e-01 -7.729536e-01 5.944595e-01
    outer loop
      vertex   -7.714566e+01 4.206622e+01 -3.230746e+01
      vertex   -7.747798e+01 4.235486e+01 -3.180820e+01
      vertex   -7.816378e+01 4.206622e+01 -3.192772e+01
    endloop
  endfacet
  facet normal 2.480521e-01 -8.096296e-01 5.319494e-01
    outer loop
      vertex   -7.816378e+01 4.206622e+01 -3.192772e+01
      vertex   -7.747798e+01 4.235486e+01 -3.180820e+01
      vertex   -7.862257e+01 4.235486e+01 -3.127447e+01
    endloop
  endfacet
  facet normal 3.031252e-01 -7.745599e-01 5.551324e-01
    outer loop
      vertex   -7.816378e+01 4.206622e+01 -3.192772e+01
      vertex   -7.862257e+01 4.235486e+01 -3.127447e+01
      vertex   -7.911750e+01 4.206622e+01 -3.140695e+01
    endloop
  endfacet
  facet normal 3.398656e-01 -8.055429e-01 4.853783e-01
    outer loop
      vertex   -7.911750e+01 4.206622e+01 -3.140695e+01
      vertex   -7.862257e+01 4.235486e+01 -3.127447e+01
      vertex   -7.965709e+01 4.235486e+01 -3.055010e+01
    endloop
  endfacet
  facet normal 3.732385e-01 -7.823700e-01 4.985882e-01
    outer loop
      vertex   -7.911750e+01 4.206622e+01 -3.140695e+01
      vertex   -7.965709e+01 4.235486e+01 -3.055010e+01
      vertex   -7.998739e+01 4.206622e+01 -3.075576e+01
    endloop
  endfacet
  facet normal 4.284324e-01 -7.955447e-01 4.284324e-01
    outer loop
      vertex   -7.998739e+01 4.206622e+01 -3.075576e+01
      vertex   -7.965709e+01 4.235486e+01 -3.055010e+01
      vertex   -8.055010e+01 4.235486e+01 -2.965709e+01
    endloop
  endfacet
  facet normal 2.575302e-16 -9.863360e-01 1.647461e-01
    outer loop
      vertex   7.500000e+01 4.180000e+01 -3.350977e+01
      vertex   -5.000000e+00 4.187742e+01 -3.304628e+01
      vertex   -7.500000e+01 4.180000e+01 -3.350977e+01
    endloop
  endfacet
  facet normal 1.166533e-16 -9.863360e-01 1.647461e-01
    outer loop
      vertex   -7.500000e+01 4.180000e+01 -3.350977e+01
      vertex   -5.000000e+00 4.187742e+01 -3.304628e+01
      vertex   -1.500000e+01 4.187742e+01 -3.304628e+01
    endloop
  endfacet
  facet normal -5.847431e-16 -9.863360e-01 1.647461e-01
    outer loop
      vertex   -7.500000e+01 4.180000e+01 -3.350977e+01
      vertex   -1.500000e+01 4.187742e+01 -3.304628e+01
      vertex   -2.500000e+01 4.187742e+01 -3.304628e+01
    endloop
  endfacet
  facet normal -3.651880e-16 -9.157363e-01 4.017798e-01
    outer loop
      vertex   -2.500000e+01 4.187742e+01 -3.304628e+01
      vertex   -1.500000e+01 4.187742e+01 -3.304628e+01
      vertex   -2.500000e+01 4.206622e+01 -3.261596e+01
    endloop
  endfacet
  facet normal 2.864650e-16 -9.157363e-01 4.017798e-01
    outer loop
      vertex   -2.500000e+01 4.187742e+01 -3.304628e+01
      vertex   -2.500000e+01 4.206622e+01 -3.261596e+01
      vertex   -3.500000e+01 4.206622e+01 -3.261596e+01
    endloop
  endfacet
  facet normal 4.364416e-16 -7.891216e-01 6.142370e-01
    outer loop
      vertex   -3.500000e+01 4.206622e+01 -3.261596e+01
      vertex   -2.500000e+01 4.206622e+01 -3.261596e+01
      vertex   -7.500000e+01 4.235486e+01 -3.224514e+01
    endloop
  endfacet
  facet normal -1.242630e-16 -7.891216e-01 6.142370e-01
    outer loop
      vertex   -3.500000e+01 4.206622e+01 -3.261596e+01
      vertex   -7.500000e+01 4.235486e+01 -3.224514e+01
      vertex   -4.500000e+01 4.206622e+01 -3.261596e+01
    endloop
  endfacet
  facet normal 4.364416e-16 -7.891216e-01 6.142370e-01
    outer loop
      vertex   -4.500000e+01 4.206622e+01 -3.261596e+01
      vertex   -7.500000e+01 4.235486e+01 -3.224514e+01
      vertex   -5.500000e+01 4.206622e+01 -3.261596e+01
    endloop
  endfacet
  facet normal 2.854818e-16 -9.157363e-01 4.017798e-01
    outer loop
      vertex   -4.500000e+01 4.206622e+01 -3.261596e+01
      vertex   -5.500000e+01 4.206622e+01 -3.261596e+01
      vertex   -4.500000e+01 4.187742e+01 -3.304628e+01
    endloop
  endfacet
  facet normal -1.015858e-15 -9.157363e-01 4.017798e-01
    outer loop
      vertex   -4.500000e+01 4.187742e+01 -3.304628e+01
      vertex   -5.500000e+01 4.206622e+01 -3.261596e+01
      vertex   -5.500000e+01 4.187742e+01 -3.304628e+01
    endloop
  endfacet
  facet normal -1.284609e-15 -9.863360e-01 1.647461e-01
    outer loop
      vertex   -4.500000e+01 4.187742e+01 -3.304628e+01
      vertex   -5.500000e+01 4.187742e+01 -3.304628e+01
      vertex   -7.500000e+01 4.180000e+01 -3.350977e+01
    endloop
  endfacet
  facet normal 2.333066e-16 -9.863360e-01 1.647461e-01
    outer loop
      vertex   -7.500000e+01 4.180000e+01 -3.350977e+01
      vertex   -5.500000e+01 4.187742e+01 -3.304628e+01
      vertex   -6.500000e+01 4.187742e+01 -3.304628e+01
    endloop
  endfacet
  facet normal 1.166533e-16 -9.863360e-01 1.647461e-01
    outer loop
      vertex   -7.500000e+01 4.180000e+01 -3.350977e+01
      vertex   -6.500000e+01 4.187742e+01 -3.304628e+01
      vertex   -7.500000e+01 4.187742e+01 -3.304628e+01
    endloop
  endfacet
  facet normal 2.854818e-16 -9.157363e-01 4.017798e-01
    outer loop
      vertex   -7.500000e+01 4.187742e+01 -3.304628e+01
      vertex   -6.500000e+01 4.187742e+01 -3.304628e+01
      vertex   -7.500000e+01 4.206622e+01 -3.261596e+01
    endloop
  endfacet
  facet normal 5.709635e-16 -9.157363e-01 4.017798e-01
    outer loop
      vertex   -7.500000e+01 4.206622e+01 -3.261596e+01
      vertex   -6.500000e+01 4.187742e+01 -3.304628e+01
      vertex   -6.500000e+01 4.206622e+01 -3.261596e+01
    endloop
  endfacet
  facet normal 8.728832e-16 -7.891216e-01 6.142370e-01
    outer loop
      vertex   -7.500000e+01 4.206622e+01 -3.261596e+01
      vertex   -6.500000e+01 4.206622e+01 -3.261596e+01
      vertex   -7.500000e+01 4.235486e+01 -3.224514e+01
    endloop
  endfacet
  facet normal 0.000000e+00 -7.891216e-01 6.142370e-01
    outer loop
      vertex   -7.500000e+01 4.235486e+01 -3.224514e+01
      vertex   -6.500000e+01 4.206622e+01 -3.261596e+01
      vertex   -5.500000e+01 4.206622e+01 -3.261596e+01
    endloop
  endfacet
  facet normal 1.170592e-16 -9.863360e-01 1.647461e-01
    outer loop
      vertex   7.500000e+01 4.187742e+01 -3.304628e+01
      vertex   6.500000e+01 4.187742e+01 -3.304628e+01
      vertex   7.500000e+01 4.180000e+01 -3.350977e+01
    endloop
  endfacet
  facet normal 2.347832e-16 -9.863360e-01 1.647461e-01
    outer loop
      vertex   7.500000e+01 4.180000e+01 -3.350977e+01
      vertex   6.500000e+01 4.187742e+01 -3.304628e+01
      vertex   5.500000e+01 4.187742e+01 -3.304628e+01
    endloop
  endfacet
  facet normal -1.284663e-15 -9.863360e-01 1.647461e-01
    outer loop
      vertex   7.500000e+01 4.180000e+01 -3.350977e+01
      vertex   5.500000e+01 4.187742e+01 -3.304628e+01
      vertex   4.500000e+01 4.187742e+01 -3.304628e+01
    endloop
  endfacet
  facet normal -1.015858e-15 -9.157363e-01 4.017798e-01
    outer loop
      vertex   4.500000e+01 4.187742e+01 -3.304628e+01
      vertex   5.500000e+01 4.187742e+01 -3.304628e+01
      vertex   4.500000e+01 4.206622e+01 -3.261596e+01
    endloop
  endfacet
  facet normal -3.662027e-16 -9.157363e-01 4.017798e-01
    outer loop
      vertex   4.500000e+01 4.187742e+01 -3.304628e+01
      vertex   4.500000e+01 4.206622e+01 -3.261596e+01
      vertex   3.500000e+01 4.206622e+01 -3.261596e+01
    endloop
  endfacet
  facet normal -1.242630e-16 -7.891216e-01 6.142370e-01
    outer loop
      vertex   3.500000e+01 4.206622e+01 -3.261596e+01
      vertex   4.500000e+01 4.206622e+01 -3.261596e+01
      vertex   7.500000e+01 4.235486e+01 -3.224514e+01
    endloop
  endfacet
  facet normal 4.364416e-16 -7.891216e-01 6.142370e-01
    outer loop
      vertex   3.500000e+01 4.206622e+01 -3.261596e+01
      vertex   7.500000e+01 4.235486e+01 -3.224514e+01
      vertex   2.500000e+01 4.206622e+01 -3.261596e+01
    endloop
  endfacet
  facet normal -6.849677e-16 -7.891216e-01 6.142370e-01
    outer loop
      vertex   2.500000e+01 4.206622e+01 -3.261596e+01
      vertex   7.500000e+01 4.235486e+01 -3.224514e+01
      vertex   1.500000e+01 4.206622e+01 -3.261596e+01
    endloop
  endfacet
  facet normal -1.015858e-15 -9.157363e-01 4.017798e-01
    outer loop
      vertex   2.500000e+01 4.206622e+01 -3.261596e+01
      vertex   1.500000e+01 4.206622e+01 -3.261596e+01
      vertex   2.500000e+01 4.187742e+01 -3.304628e+01
    endloop
  endfacet
  facet normal -3.651880e-16 -9.157363e-01 4.017798e-01
    outer loop
      vertex   2.500000e+01 4.187742e+01 -3.304628e+01
      vertex   1.500000e+01 4.206622e+01 -3.261596e+01
      vertex   1.500000e+01 4.187742e+01 -3.304628e+01
    endloop
  endfacet
  facet normal -5.837747e-16 -9.863360e-01 1.647461e-01
    outer loop
      vertex   2.500000e+01 4.187742e+01 -3.304628e+01
      vertex   1.500000e+01 4.187742e+01 -3.304628e+01
      vertex   7.500000e+01 4.180000e+01 -3.350977e+01
    endloop
  endfacet
  facet normal 2.347832e-16 -9.863360e-01 1.647461e-01
    outer loop
      vertex   7.500000e+01 4.180000e+01 -3.350977e+01
      vertex   1.500000e+01 4.187742e+01 -3.304628e+01
      vertex   5.000000e+00 4.187742e+01 -3.304628e+01
    endloop
  endfacet
  facet normal 1.166533e-16 -9.863360e-01 1.647461e-01
    outer loop
      vertex   7.500000e+01 4.180000e+01 -3.350977e+01
      vertex   5.000000e+00 4.187742e+01 -3.304628e+01
      vertex   -5.000000e+00 4.187742e+01 -3.304628e+01
    endloop
  endfacet
  facet normal 2.854818e-16 -9.157363e-01 4.017798e-01
    outer loop
      vertex   -5.000000e+00 4.187742e+01 -3.304628e+01
      vertex   5.000000e+00 4.187742e+01 -3.304628e+01
      vertex   -5.000000e+00 4.206622e+01 -3.261596e+01
    endloop
  endfacet
  facet normal 2.864650e-16 -9.157363e-01 4.017798e-01
    outer loop
      vertex   -5.000000e+00 4.187742e+01 -3.304628e+01
      vertex   -5.000000e+00 4.206622e+01 -3.261596e+01
      vertex   -1.500000e+01 4.206622e+01 -3.261596e+01
    endloop
  endfacet
  facet normal 4.364416e-16 -7.891216e-01 6.142370e-01
    outer loop
      vertex   -1.500000e+01 4.206622e+01 -3.261596e+01
      vertex   -5.000000e+00 4.206622e+01 -3.261596e+01
      vertex   -7.500000e+01 4.235486e+01 -3.224514e+01
    endloop
  endfacet
  facet normal -5.607046e-16 -7.891216e-01 6.142370e-01
    outer loop
      vertex   -1.500000e+01 4.206622e+01 -3.261596e+01
      vertex   -7.500000e+01 4.235486e+01 -3.224514e+01
      vertex   -2.500000e+01 4.206622e+01 -3.261596e+01
    endloop
  endfacet
  facet normal 2.854818e-16 -9.157363e-01 4.017798e-01
    outer loop
      vertex   6.500000e+01 4.187742e+01 -3.304628e+01
      vertex   7.500000e+01 4.187742e+01 -3.304628e+01
      vertex   6.500000e+01 4.206622e+01 -3.261596e+01
    endloop
  endfacet
  facet normal 2.854818e-16 -9.157363e-01 4.017798e-01
    outer loop
      vertex   6.500000e+01 4.206622e+01 -3.261596e+01
      vertex   7.500000e+01 4.187742e+01 -3.304628e+01
      vertex   7.500000e+01 4.206622e+01 -3.261596e+01
    endloop
  endfacet
  facet normal 4.364416e-16 -7.891216e-01 6.142370e-01
    outer loop
      vertex   6.500000e+01 4.206622e+01 -3.261596e+01
      vertex   7.500000e+01 4.206622e+01 -3.261596e+01
      vertex   7.500000e+01 4.235486e+01 -3.224514e+01
    endloop
  endfacet
  facet normal 4.364416e-16 -7.891216e-01 6.142370e-01
    outer loop
      vertex   1.500000e+01 4.206622e+01 -3.261596e+01
      vertex   7.500000e+01 4.235486e+01 -3.224514e+01
      vertex   5.000000e+00 4.206622e+01 -3.261596e+01
    endloop
  endfacet
  facet normal 5.000833e-17 -7.891216e-01 6.142370e-01
    outer loop
      vertex   5.000000e+00 4.206622e+01 -3.261596e+01
      vertex   7.500000e+01 4.235486e+01 -3.224514e+01
      vertex   -7.500000e+01 4.235486e+01 -3.224514e+01
    endloop
  endfacet
  facet normal 0.000000e+00 -7.891216e-01 6.142370e-01
    outer loop
      vertex   5.000000e+00 4.206622e+01 -3.261596e+01
      vertex   -7.500000e+01 4.235486e+01 -3.224514e+01
      vertex   -5.000000e+00 4.206622e+01 -3.261596e+01
    endloop
  endfacet
  facet normal 5.709635e-16 -9.157363e-01 4.017798e-01
    outer loop
      vertex   5.500000e+01 4.187742e+01 -3.304628e+01
      vertex   6.500000e+01 4.187742e+01 -3.304628e+01
      vertex   5.500000e+01 4.206622e+01 -3.261596e+01
    endloop
  endfacet
  facet normal 2.854818e-16 -9.157363e-01 4.017798e-01
    outer loop
      vertex   5.500000e+01 4.206622e+01 -3.261596e+01
      vertex   6.500000e+01 4.187742e+01 -3.304628e+01
      vertex   6.500000e+01 4.206622e+01 -3.261596e+01
    endloop
  endfacet
  facet normal 4.364416e-16 -7.891216e-01 6.142370e-01
    outer loop
      vertex   5.500000e+01 4.206622e+01 -3.261596e+01
      vertex   6.500000e+01 4.206622e+01 -3.261596e+01
      vertex   7.500000e+01 4.235486e+01 -3.224514e+01
    endloop
  endfacet
  facet normal 1.170592e-16 -9.863360e-01 1.647461e-01
    outer loop
      vertex   2.500000e+01 4.187742e+01 -3.304628e+01
      vertex   7.500000e+01 4.180000e+01 -3.350977e+01
      vertex   3.500000e+01 4.187742e+01 -3.304628e+01
    endloop
  endfacet
  facet normal 2.341183e-16 -9.863360e-01 1.647461e-01
    outer loop
      vertex   3.500000e+01 4.187742e+01 -3.304628e+01
      vertex   7.500000e+01 4.180000e+01 -3.350977e+01
      vertex   4.500000e+01 4.187742e+01 -3.304628e+01
    endloop
  endfacet
  facet normal 5.709635e-16 -9.157363e-01 4.017798e-01
    outer loop
      vertex   3.500000e+01 4.187742e+01 -3.304628e+01
      vertex   4.500000e+01 4.187742e+01 -3.304628e+01
      vertex   3.500000e+01 4.206622e+01 -3.261596e+01
    endloop
  endfacet
  facet normal 2.864650e-16 -9.157363e-01 4.017798e-01
    outer loop
      vertex   2.500000e+01 4.206622e+01 -3.261596e+01
      vertex   2.500000e+01 4.187742e+01 -3.304628e+01
      vertex   3.500000e+01 4.187742e+01 -3.304628e+01
    endloop
  endfacet
  facet normal 2.854818e-16 -9.157363e-01 4.017798e-01
    outer loop
      vertex   2.500000e+01 4.206622e+01 -3.261596e+01
      vertex   3.500000e+01 4.187742e+01 -3.304628e+01
      vertex   3.500000e+01 4.206622e+01 -3.261596e+01
    endloop
  endfacet
  facet normal 2.854818e-16 -9.157363e-01 4.017798e-01
    outer loop
      vertex   1.500000e+01 4.206622e+01 -3.261596e+01
      vertex   5.000000e+00 4.206622e+01 -3.261596e+01
      vertex   1.500000e+01 4.187742e+01 -3.304628e+01
    endloop
  endfacet
  facet normal 5.709635e-16 -9.157363e-01 4.017798e-01
    outer loop
      vertex   1.500000e+01 4.187742e+01 -3.304628e+01
      vertex   5.000000e+00 4.206622e+01 -3.261596e+01
      vertex   5.000000e+00 4.187742e+01 -3.304628e+01
    endloop
  endfacet
  facet normal 0.000000e+00 -9.157363e-01 4.017798e-01
    outer loop
      vertex   5.000000e+00 4.206622e+01 -3.261596e+01
      vertex   -5.000000e+00 4.206622e+01 -3.261596e+01
      vertex   5.000000e+00 4.187742e+01 -3.304628e+01
    endloop
  endfacet
  facet normal -6.506698e-16 -9.157363e-01 4.017798e-01
    outer loop
      vertex   -2.500000e+01 4.206622e+01 -3.261596e+01
      vertex   -1.500000e+01 4.187742e+01 -3.304628e+01
      vertex   -1.500000e+01 4.206622e+01 -3.261596e+01
    endloop
  endfacet
  facet normal 2.864650e-16 -9.157363e-01 4.017798e-01
    outer loop
      vertex   -1.500000e+01 4.206622e+01 -3.261596e+01
      vertex   -1.500000e+01 4.187742e+01 -3.304628e+01
      vertex   -5.000000e+00 4.187742e+01 -3.304628e+01
    endloop
  endfacet
  facet normal 2.341183e-16 -9.863360e-01 1.647461e-01
    outer loop
      vertex   -4.500000e+01 4.187742e+01 -3.304628e+01
      vertex   -7.500000e+01 4.180000e+01 -3.350977e+01
      vertex   -3.500000e+01 4.187742e+01 -3.304628e+01
    endloop
  endfacet
  facet normal 2.341183e-16 -9.863360e-01 1.647461e-01
    outer loop
      vertex   -3.500000e+01 4.187742e+01 -3.304628e+01
      vertex   -7.500000e+01 4.180000e+01 -3.350977e+01
      vertex   -2.500000e+01 4.187742e+01 -3.304628e+01
    endloop
  endfacet
  facet normal 5.709635e-16 -9.157363e-01 4.017798e-01
    outer loop
      vertex   -3.500000e+01 4.187742e+01 -3.304628e+01
      vertex   -2.500000e+01 4.187742e+01 -3.304628e+01
      vertex   -3.500000e+01 4.206622e+01 -3.261596e+01
    endloop
  endfacet
  facet normal 5.699768e-16 -9.157363e-01 4.017798e-01
    outer loop
      vertex   -4.500000e+01 4.206622e+01 -3.261596e+01
      vertex   -4.500000e+01 4.187742e+01 -3.304628e+01
      vertex   -3.500000e+01 4.187742e+01 -3.304628e+01
    endloop
  endfacet
  facet normal -3.651880e-16 -9.157363e-01 4.017798e-01
    outer loop
      vertex   -4.500000e+01 4.206622e+01 -3.261596e+01
      vertex   -3.500000e+01 4.187742e+01 -3.304628e+01
      vertex   -3.500000e+01 4.206622e+01 -3.261596e+01
    endloop
  endfacet
  facet normal 5.729301e-16 -9.157363e-01 4.017798e-01
    outer loop
      vertex   -6.500000e+01 4.206622e+01 -3.261596e+01
      vertex   -6.500000e+01 4.187742e+01 -3.304628e+01
      vertex   -5.500000e+01 4.187742e+01 -3.304628e+01
    endloop
  endfacet
  facet normal 0.000000e+00 -9.157363e-01 4.017798e-01
    outer loop
      vertex   -6.500000e+01 4.206622e+01 -3.261596e+01
      vertex   -5.500000e+01 4.187742e+01 -3.304628e+01
      vertex   -5.500000e+01 4.206622e+01 -3.261596e+01
    endloop
  endfacet
  facet normal 4.370807e-16 -7.891216e-01 6.142370e-01
    outer loop
      vertex   7.500000e+01 4.235486e+01 -3.224514e+01
      vertex   4.500000e+01 4.206622e+01 -3.261596e+01
      vertex   5.500000e+01 4.206622e+01 -3.261596e+01
    endloop
  endfacet
  facet normal 2.854818e-16 -9.157363e-01 4.017798e-01
    outer loop
      vertex   5.500000e+01 4.206622e+01 -3.261596e+01
      vertex   4.500000e+01 4.206622e+01 -3.261596e+01
      vertex   5.500000e+01 4.187742e+01 -3.304628e+01
    endloop
  endfacet
  facet normal -1.178206e-02 -9.862675e-01 1.647347e-01
    outer loop
      vertex   7.500000e+01 4.187742e+01 -3.304628e+01
      vertex   7.500000e+01 4.180000e+01 -3.350977e+01
      vertex   7.614510e+01 4.187742e+01 -3.296438e+01
    endloop
  endfacet
  facet normal -1.319229e-02 -9.857627e-01 1.676240e-01
    outer loop
      vertex   7.614510e+01 4.187742e+01 -3.296438e+01
      vertex   7.500000e+01 4.180000e+01 -3.350977e+01
      vertex   7.633122e+01 4.180000e+01 -3.340500e+01
    endloop
  endfacet
  facet normal -3.453912e-02 -9.867107e-01 1.587738e-01
    outer loop
      vertex   7.614510e+01 4.187742e+01 -3.296438e+01
      vertex   7.633122e+01 4.180000e+01 -3.340500e+01
      vertex   7.726690e+01 4.187742e+01 -3.272035e+01
    endloop
  endfacet
  facet normal -3.981102e-02 -9.853513e-01 1.658248e-01
    outer loop
      vertex   7.726690e+01 4.187742e+01 -3.272035e+01
      vertex   7.633122e+01 4.180000e+01 -3.340500e+01
      vertex   7.762966e+01 4.180000e+01 -3.309328e+01
    endloop
  endfacet
  facet normal -5.607825e-02 -9.870408e-01 1.503516e-01
    outer loop
      vertex   7.726690e+01 4.187742e+01 -3.272035e+01
      vertex   7.762966e+01 4.180000e+01 -3.309328e+01
      vertex   7.834255e+01 4.187742e+01 -3.231915e+01
    endloop
  endfacet
  facet normal -6.596606e-02 -9.850309e-01 1.592562e-01
    outer loop
      vertex   7.834255e+01 4.187742e+01 -3.231915e+01
      vertex   7.762966e+01 4.180000e+01 -3.309328e+01
      vertex   7.886336e+01 4.180000e+01 -3.258226e+01
    endloop
  endfacet
  facet normal -7.622820e-02 -9.872693e-01 1.396015e-01
    outer loop
      vertex   7.834255e+01 4.187742e+01 -3.231915e+01
      vertex   7.886336e+01 4.180000e+01 -3.258226e+01
      vertex   7.935015e+01 4.187742e+01 -3.176896e+01
    endloop
  endfacet
  facet normal -9.071984e-02 -9.848115e-01 1.480413e-01
    outer loop
      vertex   7.935015e+01 4.187742e+01 -3.176896e+01
      vertex   7.886336e+01 4.180000e+01 -3.258226e+01
      vertex   8.000192e+01 4.180000e+01 -3.188455e+01
    endloop
  endfacet
  facet normal -9.481906e-02 -9.874035e-01 1.266634e-01
    outer loop
      vertex   7.935015e+01 4.187742e+01 -3.176896e+01
      vertex   8.000192e+01 4.180000e+01 -3.188455e+01
      vertex   8.026919e+01 4.187742e+01 -3.108097e+01
    endloop
  endfacet
  facet normal -1.131718e-01 -9.847000e-01 1.325071e-01
    outer loop
      vertex   8.026919e+01 4.187742e+01 -3.108097e+01
      vertex   8.000192e+01 4.180000e+01 -3.188455e+01
      vertex   8.101732e+01 4.180000e+01 -3.101732e+01
    endloop
  endfacet
  facet normal -1.116845e-01 -9.874478e-01 1.116845e-01
    outer loop
      vertex   8.026919e+01 4.187742e+01 -3.108097e+01
      vertex   8.101732e+01 4.180000e+01 -3.101732e+01
      vertex   8.108097e+01 4.187742e+01 -3.026919e+01
    endloop
  endfacet
  facet normal -1.325071e-01 -9.847000e-01 1.131718e-01
    outer loop
      vertex   8.108097e+01 4.187742e+01 -3.026919e+01
      vertex   8.101732e+01 4.180000e+01 -3.101732e+01
      vertex   8.188455e+01 4.180000e+01 -3.000192e+01
    endloop
  endfacet
  facet normal -1.266634e-01 -9.874035e-01 9.481906e-02
    outer loop
      vertex   8.108097e+01 4.187742e+01 -3.026919e+01
      vertex   8.188455e+01 4.180000e+01 -3.000192e+01
      vertex   8.176896e+01 4.187742e+01 -2.935015e+01
    endloop
  endfacet
  facet normal -1.480413e-01 -9.848115e-01 9.071984e-02
    outer loop
      vertex   8.176896e+01 4.187742e+01 -2.935015e+01
      vertex   8.188455e+01 4.180000e+01 -3.000192e+01
      vertex   8.258226e+01 4.180000e+01 -2.886336e+01
    endloop
  endfacet
  facet normal -1.396015e-01 -9.872693e-01 7.622820e-02
    outer loop
      vertex   8.176896e+01 4.187742e+01 -2.935015e+01
      vertex   8.258226e+01 4.180000e+01 -2.886336e+01
      vertex   8.231915e+01 4.187742e+01 -2.834255e+01
    endloop
  endfacet
  facet normal -1.592562e-01 -9.850309e-01 6.596606e-02
    outer loop
      vertex   8.231915e+01 4.187742e+01 -2.834255e+01
      vertex   8.258226e+01 4.180000e+01 -2.886336e+01
      vertex   8.309328e+01 4.180000e+01 -2.762966e+01
    endloop
  endfacet
  facet normal -1.503516e-01 -9.870408e-01 5.607825e-02
    outer loop
      vertex   8.231915e+01 4.187742e+01 -2.834255e+01
      vertex   8.309328e+01 4.180000e+01 -2.762966e+01
      vertex   8.272035e+01 4.187742e+01 -2.726690e+01
    endloop
  endfacet
  facet normal -1.658248e-01 -9.853513e-01 3.981102e-02
    outer loop
      vertex   8.272035e+01 4.187742e+01 -2.726690e+01
      vertex   8.309328e+01 4.180000e+01 -2.762966e+01
      vertex   8.340500e+01 4.180000e+01 -2.633122e+01
    endloop
  endfacet
  facet normal -1.587738e-01 -9.867107e-01 3.453912e-02
    outer loop
      vertex   8.272035e+01 4.187742e+01 -2.726690e+01
      vertex   8.340500e+01 4.180000e+01 -2.633122e+01
      vertex   8.296438e+01 4.187742e+01 -2.614510e+01
    endloop
  endfacet
  facet normal -1.676240e-01 -9.857627e-01 1.319229e-02
    outer loop
      vertex   8.296438e+01 4.187742e+01 -2.614510e+01
      vertex   8.340500e+01 4.180000e+01 -2.633122e+01
      vertex   8.350977e+01 4.180000e+01 -2.500000e+01
    endloop
  endfacet
  facet normal -1.647347e-01 -9.862675e-01 1.178206e-02
    outer loop
      vertex   8.296438e+01 4.187742e+01 -2.614510e+01
      vertex   8.350977e+01 4.180000e+01 -2.500000e+01
      vertex   8.304628e+01 4.187742e+01 -2.500000e+01
    endloop
  endfacet
  facet normal -4.016141e-01 -9.153584e-01 2.872400e-02
    outer loop
      vertex   8.304628e+01 4.187742e+01 -2.500000e+01
      vertex   8.261596e+01 4.206622e+01 -2.500000e+01
      vertex   8.296438e+01 4.187742e+01 -2.614510e+01
    endloop
  endfacet
  facet normal -4.016141e-01 -9.153584e-01 2.872400e-02
    outer loop
      vertex   8.296438e+01 4.187742e+01 -2.614510e+01
      vertex   8.261596e+01 4.206622e+01 -2.500000e+01
      vertex   8.253844e+01 4.206622e+01 -2.608386e+01
    endloop
  endfacet
  facet normal -3.934384e-01 -9.153584e-01 8.558728e-02
    outer loop
      vertex   8.296438e+01 4.187742e+01 -2.614510e+01
      vertex   8.253844e+01 4.206622e+01 -2.608386e+01
      vertex   8.272035e+01 4.187742e+01 -2.726690e+01
    endloop
  endfacet
  facet normal -3.934384e-01 -9.153584e-01 8.558728e-02
    outer loop
      vertex   8.272035e+01 4.187742e+01 -2.726690e+01
      vertex   8.253844e+01 4.206622e+01 -2.608386e+01
      vertex   8.230746e+01 4.206622e+01 -2.714566e+01
    endloop
  endfacet
  facet normal -3.772534e-01 -9.153584e-01 1.407082e-01
    outer loop
      vertex   8.272035e+01 4.187742e+01 -2.726690e+01
      vertex   8.230746e+01 4.206622e+01 -2.714566e+01
      vertex   8.231915e+01 4.187742e+01 -2.834255e+01
    endloop
  endfacet
  facet normal -3.772534e-01 -9.153584e-01 1.407082e-01
    outer loop
      vertex   8.231915e+01 4.187742e+01 -2.834255e+01
      vertex   8.230746e+01 4.206622e+01 -2.714566e+01
      vertex   8.192772e+01 4.206622e+01 -2.816378e+01
    endloop
  endfacet
  facet normal -3.533886e-01 -9.153584e-01 1.929648e-01
    outer loop
      vertex   8.231915e+01 4.187742e+01 -2.834255e+01
      vertex   8.192772e+01 4.206622e+01 -2.816378e+01
      vertex   8.176896e+01 4.187742e+01 -2.935015e+01
    endloop
  endfacet
  facet normal -3.533886e-01 -9.153584e-01 1.929648e-01
    outer loop
      vertex   8.176896e+01 4.187742e+01 -2.935015e+01
      vertex   8.192772e+01 4.206622e+01 -2.816378e+01
      vertex   8.140695e+01 4.206622e+01 -2.911750e+01
    endloop
  endfacet
  facet normal -3.223299e-01 -9.153584e-01 2.412931e-01
    outer loop
      vertex   8.176896e+01 4.187742e+01 -2.935015e+01
      vertex   8.140695e+01 4.206622e+01 -2.911750e+01
      vertex   8.108097e+01 4.187742e+01 -3.026919e+01
    endloop
  endfacet
  facet normal -3.223299e-01 -9.153584e-01 2.412931e-01
    outer loop
      vertex   8.108097e+01 4.187742e+01 -3.026919e+01
      vertex   8.140695e+01 4.206622e+01 -2.911750e+01
      vertex   8.075576e+01 4.206622e+01 -2.998739e+01
    endloop
  endfacet
  facet normal -2.847094e-01 -9.153584e-01 2.847094e-01
    outer loop
      vertex   8.108097e+01 4.187742e+01 -3.026919e+01
      vertex   8.075576e+01 4.206622e+01 -2.998739e+01
      vertex   8.026919e+01 4.187742e+01 -3.108097e+01
    endloop
  endfacet
  facet normal -2.847094e-01 -9.153584e-01 2.847094e-01
    outer loop
      vertex   8.026919e+01 4.187742e+01 -3.108097e+01
      vertex   8.075576e+01 4.206622e+01 -2.998739e+01
      vertex   7.998739e+01 4.206622e+01 -3.075576e+01
    endloop
  endfacet
  facet normal -2.412931e-01 -9.153584e-01 3.223299e-01
    outer loop
      vertex   8.026919e+01 4.187742e+01 -3.108097e+01
      vertex   7.998739e+01 4.206622e+01 -3.075576e+01
      vertex   7.935015e+01 4.187742e+01 -3.176896e+01
    endloop
  endfacet
  facet normal -2.412931e-01 -9.153584e-01 3.223299e-01
    outer loop
      vertex   7.935015e+01 4.187742e+01 -3.176896e+01
      vertex   7.998739e+01 4.206622e+01 -3.075576e+01
      vertex   7.911750e+01 4.206622e+01 -3.140695e+01
    endloop
  endfacet
  facet normal -1.929648e-01 -9.153584e-01 3.533886e-01
    outer loop
      vertex   7.935015e+01 4.187742e+01 -3.176896e+01
      vertex   7.911750e+01 4.206622e+01 -3.140695e+01
      vertex   7.834255e+01 4.187742e+01 -3.231915e+01
    endloop
  endfacet
  facet normal -1.929648e-01 -9.153584e-01 3.533886e-01
    outer loop
      vertex   7.834255e+01 4.187742e+01 -3.231915e+01
      vertex   7.911750e+01 4.206622e+01 -3.140695e+01
      vertex   7.816378e+01 4.206622e+01 -3.192772e+01
    endloop
  endfacet
  facet normal -1.407082e-01 -9.153584e-01 3.772534e-01
    outer loop
      vertex   7.834255e+01 4.187742e+01 -3.231915e+01
      vertex   7.816378e+01 4.206622e+01 -3.192772e+01
      vertex   7.726690e+01 4.187742e+01 -3.272035e+01
    endloop
  endfacet
  facet normal -1.407082e-01 -9.153584e-01 3.772534e-01
    outer loop
      vertex   7.726690e+01 4.187742e+01 -3.272035e+01
      vertex   7.816378e+01 4.206622e+01 -3.192772e+01
      vertex   7.714566e+01 4.206622e+01 -3.230746e+01
    endloop
  endfacet
  facet normal -8.558728e-02 -9.153584e-01 3.934384e-01
    outer loop
      vertex   7.726690e+01 4.187742e+01 -3.272035e+01
      vertex   7.714566e+01 4.206622e+01 -3.230746e+01
      vertex   7.614510e+01 4.187742e+01 -3.296438e+01
    endloop
  endfacet
  facet normal -8.558728e-02 -9.153584e-01 3.934384e-01
    outer loop
      vertex   7.614510e+01 4.187742e+01 -3.296438e+01
      vertex   7.714566e+01 4.206622e+01 -3.230746e+01
      vertex   7.608386e+01 4.206622e+01 -3.253844e+01
    endloop
  endfacet
  facet normal -2.872400e-02 -9.153584e-01 4.016141e-01
    outer loop
      vertex   7.614510e+01 4.187742e+01 -3.296438e+01
      vertex   7.608386e+01 4.206622e+01 -3.253844e+01
      vertex   7.500000e+01 4.187742e+01 -3.304628e+01
    endloop
  endfacet
  facet normal -2.872400e-02 -9.153584e-01 4.016141e-01
    outer loop
      vertex   7.500000e+01 4.187742e+01 -3.304628e+01
      vertex   7.608386e+01 4.206622e+01 -3.253844e+01
      vertex   7.500000e+01 4.206622e+01 -3.261596e+01
    endloop
  endfacet
  facet normal -4.388876e-02 -7.883613e-01 6.136451e-01
    outer loop
      vertex   7.500000e+01 4.206622e+01 -3.261596e+01
      vertex   7.608386e+01 4.206622e+01 -3.253844e+01
      vertex   7.500000e+01 4.235486e+01 -3.224514e+01
    endloop
  endfacet
  facet normal -5.213749e-02 -8.013389e-01 5.959342e-01
    outer loop
      vertex   7.500000e+01 4.235486e+01 -3.224514e+01
      vertex   7.608386e+01 4.206622e+01 -3.253844e+01
      vertex   7.625811e+01 4.235486e+01 -3.213507e+01
    endloop
  endfacet
  facet normal -1.336188e-01 -7.777278e-01 6.142357e-01
    outer loop
      vertex   7.625811e+01 4.235486e+01 -3.213507e+01
      vertex   7.608386e+01 4.206622e+01 -3.253844e+01
      vertex   7.714566e+01 4.206622e+01 -3.230746e+01
    endloop
  endfacet
  facet normal -1.523922e-01 -8.082801e-01 5.687353e-01
    outer loop
      vertex   7.625811e+01 4.235486e+01 -3.213507e+01
      vertex   7.714566e+01 4.206622e+01 -3.230746e+01
      vertex   7.747798e+01 4.235486e+01 -3.180820e+01
    endloop
  endfacet
  facet normal -2.217219e-01 -7.729536e-01 5.944595e-01
    outer loop
      vertex   7.747798e+01 4.235486e+01 -3.180820e+01
      vertex   7.714566e+01 4.206622e+01 -3.230746e+01
      vertex   7.816378e+01 4.206622e+01 -3.192772e+01
    endloop
  endfacet
  facet normal -2.480521e-01 -8.096296e-01 5.319494e-01
    outer loop
      vertex   7.747798e+01 4.235486e+01 -3.180820e+01
      vertex   7.816378e+01 4.206622e+01 -3.192772e+01
      vertex   7.862257e+01 4.235486e+01 -3.127447e+01
    endloop
  endfacet
  facet normal -3.031252e-01 -7.745599e-01 5.551324e-01
    outer loop
      vertex   7.862257e+01 4.235486e+01 -3.127447e+01
      vertex   7.816378e+01 4.206622e+01 -3.192772e+01
      vertex   7.911750e+01 4.206622e+01 -3.140695e+01
    endloop
  endfacet
  facet normal -3.398656e-01 -8.055429e-01 4.853783e-01
    outer loop
      vertex   7.862257e+01 4.235486e+01 -3.127447e+01
      vertex   7.911750e+01 4.206622e+01 -3.140695e+01
      vertex   7.965709e+01 4.235486e+01 -3.055010e+01
    endloop
  endfacet
  facet normal -3.732385e-01 -7.823700e-01 4.985882e-01
    outer loop
      vertex   7.965709e+01 4.235486e+01 -3.055010e+01
      vertex   7.911750e+01 4.206622e+01 -3.140695e+01
      vertex   7.998739e+01 4.206622e+01 -3.075576e+01
    endloop
  endfacet
  facet normal -4.284324e-01 -7.955447e-01 4.284324e-01
    outer loop
      vertex   7.965709e+01 4.235486e+01 -3.055010e+01
      vertex   7.998739e+01 4.206622e+01 -3.075576e+01
      vertex   8.075576e+01 4.206622e+01 -2.998739e+01
    endloop
  endfacet
  facet normal -6.136451e-01 -7.883613e-01 4.388876e-02
    outer loop
      vertex   8.261596e+01 4.206622e+01 -2.500000e+01
      vertex   8.224514e+01 4.235486e+01 -2.500000e+01
      vertex   8.253844e+01 4.206622e+01 -2.608386e+01
    endloop
  endfacet
  facet normal -5.959342e-01 -8.013389e-01 5.213749e-02
    outer loop
      vertex   8.253844e+01 4.206622e+01 -2.608386e+01
      vertex   8.224514e+01 4.235486e+01 -2.500000e+01
      vertex   8.213507e+01 4.235486e+01 -2.625811e+01
    endloop
  endfacet
  facet normal -6.142357e-01 -7.777278e-01 1.336188e-01
    outer loop
      vertex   8.253844e+01 4.206622e+01 -2.608386e+01
      vertex   8.213507e+01 4.235486e+01 -2.625811e+01
      vertex   8.230746e+01 4.206622e+01 -2.714566e+01
    endloop
  endfacet
  facet normal -5.687353e-01 -8.082801e-01 1.523922e-01
    outer loop
      vertex   8.230746e+01 4.206622e+01 -2.714566e+01
      vertex   8.213507e+01 4.235486e+01 -2.625811e+01
      vertex   8.180820e+01 4.235486e+01 -2.747798e+01
    endloop
  endfacet
  facet normal -5.944595e-01 -7.729536e-01 2.217219e-01
    outer loop
      vertex   8.230746e+01 4.206622e+01 -2.714566e+01
      vertex   8.180820e+01 4.235486e+01 -2.747798e+01
      vertex   8.192772e+01 4.206622e+01 -2.816378e+01
    endloop
  endfacet
  facet normal -5.319494e-01 -8.096296e-01 2.480521e-01
    outer loop
      vertex   8.192772e+01 4.206622e+01 -2.816378e+01
      vertex   8.180820e+01 4.235486e+01 -2.747798e+01
      vertex   8.127447e+01 4.235486e+01 -2.862257e+01
    endloop
  endfacet
  facet normal -5.551324e-01 -7.745599e-01 3.031252e-01
    outer loop
      vertex   8.192772e+01 4.206622e+01 -2.816378e+01
      vertex   8.127447e+01 4.235486e+01 -2.862257e+01
      vertex   8.140695e+01 4.206622e+01 -2.911750e+01
    endloop
  endfacet
  facet normal -4.853783e-01 -8.055429e-01 3.398656e-01
    outer loop
      vertex   8.140695e+01 4.206622e+01 -2.911750e+01
      vertex   8.127447e+01 4.235486e+01 -2.862257e+01
      vertex   8.055010e+01 4.235486e+01 -2.965709e+01
    endloop
  endfacet
  facet normal -4.985882e-01 -7.823700e-01 3.732385e-01
    outer loop
      vertex   8.140695e+01 4.206622e+01 -2.911750e+01
      vertex   8.055010e+01 4.235486e+01 -2.965709e+01
      vertex   8.075576e+01 4.206622e+01 -2.998739e+01
    endloop
  endfacet
  facet normal -4.284324e-01 -7.955447e-01 4.284324e-01
    outer loop
      vertex   8.075576e+01 4.206622e+01 -2.998739e+01
      vertex   8.055010e+01 4.235486e+01 -2.965709e+01
      vertex   7.965709e+01 4.235486e+01 -3.055010e+01
    endloop
  endfacet
  facet normal 9.961947e-01 0.000000e+00 8.715574e-02
    outer loop
      vertex   -8.184101e+01 4.370000e+01 -2.500000e+01
      vertex   -8.184101e+01 4.275899e+01 -2.500000e+01
      vertex   -8.173708e+01 4.370000e+01 -2.618793e+01
    endloop
  endfacet
  facet normal 9.961947e-01 0.000000e+00 8.715574e-02
    outer loop
      vertex   -8.173708e+01 4.370000e+01 -2.618793e+01
      vertex   -8.184101e+01 4.275899e+01 -2.500000e+01
      vertex   -8.173708e+01 4.275899e+01 -2.618793e+01
    endloop
  endfacet
  facet normal 9.659258e-01 0.000000e+00 2.588190e-01
    outer loop
      vertex   -8.173708e+01 4.370000e+01 -2.618793e+01
      vertex   -8.173708e+01 4.275899e+01 -2.618793e+01
      vertex   -8.142845e+01 4.370000e+01 -2.733976e+01
    endloop
  endfacet
  facet normal 9.659258e-01 0.000000e+00 2.588190e-01
    outer loop
      vertex   -8.142845e+01 4.370000e+01 -2.733976e+01
      vertex   -8.173708e+01 4.275899e+01 -2.618793e+01
      vertex   -8.142845e+01 4.275899e+01 -2.733976e+01
    endloop
  endfacet
  facet normal 9.063078e-01 0.000000e+00 4.226183e-01
    outer loop
      vertex   -8.142845e+01 4.370000e+01 -2.733976e+01
      vertex   -8.142845e+01 4.275899e+01 -2.733976e+01
      vertex   -8.092449e+01 4.370000e+01 -2.842051e+01
    endloop
  endfacet
  facet normal 9.063078e-01 0.000000e+00 4.226183e-01
    outer loop
      vertex   -8.092449e+01 4.370000e+01 -2.842051e+01
      vertex   -8.142845e+01 4.275899e+01 -2.733976e+01
      vertex   -8.092449e+01 4.275899e+01 -2.842051e+01
    endloop
  endfacet
  facet normal 8.191520e-01 0.000000e+00 5.735764e-01
    outer loop
      vertex   -8.092449e+01 4.370000e+01 -2.842051e+01
      vertex   -8.092449e+01 4.275899e+01 -2.842051e+01
      vertex   -8.024052e+01 4.370000e+01 -2.939732e+01
    endloop
  endfacet
  facet normal 8.191520e-01 0.000000e+00 5.735764e-01
    outer loop
      vertex   -8.024052e+01 4.370000e+01 -2.939732e+01
      vertex   -8.092449e+01 4.275899e+01 -2.842051e+01
      vertex   -8.024052e+01 4.275899e+01 -2.939732e+01
    endloop
  endfacet
  facet normal 7.071068e-01 0.000000e+00 7.071068e-01
    outer loop
      vertex   -8.024052e+01 4.370000e+01 -2.939732e+01
      vertex   -8.024052e+01 4.275899e+01 -2.939732e+01
      vertex   -7.939732e+01 4.370000e+01 -3.024052e+01
    endloop
  endfacet
  facet normal 7.071068e-01 0.000000e+00 7.071068e-01
    outer loop
      vertex   -7.939732e+01 4.370000e+01 -3.024052e+01
      vertex   -8.024052e+01 4.275899e+01 -2.939732e+01
      vertex   -7.939732e+01 4.275899e+01 -3.024052e+01
    endloop
  endfacet
  facet normal 5.735764e-01 0.000000e+00 8.191520e-01
    outer loop
      vertex   -7.939732e+01 4.370000e+01 -3.024052e+01
      vertex   -7.939732e+01 4.275899e+01 -3.024052e+01
      vertex   -7.842051e+01 4.370000e+01 -3.092449e+01
    endloop
  endfacet
  facet normal 5.735764e-01 0.000000e+00 8.191520e-01
    outer loop
      vertex   -7.842051e+01 4.370000e+01 -3.092449e+01
      vertex   -7.939732e+01 4.275899e+01 -3.024052e+01
      vertex   -7.842051e+01 4.275899e+01 -3.092449e+01
    endloop
  endfacet
  facet normal 4.226183e-01 0.000000e+00 9.063078e-01
    outer loop
      vertex   -7.842051e+01 4.370000e+01 -3.092449e+01
      vertex   -7.842051e+01 4.275899e+01 -3.092449e+01
      vertex   -7.733976e+01 4.370000e+01 -3.142845e+01
    endloop
  endfacet
  facet normal 4.226183e-01 0.000000e+00 9.063078e-01
    outer loop
      vertex   -7.733976e+01 4.370000e+01 -3.142845e+01
      vertex   -7.842051e+01 4.275899e+01 -3.092449e+01
      vertex   -7.733976e+01 4.275899e+01 -3.142845e+01
    endloop
  endfacet
  facet normal 2.588190e-01 0.000000e+00 9.659258e-01
    outer loop
      vertex   -7.733976e+01 4.370000e+01 -3.142845e+01
      vertex   -7.733976e+01 4.275899e+01 -3.142845e+01
      vertex   -7.618793e+01 4.370000e+01 -3.173708e+01
    endloop
  endfacet
  facet normal 2.588190e-01 0.000000e+00 9.659258e-01
    outer loop
      vertex   -7.618793e+01 4.370000e+01 -3.173708e+01
      vertex   -7.733976e+01 4.275899e+01 -3.142845e+01
      vertex   -7.618793e+01 4.275899e+01 -3.173708e+01
    endloop
  endfacet
  facet normal 8.715574e-02 0.000000e+00 9.961947e-01
    outer loop
      vertex   -7.618793e+01 4.370000e+01 -3.173708e+01
      vertex   -7.618793e+01 4.275899e+01 -3.173708e+01
      vertex   -7.500000e+01 4.370000e+01 -3.184101e+01
    endloop
  endfacet
  facet normal 8.715574e-02 1.316195e-15 9.961947e-01
    outer loop
      vertex   -7.500000e+01 4.370000e+01 -3.184101e+01
      vertex   -7.618793e+01 4.275899e+01 -3.173708e+01
      vertex   -7.500000e+01 4.275899e+01 -3.184101e+01
    endloop
  endfacet
  facet normal 1.000000e+00 -0.000000e+00 0.000000e+00
    outer loop
      vertex   -8.184101e+01 4.275899e+01 2.500000e+01
      vertex   -8.184101e+01 4.275899e+01 -2.500000e+01
      vertex   -8.184101e+01 4.370000e+01 2.500000e+01
    endloop
  endfacet
  facet normal 1.000000e+00 0.000000e+00 0.000000e+00
    outer loop
      vertex   -8.184101e+01 4.370000e+01 2.500000e+01
      vertex   -8.184101e+01 4.275899e+01 -2.500000e+01
      vertex   -8.184101e+01 4.370000e+01 -2.500000e+01
    endloop
  endfacet
  facet normal 8.715574e-02 0.000000e+00 -9.961947e-01
    outer loop
      vertex   -7.500000e+01 4.370000e+01 3.184101e+01
      vertex   -7.500000e+01 4.275899e+01 3.184101e+01
      vertex   -7.618793e+01 4.370000e+01 3.173708e+01
    endloop
  endfacet
  facet normal 8.715574e-02 0.000000e+00 -9.961947e-01
    outer loop
      vertex   -7.618793e+01 4.370000e+01 3.173708e+01
      vertex   -7.500000e+01 4.275899e+01 3.184101e+01
      vertex   -7.618793e+01 4.275899e+01 3.173708e+01
    endloop
  endfacet
  facet normal 2.588190e-01 0.000000e+00 -9.659258e-01
    outer loop
      vertex   -7.618793e+01 4.370000e+01 3.173708e+01
      vertex   -7.618793e+01 4.275899e+01 3.173708e+01
      vertex   -7.733976e+01 4.370000e+01 3.142845e+01
    endloop
  endfacet
  facet normal 2.588190e-01 0.000000e+00 -9.659258e-01
    outer loop
      vertex   -7.733976e+01 4.370000e+01 3.142845e+01
      vertex   -7.618793e+01 4.275899e+01 3.173708e+01
      vertex   -7.733976e+01 4.275899e+01 3.142845e+01
    endloop
  endfacet
  facet normal 4.226183e-01 0.000000e+00 -9.063078e-01
    outer loop
      vertex   -7.733976e+01 4.370000e+01 3.142845e+01
      vertex   -7.733976e+01 4.275899e+01 3.142845e+01
      vertex   -7.842051e+01 4.370000e+01 3.092449e+01
    endloop
  endfacet
  facet normal 4.226183e-01 0.000000e+00 -9.063078e-01
    outer loop
      vertex   -7.842051e+01 4.370000e+01 3.092449e+01
      vertex   -7.733976e+01 4.275899e+01 3.142845e+01
      vertex   -7.842051e+01 4.275899e+01 3.092449e+01
    endloop
  endfacet
  facet normal 5.735764e-01 0.000000e+00 -8.191520e-01
    outer loop
      vertex   -7.842051e+01 4.370000e+01 3.092449e+01
      vertex   -7.842051e+01 4.275899e+01 3.092449e+01
      vertex   -7.939732e+01 4.370000e+01 3.024052e+01
    endloop
  endfacet
  facet normal 5.735764e-01 0.000000e+00 -8.191520e-01
    outer loop
      vertex   -7.939732e+01 4.370000e+01 3.024052e+01
      vertex   -7.842051e+01 4.275899e+01 3.092449e+01
      vertex   -7.939732e+01 4.275899e+01 3.024052e+01
    endloop
  endfacet
  facet normal 7.071068e-01 0.000000e+00 -7.071068e-01
    outer loop
      vertex   -7.939732e+01 4.370000e+01 3.024052e+01
      vertex   -7.939732e+01 4.275899e+01 3.024052e+01
      vertex   -8.024052e+01 4.370000e+01 2.939732e+01
    endloop
  endfacet
  facet normal 7.071068e-01 0.000000e+00 -7.071068e-01
    outer loop
      vertex   -8.024052e+01 4.370000e+01 2.939732e+01
      vertex   -7.939732e+01 4.275899e+01 3.024052e+01
      vertex   -8.024052e+01 4.275899e+01 2.939732e+01
    endloop
  endfacet
  facet normal 8.191520e-01 0.000000e+00 -5.735764e-01
    outer loop
      vertex   -8.024052e+01 4.370000e+01 2.939732e+01
      vertex   -8.024052e+01 4.275899e+01 2.939732e+01
      vertex   -8.092449e+01 4.370000e+01 2.842051e+01
    endloop
  endfacet
  facet normal 8.191520e-01 0.000000e+00 -5.735764e-01
    outer loop
      vertex   -8.092449e+01 4.370000e+01 2.842051e+01
      vertex   -8.024052e+01 4.275899e+01 2.939732e+01
      vertex   -8.092449e+01 4.275899e+01 2.842051e+01
    endloop
  endfacet
  facet normal 9.063078e-01 0.000000e+00 -4.226183e-01
    outer loop
      vertex   -8.092449e+01 4.370000e+01 2.842051e+01
      vertex   -8.092449e+01 4.275899e+01 2.842051e+01
      vertex   -8.142845e+01 4.370000e+01 2.733976e+01
    endloop
  endfacet
  facet normal 9.063078e-01 0.000000e+00 -4.226183e-01
    outer loop
      vertex   -8.142845e+01 4.370000e+01 2.733976e+01
      vertex   -8.092449e+01 4.275899e+01 2.842051e+01
      vertex   -8.142845e+01 4.275899e+01 2.733976e+01
    endloop
  endfacet
  facet normal 9.659258e-01 0.000000e+00 -2.588190e-01
    outer loop
      vertex   -8.142845e+01 4.370000e+01 2.733976e+01
      vertex   -8.142845e+01 4.275899e+01 2.733976e+01
      vertex   -8.173708e+01 4.370000e+01 2.618793e+01
    endloop
  endfacet
  facet normal 9.659258e-01 0.000000e+00 -2.588190e-01
    outer loop
      vertex   -8.173708e+01 4.370000e+01 2.618793e+01
      vertex   -8.142845e+01 4.275899e+01 2.733976e+01
      vertex   -8.173708e+01 4.275899e+01 2.618793e+01
    endloop
  endfacet
  facet normal 9.961947e-01 0.000000e+00 -8.715574e-02
    outer loop
      vertex   -8.173708e+01 4.370000e+01 2.618793e+01
      vertex   -8.173708e+01 4.275899e+01 2.618793e+01
      vertex   -8.184101e+01 4.370000e+01 2.500000e+01
    endloop
  endfacet
  facet normal 9.961947e-01 0.000000e+00 -8.715574e-02
    outer loop
      vertex   -8.184101e+01 4.370000e+01 2.500000e+01
      vertex   -8.173708e+01 4.275899e+01 2.618793e+01
      vertex   -8.184101e+01 4.275899e+01 2.500000e+01
    endloop
  endfacet
  facet normal -4.736952e-17 -3.775410e-15 -1.000000e+00
    outer loop
      vertex   7.500000e+01 4.275899e+01 3.184101e+01
      vertex   -7.500000e+01 4.275899e+01 3.184101e+01
      vertex   7.500000e+01 4.370000e+01 3.184101e+01
    endloop
  endfacet
  facet normal -7.105427e-17 0.000000e+00 -1.000000e+00
    outer loop
      vertex   7.500000e+01 4.370000e+01 3.184101e+01
      vertex   -7.500000e+01 4.275899e+01 3.184101e+01
      vertex   -7.500000e+01 4.370000e+01 3.184101e+01
    endloop
  endfacet
  facet normal -9.961947e-01 -0.000000e+00 -8.715574e-02
    outer loop
      vertex   8.184101e+01 4.370000e+01 2.500000e+01
      vertex   8.184101e+01 4.275899e+01 2.500000e+01
      vertex   8.173708e+01 4.370000e+01 2.618793e+01
    endloop
  endfacet
  facet normal -9.961947e-01 -0.000000e+00 -8.715574e-02
    outer loop
      vertex   8.173708e+01 4.370000e+01 2.618793e+01
      vertex   8.184101e+01 4.275899e+01 2.500000e+01
      vertex   8.173708e+01 4.275899e+01 2.618793e+01
    endloop
  endfacet
  facet normal -9.659258e-01 -0.000000e+00 -2.588190e-01
    outer loop
      vertex   8.173708e+01 4.370000e+01 2.618793e+01
      vertex   8.173708e+01 4.275899e+01 2.618793e+01
      vertex   8.142845e+01 4.370000e+01 2.733976e+01
    endloop
  endfacet
  facet normal -9.659258e-01 -0.000000e+00 -2.588190e-01
    outer loop
      vertex   8.142845e+01 4.370000e+01 2.733976e+01
      vertex   8.173708e+01 4.275899e+01 2.618793e+01
      vertex   8.142845e+01 4.275899e+01 2.733976e+01
    endloop
  endfacet
  facet normal -9.063078e-01 -0.000000e+00 -4.226183e-01
    outer loop
      vertex   8.142845e+01 4.370000e+01 2.733976e+01
      vertex   8.142845e+01 4.275899e+01 2.733976e+01
      vertex   8.092449e+01 4.370000e+01 2.842051e+01
    endloop
  endfacet
  facet normal -9.063078e-01 -0.000000e+00 -4.226183e-01
    outer loop
      vertex   8.092449e+01 4.370000e+01 2.842051e+01
      vertex   8.142845e+01 4.275899e+01 2.733976e+01
      vertex   8.092449e+01 4.275899e+01 2.842051e+01
    endloop
  endfacet
  facet normal -8.191520e-01 -0.000000e+00 -5.735764e-01
    outer loop
      vertex   8.092449e+01 4.370000e+01 2.842051e+01
      vertex   8.092449e+01 4.275899e+01 2.842051e+01
      vertex   8.024052e+01 4.370000e+01 2.939732e+01
    endloop
  endfacet
  facet normal -8.191520e-01 -0.000000e+00 -5.735764e-01
    outer loop
      vertex   8.024052e+01 4.370000e+01 2.939732e+01
      vertex   8.092449e+01 4.275899e+01 2.842051e+01
      vertex   8.024052e+01 4.275899e+01 2.939732e+01
    endloop
  endfacet
  facet normal -7.071068e-01 -0.000000e+00 -7.071068e-01
    outer loop
      vertex   8.024052e+01 4.370000e+01 2.939732e+01
      vertex   8.024052e+01 4.275899e+01 2.939732e+01
      vertex   7.939732e+01 4.370000e+01 3.024052e+01
    endloop
  endfacet
  facet normal -7.071068e-01 -0.000000e+00 -7.071068e-01
    outer loop
      vertex   7.939732e+01 4.370000e+01 3.024052e+01
      vertex   8.024052e+01 4.275899e+01 2.939732e+01
      vertex   7.939732e+01 4.275899e+01 3.024052e+01
    endloop
  endfacet
  facet normal -5.735764e-01 -0.000000e+00 -8.191520e-01
    outer loop
      vertex   7.939732e+01 4.370000e+01 3.024052e+01
      vertex   7.939732e+01 4.275899e+01 3.024052e+01
      vertex   7.842051e+01 4.370000e+01 3.092449e+01
    endloop
  endfacet
  facet normal -5.735764e-01 -0.000000e+00 -8.191520e-01
    outer loop
      vertex   7.842051e+01 4.370000e+01 3.092449e+01
      vertex   7.939732e+01 4.275899e+01 3.024052e+01
      vertex   7.842051e+01 4.275899e+01 3.092449e+01
    endloop
  endfacet
  facet normal -4.226183e-01 -0.000000e+00 -9.063078e-01
    outer loop
      vertex   7.842051e+01 4.370000e+01 3.092449e+01
      vertex   7.842051e+01 4.275899e+01 3.092449e+01
      vertex   7.733976e+01 4.370000e+01 3.142845e+01
    endloop
  endfacet
  facet normal -4.226183e-01 -0.000000e+00 -9.063078e-01
    outer loop
      vertex   7.733976e+01 4.370000e+01 3.142845e+01
      vertex   7.842051e+01 4.275899e+01 3.092449e+01
      vertex   7.733976e+01 4.275899e+01 3.142845e+01
    endloop
  endfacet
  facet normal -2.588190e-01 -0.000000e+00 -9.659258e-01
    outer loop
      vertex   7.733976e+01 4.370000e+01 3.142845e+01
      vertex   7.733976e+01 4.275899e+01 3.142845e+01
      vertex   7.618793e+01 4.370000e+01 3.173708e+01
    endloop
  endfacet
  facet normal -2.588190e-01 -0.000000e+00 -9.659258e-01
    outer loop
      vertex   7.618793e+01 4.370000e+01 3.173708e+01
      vertex   7.733976e+01 4.275899e+01 3.142845e+01
      vertex   7.618793e+01 4.275899e+01 3.173708e+01
    endloop
  endfacet
  facet normal -8.715574e-02 -0.000000e+00 -9.961947e-01
    outer loop
      vertex   7.618793e+01 4.370000e+01 3.173708e+01
      vertex   7.618793e+01 4.275899e+01 3.173708e+01
      vertex   7.500000e+01 4.370000e+01 3.184101e+01
    endloop
  endfacet
  facet normal -8.715574e-02 -3.761043e-15 -9.961947e-01
    outer loop
      vertex   7.500000e+01 4.370000e+01 3.184101e+01
      vertex   7.618793e+01 4.275899e+01 3.173708e+01
      vertex   7.500000e+01 4.275899e+01 3.184101e+01
    endloop
  endfacet
  facet normal 7.105427e-17 1.073036e-30 1.000000e+00
    outer loop
      vertex   -7.500000e+01 4.275899e+01 -3.184101e+01
      vertex   7.500000e+01 4.275899e+01 -3.184101e+01
      vertex   -7.500000e+01 4.370000e+01 -3.184101e+01
    endloop
  endfacet
  facet normal 7.105427e-17 0.000000e+00 1.000000e+00
    outer loop
      vertex   -7.500000e+01 4.370000e+01 -3.184101e+01
      vertex   7.500000e+01 4.275899e+01 -3.184101e+01
      vertex   7.500000e+01 4.370000e+01 -3.184101e+01
    endloop
  endfacet
  facet normal -8.715574e-02 0.000000e+00 9.961947e-01
    outer loop
      vertex   7.500000e+01 4.370000e+01 -3.184101e+01
      vertex   7.500000e+01 4.275899e+01 -3.184101e+01
      vertex   7.618793e+01 4.370000e+01 -3.173708e+01
    endloop
  endfacet
  facet normal -8.715574e-02 0.000000e+00 9.961947e-01
    outer loop
      vertex   7.618793e+01 4.370000e+01 -3.173708e+01
      vertex   7.500000e+01 4.275899e+01 -3.184101e+01
      vertex   7.618793e+01 4.275899e+01 -3.173708e+01
    endloop
  endfacet
  facet normal -2.588190e-01 0.000000e+00 9.659258e-01
    outer loop
      vertex   7.618793e+01 4.370000e+01 -3.173708e+01
      vertex   7.618793e+01 4.275899e+01 -3.173708e+01
      vertex   7.733976e+01 4.370000e+01 -3.142845e+01
    endloop
  endfacet
  facet normal -2.588190e-01 0.000000e+00 9.659258e-01
    outer loop
      vertex   7.733976e+01 4.370000e+01 -3.142845e+01
      vertex   7.618793e+01 4.275899e+01 -3.173708e+01
      vertex   7.733976e+01 4.275899e+01 -3.142845e+01
    endloop
  endfacet
  facet normal -4.226183e-01 0.000000e+00 9.063078e-01
    outer loop
      vertex   7.733976e+01 4.370000e+01 -3.142845e+01
      vertex   7.733976e+01 4.275899e+01 -3.142845e+01
      vertex   7.842051e+01 4.370000e+01 -3.092449e+01
    endloop
  endfacet
  facet normal -4.226183e-01 0.000000e+00 9.063078e-01
    outer loop
      vertex   7.842051e+01 4.370000e+01 -3.092449e+01
      vertex   7.733976e+01 4.275899e+01 -3.142845e+01
      vertex   7.842051e+01 4.275899e+01 -3.092449e+01
    endloop
  endfacet
  facet normal -5.735764e-01 0.000000e+00 8.191520e-01
    outer loop
      vertex   7.842051e+01 4.370000e+01 -3.092449e+01
      vertex   7.842051e+01 4.275899e+01 -3.092449e+01
      vertex   7.939732e+01 4.370000e+01 -3.024052e+01
    endloop
  endfacet
  facet normal -5.735764e-01 0.000000e+00 8.191520e-01
    outer loop
      vertex   7.939732e+01 4.370000e+01 -3.024052e+01
      vertex   7.842051e+01 4.275899e+01 -3.092449e+01
      vertex   7.939732e+01 4.275899e+01 -3.024052e+01
    endloop
  endfacet
  facet normal -7.071068e-01 0.000000e+00 7.071068e-01
    outer loop
      vertex   7.939732e+01 4.370000e+01 -3.024052e+01
      vertex   7.939732e+01 4.275899e+01 -3.024052e+01
      vertex   8.024052e+01 4.370000e+01 -2.939732e+01
    endloop
  endfacet
  facet normal -7.071068e-01 0.000000e+00 7.071068e-01
    outer loop
      vertex   8.024052e+01 4.370000e+01 -2.939732e+01
      vertex   7.939732e+01 4.275899e+01 -3.024052e+01
      vertex   8.024052e+01 4.275899e+01 -2.939732e+01
    endloop
  endfacet
  facet normal -8.191520e-01 0.000000e+00 5.735764e-01
    outer loop
      vertex   8.024052e+01 4.370000e+01 -2.939732e+01
      vertex   8.024052e+01 4.275899e+01 -2.939732e+01
      vertex   8.092449e+01 4.370000e+01 -2.842051e+01
    endloop
  endfacet
  facet normal -8.191520e-01 0.000000e+00 5.735764e-01
    outer loop
      vertex   8.092449e+01 4.370000e+01 -2.842051e+01
      vertex   8.024052e+01 4.275899e+01 -2.939732e+01
      vertex   8.092449e+01 4.275899e+01 -2.842051e+01
    endloop
  endfacet
  facet normal -9.063078e-01 0.000000e+00 4.226183e-01
    outer loop
      vertex   8.092449e+01 4.370000e+01 -2.842051e+01
      vertex   8.092449e+01 4.275899e+01 -2.842051e+01
      vertex   8.142845e+01 4.370000e+01 -2.733976e+01
    endloop
  endfacet
  facet normal -9.063078e-01 0.000000e+00 4.226183e-01
    outer loop
      vertex   8.142845e+01 4.370000e+01 -2.733976e+01
      vertex   8.092449e+01 4.275899e+01 -2.842051e+01
      vertex   8.142845e+01 4.275899e+01 -2.733976e+01
    endloop
  endfacet
  facet normal -9.659258e-01 0.000000e+00 2.588190e-01
    outer loop
      vertex   8.142845e+01 4.370000e+01 -2.733976e+01
      vertex   8.142845e+01 4.275899e+01 -2.733976e+01
      vertex   8.173708e+01 4.370000e+01 -2.618793e+01
    endloop
  endfacet
  facet normal -9.659258e-01 0.000000e+00 2.588190e-01
    outer loop
      vertex   8.173708e+01 4.370000e+01 -2.618793e+01
      vertex   8.142845e+01 4.275899e+01 -2.733976e+01
      vertex   8.173708e+01 4.275899e+01 -2.618793e+01
    endloop
  endfacet
  facet normal -9.961947e-01 0.000000e+00 8.715574e-02
    outer loop
      vertex   8.173708e+01 4.370000e+01 -2.618793e+01
      vertex   8.173708e+01 4.275899e+01 -2.618793e+01
      vertex   8.184101e+01 4.370000e+01 -2.500000e+01
    endloop
  endfacet
  facet normal -9.961947e-01 0.000000e+00 8.715574e-02
    outer loop
      vertex   8.184101e+01 4.370000e+01 -2.500000e+01
      vertex   8.173708e+01 4.275899e+01 -2.618793e+01
      vertex   8.184101e+01 4.275899e+01 -2.500000e+01
    endloop
  endfacet
  facet normal -1.000000e+00 0.000000e+00 0.000000e+00
    outer loop
      vertex   8.184101e+01 4.275899e+01 -2.500000e+01
      vertex   8.184101e+01 4.275899e+01 2.500000e+01
      vertex   8.184101e+01 4.370000e+01 -2.500000e+01
    endloop
  endfacet
  facet normal -1.000000e+00 0.000000e+00 0.000000e+00
    outer loop
      vertex   8.184101e+01 4.370000e+01 -2.500000e+01
      vertex   8.184101e+01 4.275899e+01 2.500000e+01
      vertex   8.184101e+01 4.370000e+01 2.500000e+01
    endloop
  endfacet
  facet normal 0.000000e+00 -1.000000e+00 0.000000e+00
    outer loop
      vertex   -5.258472e+01 4.370000e+01 2.595082e+01
      vertex   -7.353600e+01 4.370000e+01 2.176824e+01
      vertex   -7.595082e+01 4.370000e+01 2.584715e+00
    endloop
  endfacet
  facet normal 0.000000e+00 -1.000000e+00 0.000000e+00
    outer loop
      vertex   -7.595082e+01 4.370000e+01 2.584715e+00
      vertex   -7.353600e+01 4.370000e+01 2.176824e+01
      vertex   -7.418305e+01 4.370000e+01 2.168305e+01
    endloop
  endfacet
  facet normal 0.000000e+00 -1.000000e+00 0.000000e+00
    outer loop
      vertex   -7.595082e+01 4.370000e+01 2.584715e+00
      vertex   -7.418305e+01 4.370000e+01 2.168305e+01
      vertex   -7.483010e+01 4.370000e+01 2.176824e+01
    endloop
  endfacet
  facet normal 0.000000e+00 -1.000000e+00 0.000000e+00
    outer loop
      vertex   -5.206695e+01 4.370000e+01 2.634812e+01
      vertex   -7.241528e+01 4.370000e+01 2.595082e+01
      vertex   -5.258472e+01 4.370000e+01 2.595082e+01
    endloop
  endfacet
  facet normal -0.000000e+00 -1.000000e+00 0.000000e+00
    outer loop
      vertex   -5.258472e+01 4.370000e+01 2.595082e+01
      vertex   -7.241528e+01 4.370000e+01 2.595082e+01
      vertex   -7.201799e+01 4.370000e+01 2.543305e+01
    endloop
  endfacet
  facet normal 0.000000e+00 -1.000000e+00 0.000000e+00
    outer loop
      vertex   -5.258472e+01 4.370000e+01 2.595082e+01
      vertex   -7.201799e+01 4.370000e+01 2.543305e+01
      vertex   -7.176824e+01 4.370000e+01 2.483010e+01
    endloop
  endfacet
  facet normal -0.000000e+00 -1.000000e+00 0.000000e+00
    outer loop
      vertex   -5.146400e+01 4.370000e+01 2.659787e+01
      vertex   -7.500000e+01 4.370000e+01 3.184101e+01
      vertex   -5.206695e+01 4.370000e+01 2.634812e+01
    endloop
  endfacet
  facet normal 0.000000e+00 -1.000000e+00 0.000000e+00
    outer loop
      vertex   -5.206695e+01 4.370000e+01 2.634812e+01
      vertex   -7.500000e+01 4.370000e+01 3.184101e+01
      vertex   -7.293305e+01 4.370000e+01 2.634812e+01
    endloop
  endfacet
  facet normal -0.000000e+00 -1.000000e+00 0.000000e+00
    outer loop
      vertex   -5.206695e+01 4.370000e+01 2.634812e+01
      vertex   -7.293305e+01 4.370000e+01 2.634812e+01
      vertex   -7.241528e+01 4.370000e+01 2.595082e+01
    endloop
  endfacet
  facet normal 0.000000e+00 -1.000000e+00 0.000000e+00
    outer loop
      vertex   -5.146400e+01 4.370000e+01 2.659787e+01
      vertex   -5.081695e+01 4.370000e+01 2.668305e+01
      vertex   -7.500000e+01 4.370000e+01 3.184101e+01
    endloop
  endfacet
  facet normal 0.000000e+00 -1.000000e+00 0.000000e+00
    outer loop
      vertex   -7.500000e+01 4.370000e+01 3.184101e+01
      vertex   -5.081695e+01 4.370000e+01 2.668305e+01
      vertex   -2.581695e+01 4.370000e+01 2.668305e+01
    endloop
  endfacet
  facet normal 0.000000e+00 -1.000000e+00 0.000000e+00
    outer loop
      vertex   -7.500000e+01 4.370000e+01 3.184101e+01
      vertex   -2.581695e+01 4.370000e+01 2.668305e+01
      vertex   -8.169481e-01 4.370000e+01 2.668305e+01
    endloop
  endfacet
  facet normal -0.000000e+00 -1.000000e+00 0.000000e+00
    outer loop
      vertex   -8.169481e-01 4.370000e+01 2.668305e+01
      vertex   -2.581695e+01 4.370000e+01 2.668305e+01
      vertex   -1.463996e+00 4.370000e+01 2.659787e+01
    endloop
  endfacet
  facet normal 0.000000e+00 -1.000000e+00 0.000000e+00
    outer loop
      vertex   -1.463996e+00 4.370000e+01 2.659787e+01
      vertex   -2.581695e+01 4.370000e+01 2.668305e+01
      vertex   -2.516990e+01 4.370000e+01 2.659787e+01
    endloop
  endfacet
  facet normal -0.000000e+00 -1.000000e+00 0.000000e+00
    outer loop
      vertex   -1.463996e+00 4.370000e+01 2.659787e+01
      vertex   -2.516990e+01 4.370000e+01 2.659787e+01
      vertex   -2.066948e+00 4.370000e+01 2.634812e+01
    endloop
  endfacet
  facet normal 0.000000e+00 -1.000000e+00 0.000000e+00
    outer loop
      vertex   -2.066948e+00 4.370000e+01 2.634812e+01
      vertex   -2.516990e+01 4.370000e+01 2.659787e+01
      vertex   -2.456695e+01 4.370000e+01 2.634812e+01
    endloop
  endfacet
  facet normal -0.000000e+00 -1.000000e+00 0.000000e+00
    outer loop
      vertex   -2.066948e+00 4.370000e+01 2.634812e+01
      vertex   -2.456695e+01 4.370000e+01 2.634812e+01
      vertex   -2.584715e+00 4.370000e+01 2.595082e+01
    endloop
  endfacet
  facet normal 0.000000e+00 -1.000000e+00 0.000000e+00
    outer loop
      vertex   -2.584715e+00 4.370000e+01 2.595082e+01
      vertex   -2.456695e+01 4.370000e+01 2.634812e+01
      vertex   -2.404918e+01 4.370000e+01 2.595082e+01
    endloop
  endfacet
  facet normal -0.000000e+00 -1.000000e+00 0.000000e+00
    outer loop
      vertex   -2.584715e+00 4.370000e+01 2.595082e+01
      vertex   -2.404918e+01 4.370000e+01 2.595082e+01
      vertex   -2.365188e+01 4.370000e+01 2.543305e+01
    endloop
  endfacet
  facet normal 0.000000e+00 -1.000000e+00 0.000000e+00
    outer loop
      vertex   -5.081695e+01 4.370000e+01 2.668305e+01
      vertex   -5.016990e+01 4.370000e+01 2.659787e+01
      vertex   -2.581695e+01 4.370000e+01 2.668305e+01
    endloop
  endfacet
  facet normal 0.000000e+00 -1.000000e+00 0.000000e+00
    outer loop
      vertex   -2.581695e+01 4.370000e+01 2.668305e+01
      vertex   -5.016990e+01 4.370000e+01 2.659787e+01
      vertex   -2.646400e+01 4.370000e+01 2.659787e+01
    endloop
  endfacet
  facet normal -0.000000e+00 -1.000000e+00 0.000000e+00
    outer loop
      vertex   -2.646400e+01 4.370000e+01 2.659787e+01
      vertex   -5.016990e+01 4.370000e+01 2.659787e+01
      vertex   -2.706695e+01 4.370000e+01 2.634812e+01
    endloop
  endfacet
  facet normal 0.000000e+00 -1.000000e+00 0.000000e+00
    outer loop
      vertex   -2.706695e+01 4.370000e+01 2.634812e+01
      vertex   -5.016990e+01 4.370000e+01 2.659787e+01
      vertex   -4.956695e+01 4.370000e+01 2.634812e+01
    endloop
  endfacet
  facet normal -0.000000e+00 -1.000000e+00 0.000000e+00
    outer loop
      vertex   -2.706695e+01 4.370000e+01 2.634812e+01
      vertex   -4.956695e+01 4.370000e+01 2.634812e+01
      vertex   -2.758472e+01 4.370000e+01 2.595082e+01
    endloop
  endfacet
  facet normal 0.000000e+00 -1.000000e+00 0.000000e+00
    outer loop
      vertex   -2.758472e+01 4.370000e+01 2.595082e+01
      vertex   -4.956695e+01 4.370000e+01 2.634812e+01
      vertex   -4.904918e+01 4.370000e+01 2.595082e+01
    endloop
  endfacet
  facet normal -0.000000e+00 -1.000000e+00 0.000000e+00
    outer loop
      vertex   -2.758472e+01 4.370000e+01 2.595082e+01
      vertex   -4.904918e+01 4.370000e+01 2.595082e+01
      vertex   -4.865188e+01 4.370000e+01 2.543305e+01
    endloop
  endfacet
  facet normal 0.000000e+00 -1.000000e+00 0.000000e+00
    outer loop
      vertex   -4.865188e+01 4.370000e+01 2.543305e+01
      vertex   -4.840213e+01 4.370000e+01 2.483010e+01
      vertex   -2.758472e+01 4.370000e+01 2.595082e+01
    endloop
  endfacet
  facet normal 0.000000e+00 -1.000000e+00 0.000000e+00
    outer loop
      vertex   -2.758472e+01 4.370000e+01 2.595082e+01
      vertex   -4.840213e+01 4.370000e+01 2.483010e+01
      vertex   -4.831695e+01 4.370000e+01 2.418305e+01
    endloop
  endfacet
  facet normal 0.000000e+00 -1.000000e+00 0.000000e+00
    outer loop
      vertex   -2.758472e+01 4.370000e+01 2.595082e+01
      vertex   -4.831695e+01 4.370000e+01 2.418305e+01
      vertex   -4.840213e+01 4.370000e+01 2.353600e+01
    endloop
  endfacet
  facet normal 0.000000e+00 -1.000000e+00 -0.000000e+00
    outer loop
      vertex   -4.840213e+01 4.370000e+01 2.353600e+01
      vertex   -4.865188e+01 4.370000e+01 2.293305e+01
      vertex   -2.758472e+01 4.370000e+01 2.595082e+01
    endloop
  endfacet
  facet normal 0.000000e+00 -1.000000e+00 0.000000e+00
    outer loop
      vertex   -2.758472e+01 4.370000e+01 2.595082e+01
      vertex   -4.865188e+01 4.370000e+01 2.293305e+01
      vertex   -4.904918e+01 4.370000e+01 2.241528e+01
    endloop
  endfacet
  facet normal 0.000000e+00 -1.000000e+00 0.000000e+00
    outer loop
      vertex   -2.758472e+01 4.370000e+01 2.595082e+01
      vertex   -4.904918e+01 4.370000e+01 2.241528e+01
      vertex   -7.241528e+01 4.370000e+01 -9.508189e-01
    endloop
  endfacet
  facet normal 0.000000e+00 -1.000000e+00 0.000000e+00
    outer loop
      vertex   -2.758472e+01 4.370000e+01 2.595082e+01
      vertex   -7.241528e+01 4.370000e+01 -9.508189e-01
      vertex   -7.595082e+01 4.370000e+01 -2.241528e+01
    endloop
  endfacet
  facet normal 0.000000e+00 -1.000000e+00 0.000000e+00
    outer loop
      vertex   -7.595082e+01 4.370000e+01 -2.241528e+01
      vertex   -7.241528e+01 4.370000e+01 -9.508189e-01
      vertex   -7.293305e+01 4.370000e+01 -1.348115e+00
    endloop
  endfacet
  facet normal 0.000000e+00 -1.000000e+00 0.000000e+00
    outer loop
      vertex   -7.595082e+01 4.370000e+01 -2.241528e+01
      vertex   -7.293305e+01 4.370000e+01 -1.348115e+00
      vertex   -7.353600e+01 4.370000e+01 -1.597866e+00
    endloop
  endfacet
  facet normal 0.000000e+00 -1.000000e+00 0.000000e+00
    outer loop
      vertex   -7.353600e+01 4.370000e+01 -1.597866e+00
      vertex   -7.418305e+01 4.370000e+01 -1.683052e+00
      vertex   -7.595082e+01 4.370000e+01 -2.241528e+01
    endloop
  endfacet
  facet normal 0.000000e+00 -1.000000e+00 0.000000e+00
    outer loop
      vertex   -7.595082e+01 4.370000e+01 -2.241528e+01
      vertex   -7.418305e+01 4.370000e+01 -1.683052e+00
      vertex   -7.483010e+01 4.370000e+01 -1.597866e+00
    endloop
  endfacet
  facet normal 0.000000e+00 -1.000000e+00 0.000000e+00
    outer loop
      vertex   -7.595082e+01 4.370000e+01 -2.241528e+01
      vertex   -7.483010e+01 4.370000e+01 -1.597866e+00
      vertex   -7.543305e+01 4.370000e+01 -1.348115e+00
    endloop
  endfacet
  facet normal -0.000000e+00 -1.000000e+00 0.000000e+00
    outer loop
      vertex   -7.595082e+01 4.370000e+01 -2.241528e+01
      vertex   -7.543305e+01 4.370000e+01 -1.348115e+00
      vertex   -8.184101e+01 4.370000e+01 -2.500000e+01
    endloop
  endfacet
  facet normal 0.000000e+00 -1.000000e+00 0.000000e+00
    outer loop
      vertex   -8.184101e+01 4.370000e+01 -2.500000e+01
      vertex   -7.543305e+01 4.370000e+01 -1.348115e+00
      vertex   -7.595082e+01 4.370000e+01 -9.508189e-01
    endloop
  endfacet
  facet normal 0.000000e+00 -1.000000e+00 0.000000e+00
    outer loop
      vertex   -8.184101e+01 4.370000e+01 -2.500000e+01
      vertex   -7.595082e+01 4.370000e+01 -9.508189e-01
      vertex   -7.634812e+01 4.370000e+01 -4.330519e-01
    endloop
  endfacet
  facet normal -0.000000e+00 -1.000000e+00 0.000000e+00
    outer loop
      vertex   -7.634812e+01 4.370000e+01 -4.330519e-01
      vertex   -7.659787e+01 4.370000e+01 1.699005e-01
      vertex   -8.184101e+01 4.370000e+01 -2.500000e+01
    endloop
  endfacet
  facet normal 0.000000e+00 -1.000000e+00 0.000000e+00
    outer loop
      vertex   -8.184101e+01 4.370000e+01 -2.500000e+01
      vertex   -7.659787e+01 4.370000e+01 1.699005e-01
      vertex   -7.668305e+01 4.370000e+01 8.169481e-01
    endloop
  endfacet
  facet normal 0.000000e+00 -1.000000e+00 0.000000e+00
    outer loop
      vertex   -8.184101e+01 4.370000e+01 -2.500000e+01
      vertex   -7.668305e+01 4.370000e+01 8.169481e-01
      vertex   -8.184101e+01 4.370000e+01 2.500000e+01
    endloop
  endfacet
  facet normal 0.000000e+00 -1.000000e+00 0.000000e+00
    outer loop
      vertex   -8.184101e+01 4.370000e+01 2.500000e+01
      vertex   -7.668305e+01 4.370000e+01 8.169481e-01
      vertex   -7.659787e+01 4.370000e+01 1.463996e+00
    endloop
  endfacet
  facet normal 0.000000e+00 -1.000000e+00 0.000000e+00
    outer loop
      vertex   -8.184101e+01 4.370000e+01 2.500000e+01
      vertex   -7.659787e+01 4.370000e+01 1.463996e+00
      vertex   -7.634812e+01 4.370000e+01 2.066948e+00
    endloop
  endfacet
  facet normal 0.000000e+00 -1.000000e+00 0.000000e+00
    outer loop
      vertex   -7.634812e+01 4.370000e+01 2.066948e+00
      vertex   -7.595082e+01 4.370000e+01 2.584715e+00
      vertex   -8.184101e+01 4.370000e+01 2.500000e+01
    endloop
  endfacet
  facet normal 0.000000e+00 -1.000000e+00 0.000000e+00
    outer loop
      vertex   -8.184101e+01 4.370000e+01 2.500000e+01
      vertex   -7.595082e+01 4.370000e+01 2.584715e+00
      vertex   -7.543305e+01 4.370000e+01 2.201799e+01
    endloop
  endfacet
  facet normal 0.000000e+00 -1.000000e+00 0.000000e+00
    outer loop
      vertex   -8.184101e+01 4.370000e+01 2.500000e+01
      vertex   -7.543305e+01 4.370000e+01 2.201799e+01
      vertex   -7.595082e+01 4.370000e+01 2.241528e+01
    endloop
  endfacet
  facet normal -0.000000e+00 -1.000000e+00 0.000000e+00
    outer loop
      vertex   4.865188e+01 4.370000e+01 -2.293305e+01
      vertex   4.904918e+01 4.370000e+01 -2.241528e+01
      vertex   2.758472e+01 4.370000e+01 -2.595082e+01
    endloop
  endfacet
  facet normal 0.000000e+00 -1.000000e+00 0.000000e+00
    outer loop
      vertex   2.758472e+01 4.370000e+01 -2.595082e+01
      vertex   4.904918e+01 4.370000e+01 -2.241528e+01
      vertex   7.241528e+01 4.370000e+01 9.508189e-01
    endloop
  endfacet
  facet normal 0.000000e+00 -1.000000e+00 0.000000e+00
    outer loop
      vertex   2.758472e+01 4.370000e+01 -2.595082e+01
      vertex   7.241528e+01 4.370000e+01 9.508189e-01
      vertex   7.595082e+01 4.370000e+01 2.241528e+01
    endloop
  endfacet
  facet normal 0.000000e+00 -1.000000e+00 0.000000e+00
    outer loop
      vertex   7.595082e+01 4.370000e+01 2.241528e+01
      vertex   7.241528e+01 4.370000e+01 9.508189e-01
      vertex   7.293305e+01 4.370000e+01 1.348115e+00
    endloop
  endfacet
  facet normal 0.000000e+00 -1.000000e+00 0.000000e+00
    outer loop
      vertex   7.595082e+01 4.370000e+01 2.241528e+01
      vertex   7.293305e+01 4.370000e+01 1.348115e+00
      vertex   7.353600e+01 4.370000e+01 1.597866e+00
    endloop
  endfacet
  facet normal 0.000000e+00 -1.000000e+00 0.000000e+00
    outer loop
      vertex   7.353600e+01 4.370000e+01 1.597866e+00
      vertex   7.418305e+01 4.370000e+01 1.683052e+00
      vertex   7.595082e+01 4.370000e+01 2.241528e+01
    endloop
  endfacet
  facet normal 0.000000e+00 -1.000000e+00 0.000000e+00
    outer loop
      vertex   7.595082e+01 4.370000e+01 2.241528e+01
      vertex   7.418305e+01 4.370000e+01 1.683052e+00
      vertex   7.483010e+01 4.370000e+01 1.597866e+00
    endloop
  endfacet
  facet normal 0.000000e+00 -1.000000e+00 0.000000e+00
    outer loop
      vertex   7.595082e+01 4.370000e+01 2.241528e+01
      vertex   7.483010e+01 4.370000e+01 1.597866e+00
      vertex   7.543305e+01 4.370000e+01 1.348115e+00
    endloop
  endfacet
  facet normal 0.000000e+00 -1.000000e+00 -0.000000e+00
    outer loop
      vertex   7.595082e+01 4.370000e+01 2.241528e+01
      vertex   7.543305e+01 4.370000e+01 1.348115e+00
      vertex   8.184101e+01 4.370000e+01 2.500000e+01
    endloop
  endfacet
  facet normal 0.000000e+00 -1.000000e+00 0.000000e+00
    outer loop
      vertex   8.184101e+01 4.370000e+01 2.500000e+01
      vertex   7.543305e+01 4.370000e+01 1.348115e+00
      vertex   7.595082e+01 4.370000e+01 9.508189e-01
    endloop
  endfacet
  facet normal 0.000000e+00 -1.000000e+00 0.000000e+00
    outer loop
      vertex   8.184101e+01 4.370000e+01 2.500000e+01
      vertex   7.595082e+01 4.370000e+01 9.508189e-01
      vertex   7.634812e+01 4.370000e+01 4.330519e-01
    endloop
  endfacet
  facet normal 0.000000e+00 -1.000000e+00 0.000000e+00
    outer loop
      vertex   7.634812e+01 4.370000e+01 4.330519e-01
      vertex   7.659787e+01 4.370000e+01 -1.699005e-01
      vertex   8.184101e+01 4.370000e+01 2.500000e+01
    endloop
  endfacet
  facet normal 0.000000e+00 -1.000000e+00 0.000000e+00
    outer loop
      vertex   8.184101e+01 4.370000e+01 2.500000e+01
      vertex   7.659787e+01 4.370000e+01 -1.699005e-01
      vertex   7.668305e+01 4.370000e+01 -8.169481e-01
    endloop
  endfacet
  facet normal 0.000000e+00 -1.000000e+00 -0.000000e+00
    outer loop
      vertex   8.184101e+01 4.370000e+01 2.500000e+01
      vertex   7.668305e+01 4.370000e+01 -8.169481e-01
      vertex   8.184101e+01 4.370000e+01 -2.500000e+01
    endloop
  endfacet
  facet normal 0.000000e+00 -1.000000e+00 0.000000e+00
    outer loop
      vertex   8.184101e+01 4.370000e+01 -2.500000e+01
      vertex   7.668305e+01 4.370000e+01 -8.169481e-01
      vertex   7.659787e+01 4.370000e+01 -1.463996e+00
    endloop
  endfacet
  facet normal 0.000000e+00 -1.000000e+00 0.000000e+00
    outer loop
      vertex   8.184101e+01 4.370000e+01 -2.500000e+01
      vertex   7.659787e+01 4.370000e+01 -1.463996e+00
      vertex   7.634812e+01 4.370000e+01 -2.066948e+00
    endloop
  endfacet
  facet normal 0.000000e+00 -1.000000e+00 -0.000000e+00
    outer loop
      vertex   7.634812e+01 4.370000e+01 -2.066948e+00
      vertex   7.595082e+01 4.370000e+01 -2.584715e+00
      vertex   8.184101e+01 4.370000e+01 -2.500000e+01
    endloop
  endfacet
  facet normal 0.000000e+00 -1.000000e+00 0.000000e+00
    outer loop
      vertex   8.184101e+01 4.370000e+01 -2.500000e+01
      vertex   7.595082e+01 4.370000e+01 -2.584715e+00
      vertex   7.543305e+01 4.370000e+01 -2.201799e+01
    endloop
  endfacet
  facet normal 0.000000e+00 -1.000000e+00 0.000000e+00
    outer loop
      vertex   8.184101e+01 4.370000e+01 -2.500000e+01
      vertex   7.543305e+01 4.370000e+01 -2.201799e+01
      vertex   7.595082e+01 4.370000e+01 -2.241528e+01
    endloop
  endfacet
  facet normal 0.000000e+00 -1.000000e+00 0.000000e+00
    outer loop
      vertex   5.258472e+01 4.370000e+01 -2.595082e+01
      vertex   7.353600e+01 4.370000e+01 -2.176824e+01
      vertex   7.595082e+01 4.370000e+01 -2.584715e+00
    endloop
  endfacet
  facet normal 0.000000e+00 -1.000000e+00 0.000000e+00
    outer loop
      vertex   7.595082e+01 4.370000e+01 -2.584715e+00
      vertex   7.353600e+01 4.370000e+01 -2.176824e+01
      vertex   7.418305e+01 4.370000e+01 -2.168305e+01
    endloop
  endfacet
  facet normal 0.000000e+00 -1.000000e+00 0.000000e+00
    outer loop
      vertex   7.595082e+01 4.370000e+01 -2.584715e+00
      vertex   7.418305e+01 4.370000e+01 -2.168305e+01
      vertex   7.483010e+01 4.370000e+01 -2.176824e+01
    endloop
  endfacet
  facet normal 0.000000e+00 -1.000000e+00 0.000000e+00
    outer loop
      vertex   5.206695e+01 4.370000e+01 -2.634812e+01
      vertex   7.241528e+01 4.370000e+01 -2.595082e+01
      vertex   5.258472e+01 4.370000e+01 -2.595082e+01
    endloop
  endfacet
  facet normal 0.000000e+00 -1.000000e+00 0.000000e+00
    outer loop
      vertex   5.258472e+01 4.370000e+01 -2.595082e+01
      vertex   7.241528e+01 4.370000e+01 -2.595082e+01
      vertex   7.201799e+01 4.370000e+01 -2.543305e+01
    endloop
  endfacet
  facet normal 0.000000e+00 -1.000000e+00 0.000000e+00
    outer loop
      vertex   5.258472e+01 4.370000e+01 -2.595082e+01
      vertex   7.201799e+01 4.370000e+01 -2.543305e+01
      vertex   7.176824e+01 4.370000e+01 -2.483010e+01
    endloop
  endfacet
  facet normal 0.000000e+00 -1.000000e+00 0.000000e+00
    outer loop
      vertex   5.146400e+01 4.370000e+01 -2.659787e+01
      vertex   7.500000e+01 4.370000e+01 -3.184101e+01
      vertex   5.206695e+01 4.370000e+01 -2.634812e+01
    endloop
  endfacet
  facet normal 0.000000e+00 -1.000000e+00 0.000000e+00
    outer loop
      vertex   5.206695e+01 4.370000e+01 -2.634812e+01
      vertex   7.500000e+01 4.370000e+01 -3.184101e+01
      vertex   7.293305e+01 4.370000e+01 -2.634812e+01
    endloop
  endfacet
  facet normal 0.000000e+00 -1.000000e+00 0.000000e+00
    outer loop
      vertex   5.206695e+01 4.370000e+01 -2.634812e+01
      vertex   7.293305e+01 4.370000e+01 -2.634812e+01
      vertex   7.241528e+01 4.370000e+01 -2.595082e+01
    endloop
  endfacet
  facet normal 0.000000e+00 -1.000000e+00 -0.000000e+00
    outer loop
      vertex   5.146400e+01 4.370000e+01 -2.659787e+01
      vertex   5.081695e+01 4.370000e+01 -2.668305e+01
      vertex   7.500000e+01 4.370000e+01 -3.184101e+01
    endloop
  endfacet
  facet normal 0.000000e+00 -1.000000e+00 0.000000e+00
    outer loop
      vertex   7.500000e+01 4.370000e+01 -3.184101e+01
      vertex   5.081695e+01 4.370000e+01 -2.668305e+01
      vertex   2.581695e+01 4.370000e+01 -2.668305e+01
    endloop
  endfacet
  facet normal 0.000000e+00 -1.000000e+00 0.000000e+00
    outer loop
      vertex   7.500000e+01 4.370000e+01 -3.184101e+01
      vertex   2.581695e+01 4.370000e+01 -2.668305e+01
      vertex   8.169481e-01 4.370000e+01 -2.668305e+01
    endloop
  endfacet
  facet normal 0.000000e+00 -1.000000e+00 0.000000e+00
    outer loop
      vertex   8.169481e-01 4.370000e+01 -2.668305e+01
      vertex   2.581695e+01 4.370000e+01 -2.668305e+01
      vertex   2.516990e+01 4.370000e+01 -2.659787e+01
    endloop
  endfacet
  facet normal 0.000000e+00 -1.000000e+00 0.000000e+00
    outer loop
      vertex   8.169481e-01 4.370000e+01 -2.668305e+01
      vertex   2.516990e+01 4.370000e+01 -2.659787e+01
      vertex   1.463996e+00 4.370000e+01 -2.659787e+01
    endloop
  endfacet
  facet normal 0.000000e+00 -1.000000e+00 0.000000e+00
    outer loop
      vertex   1.463996e+00 4.370000e+01 -2.659787e+01
      vertex   2.516990e+01 4.370000e+01 -2.659787e+01
      vertex   2.456695e+01 4.370000e+01 -2.634812e+01
    endloop
  endfacet
  facet normal 0.000000e+00 -1.000000e+00 0.000000e+00
    outer loop
      vertex   1.463996e+00 4.370000e+01 -2.659787e+01
      vertex   2.456695e+01 4.370000e+01 -2.634812e+01
      vertex   2.066948e+00 4.370000e+01 -2.634812e+01
    endloop
  endfacet
  facet normal 0.000000e+00 -1.000000e+00 0.000000e+00
    outer loop
      vertex   2.066948e+00 4.370000e+01 -2.634812e+01
      vertex   2.456695e+01 4.370000e+01 -2.634812e+01
      vertex   2.404918e+01 4.370000e+01 -2.595082e+01
    endloop
  endfacet
  facet normal 0.000000e+00 -1.000000e+00 0.000000e+00
    outer loop
      vertex   2.066948e+00 4.370000e+01 -2.634812e+01
      vertex   2.404918e+01 4.370000e+01 -2.595082e+01
      vertex   2.584715e+00 4.370000e+01 -2.595082e+01
    endloop
  endfacet
  facet normal 0.000000e+00 -1.000000e+00 0.000000e+00
    outer loop
      vertex   2.584715e+00 4.370000e+01 -2.595082e+01
      vertex   2.404918e+01 4.370000e+01 -2.595082e+01
      vertex   2.365188e+01 4.370000e+01 -2.543305e+01
    endloop
  endfacet
  facet normal 0.000000e+00 -1.000000e+00 0.000000e+00
    outer loop
      vertex   2.584715e+00 4.370000e+01 -2.595082e+01
      vertex   2.365188e+01 4.370000e+01 -2.543305e+01
      vertex   2.340213e+01 4.370000e+01 -2.483010e+01
    endloop
  endfacet
  facet normal -0.000000e+00 -1.000000e+00 0.000000e+00
    outer loop
      vertex   5.081695e+01 4.370000e+01 -2.668305e+01
      vertex   5.016990e+01 4.370000e+01 -2.659787e+01
      vertex   2.581695e+01 4.370000e+01 -2.668305e+01
    endloop
  endfacet
  facet normal 0.000000e+00 -1.000000e+00 0.000000e+00
    outer loop
      vertex   2.581695e+01 4.370000e+01 -2.668305e+01
      vertex   5.016990e+01 4.370000e+01 -2.659787e+01
      vertex   2.646400e+01 4.370000e+01 -2.659787e+01
    endloop
  endfacet
  facet normal 0.000000e+00 -1.000000e+00 0.000000e+00
    outer loop
      vertex   2.646400e+01 4.370000e+01 -2.659787e+01
      vertex   5.016990e+01 4.370000e+01 -2.659787e+01
      vertex   4.956695e+01 4.370000e+01 -2.634812e+01
    endloop
  endfacet
  facet normal 0.000000e+00 -1.000000e+00 0.000000e+00
    outer loop
      vertex   2.646400e+01 4.370000e+01 -2.659787e+01
      vertex   4.956695e+01 4.370000e+01 -2.634812e+01
      vertex   2.706695e+01 4.370000e+01 -2.634812e+01
    endloop
  endfacet
  facet normal 0.000000e+00 -1.000000e+00 0.000000e+00
    outer loop
      vertex   2.706695e+01 4.370000e+01 -2.634812e+01
      vertex   4.956695e+01 4.370000e+01 -2.634812e+01
      vertex   4.904918e+01 4.370000e+01 -2.595082e+01
    endloop
  endfacet
  facet normal 0.000000e+00 -1.000000e+00 0.000000e+00
    outer loop
      vertex   2.706695e+01 4.370000e+01 -2.634812e+01
      vertex   4.904918e+01 4.370000e+01 -2.595082e+01
      vertex   2.758472e+01 4.370000e+01 -2.595082e+01
    endloop
  endfacet
  facet normal 0.000000e+00 -1.000000e+00 0.000000e+00
    outer loop
      vertex   2.758472e+01 4.370000e+01 -2.595082e+01
      vertex   4.904918e+01 4.370000e+01 -2.595082e+01
      vertex   4.865188e+01 4.370000e+01 -2.543305e+01
    endloop
  endfacet
  facet normal 0.000000e+00 -1.000000e+00 0.000000e+00
    outer loop
      vertex   2.758472e+01 4.370000e+01 -2.595082e+01
      vertex   4.865188e+01 4.370000e+01 -2.543305e+01
      vertex   4.840213e+01 4.370000e+01 -2.483010e+01
    endloop
  endfacet
  facet normal -0.000000e+00 -1.000000e+00 0.000000e+00
    outer loop
      vertex   4.840213e+01 4.370000e+01 -2.483010e+01
      vertex   4.831695e+01 4.370000e+01 -2.418305e+01
      vertex   2.758472e+01 4.370000e+01 -2.595082e+01
    endloop
  endfacet
  facet normal 0.000000e+00 -1.000000e+00 0.000000e+00
    outer loop
      vertex   2.758472e+01 4.370000e+01 -2.595082e+01
      vertex   4.831695e+01 4.370000e+01 -2.418305e+01
      vertex   4.840213e+01 4.370000e+01 -2.353600e+01
    endloop
  endfacet
  facet normal 0.000000e+00 -1.000000e+00 0.000000e+00
    outer loop
      vertex   2.758472e+01 4.370000e+01 -2.595082e+01
      vertex   4.840213e+01 4.370000e+01 -2.353600e+01
      vertex   4.865188e+01 4.370000e+01 -2.293305e+01
    endloop
  endfacet
  facet normal 0.000000e+00 -1.000000e+00 0.000000e+00
    outer loop
      vertex   -7.176824e+01 4.370000e+01 2.483010e+01
      vertex   -7.168305e+01 4.370000e+01 2.418305e+01
      vertex   -5.258472e+01 4.370000e+01 2.595082e+01
    endloop
  endfacet
  facet normal 0.000000e+00 -1.000000e+00 0.000000e+00
    outer loop
      vertex   -5.258472e+01 4.370000e+01 2.595082e+01
      vertex   -7.168305e+01 4.370000e+01 2.418305e+01
      vertex   -7.176824e+01 4.370000e+01 2.353600e+01
    endloop
  endfacet
  facet normal 0.000000e+00 -1.000000e+00 0.000000e+00
    outer loop
      vertex   -5.258472e+01 4.370000e+01 2.595082e+01
      vertex   -7.176824e+01 4.370000e+01 2.353600e+01
      vertex   -7.201799e+01 4.370000e+01 2.293305e+01
    endloop
  endfacet
  facet normal 0.000000e+00 -1.000000e+00 -0.000000e+00
    outer loop
      vertex   -7.201799e+01 4.370000e+01 2.293305e+01
      vertex   -7.241528e+01 4.370000e+01 2.241528e+01
      vertex   -5.258472e+01 4.370000e+01 2.595082e+01
    endloop
  endfacet
  facet normal 0.000000e+00 -1.000000e+00 0.000000e+00
    outer loop
      vertex   -5.258472e+01 4.370000e+01 2.595082e+01
      vertex   -7.241528e+01 4.370000e+01 2.241528e+01
      vertex   -7.293305e+01 4.370000e+01 2.201799e+01
    endloop
  endfacet
  facet normal 0.000000e+00 -1.000000e+00 0.000000e+00
    outer loop
      vertex   -5.258472e+01 4.370000e+01 2.595082e+01
      vertex   -7.293305e+01 4.370000e+01 2.201799e+01
      vertex   -7.353600e+01 4.370000e+01 2.176824e+01
    endloop
  endfacet
  facet normal -0.000000e+00 -1.000000e+00 0.000000e+00
    outer loop
      vertex   -7.483010e+01 4.370000e+01 2.176824e+01
      vertex   -7.543305e+01 4.370000e+01 2.201799e+01
      vertex   -7.595082e+01 4.370000e+01 2.584715e+00
    endloop
  endfacet
  facet normal 0.000000e+00 -1.000000e+00 0.000000e+00
    outer loop
      vertex   -7.595082e+01 4.370000e+01 2.241528e+01
      vertex   -7.634812e+01 4.370000e+01 2.293305e+01
      vertex   -8.184101e+01 4.370000e+01 2.500000e+01
    endloop
  endfacet
  facet normal 0.000000e+00 -1.000000e+00 0.000000e+00
    outer loop
      vertex   -8.184101e+01 4.370000e+01 2.500000e+01
      vertex   -7.634812e+01 4.370000e+01 2.293305e+01
      vertex   -7.659787e+01 4.370000e+01 2.353600e+01
    endloop
  endfacet
  facet normal 0.000000e+00 -1.000000e+00 0.000000e+00
    outer loop
      vertex   -8.184101e+01 4.370000e+01 2.500000e+01
      vertex   -7.659787e+01 4.370000e+01 2.353600e+01
      vertex   -7.668305e+01 4.370000e+01 2.418305e+01
    endloop
  endfacet
  facet normal 0.000000e+00 -1.000000e+00 0.000000e+00
    outer loop
      vertex   -7.668305e+01 4.370000e+01 2.418305e+01
      vertex   -7.659787e+01 4.370000e+01 2.483010e+01
      vertex   -8.184101e+01 4.370000e+01 2.500000e+01
    endloop
  endfacet
  facet normal 0.000000e+00 -1.000000e+00 0.000000e+00
    outer loop
      vertex   -8.184101e+01 4.370000e+01 2.500000e+01
      vertex   -7.659787e+01 4.370000e+01 2.483010e+01
      vertex   -7.634812e+01 4.370000e+01 2.543305e+01
    endloop
  endfacet
  facet normal 0.000000e+00 -1.000000e+00 0.000000e+00
    outer loop
      vertex   -8.184101e+01 4.370000e+01 2.500000e+01
      vertex   -7.634812e+01 4.370000e+01 2.543305e+01
      vertex   -8.173708e+01 4.370000e+01 2.618793e+01
    endloop
  endfacet
  facet normal 0.000000e+00 -1.000000e+00 0.000000e+00
    outer loop
      vertex   -8.173708e+01 4.370000e+01 2.618793e+01
      vertex   -7.634812e+01 4.370000e+01 2.543305e+01
      vertex   -7.595082e+01 4.370000e+01 2.595082e+01
    endloop
  endfacet
  facet normal 0.000000e+00 -1.000000e+00 0.000000e+00
    outer loop
      vertex   -8.173708e+01 4.370000e+01 2.618793e+01
      vertex   -7.595082e+01 4.370000e+01 2.595082e+01
      vertex   -8.142845e+01 4.370000e+01 2.733976e+01
    endloop
  endfacet
  facet normal 0.000000e+00 -1.000000e+00 0.000000e+00
    outer loop
      vertex   -8.142845e+01 4.370000e+01 2.733976e+01
      vertex   -7.595082e+01 4.370000e+01 2.595082e+01
      vertex   -7.543305e+01 4.370000e+01 2.634812e+01
    endloop
  endfacet
  facet normal 0.000000e+00 -1.000000e+00 0.000000e+00
    outer loop
      vertex   -8.142845e+01 4.370000e+01 2.733976e+01
      vertex   -7.543305e+01 4.370000e+01 2.634812e+01
      vertex   -7.483010e+01 4.370000e+01 2.659787e+01
    endloop
  endfacet
  facet normal -0.000000e+00 -1.000000e+00 0.000000e+00
    outer loop
      vertex   -7.418305e+01 4.370000e+01 2.668305e+01
      vertex   -8.024052e+01 4.370000e+01 2.939732e+01
      vertex   -7.483010e+01 4.370000e+01 2.659787e+01
    endloop
  endfacet
  facet normal 0.000000e+00 -1.000000e+00 0.000000e+00
    outer loop
      vertex   -7.483010e+01 4.370000e+01 2.659787e+01
      vertex   -8.024052e+01 4.370000e+01 2.939732e+01
      vertex   -8.092449e+01 4.370000e+01 2.842051e+01
    endloop
  endfacet
  facet normal 0.000000e+00 -1.000000e+00 0.000000e+00
    outer loop
      vertex   -7.483010e+01 4.370000e+01 2.659787e+01
      vertex   -8.092449e+01 4.370000e+01 2.842051e+01
      vertex   -8.142845e+01 4.370000e+01 2.733976e+01
    endloop
  endfacet
  facet normal 0.000000e+00 -1.000000e+00 0.000000e+00
    outer loop
      vertex   -7.353600e+01 4.370000e+01 2.659787e+01
      vertex   -7.500000e+01 4.370000e+01 3.184101e+01
      vertex   -7.418305e+01 4.370000e+01 2.668305e+01
    endloop
  endfacet
  facet normal 0.000000e+00 -1.000000e+00 0.000000e+00
    outer loop
      vertex   -7.418305e+01 4.370000e+01 2.668305e+01
      vertex   -7.500000e+01 4.370000e+01 3.184101e+01
      vertex   -7.842051e+01 4.370000e+01 3.092449e+01
    endloop
  endfacet
  facet normal 0.000000e+00 -1.000000e+00 0.000000e+00
    outer loop
      vertex   -7.418305e+01 4.370000e+01 2.668305e+01
      vertex   -7.842051e+01 4.370000e+01 3.092449e+01
      vertex   -7.939732e+01 4.370000e+01 3.024052e+01
    endloop
  endfacet
  facet normal 0.000000e+00 -1.000000e+00 0.000000e+00
    outer loop
      vertex   -7.353600e+01 4.370000e+01 2.659787e+01
      vertex   -7.293305e+01 4.370000e+01 2.634812e+01
      vertex   -7.500000e+01 4.370000e+01 3.184101e+01
    endloop
  endfacet
  facet normal 0.000000e+00 -1.000000e+00 0.000000e+00
    outer loop
      vertex   7.659787e+01 4.370000e+01 -2.353600e+01
      vertex   7.668305e+01 4.370000e+01 -2.418305e+01
      vertex   8.184101e+01 4.370000e+01 -2.500000e+01
    endloop
  endfacet
  facet normal 0.000000e+00 -1.000000e+00 0.000000e+00
    outer loop
      vertex   8.184101e+01 4.370000e+01 -2.500000e+01
      vertex   7.668305e+01 4.370000e+01 -2.418305e+01
      vertex   7.659787e+01 4.370000e+01 -2.483010e+01
    endloop
  endfacet
  facet normal -0.000000e+00 -1.000000e+00 0.000000e+00
    outer loop
      vertex   8.184101e+01 4.370000e+01 -2.500000e+01
      vertex   7.659787e+01 4.370000e+01 -2.483010e+01
      vertex   7.634812e+01 4.370000e+01 -2.543305e+01
    endloop
  endfacet
  facet normal 0.000000e+00 -1.000000e+00 0.000000e+00
    outer loop
      vertex   8.184101e+01 4.370000e+01 -2.500000e+01
      vertex   7.634812e+01 4.370000e+01 -2.543305e+01
      vertex   8.173708e+01 4.370000e+01 -2.618793e+01
    endloop
  endfacet
  facet normal 0.000000e+00 -1.000000e+00 0.000000e+00
    outer loop
      vertex   8.173708e+01 4.370000e+01 -2.618793e+01
      vertex   7.634812e+01 4.370000e+01 -2.543305e+01
      vertex   7.595082e+01 4.370000e+01 -2.595082e+01
    endloop
  endfacet
  facet normal -0.000000e+00 -1.000000e+00 0.000000e+00
    outer loop
      vertex   8.173708e+01 4.370000e+01 -2.618793e+01
      vertex   7.595082e+01 4.370000e+01 -2.595082e+01
      vertex   8.142845e+01 4.370000e+01 -2.733976e+01
    endloop
  endfacet
  facet normal 0.000000e+00 -1.000000e+00 0.000000e+00
    outer loop
      vertex   8.142845e+01 4.370000e+01 -2.733976e+01
      vertex   7.595082e+01 4.370000e+01 -2.595082e+01
      vertex   7.543305e+01 4.370000e+01 -2.634812e+01
    endloop
  endfacet
  facet normal 0.000000e+00 -1.000000e+00 0.000000e+00
    outer loop
      vertex   8.142845e+01 4.370000e+01 -2.733976e+01
      vertex   7.543305e+01 4.370000e+01 -2.634812e+01
      vertex   7.483010e+01 4.370000e+01 -2.659787e+01
    endloop
  endfacet
  facet normal 0.000000e+00 -1.000000e+00 0.000000e+00
    outer loop
      vertex   7.418305e+01 4.370000e+01 -2.668305e+01
      vertex   8.024052e+01 4.370000e+01 -2.939732e+01
      vertex   7.483010e+01 4.370000e+01 -2.659787e+01
    endloop
  endfacet
  facet normal 0.000000e+00 -1.000000e+00 0.000000e+00
    outer loop
      vertex   7.483010e+01 4.370000e+01 -2.659787e+01
      vertex   8.024052e+01 4.370000e+01 -2.939732e+01
      vertex   8.092449e+01 4.370000e+01 -2.842051e+01
    endloop
  endfacet
  facet normal 0.000000e+00 -1.000000e+00 0.000000e+00
    outer loop
      vertex   7.483010e+01 4.370000e+01 -2.659787e+01
      vertex   8.092449e+01 4.370000e+01 -2.842051e+01
      vertex   8.142845e+01 4.370000e+01 -2.733976e+01
    endloop
  endfacet
  facet normal 0.000000e+00 -1.000000e+00 0.000000e+00
    outer loop
      vertex   7.353600e+01 4.370000e+01 -2.659787e+01
      vertex   7.500000e+01 4.370000e+01 -3.184101e+01
      vertex   7.418305e+01 4.370000e+01 -2.668305e+01
    endloop
  endfacet
  facet normal 0.000000e+00 -1.000000e+00 0.000000e+00
    outer loop
      vertex   7.418305e+01 4.370000e+01 -2.668305e+01
      vertex   7.500000e+01 4.370000e+01 -3.184101e+01
      vertex   7.842051e+01 4.370000e+01 -3.092449e+01
    endloop
  endfacet
  facet normal 0.000000e+00 -1.000000e+00 0.000000e+00
    outer loop
      vertex   7.418305e+01 4.370000e+01 -2.668305e+01
      vertex   7.842051e+01 4.370000e+01 -3.092449e+01
      vertex   7.939732e+01 4.370000e+01 -3.024052e+01
    endloop
  endfacet
  facet normal -0.000000e+00 -1.000000e+00 -0.000000e+00
    outer loop
      vertex   7.353600e+01 4.370000e+01 -2.659787e+01
      vertex   7.293305e+01 4.370000e+01 -2.634812e+01
      vertex   7.500000e+01 4.370000e+01 -3.184101e+01
    endloop
  endfacet
  facet normal -0.000000e+00 -1.000000e+00 0.000000e+00
    outer loop
      vertex   7.176824e+01 4.370000e+01 -2.483010e+01
      vertex   7.168305e+01 4.370000e+01 -2.418305e+01
      vertex   5.258472e+01 4.370000e+01 -2.595082e+01
    endloop
  endfacet
  facet normal 0.000000e+00 -1.000000e+00 0.000000e+00
    outer loop
      vertex   5.258472e+01 4.370000e+01 -2.595082e+01
      vertex   7.168305e+01 4.370000e+01 -2.418305e+01
      vertex   7.176824e+01 4.370000e+01 -2.353600e+01
    endloop
  endfacet
  facet normal 0.000000e+00 -1.000000e+00 0.000000e+00
    outer loop
      vertex   5.258472e+01 4.370000e+01 -2.595082e+01
      vertex   7.176824e+01 4.370000e+01 -2.353600e+01
      vertex   7.201799e+01 4.370000e+01 -2.293305e+01
    endloop
  endfacet
  facet normal -0.000000e+00 -1.000000e+00 0.000000e+00
    outer loop
      vertex   7.201799e+01 4.370000e+01 -2.293305e+01
      vertex   7.241528e+01 4.370000e+01 -2.241528e+01
      vertex   5.258472e+01 4.370000e+01 -2.595082e+01
    endloop
  endfacet
  facet normal 0.000000e+00 -1.000000e+00 0.000000e+00
    outer loop
      vertex   5.258472e+01 4.370000e+01 -2.595082e+01
      vertex   7.241528e+01 4.370000e+01 -2.241528e+01
      vertex   7.293305e+01 4.370000e+01 -2.201799e+01
    endloop
  endfacet
  facet normal 0.000000e+00 -1.000000e+00 0.000000e+00
    outer loop
      vertex   5.258472e+01 4.370000e+01 -2.595082e+01
      vertex   7.293305e+01 4.370000e+01 -2.201799e+01
      vertex   7.353600e+01 4.370000e+01 -2.176824e+01
    endloop
  endfacet
  facet normal 0.000000e+00 -1.000000e+00 0.000000e+00
    outer loop
      vertex   7.483010e+01 4.370000e+01 -2.176824e+01
      vertex   7.543305e+01 4.370000e+01 -2.201799e+01
      vertex   7.595082e+01 4.370000e+01 -2.584715e+00
    endloop
  endfacet
  facet normal 0.000000e+00 -1.000000e+00 0.000000e+00
    outer loop
      vertex   7.595082e+01 4.370000e+01 -2.241528e+01
      vertex   7.634812e+01 4.370000e+01 -2.293305e+01
      vertex   8.184101e+01 4.370000e+01 -2.500000e+01
    endloop
  endfacet
  facet normal 0.000000e+00 -1.000000e+00 0.000000e+00
    outer loop
      vertex   8.184101e+01 4.370000e+01 -2.500000e+01
      vertex   7.634812e+01 4.370000e+01 -2.293305e+01
      vertex   7.659787e+01 4.370000e+01 -2.353600e+01
    endloop
  endfacet
  facet normal 0.000000e+00 -1.000000e+00 0.000000e+00
    outer loop
      vertex   -2.365188e+01 4.370000e+01 2.543305e+01
      vertex   -2.340213e+01 4.370000e+01 2.483010e+01
      vertex   -2.584715e+00 4.370000e+01 2.595082e+01
    endloop
  endfacet
  facet normal 0.000000e+00 -1.000000e+00 0.000000e+00
    outer loop
      vertex   -2.584715e+00 4.370000e+01 2.595082e+01
      vertex   -2.340213e+01 4.370000e+01 2.483010e+01
      vertex   -2.331695e+01 4.370000e+01 2.418305e+01
    endloop
  endfacet
  facet normal 0.000000e+00 -1.000000e+00 0.000000e+00
    outer loop
      vertex   -2.584715e+00 4.370000e+01 2.595082e+01
      vertex   -2.331695e+01 4.370000e+01 2.418305e+01
      vertex   -2.340213e+01 4.370000e+01 2.353600e+01
    endloop
  endfacet
  facet normal 0.000000e+00 -1.000000e+00 -0.000000e+00
    outer loop
      vertex   -2.340213e+01 4.370000e+01 2.353600e+01
      vertex   -2.365188e+01 4.370000e+01 2.293305e+01
      vertex   -2.584715e+00 4.370000e+01 2.595082e+01
    endloop
  endfacet
  facet normal 0.000000e+00 -1.000000e+00 0.000000e+00
    outer loop
      vertex   -2.584715e+00 4.370000e+01 2.595082e+01
      vertex   -2.365188e+01 4.370000e+01 2.293305e+01
      vertex   -2.404918e+01 4.370000e+01 2.241528e+01
    endloop
  endfacet
  facet normal 0.000000e+00 -1.000000e+00 0.000000e+00
    outer loop
      vertex   -2.584715e+00 4.370000e+01 2.595082e+01
      vertex   -2.404918e+01 4.370000e+01 2.241528e+01
      vertex   -5.095082e+01 4.370000e+01 -2.241528e+01
    endloop
  endfacet
  facet normal -0.000000e+00 -1.000000e+00 0.000000e+00
    outer loop
      vertex   -5.095082e+01 4.370000e+01 -2.241528e+01
      vertex   -2.404918e+01 4.370000e+01 2.241528e+01
      vertex   -7.241528e+01 4.370000e+01 -2.595082e+01
    endloop
  endfacet
  facet normal 0.000000e+00 -1.000000e+00 0.000000e+00
    outer loop
      vertex   -5.095082e+01 4.370000e+01 -2.241528e+01
      vertex   -7.241528e+01 4.370000e+01 -2.595082e+01
      vertex   -5.134812e+01 4.370000e+01 -2.293305e+01
    endloop
  endfacet
  facet normal 0.000000e+00 -1.000000e+00 0.000000e+00
    outer loop
      vertex   -5.134812e+01 4.370000e+01 -2.293305e+01
      vertex   -7.241528e+01 4.370000e+01 -2.595082e+01
      vertex   -5.159787e+01 4.370000e+01 -2.353600e+01
    endloop
  endfacet
  facet normal 0.000000e+00 -1.000000e+00 0.000000e+00
    outer loop
      vertex   -5.159787e+01 4.370000e+01 -2.353600e+01
      vertex   -7.241528e+01 4.370000e+01 -2.595082e+01
      vertex   -5.168305e+01 4.370000e+01 -2.418305e+01
    endloop
  endfacet
  facet normal 0.000000e+00 -1.000000e+00 -0.000000e+00
    outer loop
      vertex   -5.168305e+01 4.370000e+01 -2.418305e+01
      vertex   -7.241528e+01 4.370000e+01 -2.595082e+01
      vertex   -5.159787e+01 4.370000e+01 -2.483010e+01
    endloop
  endfacet
  facet normal 0.000000e+00 -1.000000e+00 -0.000000e+00
    outer loop
      vertex   -5.159787e+01 4.370000e+01 -2.483010e+01
      vertex   -7.241528e+01 4.370000e+01 -2.595082e+01
      vertex   -5.134812e+01 4.370000e+01 -2.543305e+01
    endloop
  endfacet
  facet normal 0.000000e+00 -1.000000e+00 -0.000000e+00
    outer loop
      vertex   -5.134812e+01 4.370000e+01 -2.543305e+01
      vertex   -7.241528e+01 4.370000e+01 -2.595082e+01
      vertex   -5.095082e+01 4.370000e+01 -2.595082e+01
    endloop
  endfacet
  facet normal -0.000000e+00 -1.000000e+00 -0.000000e+00
    outer loop
      vertex   -5.095082e+01 4.370000e+01 -2.595082e+01
      vertex   -7.241528e+01 4.370000e+01 -2.595082e+01
      vertex   -5.043305e+01 4.370000e+01 -2.634812e+01
    endloop
  endfacet
  facet normal 0.000000e+00 -1.000000e+00 0.000000e+00
    outer loop
      vertex   -5.043305e+01 4.370000e+01 -2.634812e+01
      vertex   -7.241528e+01 4.370000e+01 -2.595082e+01
      vertex   -7.293305e+01 4.370000e+01 -2.634812e+01
    endloop
  endfacet
  facet normal -0.000000e+00 -1.000000e+00 0.000000e+00
    outer loop
      vertex   -5.043305e+01 4.370000e+01 -2.634812e+01
      vertex   -7.293305e+01 4.370000e+01 -2.634812e+01
      vertex   -7.500000e+01 4.370000e+01 -3.184101e+01
    endloop
  endfacet
  facet normal 0.000000e+00 -1.000000e+00 0.000000e+00
    outer loop
      vertex   -7.500000e+01 4.370000e+01 -3.184101e+01
      vertex   -7.293305e+01 4.370000e+01 -2.634812e+01
      vertex   -7.353600e+01 4.370000e+01 -2.659787e+01
    endloop
  endfacet
  facet normal 0.000000e+00 -1.000000e+00 0.000000e+00
    outer loop
      vertex   -7.500000e+01 4.370000e+01 -3.184101e+01
      vertex   -7.353600e+01 4.370000e+01 -2.659787e+01
      vertex   -7.418305e+01 4.370000e+01 -2.668305e+01
    endloop
  endfacet
  facet normal 0.000000e+00 -1.000000e+00 -0.000000e+00
    outer loop
      vertex   -7.483010e+01 4.370000e+01 -2.659787e+01
      vertex   -8.024052e+01 4.370000e+01 -2.939732e+01
      vertex   -7.418305e+01 4.370000e+01 -2.668305e+01
    endloop
  endfacet
  facet normal 0.000000e+00 -1.000000e+00 0.000000e+00
    outer loop
      vertex   -7.418305e+01 4.370000e+01 -2.668305e+01
      vertex   -8.024052e+01 4.370000e+01 -2.939732e+01
      vertex   -7.939732e+01 4.370000e+01 -3.024052e+01
    endloop
  endfacet
  facet normal 0.000000e+00 -1.000000e+00 0.000000e+00
    outer loop
      vertex   -7.418305e+01 4.370000e+01 -2.668305e+01
      vertex   -7.939732e+01 4.370000e+01 -3.024052e+01
      vertex   -7.842051e+01 4.370000e+01 -3.092449e+01
    endloop
  endfacet
  facet normal 0.000000e+00 -1.000000e+00 -0.000000e+00
    outer loop
      vertex   -7.543305e+01 4.370000e+01 -2.634812e+01
      vertex   -8.142845e+01 4.370000e+01 -2.733976e+01
      vertex   -7.483010e+01 4.370000e+01 -2.659787e+01
    endloop
  endfacet
  facet normal 0.000000e+00 -1.000000e+00 0.000000e+00
    outer loop
      vertex   -7.483010e+01 4.370000e+01 -2.659787e+01
      vertex   -8.142845e+01 4.370000e+01 -2.733976e+01
      vertex   -8.092449e+01 4.370000e+01 -2.842051e+01
    endloop
  endfacet
  facet normal 0.000000e+00 -1.000000e+00 0.000000e+00
    outer loop
      vertex   -7.483010e+01 4.370000e+01 -2.659787e+01
      vertex   -8.092449e+01 4.370000e+01 -2.842051e+01
      vertex   -8.024052e+01 4.370000e+01 -2.939732e+01
    endloop
  endfacet
  facet normal -0.000000e+00 -1.000000e+00 0.000000e+00
    outer loop
      vertex   -7.543305e+01 4.370000e+01 -2.634812e+01
      vertex   -7.595082e+01 4.370000e+01 -2.595082e+01
      vertex   -8.142845e+01 4.370000e+01 -2.733976e+01
    endloop
  endfacet
  facet normal 0.000000e+00 -1.000000e+00 0.000000e+00
    outer loop
      vertex   -8.142845e+01 4.370000e+01 -2.733976e+01
      vertex   -7.595082e+01 4.370000e+01 -2.595082e+01
      vertex   -8.173708e+01 4.370000e+01 -2.618793e+01
    endloop
  endfacet
  facet normal 0.000000e+00 -1.000000e+00 0.000000e+00
    outer loop
      vertex   -8.173708e+01 4.370000e+01 -2.618793e+01
      vertex   -7.595082e+01 4.370000e+01 -2.595082e+01
      vertex   -7.634812e+01 4.370000e+01 -2.543305e+01
    endloop
  endfacet
  facet normal 0.000000e+00 -1.000000e+00 0.000000e+00
    outer loop
      vertex   -8.173708e+01 4.370000e+01 -2.618793e+01
      vertex   -7.634812e+01 4.370000e+01 -2.543305e+01
      vertex   -8.184101e+01 4.370000e+01 -2.500000e+01
    endloop
  endfacet
  facet normal 0.000000e+00 -1.000000e+00 0.000000e+00
    outer loop
      vertex   -8.184101e+01 4.370000e+01 -2.500000e+01
      vertex   -7.634812e+01 4.370000e+01 -2.543305e+01
      vertex   -7.659787e+01 4.370000e+01 -2.483010e+01
    endloop
  endfacet
  facet normal 0.000000e+00 -1.000000e+00 0.000000e+00
    outer loop
      vertex   -8.184101e+01 4.370000e+01 -2.500000e+01
      vertex   -7.659787e+01 4.370000e+01 -2.483010e+01
      vertex   -7.668305e+01 4.370000e+01 -2.418305e+01
    endloop
  endfacet
  facet normal -0.000000e+00 -1.000000e+00 0.000000e+00
    outer loop
      vertex   -7.668305e+01 4.370000e+01 -2.418305e+01
      vertex   -7.659787e+01 4.370000e+01 -2.353600e+01
      vertex   -8.184101e+01 4.370000e+01 -2.500000e+01
    endloop
  endfacet
  facet normal 0.000000e+00 -1.000000e+00 0.000000e+00
    outer loop
      vertex   -8.184101e+01 4.370000e+01 -2.500000e+01
      vertex   -7.659787e+01 4.370000e+01 -2.353600e+01
      vertex   -7.634812e+01 4.370000e+01 -2.293305e+01
    endloop
  endfacet
  facet normal 0.000000e+00 -1.000000e+00 0.000000e+00
    outer loop
      vertex   -8.184101e+01 4.370000e+01 -2.500000e+01
      vertex   -7.634812e+01 4.370000e+01 -2.293305e+01
      vertex   -7.595082e+01 4.370000e+01 -2.241528e+01
    endloop
  endfacet
  facet normal 0.000000e+00 -1.000000e+00 0.000000e+00
    outer loop
      vertex   -1.699005e-01 4.370000e+01 2.659787e+01
      vertex   2.353600e+01 4.370000e+01 2.659787e+01
      vertex   -8.169481e-01 4.370000e+01 2.668305e+01
    endloop
  endfacet
  facet normal 0.000000e+00 -1.000000e+00 0.000000e+00
    outer loop
      vertex   -8.169481e-01 4.370000e+01 2.668305e+01
      vertex   2.353600e+01 4.370000e+01 2.659787e+01
      vertex   2.418305e+01 4.370000e+01 2.668305e+01
    endloop
  endfacet
  facet normal 0.000000e+00 -1.000000e+00 0.000000e+00
    outer loop
      vertex   -8.169481e-01 4.370000e+01 2.668305e+01
      vertex   2.418305e+01 4.370000e+01 2.668305e+01
      vertex   7.500000e+01 4.370000e+01 3.184101e+01
    endloop
  endfacet
  facet normal 0.000000e+00 -1.000000e+00 0.000000e+00
    outer loop
      vertex   7.500000e+01 4.370000e+01 3.184101e+01
      vertex   2.418305e+01 4.370000e+01 2.668305e+01
      vertex   4.918305e+01 4.370000e+01 2.668305e+01
    endloop
  endfacet
  facet normal 0.000000e+00 -1.000000e+00 0.000000e+00
    outer loop
      vertex   7.500000e+01 4.370000e+01 3.184101e+01
      vertex   4.918305e+01 4.370000e+01 2.668305e+01
      vertex   4.983010e+01 4.370000e+01 2.659787e+01
    endloop
  endfacet
  facet normal -0.000000e+00 -1.000000e+00 0.000000e+00
    outer loop
      vertex   2.353600e+01 4.370000e+01 2.659787e+01
      vertex   -1.699005e-01 4.370000e+01 2.659787e+01
      vertex   2.293305e+01 4.370000e+01 2.634812e+01
    endloop
  endfacet
  facet normal -0.000000e+00 -1.000000e+00 0.000000e+00
    outer loop
      vertex   2.293305e+01 4.370000e+01 2.634812e+01
      vertex   -1.699005e-01 4.370000e+01 2.659787e+01
      vertex   4.330519e-01 4.370000e+01 2.634812e+01
    endloop
  endfacet
  facet normal 0.000000e+00 -1.000000e+00 0.000000e+00
    outer loop
      vertex   2.293305e+01 4.370000e+01 2.634812e+01
      vertex   4.330519e-01 4.370000e+01 2.634812e+01
      vertex   2.241528e+01 4.370000e+01 2.595082e+01
    endloop
  endfacet
  facet normal -0.000000e+00 -1.000000e+00 0.000000e+00
    outer loop
      vertex   2.241528e+01 4.370000e+01 2.595082e+01
      vertex   4.330519e-01 4.370000e+01 2.634812e+01
      vertex   9.508189e-01 4.370000e+01 2.595082e+01
    endloop
  endfacet
  facet normal 0.000000e+00 -1.000000e+00 0.000000e+00
    outer loop
      vertex   2.241528e+01 4.370000e+01 2.595082e+01
      vertex   9.508189e-01 4.370000e+01 2.595082e+01
      vertex   1.348115e+00 4.370000e+01 2.543305e+01
    endloop
  endfacet
  facet normal 0.000000e+00 -1.000000e+00 0.000000e+00
    outer loop
      vertex   1.348115e+00 4.370000e+01 2.543305e+01
      vertex   1.597866e+00 4.370000e+01 2.483010e+01
      vertex   2.241528e+01 4.370000e+01 2.595082e+01
    endloop
  endfacet
  facet normal 0.000000e+00 -1.000000e+00 0.000000e+00
    outer loop
      vertex   2.241528e+01 4.370000e+01 2.595082e+01
      vertex   1.597866e+00 4.370000e+01 2.483010e+01
      vertex   1.683052e+00 4.370000e+01 2.418305e+01
    endloop
  endfacet
  facet normal 0.000000e+00 -1.000000e+00 0.000000e+00
    outer loop
      vertex   2.241528e+01 4.370000e+01 2.595082e+01
      vertex   1.683052e+00 4.370000e+01 2.418305e+01
      vertex   1.597866e+00 4.370000e+01 2.353600e+01
    endloop
  endfacet
  facet normal 0.000000e+00 -1.000000e+00 -0.000000e+00
    outer loop
      vertex   1.597866e+00 4.370000e+01 2.353600e+01
      vertex   1.348115e+00 4.370000e+01 2.293305e+01
      vertex   2.241528e+01 4.370000e+01 2.595082e+01
    endloop
  endfacet
  facet normal 0.000000e+00 -1.000000e+00 0.000000e+00
    outer loop
      vertex   2.241528e+01 4.370000e+01 2.595082e+01
      vertex   1.348115e+00 4.370000e+01 2.293305e+01
      vertex   9.508189e-01 4.370000e+01 2.241528e+01
    endloop
  endfacet
  facet normal 0.000000e+00 -1.000000e+00 0.000000e+00
    outer loop
      vertex   2.241528e+01 4.370000e+01 2.595082e+01
      vertex   9.508189e-01 4.370000e+01 2.241528e+01
      vertex   -2.595082e+01 4.370000e+01 -2.241528e+01
    endloop
  endfacet
  facet normal -0.000000e+00 -1.000000e+00 0.000000e+00
    outer loop
      vertex   -2.595082e+01 4.370000e+01 -2.241528e+01
      vertex   9.508189e-01 4.370000e+01 2.241528e+01
      vertex   -4.741528e+01 4.370000e+01 -2.595082e+01
    endloop
  endfacet
  facet normal 0.000000e+00 -1.000000e+00 0.000000e+00
    outer loop
      vertex   -2.595082e+01 4.370000e+01 -2.241528e+01
      vertex   -4.741528e+01 4.370000e+01 -2.595082e+01
      vertex   -2.634812e+01 4.370000e+01 -2.293305e+01
    endloop
  endfacet
  facet normal 0.000000e+00 -1.000000e+00 0.000000e+00
    outer loop
      vertex   -2.634812e+01 4.370000e+01 -2.293305e+01
      vertex   -4.741528e+01 4.370000e+01 -2.595082e+01
      vertex   -2.659787e+01 4.370000e+01 -2.353600e+01
    endloop
  endfacet
  facet normal 0.000000e+00 -1.000000e+00 0.000000e+00
    outer loop
      vertex   -2.659787e+01 4.370000e+01 -2.353600e+01
      vertex   -4.741528e+01 4.370000e+01 -2.595082e+01
      vertex   -2.668305e+01 4.370000e+01 -2.418305e+01
    endloop
  endfacet
  facet normal 0.000000e+00 -1.000000e+00 -0.000000e+00
    outer loop
      vertex   -2.668305e+01 4.370000e+01 -2.418305e+01
      vertex   -4.741528e+01 4.370000e+01 -2.595082e+01
      vertex   -2.659787e+01 4.370000e+01 -2.483010e+01
    endloop
  endfacet
  facet normal 0.000000e+00 -1.000000e+00 -0.000000e+00
    outer loop
      vertex   -2.659787e+01 4.370000e+01 -2.483010e+01
      vertex   -4.741528e+01 4.370000e+01 -2.595082e+01
      vertex   -2.634812e+01 4.370000e+01 -2.543305e+01
    endloop
  endfacet
  facet normal 0.000000e+00 -1.000000e+00 -0.000000e+00
    outer loop
      vertex   -2.634812e+01 4.370000e+01 -2.543305e+01
      vertex   -4.741528e+01 4.370000e+01 -2.595082e+01
      vertex   -2.595082e+01 4.370000e+01 -2.595082e+01
    endloop
  endfacet
  facet normal 0.000000e+00 -1.000000e+00 0.000000e+00
    outer loop
      vertex   -2.595082e+01 4.370000e+01 -2.595082e+01
      vertex   -4.741528e+01 4.370000e+01 -2.595082e+01
      vertex   -4.793305e+01 4.370000e+01 -2.634812e+01
    endloop
  endfacet
  facet normal 0.000000e+00 -1.000000e+00 -0.000000e+00
    outer loop
      vertex   -2.595082e+01 4.370000e+01 -2.595082e+01
      vertex   -4.793305e+01 4.370000e+01 -2.634812e+01
      vertex   -2.543305e+01 4.370000e+01 -2.634812e+01
    endloop
  endfacet
  facet normal -0.000000e+00 -1.000000e+00 0.000000e+00
    outer loop
      vertex   -2.543305e+01 4.370000e+01 -2.634812e+01
      vertex   -4.793305e+01 4.370000e+01 -2.634812e+01
      vertex   -4.853600e+01 4.370000e+01 -2.659787e+01
    endloop
  endfacet
  facet normal 0.000000e+00 -1.000000e+00 -0.000000e+00
    outer loop
      vertex   -2.543305e+01 4.370000e+01 -2.634812e+01
      vertex   -4.853600e+01 4.370000e+01 -2.659787e+01
      vertex   -2.483010e+01 4.370000e+01 -2.659787e+01
    endloop
  endfacet
  facet normal -0.000000e+00 -1.000000e+00 -0.000000e+00
    outer loop
      vertex   -2.483010e+01 4.370000e+01 -2.659787e+01
      vertex   -4.853600e+01 4.370000e+01 -2.659787e+01
      vertex   -2.418305e+01 4.370000e+01 -2.668305e+01
    endloop
  endfacet
  facet normal 0.000000e+00 -1.000000e+00 0.000000e+00
    outer loop
      vertex   -2.418305e+01 4.370000e+01 -2.668305e+01
      vertex   -4.853600e+01 4.370000e+01 -2.659787e+01
      vertex   -4.918305e+01 4.370000e+01 -2.668305e+01
    endloop
  endfacet
  facet normal -0.000000e+00 -1.000000e+00 0.000000e+00
    outer loop
      vertex   -2.418305e+01 4.370000e+01 -2.668305e+01
      vertex   -4.918305e+01 4.370000e+01 -2.668305e+01
      vertex   -7.500000e+01 4.370000e+01 -3.184101e+01
    endloop
  endfacet
  facet normal 0.000000e+00 -1.000000e+00 0.000000e+00
    outer loop
      vertex   -7.500000e+01 4.370000e+01 -3.184101e+01
      vertex   -4.918305e+01 4.370000e+01 -2.668305e+01
      vertex   -4.983010e+01 4.370000e+01 -2.659787e+01
    endloop
  endfacet
  facet normal 0.000000e+00 -1.000000e+00 0.000000e+00
    outer loop
      vertex   -7.500000e+01 4.370000e+01 -3.184101e+01
      vertex   -4.983010e+01 4.370000e+01 -2.659787e+01
      vertex   -5.043305e+01 4.370000e+01 -2.634812e+01
    endloop
  endfacet
  facet normal -0.000000e+00 -1.000000e+00 0.000000e+00
    outer loop
      vertex   4.918305e+01 4.370000e+01 2.668305e+01
      vertex   2.418305e+01 4.370000e+01 2.668305e+01
      vertex   4.853600e+01 4.370000e+01 2.659787e+01
    endloop
  endfacet
  facet normal 0.000000e+00 -1.000000e+00 0.000000e+00
    outer loop
      vertex   4.853600e+01 4.370000e+01 2.659787e+01
      vertex   2.418305e+01 4.370000e+01 2.668305e+01
      vertex   2.483010e+01 4.370000e+01 2.659787e+01
    endloop
  endfacet
  facet normal -0.000000e+00 -1.000000e+00 0.000000e+00
    outer loop
      vertex   4.853600e+01 4.370000e+01 2.659787e+01
      vertex   2.483010e+01 4.370000e+01 2.659787e+01
      vertex   4.793305e+01 4.370000e+01 2.634812e+01
    endloop
  endfacet
  facet normal -0.000000e+00 -1.000000e+00 0.000000e+00
    outer loop
      vertex   4.793305e+01 4.370000e+01 2.634812e+01
      vertex   2.483010e+01 4.370000e+01 2.659787e+01
      vertex   2.543305e+01 4.370000e+01 2.634812e+01
    endloop
  endfacet
  facet normal 0.000000e+00 -1.000000e+00 0.000000e+00
    outer loop
      vertex   4.793305e+01 4.370000e+01 2.634812e+01
      vertex   2.543305e+01 4.370000e+01 2.634812e+01
      vertex   4.741528e+01 4.370000e+01 2.595082e+01
    endloop
  endfacet
  facet normal -0.000000e+00 -1.000000e+00 0.000000e+00
    outer loop
      vertex   4.741528e+01 4.370000e+01 2.595082e+01
      vertex   2.543305e+01 4.370000e+01 2.634812e+01
      vertex   2.595082e+01 4.370000e+01 2.595082e+01
    endloop
  endfacet
  facet normal 0.000000e+00 -1.000000e+00 0.000000e+00
    outer loop
      vertex   4.741528e+01 4.370000e+01 2.595082e+01
      vertex   2.595082e+01 4.370000e+01 2.595082e+01
      vertex   2.634812e+01 4.370000e+01 2.543305e+01
    endloop
  endfacet
  facet normal 0.000000e+00 -1.000000e+00 0.000000e+00
    outer loop
      vertex   2.634812e+01 4.370000e+01 2.543305e+01
      vertex   2.659787e+01 4.370000e+01 2.483010e+01
      vertex   4.741528e+01 4.370000e+01 2.595082e+01
    endloop
  endfacet
  facet normal 0.000000e+00 -1.000000e+00 0.000000e+00
    outer loop
      vertex   4.741528e+01 4.370000e+01 2.595082e+01
      vertex   2.659787e+01 4.370000e+01 2.483010e+01
      vertex   2.668305e+01 4.370000e+01 2.418305e+01
    endloop
  endfacet
  facet normal 0.000000e+00 -1.000000e+00 0.000000e+00
    outer loop
      vertex   4.741528e+01 4.370000e+01 2.595082e+01
      vertex   2.668305e+01 4.370000e+01 2.418305e+01
      vertex   2.659787e+01 4.370000e+01 2.353600e+01
    endloop
  endfacet
  facet normal 0.000000e+00 -1.000000e+00 -0.000000e+00
    outer loop
      vertex   2.659787e+01 4.370000e+01 2.353600e+01
      vertex   2.634812e+01 4.370000e+01 2.293305e+01
      vertex   4.741528e+01 4.370000e+01 2.595082e+01
    endloop
  endfacet
  facet normal 0.000000e+00 -1.000000e+00 0.000000e+00
    outer loop
      vertex   4.741528e+01 4.370000e+01 2.595082e+01
      vertex   2.634812e+01 4.370000e+01 2.293305e+01
      vertex   2.595082e+01 4.370000e+01 2.241528e+01
    endloop
  endfacet
  facet normal 0.000000e+00 -1.000000e+00 0.000000e+00
    outer loop
      vertex   4.741528e+01 4.370000e+01 2.595082e+01
      vertex   2.595082e+01 4.370000e+01 2.241528e+01
      vertex   -9.508189e-01 4.370000e+01 -2.241528e+01
    endloop
  endfacet
  facet normal -0.000000e+00 -1.000000e+00 0.000000e+00
    outer loop
      vertex   -9.508189e-01 4.370000e+01 -2.241528e+01
      vertex   2.595082e+01 4.370000e+01 2.241528e+01
      vertex   -2.241528e+01 4.370000e+01 -2.595082e+01
    endloop
  endfacet
  facet normal 0.000000e+00 -1.000000e+00 0.000000e+00
    outer loop
      vertex   -9.508189e-01 4.370000e+01 -2.241528e+01
      vertex   -2.241528e+01 4.370000e+01 -2.595082e+01
      vertex   -1.348115e+00 4.370000e+01 -2.293305e+01
    endloop
  endfacet
  facet normal 0.000000e+00 -1.000000e+00 0.000000e+00
    outer loop
      vertex   -1.348115e+00 4.370000e+01 -2.293305e+01
      vertex   -2.241528e+01 4.370000e+01 -2.595082e+01
      vertex   -1.597866e+00 4.370000e+01 -2.353600e+01
    endloop
  endfacet
  facet normal 0.000000e+00 -1.000000e+00 0.000000e+00
    outer loop
      vertex   -1.597866e+00 4.370000e+01 -2.353600e+01
      vertex   -2.241528e+01 4.370000e+01 -2.595082e+01
      vertex   -1.683052e+00 4.370000e+01 -2.418305e+01
    endloop
  endfacet
  facet normal 0.000000e+00 -1.000000e+00 -0.000000e+00
    outer loop
      vertex   -1.683052e+00 4.370000e+01 -2.418305e+01
      vertex   -2.241528e+01 4.370000e+01 -2.595082e+01
      vertex   -1.597866e+00 4.370000e+01 -2.483010e+01
    endloop
  endfacet
  facet normal 0.000000e+00 -1.000000e+00 -0.000000e+00
    outer loop
      vertex   -1.597866e+00 4.370000e+01 -2.483010e+01
      vertex   -2.241528e+01 4.370000e+01 -2.595082e+01
      vertex   -1.348115e+00 4.370000e+01 -2.543305e+01
    endloop
  endfacet
  facet normal 0.000000e+00 -1.000000e+00 -0.000000e+00
    outer loop
      vertex   -1.348115e+00 4.370000e+01 -2.543305e+01
      vertex   -2.241528e+01 4.370000e+01 -2.595082e+01
      vertex   -9.508189e-01 4.370000e+01 -2.595082e+01
    endloop
  endfacet
  facet normal 0.000000e+00 -1.000000e+00 0.000000e+00
    outer loop
      vertex   -9.508189e-01 4.370000e+01 -2.595082e+01
      vertex   -2.241528e+01 4.370000e+01 -2.595082e+01
      vertex   -2.293305e+01 4.370000e+01 -2.634812e+01
    endloop
  endfacet
  facet normal 0.000000e+00 -1.000000e+00 -0.000000e+00
    outer loop
      vertex   -9.508189e-01 4.370000e+01 -2.595082e+01
      vertex   -2.293305e+01 4.370000e+01 -2.634812e+01
      vertex   -4.330519e-01 4.370000e+01 -2.634812e+01
    endloop
  endfacet
  facet normal 0.000000e+00 -1.000000e+00 0.000000e+00
    outer loop
      vertex   -4.330519e-01 4.370000e+01 -2.634812e+01
      vertex   -2.293305e+01 4.370000e+01 -2.634812e+01
      vertex   -2.353600e+01 4.370000e+01 -2.659787e+01
    endloop
  endfacet
  facet normal 0.000000e+00 -1.000000e+00 -0.000000e+00
    outer loop
      vertex   -4.330519e-01 4.370000e+01 -2.634812e+01
      vertex   -2.353600e+01 4.370000e+01 -2.659787e+01
      vertex   1.699005e-01 4.370000e+01 -2.659787e+01
    endloop
  endfacet
  facet normal -0.000000e+00 -1.000000e+00 0.000000e+00
    outer loop
      vertex   1.699005e-01 4.370000e+01 -2.659787e+01
      vertex   -2.353600e+01 4.370000e+01 -2.659787e+01
      vertex   -2.418305e+01 4.370000e+01 -2.668305e+01
    endloop
  endfacet
  facet normal 0.000000e+00 -1.000000e+00 -0.000000e+00
    outer loop
      vertex   1.699005e-01 4.370000e+01 -2.659787e+01
      vertex   -2.418305e+01 4.370000e+01 -2.668305e+01
      vertex   8.169481e-01 4.370000e+01 -2.668305e+01
    endloop
  endfacet
  facet normal -0.000000e+00 -1.000000e+00 0.000000e+00
    outer loop
      vertex   8.169481e-01 4.370000e+01 -2.668305e+01
      vertex   -2.418305e+01 4.370000e+01 -2.668305e+01
      vertex   -7.500000e+01 4.370000e+01 -3.184101e+01
    endloop
  endfacet
  facet normal 0.000000e+00 -1.000000e+00 -0.000000e+00
    outer loop
      vertex   8.169481e-01 4.370000e+01 -2.668305e+01
      vertex   -7.500000e+01 4.370000e+01 -3.184101e+01
      vertex   7.500000e+01 4.370000e+01 -3.184101e+01
    endloop
  endfacet
  facet normal 0.000000e+00 -1.000000e+00 0.000000e+00
    outer loop
      vertex   4.983010e+01 4.370000e+01 2.659787e+01
      vertex   5.043305e+01 4.370000e+01 2.634812e+01
      vertex   7.500000e+01 4.370000e+01 3.184101e+01
    endloop
  endfacet
  facet normal 0.000000e+00 -1.000000e+00 0.000000e+00
    outer loop
      vertex   7.500000e+01 4.370000e+01 3.184101e+01
      vertex   5.043305e+01 4.370000e+01 2.634812e+01
      vertex   7.293305e+01 4.370000e+01 2.634812e+01
    endloop
  endfacet
  facet normal 0.000000e+00 -1.000000e+00 0.000000e+00
    outer loop
      vertex   7.500000e+01 4.370000e+01 3.184101e+01
      vertex   7.293305e+01 4.370000e+01 2.634812e+01
      vertex   7.353600e+01 4.370000e+01 2.659787e+01
    endloop
  endfacet
  facet normal -0.000000e+00 -1.000000e+00 0.000000e+00
    outer loop
      vertex   7.293305e+01 4.370000e+01 2.634812e+01
      vertex   5.043305e+01 4.370000e+01 2.634812e+01
      vertex   7.241528e+01 4.370000e+01 2.595082e+01
    endloop
  endfacet
  facet normal 0.000000e+00 -1.000000e+00 0.000000e+00
    outer loop
      vertex   7.241528e+01 4.370000e+01 2.595082e+01
      vertex   5.043305e+01 4.370000e+01 2.634812e+01
      vertex   5.095082e+01 4.370000e+01 2.595082e+01
    endloop
  endfacet
  facet normal -0.000000e+00 -1.000000e+00 0.000000e+00
    outer loop
      vertex   7.241528e+01 4.370000e+01 2.595082e+01
      vertex   5.095082e+01 4.370000e+01 2.595082e+01
      vertex   5.134812e+01 4.370000e+01 2.543305e+01
    endloop
  endfacet
  facet normal 0.000000e+00 -1.000000e+00 0.000000e+00
    outer loop
      vertex   5.134812e+01 4.370000e+01 2.543305e+01
      vertex   5.159787e+01 4.370000e+01 2.483010e+01
      vertex   7.241528e+01 4.370000e+01 2.595082e+01
    endloop
  endfacet
  facet normal 0.000000e+00 -1.000000e+00 0.000000e+00
    outer loop
      vertex   7.241528e+01 4.370000e+01 2.595082e+01
      vertex   5.159787e+01 4.370000e+01 2.483010e+01
      vertex   5.168305e+01 4.370000e+01 2.418305e+01
    endloop
  endfacet
  facet normal 0.000000e+00 -1.000000e+00 0.000000e+00
    outer loop
      vertex   7.241528e+01 4.370000e+01 2.595082e+01
      vertex   5.168305e+01 4.370000e+01 2.418305e+01
      vertex   5.159787e+01 4.370000e+01 2.353600e+01
    endloop
  endfacet
  facet normal 0.000000e+00 -1.000000e+00 -0.000000e+00
    outer loop
      vertex   5.159787e+01 4.370000e+01 2.353600e+01
      vertex   5.134812e+01 4.370000e+01 2.293305e+01
      vertex   7.241528e+01 4.370000e+01 2.595082e+01
    endloop
  endfacet
  facet normal 0.000000e+00 -1.000000e+00 0.000000e+00
    outer loop
      vertex   7.241528e+01 4.370000e+01 2.595082e+01
      vertex   5.134812e+01 4.370000e+01 2.293305e+01
      vertex   5.095082e+01 4.370000e+01 2.241528e+01
    endloop
  endfacet
  facet normal 0.000000e+00 -1.000000e+00 0.000000e+00
    outer loop
      vertex   7.241528e+01 4.370000e+01 2.595082e+01
      vertex   5.095082e+01 4.370000e+01 2.241528e+01
      vertex   2.404918e+01 4.370000e+01 -2.241528e+01
    endloop
  endfacet
  facet normal -0.000000e+00 -1.000000e+00 0.000000e+00
    outer loop
      vertex   2.404918e+01 4.370000e+01 -2.241528e+01
      vertex   5.095082e+01 4.370000e+01 2.241528e+01
      vertex   2.584715e+00 4.370000e+01 -2.595082e+01
    endloop
  endfacet
  facet normal 0.000000e+00 -1.000000e+00 0.000000e+00
    outer loop
      vertex   2.404918e+01 4.370000e+01 -2.241528e+01
      vertex   2.584715e+00 4.370000e+01 -2.595082e+01
      vertex   2.365188e+01 4.370000e+01 -2.293305e+01
    endloop
  endfacet
  facet normal 0.000000e+00 -1.000000e+00 0.000000e+00
    outer loop
      vertex   2.365188e+01 4.370000e+01 -2.293305e+01
      vertex   2.584715e+00 4.370000e+01 -2.595082e+01
      vertex   2.340213e+01 4.370000e+01 -2.353600e+01
    endloop
  endfacet
  facet normal 0.000000e+00 -1.000000e+00 0.000000e+00
    outer loop
      vertex   2.340213e+01 4.370000e+01 -2.353600e+01
      vertex   2.584715e+00 4.370000e+01 -2.595082e+01
      vertex   2.331695e+01 4.370000e+01 -2.418305e+01
    endloop
  endfacet
  facet normal 0.000000e+00 -1.000000e+00 -0.000000e+00
    outer loop
      vertex   2.331695e+01 4.370000e+01 -2.418305e+01
      vertex   2.584715e+00 4.370000e+01 -2.595082e+01
      vertex   2.340213e+01 4.370000e+01 -2.483010e+01
    endloop
  endfacet
  facet normal 0.000000e+00 -1.000000e+00 0.000000e+00
    outer loop
      vertex   7.353600e+01 4.370000e+01 2.659787e+01
      vertex   7.418305e+01 4.370000e+01 2.668305e+01
      vertex   7.500000e+01 4.370000e+01 3.184101e+01
    endloop
  endfacet
  facet normal 0.000000e+00 -1.000000e+00 -0.000000e+00
    outer loop
      vertex   7.500000e+01 4.370000e+01 3.184101e+01
      vertex   7.418305e+01 4.370000e+01 2.668305e+01
      vertex   7.842051e+01 4.370000e+01 3.092449e+01
    endloop
  endfacet
  facet normal 0.000000e+00 -1.000000e+00 0.000000e+00
    outer loop
      vertex   7.500000e+01 4.370000e+01 3.184101e+01
      vertex   7.842051e+01 4.370000e+01 3.092449e+01
      vertex   7.733976e+01 4.370000e+01 3.142845e+01
    endloop
  endfacet
  facet normal 0.000000e+00 -1.000000e+00 0.000000e+00
    outer loop
      vertex   7.483010e+01 4.370000e+01 2.659787e+01
      vertex   8.024052e+01 4.370000e+01 2.939732e+01
      vertex   7.418305e+01 4.370000e+01 2.668305e+01
    endloop
  endfacet
  facet normal 0.000000e+00 -1.000000e+00 0.000000e+00
    outer loop
      vertex   7.418305e+01 4.370000e+01 2.668305e+01
      vertex   8.024052e+01 4.370000e+01 2.939732e+01
      vertex   7.939732e+01 4.370000e+01 3.024052e+01
    endloop
  endfacet
  facet normal 0.000000e+00 -1.000000e+00 0.000000e+00
    outer loop
      vertex   7.418305e+01 4.370000e+01 2.668305e+01
      vertex   7.939732e+01 4.370000e+01 3.024052e+01
      vertex   7.842051e+01 4.370000e+01 3.092449e+01
    endloop
  endfacet
  facet normal 0.000000e+00 -1.000000e+00 0.000000e+00
    outer loop
      vertex   7.543305e+01 4.370000e+01 2.634812e+01
      vertex   8.142845e+01 4.370000e+01 2.733976e+01
      vertex   7.483010e+01 4.370000e+01 2.659787e+01
    endloop
  endfacet
  facet normal 0.000000e+00 -1.000000e+00 0.000000e+00
    outer loop
      vertex   7.483010e+01 4.370000e+01 2.659787e+01
      vertex   8.142845e+01 4.370000e+01 2.733976e+01
      vertex   8.092449e+01 4.370000e+01 2.842051e+01
    endloop
  endfacet
  facet normal 0.000000e+00 -1.000000e+00 0.000000e+00
    outer loop
      vertex   7.483010e+01 4.370000e+01 2.659787e+01
      vertex   8.092449e+01 4.370000e+01 2.842051e+01
      vertex   8.024052e+01 4.370000e+01 2.939732e+01
    endloop
  endfacet
  facet normal 0.000000e+00 -1.000000e+00 0.000000e+00
    outer loop
      vertex   7.543305e+01 4.370000e+01 2.634812e+01
      vertex   7.595082e+01 4.370000e+01 2.595082e+01
      vertex   8.142845e+01 4.370000e+01 2.733976e+01
    endloop
  endfacet
  facet normal 0.000000e+00 -1.000000e+00 -0.000000e+00
    outer loop
      vertex   8.142845e+01 4.370000e+01 2.733976e+01
      vertex   7.595082e+01 4.370000e+01 2.595082e+01
      vertex   8.173708e+01 4.370000e+01 2.618793e+01
    endloop
  endfacet
  facet normal 0.000000e+00 -1.000000e+00 0.000000e+00
    outer loop
      vertex   8.173708e+01 4.370000e+01 2.618793e+01
      vertex   7.595082e+01 4.370000e+01 2.595082e+01
      vertex   7.634812e+01 4.370000e+01 2.543305e+01
    endloop
  endfacet
  facet normal 0.000000e+00 -1.000000e+00 -0.000000e+00
    outer loop
      vertex   8.173708e+01 4.370000e+01 2.618793e+01
      vertex   7.634812e+01 4.370000e+01 2.543305e+01
      vertex   8.184101e+01 4.370000e+01 2.500000e+01
    endloop
  endfacet
  facet normal -0.000000e+00 -1.000000e+00 0.000000e+00
    outer loop
      vertex   8.184101e+01 4.370000e+01 2.500000e+01
      vertex   7.634812e+01 4.370000e+01 2.543305e+01
      vertex   7.659787e+01 4.370000e+01 2.483010e+01
    endloop
  endfacet
  facet normal 0.000000e+00 -1.000000e+00 0.000000e+00
    outer loop
      vertex   8.184101e+01 4.370000e+01 2.500000e+01
      vertex   7.659787e+01 4.370000e+01 2.483010e+01
      vertex   7.668305e+01 4.370000e+01 2.418305e+01
    endloop
  endfacet
  facet normal 0.000000e+00 -1.000000e+00 -0.000000e+00
    outer loop
      vertex   7.668305e+01 4.370000e+01 2.418305e+01
      vertex   7.659787e+01 4.370000e+01 2.353600e+01
      vertex   8.184101e+01 4.370000e+01 2.500000e+01
    endloop
  endfacet
  facet normal 0.000000e+00 -1.000000e+00 0.000000e+00
    outer loop
      vertex   8.184101e+01 4.370000e+01 2.500000e+01
      vertex   7.659787e+01 4.370000e+01 2.353600e+01
      vertex   7.634812e+01 4.370000e+01 2.293305e+01
    endloop
  endfacet
  facet normal 0.000000e+00 -1.000000e+00 0.000000e+00
    outer loop
      vertex   8.184101e+01 4.370000e+01 2.500000e+01
      vertex   7.634812e+01 4.370000e+01 2.293305e+01
      vertex   7.595082e+01 4.370000e+01 2.241528e+01
    endloop
  endfacet
  facet normal 0.000000e+00 -1.000000e+00 0.000000e+00
    outer loop
      vertex   7.733976e+01 4.370000e+01 3.142845e+01
      vertex   7.618793e+01 4.370000e+01 3.173708e+01
      vertex   7.500000e+01 4.370000e+01 3.184101e+01
    endloop
  endfacet
  facet normal -0.000000e+00 -1.000000e+00 0.000000e+00
    outer loop
      vertex   7.500000e+01 4.370000e+01 3.184101e+01
      vertex   -7.500000e+01 4.370000e+01 3.184101e+01
      vertex   -8.169481e-01 4.370000e+01 2.668305e+01
    endloop
  endfacet
  facet normal 0.000000e+00 -1.000000e+00 -0.000000e+00
    outer loop
      vertex   -7.618793e+01 4.370000e+01 3.173708e+01
      vertex   -7.733976e+01 4.370000e+01 3.142845e+01
      vertex   -7.500000e+01 4.370000e+01 3.184101e+01
    endloop
  endfacet
  facet normal 0.000000e+00 -1.000000e+00 0.000000e+00
    outer loop
      vertex   -7.500000e+01 4.370000e+01 3.184101e+01
      vertex   -7.733976e+01 4.370000e+01 3.142845e+01
      vertex   -7.842051e+01 4.370000e+01 3.092449e+01
    endloop
  endfacet
  facet normal 0.000000e+00 -1.000000e+00 -0.000000e+00
    outer loop
      vertex   -7.939732e+01 4.370000e+01 3.024052e+01
      vertex   -8.024052e+01 4.370000e+01 2.939732e+01
      vertex   -7.418305e+01 4.370000e+01 2.668305e+01
    endloop
  endfacet
  facet normal 0.000000e+00 -1.000000e+00 0.000000e+00
    outer loop
      vertex   -7.418305e+01 4.370000e+01 -2.668305e+01
      vertex   -7.842051e+01 4.370000e+01 -3.092449e+01
      vertex   -7.500000e+01 4.370000e+01 -3.184101e+01
    endloop
  endfacet
  facet normal 0.000000e+00 -1.000000e+00 0.000000e+00
    outer loop
      vertex   -7.500000e+01 4.370000e+01 -3.184101e+01
      vertex   -7.842051e+01 4.370000e+01 -3.092449e+01
      vertex   -7.733976e+01 4.370000e+01 -3.142845e+01
    endloop
  endfacet
  facet normal 0.000000e+00 -1.000000e+00 0.000000e+00
    outer loop
      vertex   -7.500000e+01 4.370000e+01 -3.184101e+01
      vertex   -7.733976e+01 4.370000e+01 -3.142845e+01
      vertex   -7.618793e+01 4.370000e+01 -3.173708e+01
    endloop
  endfacet
  facet normal -0.000000e+00 -1.000000e+00 0.000000e+00
    outer loop
      vertex   7.618793e+01 4.370000e+01 -3.173708e+01
      vertex   7.733976e+01 4.370000e+01 -3.142845e+01
      vertex   7.500000e+01 4.370000e+01 -3.184101e+01
    endloop
  endfacet
  facet normal 0.000000e+00 -1.000000e+00 0.000000e+00
    outer loop
      vertex   7.500000e+01 4.370000e+01 -3.184101e+01
      vertex   7.733976e+01 4.370000e+01 -3.142845e+01
      vertex   7.842051e+01 4.370000e+01 -3.092449e+01
    endloop
  endfacet
  facet normal 0.000000e+00 -1.000000e+00 0.000000e+00
    outer loop
      vertex   7.939732e+01 4.370000e+01 -3.024052e+01
      vertex   8.024052e+01 4.370000e+01 -2.939732e+01
      vertex   7.418305e+01 4.370000e+01 -2.668305e+01
    endloop
  endfacet
  facet normal 6.174579e-02 -7.057576e-01 7.057576e-01
    outer loop
      vertex   -7.500000e+01 4.235486e+01 -3.224514e+01
      vertex   -7.500000e+01 4.275899e+01 -3.184101e+01
      vertex   -7.625811e+01 4.235486e+01 -3.213507e+01
    endloop
  endfacet
  facet normal 6.174579e-02 -7.057576e-01 7.057576e-01
    outer loop
      vertex   -7.625811e+01 4.235486e+01 -3.213507e+01
      vertex   -7.500000e+01 4.275899e+01 -3.184101e+01
      vertex   -7.618793e+01 4.275899e+01 -3.173708e+01
    endloop
  endfacet
  facet normal 1.833612e-01 -7.057576e-01 6.843135e-01
    outer loop
      vertex   -7.625811e+01 4.235486e+01 -3.213507e+01
      vertex   -7.618793e+01 4.275899e+01 -3.173708e+01
      vertex   -7.747798e+01 4.235486e+01 -3.180820e+01
    endloop
  endfacet
  facet normal 1.833612e-01 -7.057576e-01 6.843135e-01
    outer loop
      vertex   -7.747798e+01 4.235486e+01 -3.180820e+01
      vertex   -7.618793e+01 4.275899e+01 -3.173708e+01
      vertex   -7.733976e+01 4.275899e+01 -3.142845e+01
    endloop
  endfacet
  facet normal 2.994054e-01 -7.057576e-01 6.420769e-01
    outer loop
      vertex   -7.747798e+01 4.235486e+01 -3.180820e+01
      vertex   -7.733976e+01 4.275899e+01 -3.142845e+01
      vertex   -7.862257e+01 4.235486e+01 -3.127447e+01
    endloop
  endfacet
  facet normal 2.994054e-01 -7.057576e-01 6.420769e-01
    outer loop
      vertex   -7.862257e+01 4.235486e+01 -3.127447e+01
      vertex   -7.733976e+01 4.275899e+01 -3.142845e+01
      vertex   -7.842051e+01 4.275899e+01 -3.092449e+01
    endloop
  endfacet
  facet normal 4.063522e-01 -7.057576e-01 5.803311e-01
    outer loop
      vertex   -7.862257e+01 4.235486e+01 -3.127447e+01
      vertex   -7.842051e+01 4.275899e+01 -3.092449e+01
      vertex   -7.965709e+01 4.235486e+01 -3.055010e+01
    endloop
  endfacet
  facet normal 4.063522e-01 -7.057576e-01 5.803311e-01
    outer loop
      vertex   -7.965709e+01 4.235486e+01 -3.055010e+01
      vertex   -7.842051e+01 4.275899e+01 -3.092449e+01
      vertex   -7.939732e+01 4.275899e+01 -3.024052e+01
    endloop
  endfacet
  facet normal 5.009522e-01 -7.057576e-01 5.009522e-01
    outer loop
      vertex   -7.965709e+01 4.235486e+01 -3.055010e+01
      vertex   -7.939732e+01 4.275899e+01 -3.024052e+01
      vertex   -8.055010e+01 4.235486e+01 -2.965709e+01
    endloop
  endfacet
  facet normal 5.009522e-01 -7.057576e-01 5.009522e-01
    outer loop
      vertex   -8.055010e+01 4.235486e+01 -2.965709e+01
      vertex   -7.939732e+01 4.275899e+01 -3.024052e+01
      vertex   -8.024052e+01 4.275899e+01 -2.939732e+01
    endloop
  endfacet
  facet normal 5.803311e-01 -7.057576e-01 4.063522e-01
    outer loop
      vertex   -8.055010e+01 4.235486e+01 -2.965709e+01
      vertex   -8.024052e+01 4.275899e+01 -2.939732e+01
      vertex   -8.127447e+01 4.235486e+01 -2.862257e+01
    endloop
  endfacet
  facet normal 5.803311e-01 -7.057576e-01 4.063522e-01
    outer loop
      vertex   -8.127447e+01 4.235486e+01 -2.862257e+01
      vertex   -8.024052e+01 4.275899e+01 -2.939732e+01
      vertex   -8.092449e+01 4.275899e+01 -2.842051e+01
    endloop
  endfacet
  facet normal 6.420769e-01 -7.057576e-01 2.994054e-01
    outer loop
      vertex   -8.127447e+01 4.235486e+01 -2.862257e+01
      vertex   -8.092449e+01 4.275899e+01 -2.842051e+01
      vertex   -8.180820e+01 4.235486e+01 -2.747798e+01
    endloop
  endfacet
  facet normal 6.420769e-01 -7.057576e-01 2.994054e-01
    outer loop
      vertex   -8.180820e+01 4.235486e+01 -2.747798e+01
      vertex   -8.092449e+01 4.275899e+01 -2.842051e+01
      vertex   -8.142845e+01 4.275899e+01 -2.733976e+01
    endloop
  endfacet
  facet normal 6.843135e-01 -7.057576e-01 1.833612e-01
    outer loop
      vertex   -8.180820e+01 4.235486e+01 -2.747798e+01
      vertex   -8.142845e+01 4.275899e+01 -2.733976e+01
      vertex   -8.213507e+01 4.235486e+01 -2.625811e+01
    endloop
  endfacet
  facet normal 6.843135e-01 -7.057576e-01 1.833612e-01
    outer loop
      vertex   -8.213507e+01 4.235486e+01 -2.625811e+01
      vertex   -8.142845e+01 4.275899e+01 -2.733976e+01
      vertex   -8.173708e+01 4.275899e+01 -2.618793e+01
    endloop
  endfacet
  facet normal 7.057576e-01 -7.057576e-01 6.174579e-02
    outer loop
      vertex   -8.213507e+01 4.235486e+01 -2.625811e+01
      vertex   -8.173708e+01 4.275899e+01 -2.618793e+01
      vertex   -8.224514e+01 4.235486e+01 -2.500000e+01
    endloop
  endfacet
  facet normal 7.057576e-01 -7.057576e-01 6.174579e-02
    outer loop
      vertex   -8.224514e+01 4.235486e+01 -2.500000e+01
      vertex   -8.173708e+01 4.275899e+01 -2.618793e+01
      vertex   -8.184101e+01 4.275899e+01 -2.500000e+01
    endloop
  endfacet
  facet normal 7.071068e-01 -7.071068e-01 0.000000e+00
    outer loop
      vertex   -8.184101e+01 4.275899e+01 2.500000e+01
      vertex   -8.224514e+01 4.235486e+01 2.500000e+01
      vertex   -8.184101e+01 4.275899e+01 -2.500000e+01
    endloop
  endfacet
  facet normal 7.071068e-01 -7.071068e-01 0.000000e+00
    outer loop
      vertex   -8.184101e+01 4.275899e+01 -2.500000e+01
      vertex   -8.224514e+01 4.235486e+01 2.500000e+01
      vertex   -8.224514e+01 4.235486e+01 -2.500000e+01
    endloop
  endfacet
  facet normal 7.057576e-01 -7.057576e-01 -6.174579e-02
    outer loop
      vertex   -8.224514e+01 4.235486e+01 2.500000e+01
      vertex   -8.184101e+01 4.275899e+01 2.500000e+01
      vertex   -8.213507e+01 4.235486e+01 2.625811e+01
    endloop
  endfacet
  facet normal 7.057576e-01 -7.057576e-01 -6.174579e-02
    outer loop
      vertex   -8.213507e+01 4.235486e+01 2.625811e+01
      vertex   -8.184101e+01 4.275899e+01 2.500000e+01
      vertex   -8.173708e+01 4.275899e+01 2.618793e+01
    endloop
  endfacet
  facet normal 6.843135e-01 -7.057576e-01 -1.833612e-01
    outer loop
      vertex   -8.213507e+01 4.235486e+01 2.625811e+01
      vertex   -8.173708e+01 4.275899e+01 2.618793e+01
      vertex   -8.180820e+01 4.235486e+01 2.747798e+01
    endloop
  endfacet
  facet normal 6.843135e-01 -7.057576e-01 -1.833612e-01
    outer loop
      vertex   -8.180820e+01 4.235486e+01 2.747798e+01
      vertex   -8.173708e+01 4.275899e+01 2.618793e+01
      vertex   -8.142845e+01 4.275899e+01 2.733976e+01
    endloop
  endfacet
  facet normal 6.420769e-01 -7.057576e-01 -2.994054e-01
    outer loop
      vertex   -8.180820e+01 4.235486e+01 2.747798e+01
      vertex   -8.142845e+01 4.275899e+01 2.733976e+01
      vertex   -8.127447e+01 4.235486e+01 2.862257e+01
    endloop
  endfacet
  facet normal 6.420769e-01 -7.057576e-01 -2.994054e-01
    outer loop
      vertex   -8.127447e+01 4.235486e+01 2.862257e+01
      vertex   -8.142845e+01 4.275899e+01 2.733976e+01
      vertex   -8.092449e+01 4.275899e+01 2.842051e+01
    endloop
  endfacet
  facet normal 5.803311e-01 -7.057576e-01 -4.063522e-01
    outer loop
      vertex   -8.127447e+01 4.235486e+01 2.862257e+01
      vertex   -8.092449e+01 4.275899e+01 2.842051e+01
      vertex   -8.055010e+01 4.235486e+01 2.965709e+01
    endloop
  endfacet
  facet normal 5.803311e-01 -7.057576e-01 -4.063522e-01
    outer loop
      vertex   -8.055010e+01 4.235486e+01 2.965709e+01
      vertex   -8.092449e+01 4.275899e+01 2.842051e+01
      vertex   -8.024052e+01 4.275899e+01 2.939732e+01
    endloop
  endfacet
  facet normal 5.009522e-01 -7.057576e-01 -5.009522e-01
    outer loop
      vertex   -8.055010e+01 4.235486e+01 2.965709e+01
      vertex   -8.024052e+01 4.275899e+01 2.939732e+01
      vertex   -7.965709e+01 4.235486e+01 3.055010e+01
    endloop
  endfacet
  facet normal 5.009522e-01 -7.057576e-01 -5.009522e-01
    outer loop
      vertex   -7.965709e+01 4.235486e+01 3.055010e+01
      vertex   -8.024052e+01 4.275899e+01 2.939732e+01
      vertex   -7.939732e+01 4.275899e+01 3.024052e+01
    endloop
  endfacet
  facet normal 4.063522e-01 -7.057576e-01 -5.803311e-01
    outer loop
      vertex   -7.965709e+01 4.235486e+01 3.055010e+01
      vertex   -7.939732e+01 4.275899e+01 3.024052e+01
      vertex   -7.862257e+01 4.235486e+01 3.127447e+01
    endloop
  endfacet
  facet normal 4.063522e-01 -7.057576e-01 -5.803311e-01
    outer loop
      vertex   -7.862257e+01 4.235486e+01 3.127447e+01
      vertex   -7.939732e+01 4.275899e+01 3.024052e+01
      vertex   -7.842051e+01 4.275899e+01 3.092449e+01
    endloop
  endfacet
  facet normal 2.994054e-01 -7.057576e-01 -6.420769e-01
    outer loop
      vertex   -7.862257e+01 4.235486e+01 3.127447e+01
      vertex   -7.842051e+01 4.275899e+01 3.092449e+01
      vertex   -7.747798e+01 4.235486e+01 3.180820e+01
    endloop
  endfacet
  facet normal 2.994054e-01 -7.057576e-01 -6.420769e-01
    outer loop
      vertex   -7.747798e+01 4.235486e+01 3.180820e+01
      vertex   -7.842051e+01 4.275899e+01 3.092449e+01
      vertex   -7.733976e+01 4.275899e+01 3.142845e+01
    endloop
  endfacet
  facet normal 1.833612e-01 -7.057576e-01 -6.843135e-01
    outer loop
      vertex   -7.747798e+01 4.235486e+01 3.180820e+01
      vertex   -7.733976e+01 4.275899e+01 3.142845e+01
      vertex   -7.625811e+01 4.235486e+01 3.213507e+01
    endloop
  endfacet
  facet normal 1.833612e-01 -7.057576e-01 -6.843135e-01
    outer loop
      vertex   -7.625811e+01 4.235486e+01 3.213507e+01
      vertex   -7.733976e+01 4.275899e+01 3.142845e+01
      vertex   -7.618793e+01 4.275899e+01 3.173708e+01
    endloop
  endfacet
  facet normal 6.174579e-02 -7.057576e-01 -7.057576e-01
    outer loop
      vertex   -7.625811e+01 4.235486e+01 3.213507e+01
      vertex   -7.618793e+01 4.275899e+01 3.173708e+01
      vertex   -7.500000e+01 4.235486e+01 3.224514e+01
    endloop
  endfacet
  facet normal 6.174579e-02 -7.057576e-01 -7.057576e-01
    outer loop
      vertex   -7.500000e+01 4.235486e+01 3.224514e+01
      vertex   -7.618793e+01 4.275899e+01 3.173708e+01
      vertex   -7.500000e+01 4.275899e+01 3.184101e+01
    endloop
  endfacet
  facet normal -3.349531e-17 -7.071068e-01 -7.071068e-01
    outer loop
      vertex   7.500000e+01 4.275899e+01 3.184101e+01
      vertex   7.500000e+01 4.235486e+01 3.224514e+01
      vertex   -7.500000e+01 4.275899e+01 3.184101e+01
    endloop
  endfacet
  facet normal 0.000000e+00 -7.071068e-01 -7.071068e-01
    outer loop
      vertex   -7.500000e+01 4.275899e+01 3.184101e+01
      vertex   7.500000e+01 4.235486e+01 3.224514e+01
      vertex   -7.500000e+01 4.235486e+01 3.224514e+01
    endloop
  endfacet
  facet normal 1.172336e-16 -7.071068e-01 7.071068e-01
    outer loop
      vertex   -7.500000e+01 4.275899e+01 -3.184101e+01
      vertex   -7.500000e+01 4.235486e+01 -3.224514e+01
      vertex   7.500000e+01 4.275899e+01 -3.184101e+01
    endloop
  endfacet
  facet normal 6.701871e-17 -7.071068e-01 7.071068e-01
    outer loop
      vertex   7.500000e+01 4.275899e+01 -3.184101e+01
      vertex   -7.500000e+01 4.235486e+01 -3.224514e+01
      vertex   7.500000e+01 4.235486e+01 -3.224514e+01
    endloop
  endfacet
  facet normal -7.057576e-01 -7.057576e-01 6.174579e-02
    outer loop
      vertex   8.224514e+01 4.235486e+01 -2.500000e+01
      vertex   8.184101e+01 4.275899e+01 -2.500000e+01
      vertex   8.213507e+01 4.235486e+01 -2.625811e+01
    endloop
  endfacet
  facet normal -7.057576e-01 -7.057576e-01 6.174579e-02
    outer loop
      vertex   8.213507e+01 4.235486e+01 -2.625811e+01
      vertex   8.184101e+01 4.275899e+01 -2.500000e+01
      vertex   8.173708e+01 4.275899e+01 -2.618793e+01
    endloop
  endfacet
  facet normal -6.843135e-01 -7.057576e-01 1.833612e-01
    outer loop
      vertex   8.213507e+01 4.235486e+01 -2.625811e+01
      vertex   8.173708e+01 4.275899e+01 -2.618793e+01
      vertex   8.180820e+01 4.235486e+01 -2.747798e+01
    endloop
  endfacet
  facet normal -6.843135e-01 -7.057576e-01 1.833612e-01
    outer loop
      vertex   8.180820e+01 4.235486e+01 -2.747798e+01
      vertex   8.173708e+01 4.275899e+01 -2.618793e+01
      vertex   8.142845e+01 4.275899e+01 -2.733976e+01
    endloop
  endfacet
  facet normal -6.420769e-01 -7.057576e-01 2.994054e-01
    outer loop
      vertex   8.180820e+01 4.235486e+01 -2.747798e+01
      vertex   8.142845e+01 4.275899e+01 -2.733976e+01
      vertex   8.127447e+01 4.235486e+01 -2.862257e+01
    endloop
  endfacet
  facet normal -6.420769e-01 -7.057576e-01 2.994054e-01
    outer loop
      vertex   8.127447e+01 4.235486e+01 -2.862257e+01
      vertex   8.142845e+01 4.275899e+01 -2.733976e+01
      vertex   8.092449e+01 4.275899e+01 -2.842051e+01
    endloop
  endfacet
  facet normal -5.803311e-01 -7.057576e-01 4.063522e-01
    outer loop
      vertex   8.127447e+01 4.235486e+01 -2.862257e+01
      vertex   8.092449e+01 4.275899e+01 -2.842051e+01
      vertex   8.055010e+01 4.235486e+01 -2.965709e+01
    endloop
  endfacet
  facet normal -5.803311e-01 -7.057576e-01 4.063522e-01
    outer loop
      vertex   8.055010e+01 4.235486e+01 -2.965709e+01
      vertex   8.092449e+01 4.275899e+01 -2.842051e+01
      vertex   8.024052e+01 4.275899e+01 -2.939732e+01
    endloop
  endfacet
  facet normal -5.009522e-01 -7.057576e-01 5.009522e-01
    outer loop
      vertex   8.055010e+01 4.235486e+01 -2.965709e+01
      vertex   8.024052e+01 4.275899e+01 -2.939732e+01
      vertex   7.965709e+01 4.235486e+01 -3.055010e+01
    endloop
  endfacet
  facet normal -5.009522e-01 -7.057576e-01 5.009522e-01
    outer loop
      vertex   7.965709e+01 4.235486e+01 -3.055010e+01
      vertex   8.024052e+01 4.275899e+01 -2.939732e+01
      vertex   7.939732e+01 4.275899e+01 -3.024052e+01
    endloop
  endfacet
  facet normal -4.063522e-01 -7.057576e-01 5.803311e-01
    outer loop
      vertex   7.965709e+01 4.235486e+01 -3.055010e+01
      vertex   7.939732e+01 4.275899e+01 -3.024052e+01
      vertex   7.862257e+01 4.235486e+01 -3.127447e+01
    endloop
  endfacet
  facet normal -4.063522e-01 -7.057576e-01 5.803311e-01
    outer loop
      vertex   7.862257e+01 4.235486e+01 -3.127447e+01
      vertex   7.939732e+01 4.275899e+01 -3.024052e+01
      vertex   7.842051e+01 4.275899e+01 -3.092449e+01
    endloop
  endfacet
  facet normal -2.994054e-01 -7.057576e-01 6.420769e-01
    outer loop
      vertex   7.862257e+01 4.235486e+01 -3.127447e+01
      vertex   7.842051e+01 4.275899e+01 -3.092449e+01
      vertex   7.747798e+01 4.235486e+01 -3.180820e+01
    endloop
  endfacet
  facet normal -2.994054e-01 -7.057576e-01 6.420769e-01
    outer loop
      vertex   7.747798e+01 4.235486e+01 -3.180820e+01
      vertex   7.842051e+01 4.275899e+01 -3.092449e+01
      vertex   7.733976e+01 4.275899e+01 -3.142845e+01
    endloop
  endfacet
  facet normal -1.833612e-01 -7.057576e-01 6.843135e-01
    outer loop
      vertex   7.747798e+01 4.235486e+01 -3.180820e+01
      vertex   7.733976e+01 4.275899e+01 -3.142845e+01
      vertex   7.625811e+01 4.235486e+01 -3.213507e+01
    endloop
  endfacet
  facet normal -1.833612e-01 -7.057576e-01 6.843135e-01
    outer loop
      vertex   7.625811e+01 4.235486e+01 -3.213507e+01
      vertex   7.733976e+01 4.275899e+01 -3.142845e+01
      vertex   7.618793e+01 4.275899e+01 -3.173708e+01
    endloop
  endfacet
  facet normal -6.174579e-02 -7.057576e-01 7.057576e-01
    outer loop
      vertex   7.625811e+01 4.235486e+01 -3.213507e+01
      vertex   7.618793e+01 4.275899e+01 -3.173708e+01
      vertex   7.500000e+01 4.235486e+01 -3.224514e+01
    endloop
  endfacet
  facet normal -6.174579e-02 -7.057576e-01 7.057576e-01
    outer loop
      vertex   7.500000e+01 4.235486e+01 -3.224514e+01
      vertex   7.618793e+01 4.275899e+01 -3.173708e+01
      vertex   7.500000e+01 4.275899e+01 -3.184101e+01
    endloop
  endfacet
  facet normal -7.071068e-01 -7.071068e-01 0.000000e+00
    outer loop
      vertex   8.184101e+01 4.275899e+01 -2.500000e+01
      vertex   8.224514e+01 4.235486e+01 -2.500000e+01
      vertex   8.184101e+01 4.275899e+01 2.500000e+01
    endloop
  endfacet
  facet normal -7.071068e-01 -7.071068e-01 0.000000e+00
    outer loop
      vertex   8.184101e+01 4.275899e+01 2.500000e+01
      vertex   8.224514e+01 4.235486e+01 -2.500000e+01
      vertex   8.224514e+01 4.235486e+01 2.500000e+01
    endloop
  endfacet
  facet normal -1.647461e-01 -9.863360e-01 9.364734e-17
    outer loop
      vertex   8.350977e+01 4.180000e+01 2.500000e+01
      vertex   8.304628e+01 4.187742e+01 -5.000000e+00
      vertex   8.350977e+01 4.180000e+01 -2.500000e+01
    endloop
  endfacet
  facet normal -1.647461e-01 -9.863360e-01 0.000000e+00
    outer loop
      vertex   8.350977e+01 4.180000e+01 -2.500000e+01
      vertex   8.304628e+01 4.187742e+01 -5.000000e+00
      vertex   8.304628e+01 4.187742e+01 -1.500000e+01
    endloop
  endfacet
  facet normal -1.647461e-01 -9.863360e-01 -1.401316e-15
    outer loop
      vertex   8.350977e+01 4.180000e+01 -2.500000e+01
      vertex   8.304628e+01 4.187742e+01 -1.500000e+01
      vertex   8.304628e+01 4.187742e+01 -2.500000e+01
    endloop
  endfacet
  facet normal -4.017798e-01 -9.157363e-01 -1.301340e-15
    outer loop
      vertex   8.304628e+01 4.187742e+01 -2.500000e+01
      vertex   8.304628e+01 4.187742e+01 -1.500000e+01
      vertex   8.261596e+01 4.206622e+01 -2.500000e+01
    endloop
  endfacet
  facet normal -4.017798e-01 -9.157363e-01 -6.506698e-16
    outer loop
      vertex   8.261596e+01 4.206622e+01 -2.500000e+01
      vertex   8.304628e+01 4.187742e+01 -1.500000e+01
      vertex   8.261596e+01 4.206622e+01 -1.500000e+01
    endloop
  endfacet
  facet normal -6.142370e-01 -7.891216e-01 -5.607046e-16
    outer loop
      vertex   8.261596e+01 4.206622e+01 -2.500000e+01
      vertex   8.261596e+01 4.206622e+01 -1.500000e+01
      vertex   8.224514e+01 4.235486e+01 -2.500000e+01
    endloop
  endfacet
  facet normal -6.142370e-01 -7.891216e-01 0.000000e+00
    outer loop
      vertex   8.224514e+01 4.235486e+01 -2.500000e+01
      vertex   8.261596e+01 4.206622e+01 -1.500000e+01
      vertex   8.261596e+01 4.206622e+01 -5.000000e+00
    endloop
  endfacet
  facet normal -6.142370e-01 -7.891216e-01 0.000000e+00
    outer loop
      vertex   8.224514e+01 4.235486e+01 -2.500000e+01
      vertex   8.261596e+01 4.206622e+01 -5.000000e+00
      vertex   8.261596e+01 4.206622e+01 5.000000e+00
    endloop
  endfacet
  facet normal -4.017798e-01 -9.157363e-01 -0.000000e+00
    outer loop
      vertex   8.261596e+01 4.206622e+01 5.000000e+00
      vertex   8.261596e+01 4.206622e+01 -5.000000e+00
      vertex   8.304628e+01 4.187742e+01 5.000000e+00
    endloop
  endfacet
  facet normal -4.017798e-01 -9.157363e-01 5.699768e-16
    outer loop
      vertex   8.261596e+01 4.206622e+01 5.000000e+00
      vertex   8.304628e+01 4.187742e+01 5.000000e+00
      vertex   8.304628e+01 4.187742e+01 1.500000e+01
    endloop
  endfacet
  facet normal -1.647461e-01 -9.863360e-01 2.341183e-16
    outer loop
      vertex   8.304628e+01 4.187742e+01 1.500000e+01
      vertex   8.304628e+01 4.187742e+01 5.000000e+00
      vertex   8.350977e+01 4.180000e+01 2.500000e+01
    endloop
  endfacet
  facet normal -1.647461e-01 -9.863360e-01 1.401668e-15
    outer loop
      vertex   8.304628e+01 4.187742e+01 1.500000e+01
      vertex   8.350977e+01 4.180000e+01 2.500000e+01
      vertex   8.304628e+01 4.187742e+01 2.500000e+01
    endloop
  endfacet
  facet normal -4.017798e-01 -9.157363e-01 1.301340e-15
    outer loop
      vertex   8.304628e+01 4.187742e+01 1.500000e+01
      vertex   8.304628e+01 4.187742e+01 2.500000e+01
      vertex   8.261596e+01 4.206622e+01 1.500000e+01
    endloop
  endfacet
  facet normal -4.017798e-01 -9.157363e-01 6.506698e-16
    outer loop
      vertex   8.261596e+01 4.206622e+01 1.500000e+01
      vertex   8.304628e+01 4.187742e+01 2.500000e+01
      vertex   8.261596e+01 4.206622e+01 2.500000e+01
    endloop
  endfacet
  facet normal -6.142370e-01 -7.891216e-01 5.607046e-16
    outer loop
      vertex   8.261596e+01 4.206622e+01 1.500000e+01
      vertex   8.261596e+01 4.206622e+01 2.500000e+01
      vertex   8.224514e+01 4.235486e+01 2.500000e+01
    endloop
  endfacet
  facet normal -6.142370e-01 -7.891216e-01 -0.000000e+00
    outer loop
      vertex   8.261596e+01 4.206622e+01 1.500000e+01
      vertex   8.224514e+01 4.235486e+01 2.500000e+01
      vertex   8.261596e+01 4.206622e+01 5.000000e+00
    endloop
  endfacet
  facet normal -6.142370e-01 -7.891216e-01 0.000000e+00
    outer loop
      vertex   8.261596e+01 4.206622e+01 5.000000e+00
      vertex   8.224514e+01 4.235486e+01 2.500000e+01
      vertex   8.224514e+01 4.235486e+01 -2.500000e+01
    endloop
  endfacet
  facet normal -1.647461e-01 -9.863360e-01 0.000000e+00
    outer loop
      vertex   8.304628e+01 4.187742e+01 -5.000000e+00
      vertex   8.350977e+01 4.180000e+01 2.500000e+01
      vertex   8.304628e+01 4.187742e+01 5.000000e+00
    endloop
  endfacet
  facet normal -4.017798e-01 -9.157363e-01 0.000000e+00
    outer loop
      vertex   8.261596e+01 4.206622e+01 5.000000e+00
      vertex   8.304628e+01 4.187742e+01 1.500000e+01
      vertex   8.261596e+01 4.206622e+01 1.500000e+01
    endloop
  endfacet
  facet normal -4.017798e-01 -9.157363e-01 0.000000e+00
    outer loop
      vertex   8.261596e+01 4.206622e+01 -1.500000e+01
      vertex   8.304628e+01 4.187742e+01 -1.500000e+01
      vertex   8.304628e+01 4.187742e+01 -5.000000e+00
    endloop
  endfacet
  facet normal -4.017798e-01 -9.157363e-01 0.000000e+00
    outer loop
      vertex   8.261596e+01 4.206622e+01 -1.500000e+01
      vertex   8.304628e+01 4.187742e+01 -5.000000e+00
      vertex   8.261596e+01 4.206622e+01 -5.000000e+00
    endloop
  endfacet
  facet normal -4.017798e-01 -9.157363e-01 0.000000e+00
    outer loop
      vertex   8.261596e+01 4.206622e+01 -5.000000e+00
      vertex   8.304628e+01 4.187742e+01 -5.000000e+00
      vertex   8.304628e+01 4.187742e+01 5.000000e+00
    endloop
  endfacet
  facet normal -1.647347e-01 -9.862675e-01 -1.178206e-02
    outer loop
      vertex   8.304628e+01 4.187742e+01 2.500000e+01
      vertex   8.350977e+01 4.180000e+01 2.500000e+01
      vertex   8.296438e+01 4.187742e+01 2.614510e+01
    endloop
  endfacet
  facet normal -1.676240e-01 -9.857627e-01 -1.319229e-02
    outer loop
      vertex   8.296438e+01 4.187742e+01 2.614510e+01
      vertex   8.350977e+01 4.180000e+01 2.500000e+01
      vertex   8.340500e+01 4.180000e+01 2.633122e+01
    endloop
  endfacet
  facet normal -1.587738e-01 -9.867107e-01 -3.453912e-02
    outer loop
      vertex   8.296438e+01 4.187742e+01 2.614510e+01
      vertex   8.340500e+01 4.180000e+01 2.633122e+01
      vertex   8.272035e+01 4.187742e+01 2.726690e+01
    endloop
  endfacet
  facet normal -1.658248e-01 -9.853513e-01 -3.981102e-02
    outer loop
      vertex   8.272035e+01 4.187742e+01 2.726690e+01
      vertex   8.340500e+01 4.180000e+01 2.633122e+01
      vertex   8.309328e+01 4.180000e+01 2.762966e+01
    endloop
  endfacet
  facet normal -1.503516e-01 -9.870408e-01 -5.607825e-02
    outer loop
      vertex   8.272035e+01 4.187742e+01 2.726690e+01
      vertex   8.309328e+01 4.180000e+01 2.762966e+01
      vertex   8.231915e+01 4.187742e+01 2.834255e+01
    endloop
  endfacet
  facet normal -1.592562e-01 -9.850309e-01 -6.596606e-02
    outer loop
      vertex   8.231915e+01 4.187742e+01 2.834255e+01
      vertex   8.309328e+01 4.180000e+01 2.762966e+01
      vertex   8.258226e+01 4.180000e+01 2.886336e+01
    endloop
  endfacet
  facet normal -1.396015e-01 -9.872693e-01 -7.622820e-02
    outer loop
      vertex   8.231915e+01 4.187742e+01 2.834255e+01
      vertex   8.258226e+01 4.180000e+01 2.886336e+01
      vertex   8.176896e+01 4.187742e+01 2.935015e+01
    endloop
  endfacet
  facet normal -1.480413e-01 -9.848115e-01 -9.071984e-02
    outer loop
      vertex   8.176896e+01 4.187742e+01 2.935015e+01
      vertex   8.258226e+01 4.180000e+01 2.886336e+01
      vertex   8.188455e+01 4.180000e+01 3.000192e+01
    endloop
  endfacet
  facet normal -1.266634e-01 -9.874035e-01 -9.481906e-02
    outer loop
      vertex   8.176896e+01 4.187742e+01 2.935015e+01
      vertex   8.188455e+01 4.180000e+01 3.000192e+01
      vertex   8.108097e+01 4.187742e+01 3.026919e+01
    endloop
  endfacet
  facet normal -1.325071e-01 -9.847000e-01 -1.131718e-01
    outer loop
      vertex   8.108097e+01 4.187742e+01 3.026919e+01
      vertex   8.188455e+01 4.180000e+01 3.000192e+01
      vertex   8.101732e+01 4.180000e+01 3.101732e+01
    endloop
  endfacet
  facet normal -1.116845e-01 -9.874478e-01 -1.116845e-01
    outer loop
      vertex   8.108097e+01 4.187742e+01 3.026919e+01
      vertex   8.101732e+01 4.180000e+01 3.101732e+01
      vertex   8.026919e+01 4.187742e+01 3.108097e+01
    endloop
  endfacet
  facet normal -1.131718e-01 -9.847000e-01 -1.325071e-01
    outer loop
      vertex   8.026919e+01 4.187742e+01 3.108097e+01
      vertex   8.101732e+01 4.180000e+01 3.101732e+01
      vertex   8.000192e+01 4.180000e+01 3.188455e+01
    endloop
  endfacet
  facet normal -9.481906e-02 -9.874035e-01 -1.266634e-01
    outer loop
      vertex   8.026919e+01 4.187742e+01 3.108097e+01
      vertex   8.000192e+01 4.180000e+01 3.188455e+01
      vertex   7.935015e+01 4.187742e+01 3.176896e+01
    endloop
  endfacet
  facet normal -9.071984e-02 -9.848115e-01 -1.480413e-01
    outer loop
      vertex   7.935015e+01 4.187742e+01 3.176896e+01
      vertex   8.000192e+01 4.180000e+01 3.188455e+01
      vertex   7.886336e+01 4.180000e+01 3.258226e+01
    endloop
  endfacet
  facet normal -7.622820e-02 -9.872693e-01 -1.396015e-01
    outer loop
      vertex   7.935015e+01 4.187742e+01 3.176896e+01
      vertex   7.886336e+01 4.180000e+01 3.258226e+01
      vertex   7.834255e+01 4.187742e+01 3.231915e+01
    endloop
  endfacet
  facet normal -6.596606e-02 -9.850309e-01 -1.592562e-01
    outer loop
      vertex   7.834255e+01 4.187742e+01 3.231915e+01
      vertex   7.886336e+01 4.180000e+01 3.258226e+01
      vertex   7.762966e+01 4.180000e+01 3.309328e+01
    endloop
  endfacet
  facet normal -5.607825e-02 -9.870408e-01 -1.503516e-01
    outer loop
      vertex   7.834255e+01 4.187742e+01 3.231915e+01
      vertex   7.762966e+01 4.180000e+01 3.309328e+01
      vertex   7.726690e+01 4.187742e+01 3.272035e+01
    endloop
  endfacet
  facet normal -3.981102e-02 -9.853513e-01 -1.658248e-01
    outer loop
      vertex   7.726690e+01 4.187742e+01 3.272035e+01
      vertex   7.762966e+01 4.180000e+01 3.309328e+01
      vertex   7.633122e+01 4.180000e+01 3.340500e+01
    endloop
  endfacet
  facet normal -3.453912e-02 -9.867107e-01 -1.587738e-01
    outer loop
      vertex   7.726690e+01 4.187742e+01 3.272035e+01
      vertex   7.633122e+01 4.180000e+01 3.340500e+01
      vertex   7.614510e+01 4.187742e+01 3.296438e+01
    endloop
  endfacet
  facet normal -1.319229e-02 -9.857627e-01 -1.676240e-01
    outer loop
      vertex   7.614510e+01 4.187742e+01 3.296438e+01
      vertex   7.633122e+01 4.180000e+01 3.340500e+01
      vertex   7.500000e+01 4.180000e+01 3.350977e+01
    endloop
  endfacet
  facet normal -1.178206e-02 -9.862675e-01 -1.647347e-01
    outer loop
      vertex   7.614510e+01 4.187742e+01 3.296438e+01
      vertex   7.500000e+01 4.180000e+01 3.350977e+01
      vertex   7.500000e+01 4.187742e+01 3.304628e+01
    endloop
  endfacet
  facet normal -2.872400e-02 -9.153584e-01 -4.016141e-01
    outer loop
      vertex   7.500000e+01 4.187742e+01 3.304628e+01
      vertex   7.500000e+01 4.206622e+01 3.261596e+01
      vertex   7.614510e+01 4.187742e+01 3.296438e+01
    endloop
  endfacet
  facet normal -2.872400e-02 -9.153584e-01 -4.016141e-01
    outer loop
      vertex   7.614510e+01 4.187742e+01 3.296438e+01
      vertex   7.500000e+01 4.206622e+01 3.261596e+01
      vertex   7.608386e+01 4.206622e+01 3.253844e+01
    endloop
  endfacet
  facet normal -8.558728e-02 -9.153584e-01 -3.934384e-01
    outer loop
      vertex   7.614510e+01 4.187742e+01 3.296438e+01
      vertex   7.608386e+01 4.206622e+01 3.253844e+01
      vertex   7.726690e+01 4.187742e+01 3.272035e+01
    endloop
  endfacet
  facet normal -8.558728e-02 -9.153584e-01 -3.934384e-01
    outer loop
      vertex   7.726690e+01 4.187742e+01 3.272035e+01
      vertex   7.608386e+01 4.206622e+01 3.253844e+01
      vertex   7.714566e+01 4.206622e+01 3.230746e+01
    endloop
  endfacet
  facet normal -1.407082e-01 -9.153584e-01 -3.772534e-01
    outer loop
      vertex   7.726690e+01 4.187742e+01 3.272035e+01
      vertex   7.714566e+01 4.206622e+01 3.230746e+01
      vertex   7.834255e+01 4.187742e+01 3.231915e+01
    endloop
  endfacet
  facet normal -1.407082e-01 -9.153584e-01 -3.772534e-01
    outer loop
      vertex   7.834255e+01 4.187742e+01 3.231915e+01
      vertex   7.714566e+01 4.206622e+01 3.230746e+01
      vertex   7.816378e+01 4.206622e+01 3.192772e+01
    endloop
  endfacet
  facet normal -1.929648e-01 -9.153584e-01 -3.533886e-01
    outer loop
      vertex   7.834255e+01 4.187742e+01 3.231915e+01
      vertex   7.816378e+01 4.206622e+01 3.192772e+01
      vertex   7.935015e+01 4.187742e+01 3.176896e+01
    endloop
  endfacet
  facet normal -1.929648e-01 -9.153584e-01 -3.533886e-01
    outer loop
      vertex   7.935015e+01 4.187742e+01 3.176896e+01
      vertex   7.816378e+01 4.206622e+01 3.192772e+01
      vertex   7.911750e+01 4.206622e+01 3.140695e+01
    endloop
  endfacet
  facet normal -2.412931e-01 -9.153584e-01 -3.223299e-01
    outer loop
      vertex   7.935015e+01 4.187742e+01 3.176896e+01
      vertex   7.911750e+01 4.206622e+01 3.140695e+01
      vertex   8.026919e+01 4.187742e+01 3.108097e+01
    endloop
  endfacet
  facet normal -2.412931e-01 -9.153584e-01 -3.223299e-01
    outer loop
      vertex   8.026919e+01 4.187742e+01 3.108097e+01
      vertex   7.911750e+01 4.206622e+01 3.140695e+01
      vertex   7.998739e+01 4.206622e+01 3.075576e+01
    endloop
  endfacet
  facet normal -2.847094e-01 -9.153584e-01 -2.847094e-01
    outer loop
      vertex   8.026919e+01 4.187742e+01 3.108097e+01
      vertex   7.998739e+01 4.206622e+01 3.075576e+01
      vertex   8.108097e+01 4.187742e+01 3.026919e+01
    endloop
  endfacet
  facet normal -2.847094e-01 -9.153584e-01 -2.847094e-01
    outer loop
      vertex   8.108097e+01 4.187742e+01 3.026919e+01
      vertex   7.998739e+01 4.206622e+01 3.075576e+01
      vertex   8.075576e+01 4.206622e+01 2.998739e+01
    endloop
  endfacet
  facet normal -3.223299e-01 -9.153584e-01 -2.412931e-01
    outer loop
      vertex   8.108097e+01 4.187742e+01 3.026919e+01
      vertex   8.075576e+01 4.206622e+01 2.998739e+01
      vertex   8.176896e+01 4.187742e+01 2.935015e+01
    endloop
  endfacet
  facet normal -3.223299e-01 -9.153584e-01 -2.412931e-01
    outer loop
      vertex   8.176896e+01 4.187742e+01 2.935015e+01
      vertex   8.075576e+01 4.206622e+01 2.998739e+01
      vertex   8.140695e+01 4.206622e+01 2.911750e+01
    endloop
  endfacet
  facet normal -3.533886e-01 -9.153584e-01 -1.929648e-01
    outer loop
      vertex   8.176896e+01 4.187742e+01 2.935015e+01
      vertex   8.140695e+01 4.206622e+01 2.911750e+01
      vertex   8.231915e+01 4.187742e+01 2.834255e+01
    endloop
  endfacet
  facet normal -3.533886e-01 -9.153584e-01 -1.929648e-01
    outer loop
      vertex   8.231915e+01 4.187742e+01 2.834255e+01
      vertex   8.140695e+01 4.206622e+01 2.911750e+01
      vertex   8.192772e+01 4.206622e+01 2.816378e+01
    endloop
  endfacet
  facet normal -3.772534e-01 -9.153584e-01 -1.407082e-01
    outer loop
      vertex   8.231915e+01 4.187742e+01 2.834255e+01
      vertex   8.192772e+01 4.206622e+01 2.816378e+01
      vertex   8.272035e+01 4.187742e+01 2.726690e+01
    endloop
  endfacet
  facet normal -3.772534e-01 -9.153584e-01 -1.407082e-01
    outer loop
      vertex   8.272035e+01 4.187742e+01 2.726690e+01
      vertex   8.192772e+01 4.206622e+01 2.816378e+01
      vertex   8.230746e+01 4.206622e+01 2.714566e+01
    endloop
  endfacet
  facet normal -3.934384e-01 -9.153584e-01 -8.558728e-02
    outer loop
      vertex   8.272035e+01 4.187742e+01 2.726690e+01
      vertex   8.230746e+01 4.206622e+01 2.714566e+01
      vertex   8.296438e+01 4.187742e+01 2.614510e+01
    endloop
  endfacet
  facet normal -3.934384e-01 -9.153584e-01 -8.558728e-02
    outer loop
      vertex   8.296438e+01 4.187742e+01 2.614510e+01
      vertex   8.230746e+01 4.206622e+01 2.714566e+01
      vertex   8.253844e+01 4.206622e+01 2.608386e+01
    endloop
  endfacet
  facet normal -4.016141e-01 -9.153584e-01 -2.872400e-02
    outer loop
      vertex   8.296438e+01 4.187742e+01 2.614510e+01
      vertex   8.253844e+01 4.206622e+01 2.608386e+01
      vertex   8.304628e+01 4.187742e+01 2.500000e+01
    endloop
  endfacet
  facet normal -4.016141e-01 -9.153584e-01 -2.872400e-02
    outer loop
      vertex   8.304628e+01 4.187742e+01 2.500000e+01
      vertex   8.253844e+01 4.206622e+01 2.608386e+01
      vertex   8.261596e+01 4.206622e+01 2.500000e+01
    endloop
  endfacet
  facet normal -6.136451e-01 -7.883613e-01 -4.388876e-02
    outer loop
      vertex   8.261596e+01 4.206622e+01 2.500000e+01
      vertex   8.253844e+01 4.206622e+01 2.608386e+01
      vertex   8.224514e+01 4.235486e+01 2.500000e+01
    endloop
  endfacet
  facet normal -5.959342e-01 -8.013389e-01 -5.213749e-02
    outer loop
      vertex   8.224514e+01 4.235486e+01 2.500000e+01
      vertex   8.253844e+01 4.206622e+01 2.608386e+01
      vertex   8.213507e+01 4.235486e+01 2.625811e+01
    endloop
  endfacet
  facet normal -6.142357e-01 -7.777278e-01 -1.336188e-01
    outer loop
      vertex   8.213507e+01 4.235486e+01 2.625811e+01
      vertex   8.253844e+01 4.206622e+01 2.608386e+01
      vertex   8.230746e+01 4.206622e+01 2.714566e+01
    endloop
  endfacet
  facet normal -5.687353e-01 -8.082801e-01 -1.523922e-01
    outer loop
      vertex   8.213507e+01 4.235486e+01 2.625811e+01
      vertex   8.230746e+01 4.206622e+01 2.714566e+01
      vertex   8.180820e+01 4.235486e+01 2.747798e+01
    endloop
  endfacet
  facet normal -5.944595e-01 -7.729536e-01 -2.217219e-01
    outer loop
      vertex   8.180820e+01 4.235486e+01 2.747798e+01
      vertex   8.230746e+01 4.206622e+01 2.714566e+01
      vertex   8.192772e+01 4.206622e+01 2.816378e+01
    endloop
  endfacet
  facet normal -5.319494e-01 -8.096296e-01 -2.480521e-01
    outer loop
      vertex   8.180820e+01 4.235486e+01 2.747798e+01
      vertex   8.192772e+01 4.206622e+01 2.816378e+01
      vertex   8.127447e+01 4.235486e+01 2.862257e+01
    endloop
  endfacet
  facet normal -5.551324e-01 -7.745599e-01 -3.031252e-01
    outer loop
      vertex   8.127447e+01 4.235486e+01 2.862257e+01
      vertex   8.192772e+01 4.206622e+01 2.816378e+01
      vertex   8.140695e+01 4.206622e+01 2.911750e+01
    endloop
  endfacet
  facet normal -4.853783e-01 -8.055429e-01 -3.398656e-01
    outer loop
      vertex   8.127447e+01 4.235486e+01 2.862257e+01
      vertex   8.140695e+01 4.206622e+01 2.911750e+01
      vertex   8.055010e+01 4.235486e+01 2.965709e+01
    endloop
  endfacet
  facet normal -4.985882e-01 -7.823700e-01 -3.732385e-01
    outer loop
      vertex   8.055010e+01 4.235486e+01 2.965709e+01
      vertex   8.140695e+01 4.206622e+01 2.911750e+01
      vertex   8.075576e+01 4.206622e+01 2.998739e+01
    endloop
  endfacet
  facet normal -4.284324e-01 -7.955447e-01 -4.284324e-01
    outer loop
      vertex   8.055010e+01 4.235486e+01 2.965709e+01
      vertex   8.075576e+01 4.206622e+01 2.998739e+01
      vertex   7.998739e+01 4.206622e+01 3.075576e+01
    endloop
  endfacet
  facet normal -4.388876e-02 -7.883613e-01 -6.136451e-01
    outer loop
      vertex   7.500000e+01 4.206622e+01 3.261596e+01
      vertex   7.500000e+01 4.235486e+01 3.224514e+01
      vertex   7.608386e+01 4.206622e+01 3.253844e+01
    endloop
  endfacet
  facet normal -5.213749e-02 -8.013389e-01 -5.959342e-01
    outer loop
      vertex   7.608386e+01 4.206622e+01 3.253844e+01
      vertex   7.500000e+01 4.235486e+01 3.224514e+01
      vertex   7.625811e+01 4.235486e+01 3.213507e+01
    endloop
  endfacet
  facet normal -1.336188e-01 -7.777278e-01 -6.142357e-01
    outer loop
      vertex   7.608386e+01 4.206622e+01 3.253844e+01
      vertex   7.625811e+01 4.235486e+01 3.213507e+01
      vertex   7.714566e+01 4.206622e+01 3.230746e+01
    endloop
  endfacet
  facet normal -1.523922e-01 -8.082801e-01 -5.687353e-01
    outer loop
      vertex   7.714566e+01 4.206622e+01 3.230746e+01
      vertex   7.625811e+01 4.235486e+01 3.213507e+01
      vertex   7.747798e+01 4.235486e+01 3.180820e+01
    endloop
  endfacet
  facet normal -2.217219e-01 -7.729536e-01 -5.944595e-01
    outer loop
      vertex   7.714566e+01 4.206622e+01 3.230746e+01
      vertex   7.747798e+01 4.235486e+01 3.180820e+01
      vertex   7.816378e+01 4.206622e+01 3.192772e+01
    endloop
  endfacet
  facet normal -2.480521e-01 -8.096296e-01 -5.319494e-01
    outer loop
      vertex   7.816378e+01 4.206622e+01 3.192772e+01
      vertex   7.747798e+01 4.235486e+01 3.180820e+01
      vertex   7.862257e+01 4.235486e+01 3.127447e+01
    endloop
  endfacet
  facet normal -3.031252e-01 -7.745599e-01 -5.551324e-01
    outer loop
      vertex   7.816378e+01 4.206622e+01 3.192772e+01
      vertex   7.862257e+01 4.235486e+01 3.127447e+01
      vertex   7.911750e+01 4.206622e+01 3.140695e+01
    endloop
  endfacet
  facet normal -3.398656e-01 -8.055429e-01 -4.853783e-01
    outer loop
      vertex   7.911750e+01 4.206622e+01 3.140695e+01
      vertex   7.862257e+01 4.235486e+01 3.127447e+01
      vertex   7.965709e+01 4.235486e+01 3.055010e+01
    endloop
  endfacet
  facet normal -3.732385e-01 -7.823700e-01 -4.985882e-01
    outer loop
      vertex   7.911750e+01 4.206622e+01 3.140695e+01
      vertex   7.965709e+01 4.235486e+01 3.055010e+01
      vertex   7.998739e+01 4.206622e+01 3.075576e+01
    endloop
  endfacet
  facet normal -4.284324e-01 -7.955447e-01 -4.284324e-01
    outer loop
      vertex   7.998739e+01 4.206622e+01 3.075576e+01
      vertex   7.965709e+01 4.235486e+01 3.055010e+01
      vertex   8.055010e+01 4.235486e+01 2.965709e+01
    endloop
  endfacet
  facet normal -7.803945e-18 -9.863360e-01 -1.647461e-01
    outer loop
      vertex   -7.500000e+01 4.180000e+01 3.350977e+01
      vertex   5.000000e+00 4.187742e+01 3.304628e+01
      vertex   7.500000e+01 4.180000e+01 3.350977e+01
    endloop
  endfacet
  facet normal 0.000000e+00 -9.863360e-01 -1.647461e-01
    outer loop
      vertex   7.500000e+01 4.180000e+01 3.350977e+01
      vertex   5.000000e+00 4.187742e+01 3.304628e+01
      vertex   1.500000e+01 4.187742e+01 3.304628e+01
    endloop
  endfacet
  facet normal 0.000000e+00 -9.863360e-01 -1.647461e-01
    outer loop
      vertex   7.500000e+01 4.180000e+01 3.350977e+01
      vertex   1.500000e+01 4.187742e+01 3.304628e+01
      vertex   2.500000e+01 4.187742e+01 3.304628e+01
    endloop
  endfacet
  facet normal -0.000000e+00 -9.157363e-01 -4.017798e-01
    outer loop
      vertex   2.500000e+01 4.187742e+01 3.304628e+01
      vertex   1.500000e+01 4.187742e+01 3.304628e+01
      vertex   2.500000e+01 4.206622e+01 3.261596e+01
    endloop
  endfacet
  facet normal 0.000000e+00 -9.157363e-01 -4.017798e-01
    outer loop
      vertex   2.500000e+01 4.187742e+01 3.304628e+01
      vertex   2.500000e+01 4.206622e+01 3.261596e+01
      vertex   3.500000e+01 4.206622e+01 3.261596e+01
    endloop
  endfacet
  facet normal -0.000000e+00 -7.891216e-01 -6.142370e-01
    outer loop
      vertex   3.500000e+01 4.206622e+01 3.261596e+01
      vertex   2.500000e+01 4.206622e+01 3.261596e+01
      vertex   7.500000e+01 4.235486e+01 3.224514e+01
    endloop
  endfacet
  facet normal 0.000000e+00 -7.891216e-01 -6.142370e-01
    outer loop
      vertex   3.500000e+01 4.206622e+01 3.261596e+01
      vertex   7.500000e+01 4.235486e+01 3.224514e+01
      vertex   4.500000e+01 4.206622e+01 3.261596e+01
    endloop
  endfacet
  facet normal 0.000000e+00 -7.891216e-01 -6.142370e-01
    outer loop
      vertex   4.500000e+01 4.206622e+01 3.261596e+01
      vertex   7.500000e+01 4.235486e+01 3.224514e+01
      vertex   5.500000e+01 4.206622e+01 3.261596e+01
    endloop
  endfacet
  facet normal 0.000000e+00 -9.157363e-01 -4.017798e-01
    outer loop
      vertex   4.500000e+01 4.206622e+01 3.261596e+01
      vertex   5.500000e+01 4.206622e+01 3.261596e+01
      vertex   4.500000e+01 4.187742e+01 3.304628e+01
    endloop
  endfacet
  facet normal 0.000000e+00 -9.157363e-01 -4.017798e-01
    outer loop
      vertex   4.500000e+01 4.187742e+01 3.304628e+01
      vertex   5.500000e+01 4.206622e+01 3.261596e+01
      vertex   5.500000e+01 4.187742e+01 3.304628e+01
    endloop
  endfacet
  facet normal 0.000000e+00 -9.863360e-01 -1.647461e-01
    outer loop
      vertex   4.500000e+01 4.187742e+01 3.304628e+01
      vertex   5.500000e+01 4.187742e+01 3.304628e+01
      vertex   7.500000e+01 4.180000e+01 3.350977e+01
    endloop
  endfacet
  facet normal 0.000000e+00 -9.863360e-01 -1.647461e-01
    outer loop
      vertex   7.500000e+01 4.180000e+01 3.350977e+01
      vertex   5.500000e+01 4.187742e+01 3.304628e+01
      vertex   6.500000e+01 4.187742e+01 3.304628e+01
    endloop
  endfacet
  facet normal 0.000000e+00 -9.863360e-01 -1.647461e-01
    outer loop
      vertex   7.500000e+01 4.180000e+01 3.350977e+01
      vertex   6.500000e+01 4.187742e+01 3.304628e+01
      vertex   7.500000e+01 4.187742e+01 3.304628e+01
    endloop
  endfacet
  facet normal -0.000000e+00 -9.157363e-01 -4.017798e-01
    outer loop
      vertex   7.500000e+01 4.187742e+01 3.304628e+01
      vertex   6.500000e+01 4.187742e+01 3.304628e+01
      vertex   7.500000e+01 4.206622e+01 3.261596e+01
    endloop
  endfacet
  facet normal -0.000000e+00 -9.157363e-01 -4.017798e-01
    outer loop
      vertex   7.500000e+01 4.206622e+01 3.261596e+01
      vertex   6.500000e+01 4.187742e+01 3.304628e+01
      vertex   6.500000e+01 4.206622e+01 3.261596e+01
    endloop
  endfacet
  facet normal -0.000000e+00 -7.891216e-01 -6.142370e-01
    outer loop
      vertex   7.500000e+01 4.206622e+01 3.261596e+01
      vertex   6.500000e+01 4.206622e+01 3.261596e+01
      vertex   7.500000e+01 4.235486e+01 3.224514e+01
    endloop
  endfacet
  facet normal 0.000000e+00 -7.891216e-01 -6.142370e-01
    outer loop
      vertex   7.500000e+01 4.235486e+01 3.224514e+01
      vertex   6.500000e+01 4.206622e+01 3.261596e+01
      vertex   5.500000e+01 4.206622e+01 3.261596e+01
    endloop
  endfacet
  facet normal 0.000000e+00 -9.863360e-01 -1.647461e-01
    outer loop
      vertex   -7.500000e+01 4.187742e+01 3.304628e+01
      vertex   -6.500000e+01 4.187742e+01 3.304628e+01
      vertex   -7.500000e+01 4.180000e+01 3.350977e+01
    endloop
  endfacet
  facet normal 0.000000e+00 -9.863360e-01 -1.647461e-01
    outer loop
      vertex   -7.500000e+01 4.180000e+01 3.350977e+01
      vertex   -6.500000e+01 4.187742e+01 3.304628e+01
      vertex   -5.500000e+01 4.187742e+01 3.304628e+01
    endloop
  endfacet
  facet normal 0.000000e+00 -9.863360e-01 -1.647461e-01
    outer loop
      vertex   -7.500000e+01 4.180000e+01 3.350977e+01
      vertex   -5.500000e+01 4.187742e+01 3.304628e+01
      vertex   -4.500000e+01 4.187742e+01 3.304628e+01
    endloop
  endfacet
  facet normal -0.000000e+00 -9.157363e-01 -4.017798e-01
    outer loop
      vertex   -4.500000e+01 4.187742e+01 3.304628e+01
      vertex   -5.500000e+01 4.187742e+01 3.304628e+01
      vertex   -4.500000e+01 4.206622e+01 3.261596e+01
    endloop
  endfacet
  facet normal 0.000000e+00 -9.157363e-01 -4.017798e-01
    outer loop
      vertex   -4.500000e+01 4.187742e+01 3.304628e+01
      vertex   -4.500000e+01 4.206622e+01 3.261596e+01
      vertex   -3.500000e+01 4.206622e+01 3.261596e+01
    endloop
  endfacet
  facet normal -0.000000e+00 -7.891216e-01 -6.142370e-01
    outer loop
      vertex   -3.500000e+01 4.206622e+01 3.261596e+01
      vertex   -4.500000e+01 4.206622e+01 3.261596e+01
      vertex   -7.500000e+01 4.235486e+01 3.224514e+01
    endloop
  endfacet
  facet normal 0.000000e+00 -7.891216e-01 -6.142370e-01
    outer loop
      vertex   -3.500000e+01 4.206622e+01 3.261596e+01
      vertex   -7.500000e+01 4.235486e+01 3.224514e+01
      vertex   -2.500000e+01 4.206622e+01 3.261596e+01
    endloop
  endfacet
  facet normal -6.849677e-16 -7.891216e-01 -6.142370e-01
    outer loop
      vertex   -2.500000e+01 4.206622e+01 3.261596e+01
      vertex   -7.500000e+01 4.235486e+01 3.224514e+01
      vertex   -1.500000e+01 4.206622e+01 3.261596e+01
    endloop
  endfacet
  facet normal -1.015858e-15 -9.157363e-01 -4.017798e-01
    outer loop
      vertex   -2.500000e+01 4.206622e+01 3.261596e+01
      vertex   -1.500000e+01 4.206622e+01 3.261596e+01
      vertex   -2.500000e+01 4.187742e+01 3.304628e+01
    endloop
  endfacet
  facet normal 0.000000e+00 -9.157363e-01 -4.017798e-01
    outer loop
      vertex   -2.500000e+01 4.187742e+01 3.304628e+01
      vertex   -1.500000e+01 4.206622e+01 3.261596e+01
      vertex   -1.500000e+01 4.187742e+01 3.304628e+01
    endloop
  endfacet
  facet normal 0.000000e+00 -9.863360e-01 -1.647461e-01
    outer loop
      vertex   -2.500000e+01 4.187742e+01 3.304628e+01
      vertex   -1.500000e+01 4.187742e+01 3.304628e+01
      vertex   -7.500000e+01 4.180000e+01 3.350977e+01
    endloop
  endfacet
  facet normal 0.000000e+00 -9.863360e-01 -1.647461e-01
    outer loop
      vertex   -7.500000e+01 4.180000e+01 3.350977e+01
      vertex   -1.500000e+01 4.187742e+01 3.304628e+01
      vertex   -5.000000e+00 4.187742e+01 3.304628e+01
    endloop
  endfacet
  facet normal 0.000000e+00 -9.863360e-01 -1.647461e-01
    outer loop
      vertex   -7.500000e+01 4.180000e+01 3.350977e+01
      vertex   -5.000000e+00 4.187742e+01 3.304628e+01
      vertex   5.000000e+00 4.187742e+01 3.304628e+01
    endloop
  endfacet
  facet normal -0.000000e+00 -9.157363e-01 -4.017798e-01
    outer loop
      vertex   5.000000e+00 4.187742e+01 3.304628e+01
      vertex   -5.000000e+00 4.187742e+01 3.304628e+01
      vertex   5.000000e+00 4.206622e+01 3.261596e+01
    endloop
  endfacet
  facet normal 0.000000e+00 -9.157363e-01 -4.017798e-01
    outer loop
      vertex   5.000000e+00 4.187742e+01 3.304628e+01
      vertex   5.000000e+00 4.206622e+01 3.261596e+01
      vertex   1.500000e+01 4.206622e+01 3.261596e+01
    endloop
  endfacet
  facet normal -0.000000e+00 -7.891216e-01 -6.142370e-01
    outer loop
      vertex   1.500000e+01 4.206622e+01 3.261596e+01
      vertex   5.000000e+00 4.206622e+01 3.261596e+01
      vertex   7.500000e+01 4.235486e+01 3.224514e+01
    endloop
  endfacet
  facet normal 0.000000e+00 -7.891216e-01 -6.142370e-01
    outer loop
      vertex   1.500000e+01 4.206622e+01 3.261596e+01
      vertex   7.500000e+01 4.235486e+01 3.224514e+01
      vertex   2.500000e+01 4.206622e+01 3.261596e+01
    endloop
  endfacet
  facet normal -0.000000e+00 -9.157363e-01 -4.017798e-01
    outer loop
      vertex   -6.500000e+01 4.187742e+01 3.304628e+01
      vertex   -7.500000e+01 4.187742e+01 3.304628e+01
      vertex   -6.500000e+01 4.206622e+01 3.261596e+01
    endloop
  endfacet
  facet normal -2.854818e-16 -9.157363e-01 -4.017798e-01
    outer loop
      vertex   -6.500000e+01 4.206622e+01 3.261596e+01
      vertex   -7.500000e+01 4.187742e+01 3.304628e+01
      vertex   -7.500000e+01 4.206622e+01 3.261596e+01
    endloop
  endfacet
  facet normal -4.364416e-16 -7.891216e-01 -6.142370e-01
    outer loop
      vertex   -6.500000e+01 4.206622e+01 3.261596e+01
      vertex   -7.500000e+01 4.206622e+01 3.261596e+01
      vertex   -7.500000e+01 4.235486e+01 3.224514e+01
    endloop
  endfacet
  facet normal 0.000000e+00 -7.891216e-01 -6.142370e-01
    outer loop
      vertex   -1.500000e+01 4.206622e+01 3.261596e+01
      vertex   -7.500000e+01 4.235486e+01 3.224514e+01
      vertex   -5.000000e+00 4.206622e+01 3.261596e+01
    endloop
  endfacet
  facet normal -8.269094e-18 -7.891216e-01 -6.142370e-01
    outer loop
      vertex   -5.000000e+00 4.206622e+01 3.261596e+01
      vertex   -7.500000e+01 4.235486e+01 3.224514e+01
      vertex   7.500000e+01 4.235486e+01 3.224514e+01
    endloop
  endfacet
  facet normal 0.000000e+00 -7.891216e-01 -6.142370e-01
    outer loop
      vertex   -5.000000e+00 4.206622e+01 3.261596e+01
      vertex   7.500000e+01 4.235486e+01 3.224514e+01
      vertex   5.000000e+00 4.206622e+01 3.261596e+01
    endloop
  endfacet
  facet normal -0.000000e+00 -9.157363e-01 -4.017798e-01
    outer loop
      vertex   -5.500000e+01 4.187742e+01 3.304628e+01
      vertex   -6.500000e+01 4.187742e+01 3.304628e+01
      vertex   -5.500000e+01 4.206622e+01 3.261596e+01
    endloop
  endfacet
  facet normal -0.000000e+00 -9.157363e-01 -4.017798e-01
    outer loop
      vertex   -5.500000e+01 4.206622e+01 3.261596e+01
      vertex   -6.500000e+01 4.187742e+01 3.304628e+01
      vertex   -6.500000e+01 4.206622e+01 3.261596e+01
    endloop
  endfacet
  facet normal -0.000000e+00 -7.891216e-01 -6.142370e-01
    outer loop
      vertex   -5.500000e+01 4.206622e+01 3.261596e+01
      vertex   -6.500000e+01 4.206622e+01 3.261596e+01
      vertex   -7.500000e+01 4.235486e+01 3.224514e+01
    endloop
  endfacet
  facet normal -0.000000e+00 -9.863360e-01 -1.647461e-01
    outer loop
      vertex   -2.500000e+01 4.187742e+01 3.304628e+01
      vertex   -7.500000e+01 4.180000e+01 3.350977e+01
      vertex   -3.500000e+01 4.187742e+01 3.304628e+01
    endloop
  endfacet
  facet normal -0.000000e+00 -9.863360e-01 -1.647461e-01
    outer loop
      vertex   -3.500000e+01 4.187742e+01 3.304628e+01
      vertex   -7.500000e+01 4.180000e+01 3.350977e+01
      vertex   -4.500000e+01 4.187742e+01 3.304628e+01
    endloop
  endfacet
  facet normal -0.000000e+00 -9.157363e-01 -4.017798e-01
    outer loop
      vertex   -3.500000e+01 4.187742e+01 3.304628e+01
      vertex   -4.500000e+01 4.187742e+01 3.304628e+01
      vertex   -3.500000e+01 4.206622e+01 3.261596e+01
    endloop
  endfacet
  facet normal 0.000000e+00 -9.157363e-01 -4.017798e-01
    outer loop
      vertex   -2.500000e+01 4.206622e+01 3.261596e+01
      vertex   -2.500000e+01 4.187742e+01 3.304628e+01
      vertex   -3.500000e+01 4.187742e+01 3.304628e+01
    endloop
  endfacet
  facet normal -0.000000e+00 -9.157363e-01 -4.017798e-01
    outer loop
      vertex   -2.500000e+01 4.206622e+01 3.261596e+01
      vertex   -3.500000e+01 4.187742e+01 3.304628e+01
      vertex   -3.500000e+01 4.206622e+01 3.261596e+01
    endloop
  endfacet
  facet normal 0.000000e+00 -9.157363e-01 -4.017798e-01
    outer loop
      vertex   -1.500000e+01 4.206622e+01 3.261596e+01
      vertex   -5.000000e+00 4.206622e+01 3.261596e+01
      vertex   -1.500000e+01 4.187742e+01 3.304628e+01
    endloop
  endfacet
  facet normal 0.000000e+00 -9.157363e-01 -4.017798e-01
    outer loop
      vertex   -1.500000e+01 4.187742e+01 3.304628e+01
      vertex   -5.000000e+00 4.206622e+01 3.261596e+01
      vertex   -5.000000e+00 4.187742e+01 3.304628e+01
    endloop
  endfacet
  facet normal 0.000000e+00 -9.157363e-01 -4.017798e-01
    outer loop
      vertex   -5.000000e+00 4.206622e+01 3.261596e+01
      vertex   5.000000e+00 4.206622e+01 3.261596e+01
      vertex   -5.000000e+00 4.187742e+01 3.304628e+01
    endloop
  endfacet
  facet normal -0.000000e+00 -9.157363e-01 -4.017798e-01
    outer loop
      vertex   2.500000e+01 4.206622e+01 3.261596e+01
      vertex   1.500000e+01 4.187742e+01 3.304628e+01
      vertex   1.500000e+01 4.206622e+01 3.261596e+01
    endloop
  endfacet
  facet normal 0.000000e+00 -9.157363e-01 -4.017798e-01
    outer loop
      vertex   1.500000e+01 4.206622e+01 3.261596e+01
      vertex   1.500000e+01 4.187742e+01 3.304628e+01
      vertex   5.000000e+00 4.187742e+01 3.304628e+01
    endloop
  endfacet
  facet normal -0.000000e+00 -9.863360e-01 -1.647461e-01
    outer loop
      vertex   4.500000e+01 4.187742e+01 3.304628e+01
      vertex   7.500000e+01 4.180000e+01 3.350977e+01
      vertex   3.500000e+01 4.187742e+01 3.304628e+01
    endloop
  endfacet
  facet normal -0.000000e+00 -9.863360e-01 -1.647461e-01
    outer loop
      vertex   3.500000e+01 4.187742e+01 3.304628e+01
      vertex   7.500000e+01 4.180000e+01 3.350977e+01
      vertex   2.500000e+01 4.187742e+01 3.304628e+01
    endloop
  endfacet
  facet normal -0.000000e+00 -9.157363e-01 -4.017798e-01
    outer loop
      vertex   3.500000e+01 4.187742e+01 3.304628e+01
      vertex   2.500000e+01 4.187742e+01 3.304628e+01
      vertex   3.500000e+01 4.206622e+01 3.261596e+01
    endloop
  endfacet
  facet normal 0.000000e+00 -9.157363e-01 -4.017798e-01
    outer loop
      vertex   4.500000e+01 4.206622e+01 3.261596e+01
      vertex   4.500000e+01 4.187742e+01 3.304628e+01
      vertex   3.500000e+01 4.187742e+01 3.304628e+01
    endloop
  endfacet
  facet normal -0.000000e+00 -9.157363e-01 -4.017798e-01
    outer loop
      vertex   4.500000e+01 4.206622e+01 3.261596e+01
      vertex   3.500000e+01 4.187742e+01 3.304628e+01
      vertex   3.500000e+01 4.206622e+01 3.261596e+01
    endloop
  endfacet
  facet normal 0.000000e+00 -9.157363e-01 -4.017798e-01
    outer loop
      vertex   6.500000e+01 4.206622e+01 3.261596e+01
      vertex   6.500000e+01 4.187742e+01 3.304628e+01
      vertex   5.500000e+01 4.187742e+01 3.304628e+01
    endloop
  endfacet
  facet normal -0.000000e+00 -9.157363e-01 -4.017798e-01
    outer loop
      vertex   6.500000e+01 4.206622e+01 3.261596e+01
      vertex   5.500000e+01 4.187742e+01 3.304628e+01
      vertex   5.500000e+01 4.206622e+01 3.261596e+01
    endloop
  endfacet
  facet normal 0.000000e+00 -7.891216e-01 -6.142370e-01
    outer loop
      vertex   -7.500000e+01 4.235486e+01 3.224514e+01
      vertex   -4.500000e+01 4.206622e+01 3.261596e+01
      vertex   -5.500000e+01 4.206622e+01 3.261596e+01
    endloop
  endfacet
  facet normal 0.000000e+00 -9.157363e-01 -4.017798e-01
    outer loop
      vertex   -5.500000e+01 4.206622e+01 3.261596e+01
      vertex   -4.500000e+01 4.206622e+01 3.261596e+01
      vertex   -5.500000e+01 4.187742e+01 3.304628e+01
    endloop
  endfacet
  facet normal 1.178206e-02 -9.862675e-01 -1.647347e-01
    outer loop
      vertex   -7.500000e+01 4.187742e+01 3.304628e+01
      vertex   -7.500000e+01 4.180000e+01 3.350977e+01
      vertex   -7.614510e+01 4.187742e+01 3.296438e+01
    endloop
  endfacet
  facet normal 1.319229e-02 -9.857627e-01 -1.676240e-01
    outer loop
      vertex   -7.614510e+01 4.187742e+01 3.296438e+01
      vertex   -7.500000e+01 4.180000e+01 3.350977e+01
      vertex   -7.633122e+01 4.180000e+01 3.340500e+01
    endloop
  endfacet
  facet normal 3.453912e-02 -9.867107e-01 -1.587738e-01
    outer loop
      vertex   -7.614510e+01 4.187742e+01 3.296438e+01
      vertex   -7.633122e+01 4.180000e+01 3.340500e+01
      vertex   -7.726690e+01 4.187742e+01 3.272035e+01
    endloop
  endfacet
  facet normal 3.981102e-02 -9.853513e-01 -1.658248e-01
    outer loop
      vertex   -7.726690e+01 4.187742e+01 3.272035e+01
      vertex   -7.633122e+01 4.180000e+01 3.340500e+01
      vertex   -7.762966e+01 4.180000e+01 3.309328e+01
    endloop
  endfacet
  facet normal 5.607825e-02 -9.870408e-01 -1.503516e-01
    outer loop
      vertex   -7.726690e+01 4.187742e+01 3.272035e+01
      vertex   -7.762966e+01 4.180000e+01 3.309328e+01
      vertex   -7.834255e+01 4.187742e+01 3.231915e+01
    endloop
  endfacet
  facet normal 6.596606e-02 -9.850309e-01 -1.592562e-01
    outer loop
      vertex   -7.834255e+01 4.187742e+01 3.231915e+01
      vertex   -7.762966e+01 4.180000e+01 3.309328e+01
      vertex   -7.886336e+01 4.180000e+01 3.258226e+01
    endloop
  endfacet
  facet normal 7.622820e-02 -9.872693e-01 -1.396015e-01
    outer loop
      vertex   -7.834255e+01 4.187742e+01 3.231915e+01
      vertex   -7.886336e+01 4.180000e+01 3.258226e+01
      vertex   -7.935015e+01 4.187742e+01 3.176896e+01
    endloop
  endfacet
  facet normal 9.071984e-02 -9.848115e-01 -1.480413e-01
    outer loop
      vertex   -7.935015e+01 4.187742e+01 3.176896e+01
      vertex   -7.886336e+01 4.180000e+01 3.258226e+01
      vertex   -8.000192e+01 4.180000e+01 3.188455e+01
    endloop
  endfacet
  facet normal 9.481906e-02 -9.874035e-01 -1.266634e-01
    outer loop
      vertex   -7.935015e+01 4.187742e+01 3.176896e+01
      vertex   -8.000192e+01 4.180000e+01 3.188455e+01
      vertex   -8.026919e+01 4.187742e+01 3.108097e+01
    endloop
  endfacet
  facet normal 1.131718e-01 -9.847000e-01 -1.325071e-01
    outer loop
      vertex   -8.026919e+01 4.187742e+01 3.108097e+01
      vertex   -8.000192e+01 4.180000e+01 3.188455e+01
      vertex   -8.101732e+01 4.180000e+01 3.101732e+01
    endloop
  endfacet
  facet normal 1.116845e-01 -9.874478e-01 -1.116845e-01
    outer loop
      vertex   -8.026919e+01 4.187742e+01 3.108097e+01
      vertex   -8.101732e+01 4.180000e+01 3.101732e+01
      vertex   -8.108097e+01 4.187742e+01 3.026919e+01
    endloop
  endfacet
  facet normal 1.325071e-01 -9.847000e-01 -1.131718e-01
    outer loop
      vertex   -8.108097e+01 4.187742e+01 3.026919e+01
      vertex   -8.101732e+01 4.180000e+01 3.101732e+01
      vertex   -8.188455e+01 4.180000e+01 3.000192e+01
    endloop
  endfacet
  facet normal 1.266634e-01 -9.874035e-01 -9.481906e-02
    outer loop
      vertex   -8.108097e+01 4.187742e+01 3.026919e+01
      vertex   -8.188455e+01 4.180000e+01 3.000192e+01
      vertex   -8.176896e+01 4.187742e+01 2.935015e+01
    endloop
  endfacet
  facet normal 1.480413e-01 -9.848115e-01 -9.071984e-02
    outer loop
      vertex   -8.176896e+01 4.187742e+01 2.935015e+01
      vertex   -8.188455e+01 4.180000e+01 3.000192e+01
      vertex   -8.258226e+01 4.180000e+01 2.886336e+01
    endloop
  endfacet
  facet normal 1.396015e-01 -9.872693e-01 -7.622820e-02
    outer loop
      vertex   -8.176896e+01 4.187742e+01 2.935015e+01
      vertex   -8.258226e+01 4.180000e+01 2.886336e+01
      vertex   -8.231915e+01 4.187742e+01 2.834255e+01
    endloop
  endfacet
  facet normal 1.592562e-01 -9.850309e-01 -6.596606e-02
    outer loop
      vertex   -8.231915e+01 4.187742e+01 2.834255e+01
      vertex   -8.258226e+01 4.180000e+01 2.886336e+01
      vertex   -8.309328e+01 4.180000e+01 2.762966e+01
    endloop
  endfacet
  facet normal 1.503516e-01 -9.870408e-01 -5.607825e-02
    outer loop
      vertex   -8.231915e+01 4.187742e+01 2.834255e+01
      vertex   -8.309328e+01 4.180000e+01 2.762966e+01
      vertex   -8.272035e+01 4.187742e+01 2.726690e+01
    endloop
  endfacet
  facet normal 1.658248e-01 -9.853513e-01 -3.981102e-02
    outer loop
      vertex   -8.272035e+01 4.187742e+01 2.726690e+01
      vertex   -8.309328e+01 4.180000e+01 2.762966e+01
      vertex   -8.340500e+01 4.180000e+01 2.633122e+01
    endloop
  endfacet
  facet normal 1.587738e-01 -9.867107e-01 -3.453912e-02
    outer loop
      vertex   -8.272035e+01 4.187742e+01 2.726690e+01
      vertex   -8.340500e+01 4.180000e+01 2.633122e+01
      vertex   -8.296438e+01 4.187742e+01 2.614510e+01
    endloop
  endfacet
  facet normal 1.676240e-01 -9.857627e-01 -1.319229e-02
    outer loop
      vertex   -8.296438e+01 4.187742e+01 2.614510e+01
      vertex   -8.340500e+01 4.180000e+01 2.633122e+01
      vertex   -8.350977e+01 4.180000e+01 2.500000e+01
    endloop
  endfacet
  facet normal 1.647347e-01 -9.862675e-01 -1.178206e-02
    outer loop
      vertex   -8.296438e+01 4.187742e+01 2.614510e+01
      vertex   -8.350977e+01 4.180000e+01 2.500000e+01
      vertex   -8.304628e+01 4.187742e+01 2.500000e+01
    endloop
  endfacet
  facet normal 4.016141e-01 -9.153584e-01 -2.872400e-02
    outer loop
      vertex   -8.304628e+01 4.187742e+01 2.500000e+01
      vertex   -8.261596e+01 4.206622e+01 2.500000e+01
      vertex   -8.296438e+01 4.187742e+01 2.614510e+01
    endloop
  endfacet
  facet normal 4.016141e-01 -9.153584e-01 -2.872400e-02
    outer loop
      vertex   -8.296438e+01 4.187742e+01 2.614510e+01
      vertex   -8.261596e+01 4.206622e+01 2.500000e+01
      vertex   -8.253844e+01 4.206622e+01 2.608386e+01
    endloop
  endfacet
  facet normal 3.934384e-01 -9.153584e-01 -8.558728e-02
    outer loop
      vertex   -8.296438e+01 4.187742e+01 2.614510e+01
      vertex   -8.253844e+01 4.206622e+01 2.608386e+01
      vertex   -8.272035e+01 4.187742e+01 2.726690e+01
    endloop
  endfacet
  facet normal 3.934384e-01 -9.153584e-01 -8.558728e-02
    outer loop
      vertex   -8.272035e+01 4.187742e+01 2.726690e+01
      vertex   -8.253844e+01 4.206622e+01 2.608386e+01
      vertex   -8.230746e+01 4.206622e+01 2.714566e+01
    endloop
  endfacet
  facet normal 3.772534e-01 -9.153584e-01 -1.407082e-01
    outer loop
      vertex   -8.272035e+01 4.187742e+01 2.726690e+01
      vertex   -8.230746e+01 4.206622e+01 2.714566e+01
      vertex   -8.231915e+01 4.187742e+01 2.834255e+01
    endloop
  endfacet
  facet normal 3.772534e-01 -9.153584e-01 -1.407082e-01
    outer loop
      vertex   -8.231915e+01 4.187742e+01 2.834255e+01
      vertex   -8.230746e+01 4.206622e+01 2.714566e+01
      vertex   -8.192772e+01 4.206622e+01 2.816378e+01
    endloop
  endfacet
  facet normal 3.533886e-01 -9.153584e-01 -1.929648e-01
    outer loop
      vertex   -8.231915e+01 4.187742e+01 2.834255e+01
      vertex   -8.192772e+01 4.206622e+01 2.816378e+01
      vertex   -8.176896e+01 4.187742e+01 2.935015e+01
    endloop
  endfacet
  facet normal 3.533886e-01 -9.153584e-01 -1.929648e-01
    outer loop
      vertex   -8.176896e+01 4.187742e+01 2.935015e+01
      vertex   -8.192772e+01 4.206622e+01 2.816378e+01
      vertex   -8.140695e+01 4.206622e+01 2.911750e+01
    endloop
  endfacet
  facet normal 3.223299e-01 -9.153584e-01 -2.412931e-01
    outer loop
      vertex   -8.176896e+01 4.187742e+01 2.935015e+01
      vertex   -8.140695e+01 4.206622e+01 2.911750e+01
      vertex   -8.108097e+01 4.187742e+01 3.026919e+01
    endloop
  endfacet
  facet normal 3.223299e-01 -9.153584e-01 -2.412931e-01
    outer loop
      vertex   -8.108097e+01 4.187742e+01 3.026919e+01
      vertex   -8.140695e+01 4.206622e+01 2.911750e+01
      vertex   -8.075576e+01 4.206622e+01 2.998739e+01
    endloop
  endfacet
  facet normal 2.847094e-01 -9.153584e-01 -2.847094e-01
    outer loop
      vertex   -8.108097e+01 4.187742e+01 3.026919e+01
      vertex   -8.075576e+01 4.206622e+01 2.998739e+01
      vertex   -8.026919e+01 4.187742e+01 3.108097e+01
    endloop
  endfacet
  facet normal 2.847094e-01 -9.153584e-01 -2.847094e-01
    outer loop
      vertex   -8.026919e+01 4.187742e+01 3.108097e+01
      vertex   -8.075576e+01 4.206622e+01 2.998739e+01
      vertex   -7.998739e+01 4.206622e+01 3.075576e+01
    endloop
  endfacet
  facet normal 2.412931e-01 -9.153584e-01 -3.223299e-01
    outer loop
      vertex   -8.026919e+01 4.187742e+01 3.108097e+01
      vertex   -7.998739e+01 4.206622e+01 3.075576e+01
      vertex   -7.935015e+01 4.187742e+01 3.176896e+01
    endloop
  endfacet
  facet normal 2.412931e-01 -9.153584e-01 -3.223299e-01
    outer loop
      vertex   -7.935015e+01 4.187742e+01 3.176896e+01
      vertex   -7.998739e+01 4.206622e+01 3.075576e+01
      vertex   -7.911750e+01 4.206622e+01 3.140695e+01
    endloop
  endfacet
  facet normal 1.929648e-01 -9.153584e-01 -3.533886e-01
    outer loop
      vertex   -7.935015e+01 4.187742e+01 3.176896e+01
      vertex   -7.911750e+01 4.206622e+01 3.140695e+01
      vertex   -7.834255e+01 4.187742e+01 3.231915e+01
    endloop
  endfacet
  facet normal 1.929648e-01 -9.153584e-01 -3.533886e-01
    outer loop
      vertex   -7.834255e+01 4.187742e+01 3.231915e+01
      vertex   -7.911750e+01 4.206622e+01 3.140695e+01
      vertex   -7.816378e+01 4.206622e+01 3.192772e+01
    endloop
  endfacet
  facet normal 1.407082e-01 -9.153584e-01 -3.772534e-01
    outer loop
      vertex   -7.834255e+01 4.187742e+01 3.231915e+01
      vertex   -7.816378e+01 4.206622e+01 3.192772e+01
      vertex   -7.726690e+01 4.187742e+01 3.272035e+01
    endloop
  endfacet
  facet normal 1.407082e-01 -9.153584e-01 -3.772534e-01
    outer loop
      vertex   -7.726690e+01 4.187742e+01 3.272035e+01
      vertex   -7.816378e+01 4.206622e+01 3.192772e+01
      vertex   -7.714566e+01 4.206622e+01 3.230746e+01
    endloop
  endfacet
  facet normal 8.558728e-02 -9.153584e-01 -3.934384e-01
    outer loop
      vertex   -7.726690e+01 4.187742e+01 3.272035e+01
      vertex   -7.714566e+01 4.206622e+01 3.230746e+01
      vertex   -7.614510e+01 4.187742e+01 3.296438e+01
    endloop
  endfacet
  facet normal 8.558728e-02 -9.153584e-01 -3.934384e-01
    outer loop
      vertex   -7.614510e+01 4.187742e+01 3.296438e+01
      vertex   -7.714566e+01 4.206622e+01 3.230746e+01
      vertex   -7.608386e+01 4.206622e+01 3.253844e+01
    endloop
  endfacet
  facet normal 2.872400e-02 -9.153584e-01 -4.016141e-01
    outer loop
      vertex   -7.614510e+01 4.187742e+01 3.296438e+01
      vertex   -7.608386e+01 4.206622e+01 3.253844e+01
      vertex   -7.500000e+01 4.187742e+01 3.304628e+01
    endloop
  endfacet
  facet normal 2.872400e-02 -9.153584e-01 -4.016141e-01
    outer loop
      vertex   -7.500000e+01 4.187742e+01 3.304628e+01
      vertex   -7.608386e+01 4.206622e+01 3.253844e+01
      vertex   -7.500000e+01 4.206622e+01 3.261596e+01
    endloop
  endfacet
  facet normal 4.388876e-02 -7.883613e-01 -6.136451e-01
    outer loop
      vertex   -7.500000e+01 4.206622e+01 3.261596e+01
      vertex   -7.608386e+01 4.206622e+01 3.253844e+01
      vertex   -7.500000e+01 4.235486e+01 3.224514e+01
    endloop
  endfacet
  facet normal 5.213749e-02 -8.013389e-01 -5.959342e-01
    outer loop
      vertex   -7.500000e+01 4.235486e+01 3.224514e+01
      vertex   -7.608386e+01 4.206622e+01 3.253844e+01
      vertex   -7.625811e+01 4.235486e+01 3.213507e+01
    endloop
  endfacet
  facet normal 1.336188e-01 -7.777278e-01 -6.142357e-01
    outer loop
      vertex   -7.625811e+01 4.235486e+01 3.213507e+01
      vertex   -7.608386e+01 4.206622e+01 3.253844e+01
      vertex   -7.714566e+01 4.206622e+01 3.230746e+01
    endloop
  endfacet
  facet normal 1.523922e-01 -8.082801e-01 -5.687353e-01
    outer loop
      vertex   -7.625811e+01 4.235486e+01 3.213507e+01
      vertex   -7.714566e+01 4.206622e+01 3.230746e+01
      vertex   -7.747798e+01 4.235486e+01 3.180820e+01
    endloop
  endfacet
  facet normal 2.217219e-01 -7.729536e-01 -5.944595e-01
    outer loop
      vertex   -7.747798e+01 4.235486e+01 3.180820e+01
      vertex   -7.714566e+01 4.206622e+01 3.230746e+01
      vertex   -7.816378e+01 4.206622e+01 3.192772e+01
    endloop
  endfacet
  facet normal 2.480521e-01 -8.096296e-01 -5.319494e-01
    outer loop
      vertex   -7.747798e+01 4.235486e+01 3.180820e+01
      vertex   -7.816378e+01 4.206622e+01 3.192772e+01
      vertex   -7.862257e+01 4.235486e+01 3.127447e+01
    endloop
  endfacet
  facet normal 3.031252e-01 -7.745599e-01 -5.551324e-01
    outer loop
      vertex   -7.862257e+01 4.235486e+01 3.127447e+01
      vertex   -7.816378e+01 4.206622e+01 3.192772e+01
      vertex   -7.911750e+01 4.206622e+01 3.140695e+01
    endloop
  endfacet
  facet normal 3.398656e-01 -8.055429e-01 -4.853783e-01
    outer loop
      vertex   -7.862257e+01 4.235486e+01 3.127447e+01
      vertex   -7.911750e+01 4.206622e+01 3.140695e+01
      vertex   -7.965709e+01 4.235486e+01 3.055010e+01
    endloop
  endfacet
  facet normal 3.732385e-01 -7.823700e-01 -4.985882e-01
    outer loop
      vertex   -7.965709e+01 4.235486e+01 3.055010e+01
      vertex   -7.911750e+01 4.206622e+01 3.140695e+01
      vertex   -7.998739e+01 4.206622e+01 3.075576e+01
    endloop
  endfacet
  facet normal 4.284324e-01 -7.955447e-01 -4.284324e-01
    outer loop
      vertex   -7.965709e+01 4.235486e+01 3.055010e+01
      vertex   -7.998739e+01 4.206622e+01 3.075576e+01
      vertex   -8.075576e+01 4.206622e+01 2.998739e+01
    endloop
  endfacet
  facet normal 6.136451e-01 -7.883613e-01 -4.388876e-02
    outer loop
      vertex   -8.261596e+01 4.206622e+01 2.500000e+01
      vertex   -8.224514e+01 4.235486e+01 2.500000e+01
      vertex   -8.253844e+01 4.206622e+01 2.608386e+01
    endloop
  endfacet
  facet normal 5.959342e-01 -8.013389e-01 -5.213749e-02
    outer loop
      vertex   -8.253844e+01 4.206622e+01 2.608386e+01
      vertex   -8.224514e+01 4.235486e+01 2.500000e+01
      vertex   -8.213507e+01 4.235486e+01 2.625811e+01
    endloop
  endfacet
  facet normal 6.142357e-01 -7.777278e-01 -1.336188e-01
    outer loop
      vertex   -8.253844e+01 4.206622e+01 2.608386e+01
      vertex   -8.213507e+01 4.235486e+01 2.625811e+01
      vertex   -8.230746e+01 4.206622e+01 2.714566e+01
    endloop
  endfacet
  facet normal 5.687353e-01 -8.082801e-01 -1.523922e-01
    outer loop
      vertex   -8.230746e+01 4.206622e+01 2.714566e+01
      vertex   -8.213507e+01 4.235486e+01 2.625811e+01
      vertex   -8.180820e+01 4.235486e+01 2.747798e+01
    endloop
  endfacet
  facet normal 5.944595e-01 -7.729536e-01 -2.217219e-01
    outer loop
      vertex   -8.230746e+01 4.206622e+01 2.714566e+01
      vertex   -8.180820e+01 4.235486e+01 2.747798e+01
      vertex   -8.192772e+01 4.206622e+01 2.816378e+01
    endloop
  endfacet
  facet normal 5.319494e-01 -8.096296e-01 -2.480521e-01
    outer loop
      vertex   -8.192772e+01 4.206622e+01 2.816378e+01
      vertex   -8.180820e+01 4.235486e+01 2.747798e+01
      vertex   -8.127447e+01 4.235486e+01 2.862257e+01
    endloop
  endfacet
  facet normal 5.551324e-01 -7.745599e-01 -3.031252e-01
    outer loop
      vertex   -8.192772e+01 4.206622e+01 2.816378e+01
      vertex   -8.127447e+01 4.235486e+01 2.862257e+01
      vertex   -8.140695e+01 4.206622e+01 2.911750e+01
    endloop
  endfacet
  facet normal 4.853783e-01 -8.055429e-01 -3.398656e-01
    outer loop
      vertex   -8.140695e+01 4.206622e+01 2.911750e+01
      vertex   -8.127447e+01 4.235486e+01 2.862257e+01
      vertex   -8.055010e+01 4.235486e+01 2.965709e+01
    endloop
  endfacet
  facet normal 4.985882e-01 -7.823700e-01 -3.732385e-01
    outer loop
      vertex   -8.140695e+01 4.206622e+01 2.911750e+01
      vertex   -8.055010e+01 4.235486e+01 2.965709e+01
      vertex   -8.075576e+01 4.206622e+01 2.998739e+01
    endloop
  endfacet
  facet normal 4.284324e-01 -7.955447e-01 -4.284324e-01
    outer loop
      vertex   -8.075576e+01 4.206622e+01 2.998739e+01
      vertex   -8.055010e+01 4.235486e+01 2.965709e+01
      vertex   -7.965709e+01 4.235486e+01 3.055010e+01
    endloop
  endfacet
  facet normal -6.174579e-02 -7.057576e-01 -7.057576e-01
    outer loop
      vertex   7.500000e+01 4.235486e+01 3.224514e+01
      vertex   7.500000e+01 4.275899e+01 3.184101e+01
      vertex   7.625811e+01 4.235486e+01 3.213507e+01
    endloop
  endfacet
  facet normal -6.174579e-02 -7.057576e-01 -7.057576e-01
    outer loop
      vertex   7.625811e+01 4.235486e+01 3.213507e+01
      vertex   7.500000e+01 4.275899e+01 3.184101e+01
      vertex   7.618793e+01 4.275899e+01 3.173708e+01
    endloop
  endfacet
  facet normal -1.833612e-01 -7.057576e-01 -6.843135e-01
    outer loop
      vertex   7.625811e+01 4.235486e+01 3.213507e+01
      vertex   7.618793e+01 4.275899e+01 3.173708e+01
      vertex   7.747798e+01 4.235486e+01 3.180820e+01
    endloop
  endfacet
  facet normal -1.833612e-01 -7.057576e-01 -6.843135e-01
    outer loop
      vertex   7.747798e+01 4.235486e+01 3.180820e+01
      vertex   7.618793e+01 4.275899e+01 3.173708e+01
      vertex   7.733976e+01 4.275899e+01 3.142845e+01
    endloop
  endfacet
  facet normal -2.994054e-01 -7.057576e-01 -6.420769e-01
    outer loop
      vertex   7.747798e+01 4.235486e+01 3.180820e+01
      vertex   7.733976e+01 4.275899e+01 3.142845e+01
      vertex   7.862257e+01 4.235486e+01 3.127447e+01
    endloop
  endfacet
  facet normal -2.994054e-01 -7.057576e-01 -6.420769e-01
    outer loop
      vertex   7.862257e+01 4.235486e+01 3.127447e+01
      vertex   7.733976e+01 4.275899e+01 3.142845e+01
      vertex   7.842051e+01 4.275899e+01 3.092449e+01
    endloop
  endfacet
  facet normal -4.063522e-01 -7.057576e-01 -5.803311e-01
    outer loop
      vertex   7.862257e+01 4.235486e+01 3.127447e+01
      vertex   7.842051e+01 4.275899e+01 3.092449e+01
      vertex   7.965709e+01 4.235486e+01 3.055010e+01
    endloop
  endfacet
  facet normal -4.063522e-01 -7.057576e-01 -5.803311e-01
    outer loop
      vertex   7.965709e+01 4.235486e+01 3.055010e+01
      vertex   7.842051e+01 4.275899e+01 3.092449e+01
      vertex   7.939732e+01 4.275899e+01 3.024052e+01
    endloop
  endfacet
  facet normal -5.009522e-01 -7.057576e-01 -5.009522e-01
    outer loop
      vertex   7.965709e+01 4.235486e+01 3.055010e+01
      vertex   7.939732e+01 4.275899e+01 3.024052e+01
      vertex   8.055010e+01 4.235486e+01 2.965709e+01
    endloop
  endfacet
  facet normal -5.009522e-01 -7.057576e-01 -5.009522e-01
    outer loop
      vertex   8.055010e+01 4.235486e+01 2.965709e+01
      vertex   7.939732e+01 4.275899e+01 3.024052e+01
      vertex   8.024052e+01 4.275899e+01 2.939732e+01
    endloop
  endfacet
  facet normal -5.803311e-01 -7.057576e-01 -4.063522e-01
    outer loop
      vertex   8.055010e+01 4.235486e+01 2.965709e+01
      vertex   8.024052e+01 4.275899e+01 2.939732e+01
      vertex   8.127447e+01 4.235486e+01 2.862257e+01
    endloop
  endfacet
  facet normal -5.803311e-01 -7.057576e-01 -4.063522e-01
    outer loop
      vertex   8.127447e+01 4.235486e+01 2.862257e+01
      vertex   8.024052e+01 4.275899e+01 2.939732e+01
      vertex   8.092449e+01 4.275899e+01 2.842051e+01
    endloop
  endfacet
  facet normal -6.420769e-01 -7.057576e-01 -2.994054e-01
    outer loop
      vertex   8.127447e+01 4.235486e+01 2.862257e+01
      vertex   8.092449e+01 4.275899e+01 2.842051e+01
      vertex   8.180820e+01 4.235486e+01 2.747798e+01
    endloop
  endfacet
  facet normal -6.420769e-01 -7.057576e-01 -2.994054e-01
    outer loop
      vertex   8.180820e+01 4.235486e+01 2.747798e+01
      vertex   8.092449e+01 4.275899e+01 2.842051e+01
      vertex   8.142845e+01 4.275899e+01 2.733976e+01
    endloop
  endfacet
  facet normal -6.843135e-01 -7.057576e-01 -1.833612e-01
    outer loop
      vertex   8.180820e+01 4.235486e+01 2.747798e+01
      vertex   8.142845e+01 4.275899e+01 2.733976e+01
      vertex   8.213507e+01 4.235486e+01 2.625811e+01
    endloop
  endfacet
  facet normal -6.843135e-01 -7.057576e-01 -1.833612e-01
    outer loop
      vertex   8.213507e+01 4.235486e+01 2.625811e+01
      vertex   8.142845e+01 4.275899e+01 2.733976e+01
      vertex   8.173708e+01 4.275899e+01 2.618793e+01
    endloop
  endfacet
  facet normal -7.057576e-01 -7.057576e-01 -6.174579e-02
    outer loop
      vertex   8.213507e+01 4.235486e+01 2.625811e+01
      vertex   8.173708e+01 4.275899e+01 2.618793e+01
      vertex   8.224514e+01 4.235486e+01 2.500000e+01
    endloop
  endfacet
  facet normal -7.057576e-01 -7.057576e-01 -6.174579e-02
    outer loop
      vertex   8.224514e+01 4.235486e+01 2.500000e+01
      vertex   8.173708e+01 4.275899e+01 2.618793e+01
      vertex   8.184101e+01 4.275899e+01 2.500000e+01
    endloop
  endfacet
  facet normal -4.736952e-17 -1.771478e-31 -1.000000e+00
    outer loop
      vertex   -7.500000e+01 3.800000e+01 3.400000e+01
      vertex   -7.500000e+01 4.180000e+01 3.400000e+01
      vertex   7.500000e+01 3.800000e+01 3.400000e+01
    endloop
  endfacet
  facet normal -4.736952e-17 0.000000e+00 -1.000000e+00
    outer loop
      vertex   7.500000e+01 3.800000e+01 3.400000e+01
      vertex   -7.500000e+01 4.180000e+01 3.400000e+01
      vertex   7.500000e+01 4.180000e+01 3.400000e+01
    endloop
  endfacet
  facet normal -7.845910e-02 0.000000e+00 -9.969173e-01
    outer loop
      vertex   7.500000e+01 3.800000e+01 3.400000e+01
      vertex   7.500000e+01 4.180000e+01 3.400000e+01
      vertex   7.640791e+01 3.800000e+01 3.388919e+01
    endloop
  endfacet
  facet normal -7.845910e-02 0.000000e+00 -9.969173e-01
    outer loop
      vertex   7.640791e+01 3.800000e+01 3.388919e+01
      vertex   7.500000e+01 4.180000e+01 3.400000e+01
      vertex   7.640791e+01 4.180000e+01 3.388919e+01
    endloop
  endfacet
  facet normal -2.334454e-01 0.000000e+00 -9.723699e-01
    outer loop
      vertex   7.640791e+01 3.800000e+01 3.388919e+01
      vertex   7.640791e+01 4.180000e+01 3.388919e+01
      vertex   7.778115e+01 3.800000e+01 3.355951e+01
    endloop
  endfacet
  facet normal -2.334454e-01 0.000000e+00 -9.723699e-01
    outer loop
      vertex   7.778115e+01 3.800000e+01 3.355951e+01
      vertex   7.640791e+01 4.180000e+01 3.388919e+01
      vertex   7.778115e+01 4.180000e+01 3.355951e+01
    endloop
  endfacet
  facet normal -3.826834e-01 0.000000e+00 -9.238795e-01
    outer loop
      vertex   7.778115e+01 3.800000e+01 3.355951e+01
      vertex   7.778115e+01 4.180000e+01 3.355951e+01
      vertex   7.908591e+01 3.800000e+01 3.301906e+01
    endloop
  endfacet
  facet normal -3.826834e-01 0.000000e+00 -9.238795e-01
    outer loop
      vertex   7.908591e+01 3.800000e+01 3.301906e+01
      vertex   7.778115e+01 4.180000e+01 3.355951e+01
      vertex   7.908591e+01 4.180000e+01 3.301906e+01
    endloop
  endfacet
  facet normal -5.224986e-01 0.000000e+00 -8.526402e-01
    outer loop
      vertex   7.908591e+01 3.800000e+01 3.301906e+01
      vertex   7.908591e+01 4.180000e+01 3.301906e+01
      vertex   8.029007e+01 3.800000e+01 3.228115e+01
    endloop
  endfacet
  facet normal -5.224986e-01 0.000000e+00 -8.526402e-01
    outer loop
      vertex   8.029007e+01 3.800000e+01 3.228115e+01
      vertex   7.908591e+01 4.180000e+01 3.301906e+01
      vertex   8.029007e+01 4.180000e+01 3.228115e+01
    endloop
  endfacet
  facet normal -6.494480e-01 0.000000e+00 -7.604060e-01
    outer loop
      vertex   8.029007e+01 3.800000e+01 3.228115e+01
      vertex   8.029007e+01 4.180000e+01 3.228115e+01
      vertex   8.136396e+01 3.800000e+01 3.136396e+01
    endloop
  endfacet
  facet normal -6.494480e-01 0.000000e+00 -7.604060e-01
    outer loop
      vertex   8.136396e+01 3.800000e+01 3.136396e+01
      vertex   8.029007e+01 4.180000e+01 3.228115e+01
      vertex   8.136396e+01 4.180000e+01 3.136396e+01
    endloop
  endfacet
  facet normal -7.604060e-01 0.000000e+00 -6.494480e-01
    outer loop
      vertex   8.136396e+01 3.800000e+01 3.136396e+01
      vertex   8.136396e+01 4.180000e+01 3.136396e+01
      vertex   8.228115e+01 3.800000e+01 3.029007e+01
    endloop
  endfacet
  facet normal -7.604060e-01 0.000000e+00 -6.494480e-01
    outer loop
      vertex   8.228115e+01 3.800000e+01 3.029007e+01
      vertex   8.136396e+01 4.180000e+01 3.136396e+01
      vertex   8.228115e+01 4.180000e+01 3.029007e+01
    endloop
  endfacet
  facet normal -8.526402e-01 0.000000e+00 -5.224986e-01
    outer loop
      vertex   8.228115e+01 3.800000e+01 3.029007e+01
      vertex   8.228115e+01 4.180000e+01 3.029007e+01
      vertex   8.301906e+01 3.800000e+01 2.908591e+01
    endloop
  endfacet
  facet normal -8.526402e-01 0.000000e+00 -5.224986e-01
    outer loop
      vertex   8.301906e+01 3.800000e+01 2.908591e+01
      vertex   8.228115e+01 4.180000e+01 3.029007e+01
      vertex   8.301906e+01 4.180000e+01 2.908591e+01
    endloop
  endfacet
  facet normal -9.238795e-01 0.000000e+00 -3.826834e-01
    outer loop
      vertex   8.301906e+01 3.800000e+01 2.908591e+01
      vertex   8.301906e+01 4.180000e+01 2.908591e+01
      vertex   8.355951e+01 3.800000e+01 2.778115e+01
    endloop
  endfacet
  facet normal -9.238795e-01 0.000000e+00 -3.826834e-01
    outer loop
      vertex   8.355951e+01 3.800000e+01 2.778115e+01
      vertex   8.301906e+01 4.180000e+01 2.908591e+01
      vertex   8.355951e+01 4.180000e+01 2.778115e+01
    endloop
  endfacet
  facet normal -9.723699e-01 0.000000e+00 -2.334454e-01
    outer loop
      vertex   8.355951e+01 3.800000e+01 2.778115e+01
      vertex   8.355951e+01 4.180000e+01 2.778115e+01
      vertex   8.388919e+01 3.800000e+01 2.640791e+01
    endloop
  endfacet
  facet normal -9.723699e-01 0.000000e+00 -2.334454e-01
    outer loop
      vertex   8.388919e+01 3.800000e+01 2.640791e+01
      vertex   8.355951e+01 4.180000e+01 2.778115e+01
      vertex   8.388919e+01 4.180000e+01 2.640791e+01
    endloop
  endfacet
  facet normal -9.969173e-01 0.000000e+00 -7.845910e-02
    outer loop
      vertex   8.388919e+01 3.800000e+01 2.640791e+01
      vertex   8.388919e+01 4.180000e+01 2.640791e+01
      vertex   8.400000e+01 3.800000e+01 2.500000e+01
    endloop
  endfacet
  facet normal -9.969173e-01 0.000000e+00 -7.845910e-02
    outer loop
      vertex   8.400000e+01 3.800000e+01 2.500000e+01
      vertex   8.388919e+01 4.180000e+01 2.640791e+01
      vertex   8.400000e+01 4.180000e+01 2.500000e+01
    endloop
  endfacet
  facet normal -1.000000e+00 0.000000e+00 0.000000e+00
    outer loop
      vertex   8.400000e+01 3.800000e+01 2.500000e+01
      vertex   8.400000e+01 4.180000e+01 2.500000e+01
      vertex   8.400000e+01 3.800000e+01 -2.500000e+01
    endloop
  endfacet
  facet normal -1.000000e+00 0.000000e+00 0.000000e+00
    outer loop
      vertex   8.400000e+01 3.800000e+01 -2.500000e+01
      vertex   8.400000e+01 4.180000e+01 2.500000e+01
      vertex   8.400000e+01 4.180000e+01 -2.500000e+01
    endloop
  endfacet
  facet normal -9.969173e-01 -7.335336e-17 7.845910e-02
    outer loop
      vertex   8.400000e+01 3.800000e+01 -2.500000e+01
      vertex   8.400000e+01 4.180000e+01 -2.500000e+01
      vertex   8.388919e+01 3.800000e+01 -2.640791e+01
    endloop
  endfacet
  facet normal -9.969173e-01 -7.335336e-17 7.845910e-02
    outer loop
      vertex   8.388919e+01 3.800000e+01 -2.640791e+01
      vertex   8.400000e+01 4.180000e+01 -2.500000e+01
      vertex   8.388919e+01 4.180000e+01 -2.640791e+01
    endloop
  endfacet
  facet normal -9.723699e-01 -2.182539e-16 2.334454e-01
    outer loop
      vertex   8.388919e+01 3.800000e+01 -2.640791e+01
      vertex   8.388919e+01 4.180000e+01 -2.640791e+01
      vertex   8.355951e+01 3.800000e+01 -2.778115e+01
    endloop
  endfacet
  facet normal -9.723699e-01 -2.182539e-16 2.334454e-01
    outer loop
      vertex   8.355951e+01 3.800000e+01 -2.778115e+01
      vertex   8.388919e+01 4.180000e+01 -2.640791e+01
      vertex   8.355951e+01 4.180000e+01 -2.778115e+01
    endloop
  endfacet
  facet normal -9.238795e-01 -3.577803e-16 3.826834e-01
    outer loop
      vertex   8.355951e+01 3.800000e+01 -2.778115e+01
      vertex   8.355951e+01 4.180000e+01 -2.778115e+01
      vertex   8.301906e+01 3.800000e+01 -2.908591e+01
    endloop
  endfacet
  facet normal -9.238795e-01 -3.577803e-16 3.826834e-01
    outer loop
      vertex   8.301906e+01 3.800000e+01 -2.908591e+01
      vertex   8.355951e+01 4.180000e+01 -2.778115e+01
      vertex   8.301906e+01 4.180000e+01 -2.908591e+01
    endloop
  endfacet
  facet normal -8.526402e-01 -4.884969e-16 5.224986e-01
    outer loop
      vertex   8.301906e+01 3.800000e+01 -2.908591e+01
      vertex   8.301906e+01 4.180000e+01 -2.908591e+01
      vertex   8.228115e+01 3.800000e+01 -3.029007e+01
    endloop
  endfacet
  facet normal -8.526402e-01 -4.884969e-16 5.224986e-01
    outer loop
      vertex   8.228115e+01 3.800000e+01 -3.029007e+01
      vertex   8.301906e+01 4.180000e+01 -2.908591e+01
      vertex   8.228115e+01 4.180000e+01 -3.029007e+01
    endloop
  endfacet
  facet normal -7.604060e-01 -6.071851e-16 6.494480e-01
    outer loop
      vertex   8.228115e+01 3.800000e+01 -3.029007e+01
      vertex   8.228115e+01 4.180000e+01 -3.029007e+01
      vertex   8.136396e+01 3.800000e+01 -3.136396e+01
    endloop
  endfacet
  facet normal -7.604060e-01 0.000000e+00 6.494480e-01
    outer loop
      vertex   8.136396e+01 3.800000e+01 -3.136396e+01
      vertex   8.228115e+01 4.180000e+01 -3.029007e+01
      vertex   8.136396e+01 4.180000e+01 -3.136396e+01
    endloop
  endfacet
  facet normal -6.494480e-01 0.000000e+00 7.604060e-01
    outer loop
      vertex   8.136396e+01 3.800000e+01 -3.136396e+01
      vertex   8.136396e+01 4.180000e+01 -3.136396e+01
      vertex   8.029007e+01 3.800000e+01 -3.228115e+01
    endloop
  endfacet
  facet normal -6.494480e-01 0.000000e+00 7.604060e-01
    outer loop
      vertex   8.029007e+01 3.800000e+01 -3.228115e+01
      vertex   8.136396e+01 4.180000e+01 -3.136396e+01
      vertex   8.029007e+01 4.180000e+01 -3.228115e+01
    endloop
  endfacet
  facet normal -5.224986e-01 0.000000e+00 8.526402e-01
    outer loop
      vertex   8.029007e+01 3.800000e+01 -3.228115e+01
      vertex   8.029007e+01 4.180000e+01 -3.228115e+01
      vertex   7.908591e+01 3.800000e+01 -3.301906e+01
    endloop
  endfacet
  facet normal -5.224986e-01 0.000000e+00 8.526402e-01
    outer loop
      vertex   7.908591e+01 3.800000e+01 -3.301906e+01
      vertex   8.029007e+01 4.180000e+01 -3.228115e+01
      vertex   7.908591e+01 4.180000e+01 -3.301906e+01
    endloop
  endfacet
  facet normal -3.826834e-01 0.000000e+00 9.238795e-01
    outer loop
      vertex   7.908591e+01 3.800000e+01 -3.301906e+01
      vertex   7.908591e+01 4.180000e+01 -3.301906e+01
      vertex   7.778115e+01 3.800000e+01 -3.355951e+01
    endloop
  endfacet
  facet normal -3.826834e-01 0.000000e+00 9.238795e-01
    outer loop
      vertex   7.778115e+01 3.800000e+01 -3.355951e+01
      vertex   7.908591e+01 4.180000e+01 -3.301906e+01
      vertex   7.778115e+01 4.180000e+01 -3.355951e+01
    endloop
  endfacet
  facet normal -2.334454e-01 0.000000e+00 9.723699e-01
    outer loop
      vertex   7.778115e+01 3.800000e+01 -3.355951e+01
      vertex   7.778115e+01 4.180000e+01 -3.355951e+01
      vertex   7.640791e+01 3.800000e+01 -3.388919e+01
    endloop
  endfacet
  facet normal -2.334454e-01 0.000000e+00 9.723699e-01
    outer loop
      vertex   7.640791e+01 3.800000e+01 -3.388919e+01
      vertex   7.778115e+01 4.180000e+01 -3.355951e+01
      vertex   7.640791e+01 4.180000e+01 -3.388919e+01
    endloop
  endfacet
  facet normal -7.845910e-02 0.000000e+00 9.969173e-01
    outer loop
      vertex   7.640791e+01 3.800000e+01 -3.388919e+01
      vertex   7.640791e+01 4.180000e+01 -3.388919e+01
      vertex   7.500000e+01 3.800000e+01 -3.400000e+01
    endloop
  endfacet
  facet normal -7.845910e-02 -1.864086e-15 9.969173e-01
    outer loop
      vertex   7.500000e+01 3.800000e+01 -3.400000e+01
      vertex   7.640791e+01 4.180000e+01 -3.388919e+01
      vertex   7.500000e+01 4.180000e+01 -3.400000e+01
    endloop
  endfacet
  facet normal 1.000000e+00 0.000000e+00 0.000000e+00
    outer loop
      vertex   -8.400000e+01 3.800000e+01 -2.500000e+01
      vertex   -8.400000e+01 4.180000e+01 -2.500000e+01
      vertex   -8.400000e+01 3.800000e+01 2.500000e+01
    endloop
  endfacet
  facet normal 1.000000e+00 -0.000000e+00 0.000000e+00
    outer loop
      vertex   -8.400000e+01 3.800000e+01 2.500000e+01
      vertex   -8.400000e+01 4.180000e+01 -2.500000e+01
      vertex   -8.400000e+01 4.180000e+01 2.500000e+01
    endloop
  endfacet
  facet normal 7.845910e-02 -0.000000e+00 9.969173e-01
    outer loop
      vertex   -7.500000e+01 3.800000e+01 -3.400000e+01
      vertex   -7.500000e+01 4.180000e+01 -3.400000e+01
      vertex   -7.640791e+01 3.800000e+01 -3.388919e+01
    endloop
  endfacet
  facet normal 7.845910e-02 -0.000000e+00 9.969173e-01
    outer loop
      vertex   -7.640791e+01 3.800000e+01 -3.388919e+01
      vertex   -7.500000e+01 4.180000e+01 -3.400000e+01
      vertex   -7.640791e+01 4.180000e+01 -3.388919e+01
    endloop
  endfacet
  facet normal 2.334454e-01 -0.000000e+00 9.723699e-01
    outer loop
      vertex   -7.640791e+01 3.800000e+01 -3.388919e+01
      vertex   -7.640791e+01 4.180000e+01 -3.388919e+01
      vertex   -7.778115e+01 3.800000e+01 -3.355951e+01
    endloop
  endfacet
  facet normal 2.334454e-01 -0.000000e+00 9.723699e-01
    outer loop
      vertex   -7.778115e+01 3.800000e+01 -3.355951e+01
      vertex   -7.640791e+01 4.180000e+01 -3.388919e+01
      vertex   -7.778115e+01 4.180000e+01 -3.355951e+01
    endloop
  endfacet
  facet normal 3.826834e-01 -0.000000e+00 9.238795e-01
    outer loop
      vertex   -7.778115e+01 3.800000e+01 -3.355951e+01
      vertex   -7.778115e+01 4.180000e+01 -3.355951e+01
      vertex   -7.908591e+01 3.800000e+01 -3.301906e+01
    endloop
  endfacet
  facet normal 3.826834e-01 -2.963949e-16 9.238795e-01
    outer loop
      vertex   -7.908591e+01 3.800000e+01 -3.301906e+01
      vertex   -7.778115e+01 4.180000e+01 -3.355951e+01
      vertex   -7.908591e+01 4.180000e+01 -3.301906e+01
    endloop
  endfacet
  facet normal 5.224986e-01 3.596786e-16 8.526402e-01
    outer loop
      vertex   -7.908591e+01 3.800000e+01 -3.301906e+01
      vertex   -7.908591e+01 4.180000e+01 -3.301906e+01
      vertex   -8.029007e+01 3.800000e+01 -3.228115e+01
    endloop
  endfacet
  facet normal 5.224986e-01 -3.188618e-15 8.526402e-01
    outer loop
      vertex   -8.029007e+01 3.800000e+01 -3.228115e+01
      vertex   -7.908591e+01 4.180000e+01 -3.301906e+01
      vertex   -8.029007e+01 4.180000e+01 -3.228115e+01
    endloop
  endfacet
  facet normal 6.494480e-01 -2.843690e-15 7.604060e-01
    outer loop
      vertex   -8.029007e+01 3.800000e+01 -3.228115e+01
      vertex   -8.029007e+01 4.180000e+01 -3.228115e+01
      vertex   -8.136396e+01 3.800000e+01 -3.136396e+01
    endloop
  endfacet
  facet normal 6.494480e-01 -1.421845e-15 7.604060e-01
    outer loop
      vertex   -8.136396e+01 3.800000e+01 -3.136396e+01
      vertex   -8.029007e+01 4.180000e+01 -3.228115e+01
      vertex   -8.136396e+01 4.180000e+01 -3.136396e+01
    endloop
  endfacet
  facet normal 7.604060e-01 -1.214370e-15 6.494480e-01
    outer loop
      vertex   -8.136396e+01 3.800000e+01 -3.136396e+01
      vertex   -8.136396e+01 4.180000e+01 -3.136396e+01
      vertex   -8.228115e+01 3.800000e+01 -3.029007e+01
    endloop
  endfacet
  facet normal 7.604060e-01 -6.071851e-16 6.494480e-01
    outer loop
      vertex   -8.228115e+01 3.800000e+01 -3.029007e+01
      vertex   -8.136396e+01 4.180000e+01 -3.136396e+01
      vertex   -8.228115e+01 4.180000e+01 -3.029007e+01
    endloop
  endfacet
  facet normal 8.526402e-01 -4.884969e-16 5.224986e-01
    outer loop
      vertex   -8.228115e+01 3.800000e+01 -3.029007e+01
      vertex   -8.228115e+01 4.180000e+01 -3.029007e+01
      vertex   -8.301906e+01 3.800000e+01 -2.908591e+01
    endloop
  endfacet
  facet normal 8.526402e-01 -4.884969e-16 5.224986e-01
    outer loop
      vertex   -8.301906e+01 3.800000e+01 -2.908591e+01
      vertex   -8.228115e+01 4.180000e+01 -3.029007e+01
      vertex   -8.301906e+01 4.180000e+01 -2.908591e+01
    endloop
  endfacet
  facet normal 9.238795e-01 -3.577803e-16 3.826834e-01
    outer loop
      vertex   -8.301906e+01 3.800000e+01 -2.908591e+01
      vertex   -8.301906e+01 4.180000e+01 -2.908591e+01
      vertex   -8.355951e+01 3.800000e+01 -2.778115e+01
    endloop
  endfacet
  facet normal 9.238795e-01 -3.577803e-16 3.826834e-01
    outer loop
      vertex   -8.355951e+01 3.800000e+01 -2.778115e+01
      vertex   -8.301906e+01 4.180000e+01 -2.908591e+01
      vertex   -8.355951e+01 4.180000e+01 -2.778115e+01
    endloop
  endfacet
  facet normal 9.723699e-01 -2.182539e-16 2.334454e-01
    outer loop
      vertex   -8.355951e+01 3.800000e+01 -2.778115e+01
      vertex   -8.355951e+01 4.180000e+01 -2.778115e+01
      vertex   -8.388919e+01 3.800000e+01 -2.640791e+01
    endloop
  endfacet
  facet normal 9.723699e-01 -2.182539e-16 2.334454e-01
    outer loop
      vertex   -8.388919e+01 3.800000e+01 -2.640791e+01
      vertex   -8.355951e+01 4.180000e+01 -2.778115e+01
      vertex   -8.388919e+01 4.180000e+01 -2.640791e+01
    endloop
  endfacet
  facet normal 9.969173e-01 -7.335336e-17 7.845910e-02
    outer loop
      vertex   -8.388919e+01 3.800000e+01 -2.640791e+01
      vertex   -8.388919e+01 4.180000e+01 -2.640791e+01
      vertex   -8.400000e+01 3.800000e+01 -2.500000e+01
    endloop
  endfacet
  facet normal 9.969173e-01 -7.335336e-17 7.845910e-02
    outer loop
      vertex   -8.400000e+01 3.800000e+01 -2.500000e+01
      vertex   -8.388919e+01 4.180000e+01 -2.640791e+01
      vertex   -8.400000e+01 4.180000e+01 -2.500000e+01
    endloop
  endfacet
  facet normal 9.473903e-17 -1.869850e-15 1.000000e+00
    outer loop
      vertex   7.500000e+01 3.800000e+01 -3.400000e+01
      vertex   7.500000e+01 4.180000e+01 -3.400000e+01
      vertex   -7.500000e+01 3.800000e+01 -3.400000e+01
    endloop
  endfacet
  facet normal 4.736952e-17 -0.000000e+00 1.000000e+00
    outer loop
      vertex   -7.500000e+01 3.800000e+01 -3.400000e+01
      vertex   7.500000e+01 4.180000e+01 -3.400000e+01
      vertex   -7.500000e+01 4.180000e+01 -3.400000e+01
    endloop
  endfacet
  facet normal 9.969173e-01 0.000000e+00 -7.845910e-02
    outer loop
      vertex   -8.400000e+01 3.800000e+01 2.500000e+01
      vertex   -8.400000e+01 4.180000e+01 2.500000e+01
      vertex   -8.388919e+01 3.800000e+01 2.640791e+01
    endloop
  endfacet
  facet normal 9.969173e-01 0.000000e+00 -7.845910e-02
    outer loop
      vertex   -8.388919e+01 3.800000e+01 2.640791e+01
      vertex   -8.400000e+01 4.180000e+01 2.500000e+01
      vertex   -8.388919e+01 4.180000e+01 2.640791e+01
    endloop
  endfacet
  facet normal 9.723699e-01 0.000000e+00 -2.334454e-01
    outer loop
      vertex   -8.388919e+01 3.800000e+01 2.640791e+01
      vertex   -8.388919e+01 4.180000e+01 2.640791e+01
      vertex   -8.355951e+01 3.800000e+01 2.778115e+01
    endloop
  endfacet
  facet normal 9.723699e-01 0.000000e+00 -2.334454e-01
    outer loop
      vertex   -8.355951e+01 3.800000e+01 2.778115e+01
      vertex   -8.388919e+01 4.180000e+01 2.640791e+01
      vertex   -8.355951e+01 4.180000e+01 2.778115e+01
    endloop
  endfacet
  facet normal 9.238795e-01 0.000000e+00 -3.826834e-01
    outer loop
      vertex   -8.355951e+01 3.800000e+01 2.778115e+01
      vertex   -8.355951e+01 4.180000e+01 2.778115e+01
      vertex   -8.301906e+01 3.800000e+01 2.908591e+01
    endloop
  endfacet
  facet normal 9.238795e-01 -3.577803e-16 -3.826834e-01
    outer loop
      vertex   -8.301906e+01 3.800000e+01 2.908591e+01
      vertex   -8.355951e+01 4.180000e+01 2.778115e+01
      vertex   -8.301906e+01 4.180000e+01 2.908591e+01
    endloop
  endfacet
  facet normal 8.526402e-01 -4.884969e-16 -5.224986e-01
    outer loop
      vertex   -8.301906e+01 3.800000e+01 2.908591e+01
      vertex   -8.301906e+01 4.180000e+01 2.908591e+01
      vertex   -8.228115e+01 3.800000e+01 3.029007e+01
    endloop
  endfacet
  facet normal 8.526402e-01 2.700121e-15 -5.224986e-01
    outer loop
      vertex   -8.228115e+01 3.800000e+01 3.029007e+01
      vertex   -8.301906e+01 4.180000e+01 2.908591e+01
      vertex   -8.228115e+01 4.180000e+01 3.029007e+01
    endloop
  endfacet
  facet normal 7.604060e-01 2.236505e-15 -6.494480e-01
    outer loop
      vertex   -8.228115e+01 3.800000e+01 3.029007e+01
      vertex   -8.228115e+01 4.180000e+01 3.029007e+01
      vertex   -8.136396e+01 3.800000e+01 3.136396e+01
    endloop
  endfacet
  facet normal 7.604060e-01 4.473009e-15 -6.494480e-01
    outer loop
      vertex   -8.136396e+01 3.800000e+01 3.136396e+01
      vertex   -8.228115e+01 4.180000e+01 3.029007e+01
      vertex   -8.136396e+01 4.180000e+01 3.136396e+01
    endloop
  endfacet
  facet normal 6.494480e-01 3.435636e-15 -7.604060e-01
    outer loop
      vertex   -8.136396e+01 3.800000e+01 3.136396e+01
      vertex   -8.136396e+01 4.180000e+01 3.136396e+01
      vertex   -8.029007e+01 3.800000e+01 3.228115e+01
    endloop
  endfacet
  facet normal 6.494480e-01 2.428741e-15 -7.604060e-01
    outer loop
      vertex   -8.029007e+01 3.800000e+01 3.228115e+01
      vertex   -8.136396e+01 4.180000e+01 3.136396e+01
      vertex   -8.029007e+01 4.180000e+01 3.228115e+01
    endloop
  endfacet
  facet normal 5.224986e-01 1.953988e-15 -8.526402e-01
    outer loop
      vertex   -8.029007e+01 3.800000e+01 3.228115e+01
      vertex   -8.029007e+01 4.180000e+01 3.228115e+01
      vertex   -7.908591e+01 3.800000e+01 3.301906e+01
    endloop
  endfacet
  facet normal 5.224986e-01 0.000000e+00 -8.526402e-01
    outer loop
      vertex   -7.908591e+01 3.800000e+01 3.301906e+01
      vertex   -8.029007e+01 4.180000e+01 3.228115e+01
      vertex   -7.908591e+01 4.180000e+01 3.301906e+01
    endloop
  endfacet
  facet normal 3.826834e-01 0.000000e+00 -9.238795e-01
    outer loop
      vertex   -7.908591e+01 3.800000e+01 3.301906e+01
      vertex   -7.908591e+01 4.180000e+01 3.301906e+01
      vertex   -7.778115e+01 3.800000e+01 3.355951e+01
    endloop
  endfacet
  facet normal 3.826834e-01 -1.727516e-15 -9.238795e-01
    outer loop
      vertex   -7.778115e+01 3.800000e+01 3.355951e+01
      vertex   -7.908591e+01 4.180000e+01 3.301906e+01
      vertex   -7.778115e+01 4.180000e+01 3.355951e+01
    endloop
  endfacet
  facet normal 2.334454e-01 -1.818186e-15 -9.723699e-01
    outer loop
      vertex   -7.778115e+01 3.800000e+01 3.355951e+01
      vertex   -7.778115e+01 4.180000e+01 3.355951e+01
      vertex   -7.640791e+01 3.800000e+01 3.388919e+01
    endloop
  endfacet
  facet normal 2.334454e-01 8.730155e-16 -9.723699e-01
    outer loop
      vertex   -7.640791e+01 3.800000e+01 3.388919e+01
      vertex   -7.778115e+01 4.180000e+01 3.355951e+01
      vertex   -7.640791e+01 4.180000e+01 3.388919e+01
    endloop
  endfacet
  facet normal 7.845910e-02 2.934134e-16 -9.969173e-01
    outer loop
      vertex   -7.640791e+01 3.800000e+01 3.388919e+01
      vertex   -7.640791e+01 4.180000e+01 3.388919e+01
      vertex   -7.500000e+01 3.800000e+01 3.400000e+01
    endloop
  endfacet
  facet normal 7.845910e-02 2.934134e-16 -9.969173e-01
    outer loop
      vertex   -7.500000e+01 3.800000e+01 3.400000e+01
      vertex   -7.640791e+01 4.180000e+01 3.388919e+01
      vertex   -7.500000e+01 4.180000e+01 3.400000e+01
    endloop
  endfacet
  facet normal -9.974521e-01 3.090826e-17 -7.133918e-02
    outer loop
      vertex   -8.500000e+01 3.800000e+01 -2.500000e+01
      vertex   -8.500000e+01 4.620000e+01 -2.500000e+01
      vertex   -8.489821e+01 3.800000e+01 -2.642315e+01
    endloop
  endfacet
  facet normal -9.974521e-01 6.181651e-17 -7.133918e-02
    outer loop
      vertex   -8.489821e+01 3.800000e+01 -2.642315e+01
      vertex   -8.500000e+01 4.620000e+01 -2.500000e+01
      vertex   -8.489821e+01 4.620000e+01 -2.642315e+01
    endloop
  endfacet
  facet normal -9.771469e-01 1.841911e-16 -2.125653e-01
    outer loop
      vertex   -8.489821e+01 3.800000e+01 -2.642315e+01
      vertex   -8.489821e+01 4.620000e+01 -2.642315e+01
      vertex   -8.459493e+01 3.800000e+01 -2.781733e+01
    endloop
  endfacet
  facet normal -9.771469e-01 9.209556e-17 -2.125653e-01
    outer loop
      vertex   -8.459493e+01 3.800000e+01 -2.781733e+01
      vertex   -8.489821e+01 4.620000e+01 -2.642315e+01
      vertex   -8.459493e+01 4.620000e+01 -2.781733e+01
    endloop
  endfacet
  facet normal -9.369497e-01 1.514081e-16 -3.494642e-01
    outer loop
      vertex   -8.459493e+01 3.800000e+01 -2.781733e+01
      vertex   -8.459493e+01 4.620000e+01 -2.781733e+01
      vertex   -8.409632e+01 3.800000e+01 -2.915415e+01
    endloop
  endfacet
  facet normal -9.369497e-01 1.775171e-15 -3.494642e-01
    outer loop
      vertex   -8.409632e+01 3.800000e+01 -2.915415e+01
      vertex   -8.459493e+01 4.620000e+01 -2.781733e+01
      vertex   -8.409632e+01 4.620000e+01 -2.915415e+01
    endloop
  endfacet
  facet normal -8.776790e-01 1.728683e-15 -4.792490e-01
    outer loop
      vertex   -8.409632e+01 3.800000e+01 -2.915415e+01
      vertex   -8.409632e+01 4.620000e+01 -2.915415e+01
      vertex   -8.341254e+01 3.800000e+01 -3.040641e+01
    endloop
  endfacet
  facet normal -8.776790e-01 -1.105768e-15 -4.792490e-01
    outer loop
      vertex   -8.341254e+01 3.800000e+01 -3.040641e+01
      vertex   -8.409632e+01 4.620000e+01 -2.915415e+01
      vertex   -8.341254e+01 4.620000e+01 -3.040641e+01
    endloop
  endfacet
  facet normal -8.005412e-01 -8.680794e-16 -5.992777e-01
    outer loop
      vertex   -8.341254e+01 3.800000e+01 -3.040641e+01
      vertex   -8.341254e+01 4.620000e+01 -3.040641e+01
      vertex   -8.255750e+01 3.800000e+01 -3.154861e+01
    endloop
  endfacet
  facet normal -8.005412e-01 5.192834e-16 -5.992777e-01
    outer loop
      vertex   -8.255750e+01 3.800000e+01 -3.154861e+01
      vertex   -8.341254e+01 4.620000e+01 -3.040641e+01
      vertex   -8.255750e+01 4.620000e+01 -3.154861e+01
    endloop
  endfacet
  facet normal -7.071068e-01 6.127190e-16 -7.071068e-01
    outer loop
      vertex   -8.255750e+01 3.800000e+01 -3.154861e+01
      vertex   -8.255750e+01 4.620000e+01 -3.154861e+01
      vertex   -8.154861e+01 3.800000e+01 -3.255750e+01
    endloop
  endfacet
  facet normal -7.071068e-01 -1.225438e-15 -7.071068e-01
    outer loop
      vertex   -8.154861e+01 3.800000e+01 -3.255750e+01
      vertex   -8.255750e+01 4.620000e+01 -3.154861e+01
      vertex   -8.154861e+01 4.620000e+01 -3.255750e+01
    endloop
  endfacet
  facet normal -5.992777e-01 -1.038567e-15 -8.005412e-01
    outer loop
      vertex   -8.154861e+01 3.800000e+01 -3.255750e+01
      vertex   -8.154861e+01 4.620000e+01 -3.255750e+01
      vertex   -8.040641e+01 3.800000e+01 -3.341254e+01
    endloop
  endfacet
  facet normal -5.992777e-01 6.936814e-16 -8.005412e-01
    outer loop
      vertex   -8.040641e+01 3.800000e+01 -3.341254e+01
      vertex   -8.154861e+01 4.620000e+01 -3.255750e+01
      vertex   -8.040641e+01 4.620000e+01 -3.341254e+01
    endloop
  endfacet
  facet normal -4.792490e-01 7.605225e-16 -8.776790e-01
    outer loop
      vertex   -8.040641e+01 3.800000e+01 -3.341254e+01
      vertex   -8.040641e+01 4.620000e+01 -3.341254e+01
      vertex   -7.915415e+01 3.800000e+01 -3.409632e+01
    endloop
  endfacet
  facet normal -4.792490e-01 -7.003090e-17 -8.776790e-01
    outer loop
      vertex   -7.915415e+01 3.800000e+01 -3.409632e+01
      vertex   -8.040641e+01 4.620000e+01 -3.341254e+01
      vertex   -7.915415e+01 4.620000e+01 -3.409632e+01
    endloop
  endfacet
  facet normal -3.494642e-01 2.062492e-16 -9.369497e-01
    outer loop
      vertex   -7.915415e+01 3.800000e+01 -3.409632e+01
      vertex   -7.915415e+01 4.620000e+01 -3.409632e+01
      vertex   -7.781733e+01 3.800000e+01 -3.459493e+01
    endloop
  endfacet
  facet normal -3.494642e-01 8.118815e-16 -9.369497e-01
    outer loop
      vertex   -7.781733e+01 3.800000e+01 -3.459493e+01
      vertex   -7.915415e+01 4.620000e+01 -3.409632e+01
      vertex   -7.781733e+01 4.620000e+01 -3.459493e+01
    endloop
  endfacet
  facet normal -2.125653e-01 8.467129e-16 -9.771469e-01
    outer loop
      vertex   -7.781733e+01 3.800000e+01 -3.459493e+01
      vertex   -7.781733e+01 4.620000e+01 -3.459493e+01
      vertex   -7.642315e+01 3.800000e+01 -3.489821e+01
    endloop
  endfacet
  facet normal -2.125653e-01 -8.467129e-16 -9.771469e-01
    outer loop
      vertex   -7.642315e+01 3.800000e+01 -3.489821e+01
      vertex   -7.781733e+01 4.620000e+01 -3.459493e+01
      vertex   -7.642315e+01 4.620000e+01 -3.489821e+01
    endloop
  endfacet
  facet normal -7.133918e-02 -8.643077e-16 -9.974521e-01
    outer loop
      vertex   -7.642315e+01 3.800000e+01 -3.489821e+01
      vertex   -7.642315e+01 4.620000e+01 -3.489821e+01
      vertex   -7.500000e+01 3.800000e+01 -3.500000e+01
    endloop
  endfacet
  facet normal -7.133918e-02 -8.643077e-16 -9.974521e-01
    outer loop
      vertex   -7.500000e+01 3.800000e+01 -3.500000e+01
      vertex   -7.642315e+01 4.620000e+01 -3.489821e+01
      vertex   -7.500000e+01 4.620000e+01 -3.500000e+01
    endloop
  endfacet
  facet normal -1.000000e+00 0.000000e+00 -0.000000e+00
    outer loop
      vertex   -8.500000e+01 4.620000e+01 2.500000e+01
      vertex   -8.500000e+01 4.620000e+01 -2.500000e+01
      vertex   -8.500000e+01 3.800000e+01 2.500000e+01
    endloop
  endfacet
  facet normal -1.000000e+00 0.000000e+00 0.000000e+00
    outer loop
      vertex   -8.500000e+01 3.800000e+01 2.500000e+01
      vertex   -8.500000e+01 4.620000e+01 -2.500000e+01
      vertex   -8.500000e+01 3.800000e+01 -2.500000e+01
    endloop
  endfacet
  facet normal -7.133918e-02 0.000000e+00 9.974521e-01
    outer loop
      vertex   -7.500000e+01 3.800000e+01 3.500000e+01
      vertex   -7.500000e+01 4.620000e+01 3.500000e+01
      vertex   -7.642315e+01 3.800000e+01 3.489821e+01
    endloop
  endfacet
  facet normal -7.133918e-02 0.000000e+00 9.974521e-01
    outer loop
      vertex   -7.642315e+01 3.800000e+01 3.489821e+01
      vertex   -7.500000e+01 4.620000e+01 3.500000e+01
      vertex   -7.642315e+01 4.620000e+01 3.489821e+01
    endloop
  endfacet
  facet normal -2.125653e-01 0.000000e+00 9.771469e-01
    outer loop
      vertex   -7.642315e+01 3.800000e+01 3.489821e+01
      vertex   -7.642315e+01 4.620000e+01 3.489821e+01
      vertex   -7.781733e+01 3.800000e+01 3.459493e+01
    endloop
  endfacet
  facet normal -2.125653e-01 -8.467129e-16 9.771469e-01
    outer loop
      vertex   -7.781733e+01 3.800000e+01 3.459493e+01
      vertex   -7.642315e+01 4.620000e+01 3.489821e+01
      vertex   -7.781733e+01 4.620000e+01 3.459493e+01
    endloop
  endfacet
  facet normal -3.494642e-01 -8.118815e-16 9.369497e-01
    outer loop
      vertex   -7.781733e+01 3.800000e+01 3.459493e+01
      vertex   -7.781733e+01 4.620000e+01 3.459493e+01
      vertex   -7.915415e+01 3.800000e+01 3.409632e+01
    endloop
  endfacet
  facet normal -3.494642e-01 -2.062492e-16 9.369497e-01
    outer loop
      vertex   -7.915415e+01 3.800000e+01 3.409632e+01
      vertex   -7.781733e+01 4.620000e+01 3.459493e+01
      vertex   -7.915415e+01 4.620000e+01 3.409632e+01
    endloop
  endfacet
  facet normal -4.792490e-01 7.003090e-17 8.776790e-01
    outer loop
      vertex   -7.915415e+01 3.800000e+01 3.409632e+01
      vertex   -7.915415e+01 4.620000e+01 3.409632e+01
      vertex   -8.040641e+01 3.800000e+01 3.341254e+01
    endloop
  endfacet
  facet normal -4.792490e-01 -8.305534e-16 8.776790e-01
    outer loop
      vertex   -8.040641e+01 3.800000e+01 3.341254e+01
      vertex   -7.915415e+01 4.620000e+01 3.409632e+01
      vertex   -8.040641e+01 4.620000e+01 3.341254e+01
    endloop
  endfacet
  facet normal -5.992777e-01 -1.038567e-15 8.005412e-01
    outer loop
      vertex   -8.040641e+01 3.800000e+01 3.341254e+01
      vertex   -8.040641e+01 4.620000e+01 3.341254e+01
      vertex   -8.154861e+01 3.800000e+01 3.255750e+01
    endloop
  endfacet
  facet normal -5.992777e-01 0.000000e+00 8.005412e-01
    outer loop
      vertex   -8.154861e+01 3.800000e+01 3.255750e+01
      vertex   -8.040641e+01 4.620000e+01 3.341254e+01
      vertex   -8.154861e+01 4.620000e+01 3.255750e+01
    endloop
  endfacet
  facet normal -7.071068e-01 0.000000e+00 7.071068e-01
    outer loop
      vertex   -8.154861e+01 3.800000e+01 3.255750e+01
      vertex   -8.154861e+01 4.620000e+01 3.255750e+01
      vertex   -8.255750e+01 3.800000e+01 3.154861e+01
    endloop
  endfacet
  facet normal -7.071068e-01 -3.063595e-16 7.071068e-01
    outer loop
      vertex   -8.255750e+01 3.800000e+01 3.154861e+01
      vertex   -8.154861e+01 4.620000e+01 3.255750e+01
      vertex   -8.255750e+01 4.620000e+01 3.154861e+01
    endloop
  endfacet
  facet normal -8.005412e-01 -2.596417e-16 5.992777e-01
    outer loop
      vertex   -8.255750e+01 3.800000e+01 3.154861e+01
      vertex   -8.255750e+01 4.620000e+01 3.154861e+01
      vertex   -8.341254e+01 3.800000e+01 3.040641e+01
    endloop
  endfacet
  facet normal -8.005412e-01 0.000000e+00 5.992777e-01
    outer loop
      vertex   -8.341254e+01 3.800000e+01 3.040641e+01
      vertex   -8.255750e+01 4.620000e+01 3.154861e+01
      vertex   -8.341254e+01 4.620000e+01 3.040641e+01
    endloop
  endfacet
  facet normal -8.776790e-01 0.000000e+00 4.792490e-01
    outer loop
      vertex   -8.341254e+01 3.800000e+01 3.040641e+01
      vertex   -8.341254e+01 4.620000e+01 3.040641e+01
      vertex   -8.409632e+01 3.800000e+01 2.915415e+01
    endloop
  endfacet
  facet normal -8.776790e-01 0.000000e+00 4.792490e-01
    outer loop
      vertex   -8.409632e+01 3.800000e+01 2.915415e+01
      vertex   -8.341254e+01 4.620000e+01 3.040641e+01
      vertex   -8.409632e+01 4.620000e+01 2.915415e+01
    endloop
  endfacet
  facet normal -9.369497e-01 0.000000e+00 3.494642e-01
    outer loop
      vertex   -8.409632e+01 3.800000e+01 2.915415e+01
      vertex   -8.409632e+01 4.620000e+01 2.915415e+01
      vertex   -8.459493e+01 3.800000e+01 2.781733e+01
    endloop
  endfacet
  facet normal -9.369497e-01 -1.514081e-16 3.494642e-01
    outer loop
      vertex   -8.459493e+01 3.800000e+01 2.781733e+01
      vertex   -8.409632e+01 4.620000e+01 2.915415e+01
      vertex   -8.459493e+01 4.620000e+01 2.781733e+01
    endloop
  endfacet
  facet normal -9.771469e-01 -9.209556e-17 2.125653e-01
    outer loop
      vertex   -8.459493e+01 3.800000e+01 2.781733e+01
      vertex   -8.459493e+01 4.620000e+01 2.781733e+01
      vertex   -8.489821e+01 3.800000e+01 2.642315e+01
    endloop
  endfacet
  facet normal -9.771469e-01 -1.841911e-16 2.125653e-01
    outer loop
      vertex   -8.489821e+01 3.800000e+01 2.642315e+01
      vertex   -8.459493e+01 4.620000e+01 2.781733e+01
      vertex   -8.489821e+01 4.620000e+01 2.642315e+01
    endloop
  endfacet
  facet normal -9.974521e-01 -6.181651e-17 7.133918e-02
    outer loop
      vertex   -8.489821e+01 3.800000e+01 2.642315e+01
      vertex   -8.489821e+01 4.620000e+01 2.642315e+01
      vertex   -8.500000e+01 3.800000e+01 2.500000e+01
    endloop
  endfacet
  facet normal -9.974521e-01 -3.090826e-17 7.133918e-02
    outer loop
      vertex   -8.500000e+01 3.800000e+01 2.500000e+01
      vertex   -8.489821e+01 4.620000e+01 2.642315e+01
      vertex   -8.500000e+01 4.620000e+01 2.500000e+01
    endloop
  endfacet
  facet normal 0.000000e+00 0.000000e+00 1.000000e+00
    outer loop
      vertex   7.500000e+01 4.620000e+01 3.500000e+01
      vertex   -7.500000e+01 4.620000e+01 3.500000e+01
      vertex   7.500000e+01 3.800000e+01 3.500000e+01
    endloop
  endfacet
  facet normal 0.000000e+00 0.000000e+00 1.000000e+00
    outer loop
      vertex   7.500000e+01 3.800000e+01 3.500000e+01
      vertex   -7.500000e+01 4.620000e+01 3.500000e+01
      vertex   -7.500000e+01 3.800000e+01 3.500000e+01
    endloop
  endfacet
  facet normal 9.974521e-01 -0.000000e+00 7.133918e-02
    outer loop
      vertex   8.500000e+01 3.800000e+01 2.500000e+01
      vertex   8.500000e+01 4.620000e+01 2.500000e+01
      vertex   8.489821e+01 3.800000e+01 2.642315e+01
    endloop
  endfacet
  facet normal 9.974521e-01 3.090826e-17 7.133918e-02
    outer loop
      vertex   8.489821e+01 3.800000e+01 2.642315e+01
      vertex   8.500000e+01 4.620000e+01 2.500000e+01
      vertex   8.489821e+01 4.620000e+01 2.642315e+01
    endloop
  endfacet
  facet normal 9.771469e-01 9.209556e-17 2.125653e-01
    outer loop
      vertex   8.489821e+01 3.800000e+01 2.642315e+01
      vertex   8.489821e+01 4.620000e+01 2.642315e+01
      vertex   8.459493e+01 3.800000e+01 2.781733e+01
    endloop
  endfacet
  facet normal 9.771469e-01 3.478947e-15 2.125653e-01
    outer loop
      vertex   8.459493e+01 3.800000e+01 2.781733e+01
      vertex   8.489821e+01 4.620000e+01 2.642315e+01
      vertex   8.459493e+01 4.620000e+01 2.781733e+01
    endloop
  endfacet
  facet normal 9.369497e-01 3.398934e-15 3.494642e-01
    outer loop
      vertex   8.459493e+01 3.800000e+01 2.781733e+01
      vertex   8.459493e+01 4.620000e+01 2.781733e+01
      vertex   8.409632e+01 3.800000e+01 2.915415e+01
    endloop
  endfacet
  facet normal 9.369497e-01 2.077987e-15 3.494642e-01
    outer loop
      vertex   8.409632e+01 3.800000e+01 2.915415e+01
      vertex   8.459493e+01 4.620000e+01 2.781733e+01
      vertex   8.409632e+01 4.620000e+01 2.915415e+01
    endloop
  endfacet
  facet normal 8.776790e-01 2.143960e-15 4.792490e-01
    outer loop
      vertex   8.409632e+01 3.800000e+01 2.915415e+01
      vertex   8.409632e+01 4.620000e+01 2.915415e+01
      vertex   8.341254e+01 3.800000e+01 3.040641e+01
    endloop
  endfacet
  facet normal 8.776790e-01 6.229150e-16 4.792490e-01
    outer loop
      vertex   8.341254e+01 3.800000e+01 3.040641e+01
      vertex   8.409632e+01 4.620000e+01 2.915415e+01
      vertex   8.341254e+01 4.620000e+01 3.040641e+01
    endloop
  endfacet
  facet normal 8.005412e-01 7.789251e-16 5.992777e-01
    outer loop
      vertex   8.341254e+01 3.800000e+01 3.040641e+01
      vertex   8.341254e+01 4.620000e+01 3.040641e+01
      vertex   8.255750e+01 3.800000e+01 3.154861e+01
    endloop
  endfacet
  facet normal 8.005412e-01 5.192834e-16 5.992777e-01
    outer loop
      vertex   8.255750e+01 3.800000e+01 3.154861e+01
      vertex   8.341254e+01 4.620000e+01 3.040641e+01
      vertex   8.255750e+01 4.620000e+01 3.154861e+01
    endloop
  endfacet
  facet normal 7.071068e-01 6.127190e-16 7.071068e-01
    outer loop
      vertex   8.255750e+01 3.800000e+01 3.154861e+01
      vertex   8.255750e+01 4.620000e+01 3.154861e+01
      vertex   8.154861e+01 3.800000e+01 3.255750e+01
    endloop
  endfacet
  facet normal 7.071068e-01 6.127190e-16 7.071068e-01
    outer loop
      vertex   8.154861e+01 3.800000e+01 3.255750e+01
      vertex   8.255750e+01 4.620000e+01 3.154861e+01
      vertex   8.154861e+01 4.620000e+01 3.255750e+01
    endloop
  endfacet
  facet normal 5.992777e-01 6.936814e-16 8.005412e-01
    outer loop
      vertex   8.154861e+01 3.800000e+01 3.255750e+01
      vertex   8.154861e+01 4.620000e+01 3.255750e+01
      vertex   8.040641e+01 3.800000e+01 3.341254e+01
    endloop
  endfacet
  facet normal 5.992777e-01 6.936814e-16 8.005412e-01
    outer loop
      vertex   8.040641e+01 3.800000e+01 3.341254e+01
      vertex   8.154861e+01 4.620000e+01 3.255750e+01
      vertex   8.040641e+01 4.620000e+01 3.341254e+01
    endloop
  endfacet
  facet normal 4.792490e-01 7.605225e-16 8.776790e-01
    outer loop
      vertex   8.040641e+01 3.800000e+01 3.341254e+01
      vertex   8.040641e+01 4.620000e+01 3.341254e+01
      vertex   7.915415e+01 3.800000e+01 3.409632e+01
    endloop
  endfacet
  facet normal 4.792490e-01 7.605225e-16 8.776790e-01
    outer loop
      vertex   7.915415e+01 3.800000e+01 3.409632e+01
      vertex   8.040641e+01 4.620000e+01 3.341254e+01
      vertex   7.915415e+01 4.620000e+01 3.409632e+01
    endloop
  endfacet
  facet normal 3.494642e-01 8.118815e-16 9.369497e-01
    outer loop
      vertex   7.915415e+01 3.800000e+01 3.409632e+01
      vertex   7.915415e+01 4.620000e+01 3.409632e+01
      vertex   7.781733e+01 3.800000e+01 3.459493e+01
    endloop
  endfacet
  facet normal 3.494642e-01 1.623763e-15 9.369497e-01
    outer loop
      vertex   7.781733e+01 3.800000e+01 3.459493e+01
      vertex   7.915415e+01 4.620000e+01 3.409632e+01
      vertex   7.781733e+01 4.620000e+01 3.459493e+01
    endloop
  endfacet
  facet normal 2.125653e-01 1.693426e-15 9.771469e-01
    outer loop
      vertex   7.781733e+01 3.800000e+01 3.459493e+01
      vertex   7.781733e+01 4.620000e+01 3.459493e+01
      vertex   7.642315e+01 3.800000e+01 3.489821e+01
    endloop
  endfacet
  facet normal 2.125653e-01 -0.000000e+00 9.771469e-01
    outer loop
      vertex   7.642315e+01 3.800000e+01 3.489821e+01
      vertex   7.781733e+01 4.620000e+01 3.459493e+01
      vertex   7.642315e+01 4.620000e+01 3.489821e+01
    endloop
  endfacet
  facet normal 7.133918e-02 -0.000000e+00 9.974521e-01
    outer loop
      vertex   7.642315e+01 3.800000e+01 3.489821e+01
      vertex   7.642315e+01 4.620000e+01 3.489821e+01
      vertex   7.500000e+01 3.800000e+01 3.500000e+01
    endloop
  endfacet
  facet normal 7.133918e-02 -0.000000e+00 9.974521e-01
    outer loop
      vertex   7.500000e+01 3.800000e+01 3.500000e+01
      vertex   7.642315e+01 4.620000e+01 3.489821e+01
      vertex   7.500000e+01 4.620000e+01 3.500000e+01
    endloop
  endfacet
  facet normal 9.473903e-17 -8.665155e-16 -1.000000e+00
    outer loop
      vertex   -7.500000e+01 4.620000e+01 -3.500000e+01
      vertex   7.500000e+01 4.620000e+01 -3.500000e+01
      vertex   -7.500000e+01 3.800000e+01 -3.500000e+01
    endloop
  endfacet
  facet normal 0.000000e+00 8.665155e-16 -1.000000e+00
    outer loop
      vertex   -7.500000e+01 3.800000e+01 -3.500000e+01
      vertex   7.500000e+01 4.620000e+01 -3.500000e+01
      vertex   7.500000e+01 3.800000e+01 -3.500000e+01
    endloop
  endfacet
  facet normal 7.133918e-02 8.643077e-16 -9.974521e-01
    outer loop
      vertex   7.500000e+01 3.800000e+01 -3.500000e+01
      vertex   7.500000e+01 4.620000e+01 -3.500000e+01
      vertex   7.642315e+01 3.800000e+01 -3.489821e+01
    endloop
  endfacet
  facet normal 7.133918e-02 0.000000e+00 -9.974521e-01
    outer loop
      vertex   7.642315e+01 3.800000e+01 -3.489821e+01
      vertex   7.500000e+01 4.620000e+01 -3.500000e+01
      vertex   7.642315e+01 4.620000e+01 -3.489821e+01
    endloop
  endfacet
  facet normal 2.125653e-01 0.000000e+00 -9.771469e-01
    outer loop
      vertex   7.642315e+01 3.800000e+01 -3.489821e+01
      vertex   7.642315e+01 4.620000e+01 -3.489821e+01
      vertex   7.781733e+01 3.800000e+01 -3.459493e+01
    endloop
  endfacet
  facet normal 2.125653e-01 0.000000e+00 -9.771469e-01
    outer loop
      vertex   7.781733e+01 3.800000e+01 -3.459493e+01
      vertex   7.642315e+01 4.620000e+01 -3.489821e+01
      vertex   7.781733e+01 4.620000e+01 -3.459493e+01
    endloop
  endfacet
  facet normal 3.494642e-01 0.000000e+00 -9.369497e-01
    outer loop
      vertex   7.781733e+01 3.800000e+01 -3.459493e+01
      vertex   7.781733e+01 4.620000e+01 -3.459493e+01
      vertex   7.915415e+01 3.800000e+01 -3.409632e+01
    endloop
  endfacet
  facet normal 3.494642e-01 -8.118815e-16 -9.369497e-01
    outer loop
      vertex   7.915415e+01 3.800000e+01 -3.409632e+01
      vertex   7.781733e+01 4.620000e+01 -3.459493e+01
      vertex   7.915415e+01 4.620000e+01 -3.409632e+01
    endloop
  endfacet
  facet normal 4.792490e-01 -7.605225e-16 -8.776790e-01
    outer loop
      vertex   7.915415e+01 3.800000e+01 -3.409632e+01
      vertex   7.915415e+01 4.620000e+01 -3.409632e+01
      vertex   8.040641e+01 3.800000e+01 -3.341254e+01
    endloop
  endfacet
  facet normal 4.792490e-01 -8.305534e-16 -8.776790e-01
    outer loop
      vertex   8.040641e+01 3.800000e+01 -3.341254e+01
      vertex   7.915415e+01 4.620000e+01 -3.409632e+01
      vertex   8.040641e+01 4.620000e+01 -3.341254e+01
    endloop
  endfacet
  facet normal 5.992777e-01 -1.038567e-15 -8.005412e-01
    outer loop
      vertex   8.040641e+01 3.800000e+01 -3.341254e+01
      vertex   8.040641e+01 4.620000e+01 -3.341254e+01
      vertex   8.154861e+01 3.800000e+01 -3.255750e+01
    endloop
  endfacet
  facet normal 5.992777e-01 0.000000e+00 -8.005412e-01
    outer loop
      vertex   8.154861e+01 3.800000e+01 -3.255750e+01
      vertex   8.040641e+01 4.620000e+01 -3.341254e+01
      vertex   8.154861e+01 4.620000e+01 -3.255750e+01
    endloop
  endfacet
  facet normal 7.071068e-01 0.000000e+00 -7.071068e-01
    outer loop
      vertex   8.154861e+01 3.800000e+01 -3.255750e+01
      vertex   8.154861e+01 4.620000e+01 -3.255750e+01
      vertex   8.255750e+01 3.800000e+01 -3.154861e+01
    endloop
  endfacet
  facet normal 7.071068e-01 -3.063595e-16 -7.071068e-01
    outer loop
      vertex   8.255750e+01 3.800000e+01 -3.154861e+01
      vertex   8.154861e+01 4.620000e+01 -3.255750e+01
      vertex   8.255750e+01 4.620000e+01 -3.154861e+01
    endloop
  endfacet
  facet normal 8.005412e-01 -2.596417e-16 -5.992777e-01
    outer loop
      vertex   8.255750e+01 3.800000e+01 -3.154861e+01
      vertex   8.255750e+01 4.620000e+01 -3.154861e+01
      vertex   8.341254e+01 3.800000e+01 -3.040641e+01
    endloop
  endfacet
  facet normal 8.005412e-01 -1.647005e-15 -5.992777e-01
    outer loop
      vertex   8.341254e+01 3.800000e+01 -3.040641e+01
      vertex   8.255750e+01 4.620000e+01 -3.154861e+01
      vertex   8.341254e+01 4.620000e+01 -3.040641e+01
    endloop
  endfacet
  facet normal 8.776790e-01 -1.728683e-15 -4.792490e-01
    outer loop
      vertex   8.341254e+01 3.800000e+01 -3.040641e+01
      vertex   8.341254e+01 4.620000e+01 -3.040641e+01
      vertex   8.409632e+01 3.800000e+01 -2.915415e+01
    endloop
  endfacet
  facet normal 8.776790e-01 0.000000e+00 -4.792490e-01
    outer loop
      vertex   8.409632e+01 3.800000e+01 -2.915415e+01
      vertex   8.341254e+01 4.620000e+01 -3.040641e+01
      vertex   8.409632e+01 4.620000e+01 -2.915415e+01
    endloop
  endfacet
  facet normal 9.369497e-01 0.000000e+00 -3.494642e-01
    outer loop
      vertex   8.409632e+01 3.800000e+01 -2.915415e+01
      vertex   8.409632e+01 4.620000e+01 -2.915415e+01
      vertex   8.459493e+01 3.800000e+01 -2.781733e+01
    endloop
  endfacet
  facet normal 9.369497e-01 -1.514081e-16 -3.494642e-01
    outer loop
      vertex   8.459493e+01 3.800000e+01 -2.781733e+01
      vertex   8.409632e+01 4.620000e+01 -2.915415e+01
      vertex   8.459493e+01 4.620000e+01 -2.781733e+01
    endloop
  endfacet
  facet normal 9.771469e-01 -9.209556e-17 -2.125653e-01
    outer loop
      vertex   8.459493e+01 3.800000e+01 -2.781733e+01
      vertex   8.459493e+01 4.620000e+01 -2.781733e+01
      vertex   8.489821e+01 3.800000e+01 -2.642315e+01
    endloop
  endfacet
  facet normal 9.771469e-01 -9.209556e-17 -2.125653e-01
    outer loop
      vertex   8.489821e+01 3.800000e+01 -2.642315e+01
      vertex   8.459493e+01 4.620000e+01 -2.781733e+01
      vertex   8.489821e+01 4.620000e+01 -2.642315e+01
    endloop
  endfacet
  facet normal 9.974521e-01 -3.090826e-17 -7.133918e-02
    outer loop
      vertex   8.489821e+01 3.800000e+01 -2.642315e+01
      vertex   8.489821e+01 4.620000e+01 -2.642315e+01
      vertex   8.500000e+01 3.800000e+01 -2.500000e+01
    endloop
  endfacet
  facet normal 9.974521e-01 -3.090826e-17 -7.133918e-02
    outer loop
      vertex   8.500000e+01 3.800000e+01 -2.500000e+01
      vertex   8.489821e+01 4.620000e+01 -2.642315e+01
      vertex   8.500000e+01 4.620000e+01 -2.500000e+01
    endloop
  endfacet
  facet normal 1.000000e+00 0.000000e+00 -0.000000e+00
    outer loop
      vertex   8.500000e+01 4.620000e+01 -2.500000e+01
      vertex   8.500000e+01 4.620000e+01 2.500000e+01
      vertex   8.500000e+01 3.800000e+01 -2.500000e+01
    endloop
  endfacet
  facet normal 1.000000e+00 0.000000e+00 0.000000e+00
    outer loop
      vertex   8.500000e+01 3.800000e+01 -2.500000e+01
      vertex   8.500000e+01 4.620000e+01 2.500000e+01
      vertex   8.500000e+01 3.800000e+01 2.500000e+01
    endloop
  endfacet
endsolid
