solid ASCII
  facet normal 5.000000e-01 -0.000000e+00 8.660254e-01
    outer loop
      vertex   -7.050000e+01 -8.200000e+00 1.707717e+01
      vertex   -6.770000e+01 -8.200000e+00 1.546059e+01
      vertex   -7.050000e+01 -6.422000e+00 1.707717e+01
    endloop
  endfacet
  facet normal 5.000000e-01 0.000000e+00 8.660254e-01
    outer loop
      vertex   -7.050000e+01 -6.422000e+00 1.707717e+01
      vertex   -6.770000e+01 -8.200000e+00 1.546059e+01
      vertex   -6.770000e+01 -6.422000e+00 1.546059e+01
    endloop
  endfacet
  facet normal -5.000000e-01 0.000000e+00 8.660254e-01
    outer loop
      vertex   -6.770000e+01 -8.200000e+00 1.546059e+01
      vertex   -6.490000e+01 -8.200000e+00 1.707717e+01
      vertex   -6.770000e+01 -6.422000e+00 1.546059e+01
    endloop
  endfacet
  facet normal -5.000000e-01 0.000000e+00 8.660254e-01
    outer loop
      vertex   -6.770000e+01 -6.422000e+00 1.546059e+01
      vertex   -6.490000e+01 -8.200000e+00 1.707717e+01
      vertex   -6.490000e+01 -6.422000e+00 1.707717e+01
    endloop
  endfacet
  facet normal -1.000000e+00 0.000000e+00 0.000000e+00
    outer loop
      vertex   -6.490000e+01 -8.200000e+00 1.707717e+01
      vertex   -6.490000e+01 -8.200000e+00 2.031033e+01
      vertex   -6.490000e+01 -6.422000e+00 1.707717e+01
    endloop
  endfacet
  facet normal -1.000000e+00 0.000000e+00 0.000000e+00
    outer loop
      vertex   -6.490000e+01 -6.422000e+00 1.707717e+01
      vertex   -6.490000e+01 -8.200000e+00 2.031033e+01
      vertex   -6.490000e+01 -6.422000e+00 2.031033e+01
    endloop
  endfacet
  facet normal -5.000000e-01 0.000000e+00 -8.660254e-01
    outer loop
      vertex   -6.490000e+01 -8.200000e+00 2.031033e+01
      vertex   -6.770000e+01 -8.200000e+00 2.192691e+01
      vertex   -6.490000e+01 -6.422000e+00 2.031033e+01
    endloop
  endfacet
  facet normal -5.000000e-01 0.000000e+00 -8.660254e-01
    outer loop
      vertex   -6.490000e+01 -6.422000e+00 2.031033e+01
      vertex   -6.770000e+01 -8.200000e+00 2.192691e+01
      vertex   -6.770000e+01 -6.422000e+00 2.192691e+01
    endloop
  endfacet
  facet normal 5.000000e-01 0.000000e+00 -8.660254e-01
    outer loop
      vertex   -6.770000e+01 -8.200000e+00 2.192691e+01
      vertex   -7.050000e+01 -8.200000e+00 2.031033e+01
      vertex   -6.770000e+01 -6.422000e+00 2.192691e+01
    endloop
  endfacet
  facet normal 5.000000e-01 0.000000e+00 -8.660254e-01
    outer loop
      vertex   -6.770000e+01 -6.422000e+00 2.192691e+01
      vertex   -7.050000e+01 -8.200000e+00 2.031033e+01
      vertex   -7.050000e+01 -6.422000e+00 2.031033e+01
    endloop
  endfacet
  facet normal 1.000000e+00 -0.000000e+00 0.000000e+00
    outer loop
      vertex   -7.050000e+01 -8.200000e+00 2.031033e+01
      vertex   -7.050000e+01 -8.200000e+00 1.707717e+01
      vertex   -7.050000e+01 -6.422000e+00 2.031033e+01
    endloop
  endfacet
  facet normal 1.000000e+00 0.000000e+00 0.000000e+00
    outer loop
      vertex   -7.050000e+01 -6.422000e+00 2.031033e+01
      vertex   -7.050000e+01 -8.200000e+00 1.707717e+01
      vertex   -7.050000e+01 -6.422000e+00 1.707717e+01
    endloop
  endfacet
  facet normal 0.000000e+00 -1.000000e+00 0.000000e+00
    outer loop
      vertex   -6.716930e+01 -6.422000e+00 1.740945e+01
      vertex   -6.741096e+01 -6.422000e+00 1.730103e+01
      vertex   -6.770000e+01 -6.422000e+00 1.546059e+01
    endloop
  endfacet
  facet normal 0.000000e+00 -1.000000e+00 0.000000e+00
    outer loop
      vertex   -6.770000e+01 -6.422000e+00 1.546059e+01
      vertex   -6.741096e+01 -6.422000e+00 1.730103e+01
      vertex   -6.777786e+01 -6.422000e+00 1.727348e+01
    endloop
  endfacet
  facet normal 0.000000e+00 -1.000000e+00 0.000000e+00
    outer loop
      vertex   -6.770000e+01 -6.422000e+00 1.546059e+01
      vertex   -6.777786e+01 -6.422000e+00 1.727348e+01
      vertex   -6.813955e+01 -6.422000e+00 1.734097e+01
    endloop
  endfacet
  facet normal -0.000000e+00 -1.000000e+00 -0.000000e+00
    outer loop
      vertex   -6.813955e+01 -6.422000e+00 1.734097e+01
      vertex   -6.847183e+01 -6.422000e+00 1.749897e+01
      vertex   -6.770000e+01 -6.422000e+00 1.546059e+01
    endloop
  endfacet
  facet normal 0.000000e+00 -1.000000e+00 0.000000e+00
    outer loop
      vertex   -6.770000e+01 -6.422000e+00 1.546059e+01
      vertex   -6.847183e+01 -6.422000e+00 1.749897e+01
      vertex   -7.050000e+01 -6.422000e+00 1.707717e+01
    endloop
  endfacet
  facet normal 0.000000e+00 -1.000000e+00 0.000000e+00
    outer loop
      vertex   -7.050000e+01 -6.422000e+00 1.707717e+01
      vertex   -6.847183e+01 -6.422000e+00 1.749897e+01
      vertex   -6.875246e+01 -6.422000e+00 1.773691e+01
    endloop
  endfacet
  facet normal 0.000000e+00 -1.000000e+00 0.000000e+00
    outer loop
      vertex   -7.050000e+01 -6.422000e+00 1.707717e+01
      vertex   -6.875246e+01 -6.422000e+00 1.773691e+01
      vertex   -6.888412e+01 -6.422000e+00 1.796640e+01
    endloop
  endfacet
  facet normal -0.000000e+00 -1.000000e+00 0.000000e+00
    outer loop
      vertex   -6.888412e+01 -6.422000e+00 1.796640e+01
      vertex   -6.896946e+01 -6.422000e+00 1.821657e+01
      vertex   -7.050000e+01 -6.422000e+00 1.707717e+01
    endloop
  endfacet
  facet normal 0.000000e+00 -1.000000e+00 0.000000e+00
    outer loop
      vertex   -7.050000e+01 -6.422000e+00 1.707717e+01
      vertex   -6.896946e+01 -6.422000e+00 1.821657e+01
      vertex   -6.900424e+01 -6.422000e+00 1.847854e+01
    endloop
  endfacet
  facet normal 0.000000e+00 -1.000000e+00 0.000000e+00
    outer loop
      vertex   -7.050000e+01 -6.422000e+00 1.707717e+01
      vertex   -6.900424e+01 -6.422000e+00 1.847854e+01
      vertex   -7.050000e+01 -6.422000e+00 2.031033e+01
    endloop
  endfacet
  facet normal 0.000000e+00 -1.000000e+00 0.000000e+00
    outer loop
      vertex   -7.050000e+01 -6.422000e+00 2.031033e+01
      vertex   -6.900424e+01 -6.422000e+00 1.847854e+01
      vertex   -6.898578e+01 -6.422000e+00 1.874194e+01
    endloop
  endfacet
  facet normal 0.000000e+00 -1.000000e+00 0.000000e+00
    outer loop
      vertex   -7.050000e+01 -6.422000e+00 2.031033e+01
      vertex   -6.898578e+01 -6.422000e+00 1.874194e+01
      vertex   -6.891357e+01 -6.422000e+00 1.899567e+01
    endloop
  endfacet
  facet normal 0.000000e+00 -1.000000e+00 0.000000e+00
    outer loop
      vertex   -6.891357e+01 -6.422000e+00 1.899567e+01
      vertex   -6.878924e+01 -6.422000e+00 1.922837e+01
      vertex   -7.050000e+01 -6.422000e+00 2.031033e+01
    endloop
  endfacet
  facet normal 1.817808e-15 -1.000000e+00 2.874259e-15
    outer loop
      vertex   -7.050000e+01 -6.422000e+00 2.031033e+01
      vertex   -6.878924e+01 -6.422000e+00 1.922837e+01
      vertex   -6.861699e+01 -6.422000e+00 1.942844e+01
    endloop
  endfacet
  facet normal -1.339277e-15 -1.000000e+00 -3.866757e-15
    outer loop
      vertex   -7.050000e+01 -6.422000e+00 2.031033e+01
      vertex   -6.861699e+01 -6.422000e+00 1.942844e+01
      vertex   -6.840413e+01 -6.422000e+00 1.958441e+01
    endloop
  endfacet
  facet normal 0.000000e+00 -1.000000e+00 0.000000e+00
    outer loop
      vertex   -7.050000e+01 -6.422000e+00 2.031033e+01
      vertex   -6.840413e+01 -6.422000e+00 1.958441e+01
      vertex   -6.770000e+01 -6.422000e+00 2.192691e+01
    endloop
  endfacet
  facet normal 0.000000e+00 -1.000000e+00 0.000000e+00
    outer loop
      vertex   -6.770000e+01 -6.422000e+00 2.192691e+01
      vertex   -6.840413e+01 -6.422000e+00 1.958441e+01
      vertex   -6.816626e+01 -6.422000e+00 1.972897e+01
    endloop
  endfacet
  facet normal 0.000000e+00 -1.000000e+00 0.000000e+00
    outer loop
      vertex   -6.770000e+01 -6.422000e+00 2.192691e+01
      vertex   -6.816626e+01 -6.422000e+00 1.972897e+01
      vertex   -6.790037e+01 -6.422000e+00 1.981131e+01
    endloop
  endfacet
  facet normal 0.000000e+00 -1.000000e+00 0.000000e+00
    outer loop
      vertex   -6.790037e+01 -6.422000e+00 1.981131e+01
      vertex   -6.762243e+01 -6.422000e+00 1.982648e+01
      vertex   -6.770000e+01 -6.422000e+00 2.192691e+01
    endloop
  endfacet
  facet normal 0.000000e+00 -1.000000e+00 0.000000e+00
    outer loop
      vertex   -6.770000e+01 -6.422000e+00 2.192691e+01
      vertex   -6.762243e+01 -6.422000e+00 1.982648e+01
      vertex   -6.734915e+01 -6.422000e+00 1.977356e+01
    endloop
  endfacet
  facet normal 0.000000e+00 -1.000000e+00 0.000000e+00
    outer loop
      vertex   -6.770000e+01 -6.422000e+00 2.192691e+01
      vertex   -6.734915e+01 -6.422000e+00 1.977356e+01
      vertex   -6.709696e+01 -6.422000e+00 1.965574e+01
    endloop
  endfacet
  facet normal 0.000000e+00 -1.000000e+00 0.000000e+00
    outer loop
      vertex   -6.770000e+01 -6.422000e+00 2.192691e+01
      vertex   -6.709696e+01 -6.422000e+00 1.965574e+01
      vertex   -6.490000e+01 -6.422000e+00 2.031033e+01
    endloop
  endfacet
  facet normal 0.000000e+00 -1.000000e+00 0.000000e+00
    outer loop
      vertex   -6.490000e+01 -6.422000e+00 2.031033e+01
      vertex   -6.709696e+01 -6.422000e+00 1.965574e+01
      vertex   -6.688102e+01 -6.422000e+00 1.948010e+01
    endloop
  endfacet
  facet normal 0.000000e+00 -1.000000e+00 0.000000e+00
    outer loop
      vertex   -6.490000e+01 -6.422000e+00 2.031033e+01
      vertex   -6.688102e+01 -6.422000e+00 1.948010e+01
      vertex   -6.671430e+01 -6.422000e+00 1.925720e+01
    endloop
  endfacet
  facet normal 0.000000e+00 -1.000000e+00 0.000000e+00
    outer loop
      vertex   -6.671430e+01 -6.422000e+00 1.925720e+01
      vertex   -6.660682e+01 -6.422000e+00 1.900043e+01
      vertex   -6.490000e+01 -6.422000e+00 2.031033e+01
    endloop
  endfacet
  facet normal 0.000000e+00 -1.000000e+00 0.000000e+00
    outer loop
      vertex   -6.490000e+01 -6.422000e+00 2.031033e+01
      vertex   -6.660682e+01 -6.422000e+00 1.900043e+01
      vertex   -6.652644e+01 -6.422000e+00 1.874983e+01
    endloop
  endfacet
  facet normal 0.000000e+00 -1.000000e+00 0.000000e+00
    outer loop
      vertex   -6.490000e+01 -6.422000e+00 2.031033e+01
      vertex   -6.652644e+01 -6.422000e+00 1.874983e+01
      vertex   -6.650451e+01 -6.422000e+00 1.848703e+01
    endloop
  endfacet
  facet normal 0.000000e+00 -1.000000e+00 -0.000000e+00
    outer loop
      vertex   -6.490000e+01 -6.422000e+00 2.031033e+01
      vertex   -6.650451e+01 -6.422000e+00 1.848703e+01
      vertex   -6.490000e+01 -6.422000e+00 1.707717e+01
    endloop
  endfacet
  facet normal 0.000000e+00 -1.000000e+00 0.000000e+00
    outer loop
      vertex   -6.490000e+01 -6.422000e+00 1.707717e+01
      vertex   -6.650451e+01 -6.422000e+00 1.848703e+01
      vertex   -6.654040e+01 -6.422000e+00 1.822606e+01
    endloop
  endfacet
  facet normal 0.000000e+00 -1.000000e+00 0.000000e+00
    outer loop
      vertex   -6.490000e+01 -6.422000e+00 1.707717e+01
      vertex   -6.654040e+01 -6.422000e+00 1.822606e+01
      vertex   -6.663100e+01 -6.422000e+00 1.797789e+01
    endloop
  endfacet
  facet normal 0.000000e+00 -1.000000e+00 -0.000000e+00
    outer loop
      vertex   -6.663100e+01 -6.422000e+00 1.797789e+01
      vertex   -6.677057e+01 -6.422000e+00 1.775404e+01
      vertex   -6.490000e+01 -6.422000e+00 1.707717e+01
    endloop
  endfacet
  facet normal 0.000000e+00 -1.000000e+00 0.000000e+00
    outer loop
      vertex   -6.490000e+01 -6.422000e+00 1.707717e+01
      vertex   -6.677057e+01 -6.422000e+00 1.775404e+01
      vertex   -6.695283e+01 -6.422000e+00 1.756208e+01
    endloop
  endfacet
  facet normal -0.000000e+00 -1.000000e+00 0.000000e+00
    outer loop
      vertex   -6.490000e+01 -6.422000e+00 1.707717e+01
      vertex   -6.695283e+01 -6.422000e+00 1.756208e+01
      vertex   -6.770000e+01 -6.422000e+00 1.546059e+01
    endloop
  endfacet
  facet normal 0.000000e+00 -1.000000e+00 0.000000e+00
    outer loop
      vertex   -6.770000e+01 -6.422000e+00 1.546059e+01
      vertex   -6.695283e+01 -6.422000e+00 1.756208e+01
      vertex   -6.716930e+01 -6.422000e+00 1.740945e+01
    endloop
  endfacet
  facet normal -9.218220e-01 3.707012e-02 -3.858368e-01
    outer loop
      vertex   -6.671430e+01 -6.422000e+00 1.925720e+01
      vertex   -6.667951e+01 -6.241500e+00 1.919144e+01
      vertex   -6.660682e+01 -6.422000e+00 1.900043e+01
    endloop
  endfacet
  facet normal -9.411489e-01 -2.210746e-02 -3.372686e-01
    outer loop
      vertex   -6.660682e+01 -6.422000e+00 1.900043e+01
      vertex   -6.667951e+01 -6.241500e+00 1.919144e+01
      vertex   -6.659465e+01 -6.218937e+00 1.895315e+01
    endloop
  endfacet
  facet normal -9.869997e-01 2.210746e-02 -1.591942e-01
    outer loop
      vertex   -6.660682e+01 -6.422000e+00 1.900043e+01
      vertex   -6.659465e+01 -6.218937e+00 1.895315e+01
      vertex   -6.656605e+01 -6.399437e+00 1.875079e+01
    endloop
  endfacet
  facet normal -9.924638e-01 -2.210746e-02 -1.205271e-01
    outer loop
      vertex   -6.656605e+01 -6.399437e+00 1.875079e+01
      vertex   -6.659465e+01 -6.218937e+00 1.895315e+01
      vertex   -6.656465e+01 -6.196375e+00 1.870198e+01
    endloop
  endfacet
  facet normal -9.977510e-01 2.210746e-02 6.327935e-02
    outer loop
      vertex   -6.656605e+01 -6.399437e+00 1.875079e+01
      vertex   -6.656465e+01 -6.196375e+00 1.870198e+01
      vertex   -6.658157e+01 -6.376875e+00 1.849832e+01
    endloop
  endfacet
  facet normal -9.945185e-01 -2.210746e-02 1.021966e-01
    outer loop
      vertex   -6.658157e+01 -6.376875e+00 1.849832e+01
      vertex   -6.656465e+01 -6.196375e+00 1.870198e+01
      vertex   -6.659100e+01 -6.173812e+00 1.845041e+01
    endloop
  endfacet
  facet normal -9.589795e-01 2.210746e-02 2.826121e-01
    outer loop
      vertex   -6.658157e+01 -6.376875e+00 1.849832e+01
      vertex   -6.659100e+01 -6.173812e+00 1.845041e+01
      vertex   -6.665259e+01 -6.354312e+00 1.825555e+01
    endloop
  endfacet
  facet normal -9.472110e-01 -2.210746e-02 3.198478e-01
    outer loop
      vertex   -6.665259e+01 -6.354312e+00 1.825555e+01
      vertex   -6.659100e+01 -6.173812e+00 1.845041e+01
      vertex   -6.667240e+01 -6.151250e+00 1.821092e+01
    endloop
  endfacet
  facet normal -8.726097e-01 2.210746e-02 4.879175e-01
    outer loop
      vertex   -6.665259e+01 -6.354312e+00 1.825555e+01
      vertex   -6.667240e+01 -6.151250e+00 1.821092e+01
      vertex   -6.677560e+01 -6.331750e+00 1.803452e+01
    endloop
  endfacet
  facet normal -8.528892e-01 -2.210746e-02 5.216236e-01
    outer loop
      vertex   -6.677560e+01 -6.331750e+00 1.803452e+01
      vertex   -6.667240e+01 -6.151250e+00 1.821092e+01
      vertex   -6.680480e+01 -6.128687e+00 1.799539e+01
    endloop
  endfacet
  facet normal -7.429286e-01 2.210746e-02 6.690055e-01
    outer loop
      vertex   -6.677560e+01 -6.331750e+00 1.803452e+01
      vertex   -6.680480e+01 -6.128687e+00 1.799539e+01
      vertex   -6.694450e+01 -6.309187e+00 1.784622e+01
    endloop
  endfacet
  facet normal -7.162349e-01 -2.210746e-02 6.975090e-01
    outer loop
      vertex   -6.694450e+01 -6.309187e+00 1.784622e+01
      vertex   -6.680480e+01 -6.128687e+00 1.799539e+01
      vertex   -6.698164e+01 -6.106125e+00 1.781452e+01
    endloop
  endfacet
  facet normal -5.763726e-01 2.210746e-02 8.168879e-01
    outer loop
      vertex   -6.694450e+01 -6.309187e+00 1.784622e+01
      vertex   -6.698164e+01 -6.106125e+00 1.781452e+01
      vertex   -6.715089e+01 -6.286625e+00 1.769999e+01
    endloop
  endfacet
  facet normal -5.440307e-01 -2.210746e-02 8.387740e-01
    outer loop
      vertex   -6.715089e+01 -6.286625e+00 1.769999e+01
      vertex   -6.698164e+01 -6.106125e+00 1.781452e+01
      vertex   -6.719413e+01 -6.083562e+00 1.767730e+01
    endloop
  endfacet
  facet normal -3.812088e-01 2.210746e-02 9.242246e-01
    outer loop
      vertex   -6.715089e+01 -6.286625e+00 1.769999e+01
      vertex   -6.719413e+01 -6.083562e+00 1.767730e+01
      vertex   -6.738454e+01 -6.264062e+00 1.760307e+01
    endloop
  endfacet
  facet normal -3.448240e-01 -2.210746e-02 9.384070e-01
    outer loop
      vertex   -6.738454e+01 -6.264062e+00 1.760307e+01
      vertex   -6.719413e+01 -6.083562e+00 1.767730e+01
      vertex   -6.743172e+01 -6.061000e+00 1.759052e+01
    endloop
  endfacet
  facet normal -1.671240e-01 2.210746e-02 9.856880e-01
    outer loop
      vertex   -6.738454e+01 -6.264062e+00 1.760307e+01
      vertex   -6.743172e+01 -6.061000e+00 1.759052e+01
      vertex   -6.763384e+01 -6.241500e+00 1.756030e+01
    endloop
  endfacet
  facet normal -1.285021e-01 -2.210746e-02 9.914628e-01
    outer loop
      vertex   -6.763384e+01 -6.241500e+00 1.756030e+01
      vertex   -6.743172e+01 -6.061000e+00 1.759052e+01
      vertex   -6.768264e+01 -6.038437e+00 1.755850e+01
    endloop
  endfacet
  facet normal 5.525596e-02 2.210746e-02 9.982274e-01
    outer loop
      vertex   -6.763384e+01 -6.241500e+00 1.756030e+01
      vertex   -6.768264e+01 -6.038437e+00 1.755850e+01
      vertex   -6.788643e+01 -6.218937e+00 1.757378e+01
    endloop
  endfacet
  facet normal 9.419790e-02 -2.210746e-02 9.953080e-01
    outer loop
      vertex   -6.788643e+01 -6.218937e+00 1.757378e+01
      vertex   -6.768264e+01 -6.038437e+00 1.755850e+01
      vertex   -6.793441e+01 -6.015875e+00 1.758283e+01
    endloop
  endfacet
  facet normal 2.748933e-01 2.210746e-02 9.612205e-01
    outer loop
      vertex   -6.788643e+01 -6.218937e+00 1.757378e+01
      vertex   -6.793441e+01 -6.015875e+00 1.758283e+01
      vertex   -6.812977e+01 -6.196375e+00 1.764285e+01
    endloop
  endfacet
  facet normal 3.122224e-01 -2.210746e-02 9.497518e-01
    outer loop
      vertex   -6.812977e+01 -6.196375e+00 1.764285e+01
      vertex   -6.793441e+01 -6.015875e+00 1.758283e+01
      vertex   -6.817455e+01 -5.993312e+00 1.766230e+01
    endloop
  endfacet
  facet normal 4.808865e-01 2.210746e-02 8.765041e-01
    outer loop
      vertex   -6.812977e+01 -6.196375e+00 1.764285e+01
      vertex   -6.817455e+01 -5.993312e+00 1.766230e+01
      vertex   -6.835177e+01 -6.173812e+00 1.776408e+01
    endloop
  endfacet
  facet normal 5.147500e-01 -2.210746e-02 8.570552e-01
    outer loop
      vertex   -6.835177e+01 -6.173812e+00 1.776408e+01
      vertex   -6.817455e+01 -5.993312e+00 1.766230e+01
      vertex   -6.839114e+01 -5.970750e+00 1.779297e+01
    endloop
  endfacet
  facet normal 6.630112e-01 2.210746e-02 7.482830e-01
    outer loop
      vertex   -6.835177e+01 -6.173812e+00 1.776408e+01
      vertex   -6.839114e+01 -5.970750e+00 1.779297e+01
      vertex   -6.854143e+01 -6.151250e+00 1.793146e+01
    endloop
  endfacet
  facet normal 6.917284e-01 -2.210746e-02 7.218193e-01
    outer loop
      vertex   -6.854143e+01 -6.151250e+00 1.793146e+01
      vertex   -6.839114e+01 -5.970750e+00 1.779297e+01
      vertex   -6.857342e+01 -5.948187e+00 1.796834e+01
    endloop
  endfacet
  facet normal 8.122278e-01 2.210746e-02 5.829213e-01
    outer loop
      vertex   -6.854143e+01 -6.151250e+00 1.793146e+01
      vertex   -6.857342e+01 -5.948187e+00 1.796834e+01
      vertex   -6.868932e+01 -6.128687e+00 1.813667e+01
    endloop
  endfacet
  facet normal 8.343732e-01 -2.210746e-02 5.507564e-01
    outer loop
      vertex   -6.868932e+01 -6.128687e+00 1.813667e+01
      vertex   -6.857342e+01 -5.948187e+00 1.796834e+01
      vertex   -6.871235e+01 -5.925625e+00 1.817972e+01
    endloop
  endfacet
  facet normal 9.211300e-01 2.210746e-02 3.886267e-01
    outer loop
      vertex   -6.868932e+01 -6.128687e+00 1.813667e+01
      vertex   -6.871235e+01 -5.925625e+00 1.817972e+01
      vertex   -6.878810e+01 -6.106125e+00 1.836953e+01
    endloop
  endfacet
  facet normal 9.356045e-01 -2.210746e-02 3.523571e-01
    outer loop
      vertex   -6.878810e+01 -6.106125e+00 1.836953e+01
      vertex   -6.871235e+01 -5.925625e+00 1.817972e+01
      vertex   -6.880104e+01 -5.903062e+00 1.841661e+01
    endloop
  endfacet
  facet normal 9.843126e-01 2.210746e-02 1.750429e-01
    outer loop
      vertex   -6.878810e+01 -6.106125e+00 1.836953e+01
      vertex   -6.880104e+01 -5.903062e+00 1.841661e+01
      vertex   -6.883288e+01 -6.083562e+00 1.861848e+01
    endloop
  endfacet
  facet normal 9.903977e-01 -2.210746e-02 1.364687e-01
    outer loop
      vertex   -6.883288e+01 -6.083562e+00 1.861848e+01
      vertex   -6.880104e+01 -5.903062e+00 1.841661e+01
      vertex   -6.883507e+01 -5.880500e+00 1.866726e+01
    endloop
  endfacet
  facet normal 9.986394e-01 2.210746e-02 -4.722900e-02
    outer loop
      vertex   -6.883288e+01 -6.083562e+00 1.861848e+01
      vertex   -6.883507e+01 -5.880500e+00 1.866726e+01
      vertex   -6.882143e+01 -6.061000e+00 1.887117e+01
    endloop
  endfacet
  facet normal 9.960331e-01 -2.210746e-02 -8.619316e-02
    outer loop
      vertex   -6.882143e+01 -6.061000e+00 1.887117e+01
      vertex   -6.883507e+01 -5.880500e+00 1.866726e+01
      vertex   -6.881277e+01 -5.857937e+00 1.891923e+01
    endloop
  endfacet
  facet normal 9.633995e-01 2.210746e-02 -2.671568e-01
    outer loop
      vertex   -6.882143e+01 -6.061000e+00 1.887117e+01
      vertex   -6.881277e+01 -5.857937e+00 1.891923e+01
      vertex   -6.875432e+01 -6.038437e+00 1.911506e+01
    endloop
  endfacet
  facet normal 9.522312e-01 -2.210746e-02 -3.045769e-01
    outer loop
      vertex   -6.875432e+01 -6.038437e+00 1.911506e+01
      vertex   -6.881277e+01 -5.857937e+00 1.891923e+01
      vertex   -6.873523e+01 -5.835375e+00 1.916000e+01
    endloop
  endfacet
  facet normal 8.803418e-01 2.210746e-02 -4.738244e-01
    outer loop
      vertex   -6.875432e+01 -6.038437e+00 1.911506e+01
      vertex   -6.873523e+01 -5.835375e+00 1.916000e+01
      vertex   -6.863488e+01 -6.015875e+00 1.933803e+01
    endloop
  endfacet
  facet normal 8.611658e-01 -2.210746e-02 -5.078432e-01
    outer loop
      vertex   -6.863488e+01 -6.015875e+00 1.933803e+01
      vertex   -6.873523e+01 -5.835375e+00 1.916000e+01
      vertex   -6.860631e+01 -5.812812e+00 1.937763e+01
    endloop
  endfacet
  facet normal 7.535890e-01 2.210746e-02 -6.569740e-01
    outer loop
      vertex   -6.863488e+01 -6.015875e+00 1.933803e+01
      vertex   -6.860631e+01 -5.812812e+00 1.937763e+01
      vertex   -6.846903e+01 -5.993312e+00 1.952902e+01
    endloop
  endfacet
  facet normal 7.273571e-01 -2.210746e-02 -6.859030e-01
    outer loop
      vertex   -6.846903e+01 -5.993312e+00 1.952902e+01
      vertex   -6.860631e+01 -5.812812e+00 1.937763e+01
      vertex   -6.843241e+01 -5.790250e+00 1.956131e+01
    endloop
  endfacet
  facet normal 5.894323e-01 2.210746e-02 -8.075152e-01
    outer loop
      vertex   -6.846903e+01 -5.993312e+00 1.952902e+01
      vertex   -6.843241e+01 -5.790250e+00 1.956131e+01
      vertex   -6.826502e+01 -5.970750e+00 1.967856e+01
    endloop
  endfacet
  facet normal 5.574465e-01 -2.210746e-02 -8.299185e-01
    outer loop
      vertex   -6.826502e+01 -5.970750e+00 1.967856e+01
      vertex   -6.843241e+01 -5.790250e+00 1.956131e+01
      vertex   -6.822215e+01 -5.767687e+00 1.970194e+01
    endloop
  endfacet
  facet normal 3.960195e-01 2.210746e-02 -9.179759e-01
    outer loop
      vertex   -6.826502e+01 -5.970750e+00 1.967856e+01
      vertex   -6.822215e+01 -5.767687e+00 1.970194e+01
      vertex   -6.803296e+01 -5.948187e+00 1.977921e+01
    endloop
  endfacet
  facet normal 3.598674e-01 -2.210746e-02 -9.327415e-01
    outer loop
      vertex   -6.803296e+01 -5.948187e+00 1.977921e+01
      vertex   -6.822215e+01 -5.767687e+00 1.970194e+01
      vertex   -6.798598e+01 -5.745125e+00 1.979252e+01
    endloop
  endfacet
  facet normal 1.829506e-01 2.210746e-02 -9.828735e-01
    outer loop
      vertex   -6.803296e+01 -5.948187e+00 1.977921e+01
      vertex   -6.798598e+01 -5.745125e+00 1.979252e+01
      vertex   -6.778437e+01 -5.925625e+00 1.982599e+01
    endloop
  endfacet
  facet normal 1.444265e-01 -2.210746e-02 -9.892685e-01
    outer loop
      vertex   -6.778437e+01 -5.925625e+00 1.982599e+01
      vertex   -6.798598e+01 -5.745125e+00 1.979252e+01
      vertex   -6.773561e+01 -5.722562e+00 1.982857e+01
    endloop
  endfacet
  facet normal -3.919899e-02 2.210746e-02 -9.989868e-01
    outer loop
      vertex   -6.778437e+01 -5.925625e+00 1.982599e+01
      vertex   -6.773561e+01 -5.722562e+00 1.982857e+01
      vertex   -6.753160e+01 -5.903062e+00 1.981657e+01
    endloop
  endfacet
  facet normal -7.818284e-02 -2.210746e-02 -9.966939e-01
    outer loop
      vertex   -6.753160e+01 -5.903062e+00 1.981657e+01
      vertex   -6.773561e+01 -5.722562e+00 1.982857e+01
      vertex   -6.748348e+01 -5.700000e+00 1.980829e+01
    endloop
  endfacet
  facet normal -2.594030e-01 2.210746e-02 -9.655161e-01
    outer loop
      vertex   -6.753160e+01 -5.903062e+00 1.981657e+01
      vertex   -6.748348e+01 -5.700000e+00 1.980829e+01
      vertex   -6.728718e+01 -5.880500e+00 1.975142e+01
    endloop
  endfacet
  facet normal -3.093854e-01 -3.707012e-02 -9.502139e-01
    outer loop
      vertex   -6.728718e+01 -5.880500e+00 1.975142e+01
      vertex   -6.748348e+01 -5.700000e+00 1.980829e+01
      vertex   -6.721880e+01 -5.700000e+00 1.972212e+01
    endloop
  endfacet
  facet normal -4.674943e-01 3.368498e-02 -8.833540e-01
    outer loop
      vertex   -6.728718e+01 -5.880500e+00 1.975142e+01
      vertex   -6.721880e+01 -5.700000e+00 1.972212e+01
      vertex   -6.706326e+01 -5.857937e+00 1.963378e+01
    endloop
  endfacet
  facet normal -5.309941e-01 -4.979488e-02 -8.459112e-01
    outer loop
      vertex   -6.706326e+01 -5.857937e+00 1.963378e+01
      vertex   -6.721880e+01 -5.700000e+00 1.972212e+01
      vertex   -6.698305e+01 -5.700000e+00 1.957413e+01
    endloop
  endfacet
  facet normal -6.519533e-01 4.525070e-02 -7.569077e-01
    outer loop
      vertex   -6.706326e+01 -5.857937e+00 1.963378e+01
      vertex   -6.698305e+01 -5.700000e+00 1.957413e+01
      vertex   -6.687094e+01 -5.835375e+00 1.946947e+01
    endloop
  endfacet
  facet normal -7.203432e-01 -6.249456e-02 -6.907967e-01
    outer loop
      vertex   -6.687094e+01 -5.835375e+00 1.946947e+01
      vertex   -6.698305e+01 -5.700000e+00 1.957413e+01
      vertex   -6.679038e+01 -5.700000e+00 1.937323e+01
    endloop
  endfacet
  facet normal -8.034926e-01 5.679753e-02 -5.925991e-01
    outer loop
      vertex   -6.687094e+01 -5.835375e+00 1.946947e+01
      vertex   -6.679038e+01 -5.700000e+00 1.937323e+01
      vertex   -6.671977e+01 -5.812812e+00 1.926666e+01
    endloop
  endfacet
  facet normal -8.660169e-01 -7.515986e-02 -4.943336e-01
    outer loop
      vertex   -6.671977e+01 -5.812812e+00 1.926666e+01
      vertex   -6.679038e+01 -5.700000e+00 1.937323e+01
      vertex   -6.665239e+01 -5.700000e+00 1.913148e+01
    endloop
  endfacet
  facet normal -9.145053e-01 6.831850e-02 -3.987639e-01
    outer loop
      vertex   -6.671977e+01 -5.812812e+00 1.926666e+01
      vertex   -6.665239e+01 -5.700000e+00 1.913148e+01
      vertex   -6.661725e+01 -5.790250e+00 1.903542e+01
    endloop
  endfacet
  facet normal -9.592758e-01 -8.778163e-02 -2.684853e-01
    outer loop
      vertex   -6.661725e+01 -5.790250e+00 1.903542e+01
      vertex   -6.665239e+01 -5.700000e+00 1.913148e+01
      vertex   -6.657737e+01 -5.700000e+00 1.886343e+01
    endloop
  endfacet
  facet normal -9.794504e-01 7.980666e-02 -1.852239e-01
    outer loop
      vertex   -6.661725e+01 -5.790250e+00 1.903542e+01
      vertex   -6.657737e+01 -5.700000e+00 1.886343e+01
      vertex   -6.656847e+01 -5.767687e+00 1.878722e+01
    endloop
  endfacet
  facet normal -9.945863e-01 -1.003508e-01 -2.697900e-02
    outer loop
      vertex   -6.656847e+01 -5.767687e+00 1.878722e+01
      vertex   -6.657737e+01 -5.700000e+00 1.886343e+01
      vertex   -6.656982e+01 -5.700000e+00 1.858518e+01
    endloop
  endfacet
  facet normal -9.951319e-01 9.125518e-02 3.721603e-02
    outer loop
      vertex   -6.656847e+01 -5.767687e+00 1.878722e+01
      vertex   -6.656982e+01 -5.700000e+00 1.858518e+01
      vertex   -6.657586e+01 -5.745125e+00 1.853438e+01
    endloop
  endfacet
  facet normal -9.699517e-01 -1.128586e-01 2.155379e-01
    outer loop
      vertex   -6.657586e+01 -5.745125e+00 1.853438e+01
      vertex   -6.656982e+01 -5.700000e+00 1.858518e+01
      vertex   -6.663020e+01 -5.700000e+00 1.831345e+01
    endloop
  endfacet
  facet normal -9.608577e-01 1.026573e-01 2.573208e-01
    outer loop
      vertex   -6.657586e+01 -5.745125e+00 1.853438e+01
      vertex   -6.663020e+01 -5.700000e+00 1.831345e+01
      vertex   -6.663904e+01 -5.722562e+00 1.828945e+01
    endloop
  endfacet
  facet normal -8.870252e-01 -1.252962e-01 4.443954e-01
    outer loop
      vertex   -6.663904e+01 -5.722562e+00 1.828945e+01
      vertex   -6.663020e+01 -5.700000e+00 1.831345e+01
      vertex   -6.675489e+01 -5.700000e+00 1.806459e+01
    endloop
  endfacet
  facet normal -8.422923e-01 -3.368498e-02 -5.379674e-01
    outer loop
      vertex   -6.667951e+01 -6.241500e+00 1.919144e+01
      vertex   -6.671430e+01 -6.422000e+00 1.925720e+01
      vertex   -6.681503e+01 -6.264062e+00 1.940502e+01
    endloop
  endfacet
  facet normal -7.997963e-01 4.979488e-02 -5.982026e-01
    outer loop
      vertex   -6.681503e+01 -6.264062e+00 1.940502e+01
      vertex   -6.671430e+01 -6.422000e+00 1.925720e+01
      vertex   -6.688102e+01 -6.422000e+00 1.948010e+01
    endloop
  endfacet
  facet normal -7.012261e-01 -4.525070e-02 -7.115015e-01
    outer loop
      vertex   -6.681503e+01 -6.264062e+00 1.940502e+01
      vertex   -6.688102e+01 -6.422000e+00 1.948010e+01
      vertex   -6.699446e+01 -6.286625e+00 1.958330e+01
    endloop
  endfacet
  facet normal -6.297586e-01 6.249456e-02 -7.742729e-01
    outer loop
      vertex   -6.699446e+01 -6.286625e+00 1.958330e+01
      vertex   -6.688102e+01 -6.422000e+00 1.948010e+01
      vertex   -6.709696e+01 -6.422000e+00 1.965574e+01
    endloop
  endfacet
  facet normal -5.251079e-01 -5.679753e-02 -8.491382e-01
    outer loop
      vertex   -6.699446e+01 -6.286625e+00 1.958330e+01
      vertex   -6.709696e+01 -6.422000e+00 1.965574e+01
      vertex   -6.720892e+01 -6.309187e+00 1.971743e+01
    endloop
  endfacet
  facet normal -4.220713e-01 7.515986e-02 -9.034416e-01
    outer loop
      vertex   -6.720892e+01 -6.309187e+00 1.971743e+01
      vertex   -6.709696e+01 -6.422000e+00 1.965574e+01
      vertex   -6.734915e+01 -6.422000e+00 1.977356e+01
    endloop
  endfacet
  facet normal -3.228660e-01 -6.831850e-02 -9.439757e-01
    outer loop
      vertex   -6.720892e+01 -6.309187e+00 1.971743e+01
      vertex   -6.734915e+01 -6.422000e+00 1.977356e+01
      vertex   -6.744775e+01 -6.331750e+00 1.980075e+01
    endloop
  endfacet
  facet normal -1.893707e-01 8.778163e-02 -9.779740e-01
    outer loop
      vertex   -6.744775e+01 -6.331750e+00 1.980075e+01
      vertex   -6.734915e+01 -6.422000e+00 1.977356e+01
      vertex   -6.762243e+01 -6.422000e+00 1.982648e+01
    endloop
  endfacet
  facet normal -1.047414e-01 -7.980666e-02 -9.912922e-01
    outer loop
      vertex   -6.744775e+01 -6.331750e+00 1.980075e+01
      vertex   -6.762243e+01 -6.422000e+00 1.982648e+01
      vertex   -6.769911e+01 -6.354312e+00 1.982913e+01
    endloop
  endfacet
  facet normal 5.421070e-02 1.003508e-01 -9.934742e-01
    outer loop
      vertex   -6.769911e+01 -6.354312e+00 1.982913e+01
      vertex   -6.762243e+01 -6.422000e+00 1.982648e+01
      vertex   -6.790037e+01 -6.422000e+00 1.981131e+01
    endloop
  endfacet
  facet normal 1.182365e-01 -9.125518e-02 -9.887834e-01
    outer loop
      vertex   -6.769911e+01 -6.354312e+00 1.982913e+01
      vertex   -6.790037e+01 -6.422000e+00 1.981131e+01
      vertex   -6.795050e+01 -6.376875e+00 1.980115e+01
    endloop
  endfacet
  facet normal 2.939113e-01 1.128586e-01 -9.491465e-01
    outer loop
      vertex   -6.795050e+01 -6.376875e+00 1.980115e+01
      vertex   -6.790037e+01 -6.422000e+00 1.981131e+01
      vertex   -6.816626e+01 -6.422000e+00 1.972897e+01
    endloop
  endfacet
  facet normal 3.348135e-01 -1.026573e-01 -9.366757e-01
    outer loop
      vertex   -6.795050e+01 -6.376875e+00 1.980115e+01
      vertex   -6.816626e+01 -6.422000e+00 1.972897e+01
      vertex   -6.818947e+01 -6.399437e+00 1.971821e+01
    endloop
  endfacet
  facet normal 5.152447e-01 1.252962e-01 -8.478348e-01
    outer loop
      vertex   -6.818947e+01 -6.399437e+00 1.971821e+01
      vertex   -6.816626e+01 -6.422000e+00 1.972897e+01
      vertex   -6.840413e+01 -6.422000e+00 1.958441e+01
    endloop
  endfacet
  facet normal 2.914746e-01 8.699578e-01 -3.977637e-01
    outer loop
      vertex   -6.861699e+01 -6.422000e+00 1.942844e+01
      vertex   -6.866527e+01 -6.264062e+00 1.973849e+01
      vertex   -6.840413e+01 -6.422000e+00 1.958441e+01
    endloop
  endfacet
  facet normal 2.539528e-01 8.571089e-01 -4.481878e-01
    outer loop
      vertex   -6.840413e+01 -6.422000e+00 1.958441e+01
      vertex   -6.866527e+01 -6.264062e+00 1.973849e+01
      vertex   -6.841001e+01 -6.241500e+00 1.992627e+01
    endloop
  endfacet
  facet normal 1.925935e-01 8.691115e-01 -4.555797e-01
    outer loop
      vertex   -6.840413e+01 -6.422000e+00 1.958441e+01
      vertex   -6.841001e+01 -6.241500e+00 1.992627e+01
      vertex   -6.818947e+01 -6.399437e+00 1.971821e+01
    endloop
  endfacet
  facet normal 1.484212e-01 8.571089e-01 -4.932905e-01
    outer loop
      vertex   -6.818947e+01 -6.399437e+00 1.971821e+01
      vertex   -6.841001e+01 -6.241500e+00 1.992627e+01
      vertex   -6.811951e+01 -6.218937e+00 2.005288e+01
    endloop
  endfacet
  facet normal 8.694803e-02 8.691115e-01 -4.869139e-01
    outer loop
      vertex   -6.818947e+01 -6.399437e+00 1.971821e+01
      vertex   -6.811951e+01 -6.218937e+00 2.005288e+01
      vertex   -6.795050e+01 -6.376875e+00 1.980115e+01
    endloop
  endfacet
  facet normal 3.552273e-02 8.571089e-01 -5.139090e-01
    outer loop
      vertex   -6.795050e+01 -6.376875e+00 1.980115e+01
      vertex   -6.811951e+01 -6.218937e+00 2.005288e+01
      vertex   -6.780818e+01 -6.196375e+00 2.011203e+01
    endloop
  endfacet
  facet normal -2.301304e-02 8.691115e-01 -4.940805e-01
    outer loop
      vertex   -6.795050e+01 -6.376875e+00 1.980115e+01
      vertex   -6.780818e+01 -6.196375e+00 2.011203e+01
      vertex   -6.769911e+01 -6.354312e+00 1.982913e+01
    endloop
  endfacet
  facet normal -7.913885e-02 8.571089e-01 -5.090200e-01
    outer loop
      vertex   -6.769911e+01 -6.354312e+00 1.982913e+01
      vertex   -6.780818e+01 -6.196375e+00 2.011203e+01
      vertex   -6.749149e+01 -6.173812e+00 2.010078e+01
    endloop
  endfacet
  facet normal -1.318319e-01 8.691115e-01 -4.767237e-01
    outer loop
      vertex   -6.769911e+01 -6.354312e+00 1.982913e+01
      vertex   -6.749149e+01 -6.173812e+00 2.010078e+01
      vertex   -6.744775e+01 -6.331750e+00 1.980075e+01
    endloop
  endfacet
  facet normal -1.898724e-01 8.571089e-01 -4.788661e-01
    outer loop
      vertex   -6.744775e+01 -6.331750e+00 1.980075e+01
      vertex   -6.749149e+01 -6.173812e+00 2.010078e+01
      vertex   -6.718515e+01 -6.151250e+00 2.001970e+01
    endloop
  endfacet
  facet normal -2.341073e-01 8.691115e-01 -4.357050e-01
    outer loop
      vertex   -6.744775e+01 -6.331750e+00 1.980075e+01
      vertex   -6.718515e+01 -6.151250e+00 2.001970e+01
      vertex   -6.720892e+01 -6.309187e+00 1.971743e+01
    endloop
  endfacet
  facet normal -2.911818e-01 8.571089e-01 -4.249441e-01
    outer loop
      vertex   -6.720892e+01 -6.309187e+00 1.971743e+01
      vertex   -6.718515e+01 -6.151250e+00 2.001970e+01
      vertex   -6.690436e+01 -6.128687e+00 1.987281e+01
    endloop
  endfacet
  facet normal -3.247630e-01 8.691115e-01 -3.730605e-01
    outer loop
      vertex   -6.720892e+01 -6.309187e+00 1.971743e+01
      vertex   -6.690436e+01 -6.128687e+00 1.987281e+01
      vertex   -6.699446e+01 -6.286625e+00 1.958330e+01
    endloop
  endfacet
  facet normal -3.780386e-01 8.571089e-01 -3.499302e-01
    outer loop
      vertex   -6.699446e+01 -6.286625e+00 1.958330e+01
      vertex   -6.690436e+01 -6.128687e+00 1.987281e+01
      vertex   -6.666306e+01 -6.106125e+00 1.966739e+01
    endloop
  endfacet
  facet normal -3.992993e-01 8.691115e-01 -2.918993e-01
    outer loop
      vertex   -6.699446e+01 -6.286625e+00 1.958330e+01
      vertex   -6.666306e+01 -6.106125e+00 1.966739e+01
      vertex   -6.681503e+01 -6.264062e+00 1.940502e+01
    endloop
  endfacet
  facet normal -4.461317e-01 8.571089e-01 -2.575478e-01
    outer loop
      vertex   -6.681503e+01 -6.264062e+00 1.940502e+01
      vertex   -6.666306e+01 -6.106125e+00 1.966739e+01
      vertex   -6.647323e+01 -6.083562e+00 1.941365e+01
    endloop
  endfacet
  facet normal -4.540166e-01 8.691115e-01 -1.962499e-01
    outer loop
      vertex   -6.681503e+01 -6.264062e+00 1.940502e+01
      vertex   -6.647323e+01 -6.083562e+00 1.941365e+01
      vertex   -6.667951e+01 -6.241500e+00 1.919144e+01
    endloop
  endfacet
  facet normal -4.920813e-01 8.571089e-01 -1.523821e-01
    outer loop
      vertex   -6.667951e+01 -6.241500e+00 1.919144e+01
      vertex   -6.647323e+01 -6.083562e+00 1.941365e+01
      vertex   -6.634429e+01 -6.061000e+00 1.912417e+01
    endloop
  endfacet
  facet normal -4.861992e-01 8.691115e-01 -9.085973e-02
    outer loop
      vertex   -6.667951e+01 -6.241500e+00 1.919144e+01
      vertex   -6.634429e+01 -6.061000e+00 1.912417e+01
      vertex   -6.659465e+01 -6.218937e+00 1.895315e+01
    endloop
  endfacet
  facet normal -5.136068e-01 8.571089e-01 -3.965312e-02
    outer loop
      vertex   -6.659465e+01 -6.218937e+00 1.895315e+01
      vertex   -6.634429e+01 -6.061000e+00 1.912417e+01
      vertex   -6.628264e+01 -6.038437e+00 1.881333e+01
    endloop
  endfacet
  facet normal -4.942495e-01 8.691115e-01 1.904018e-02
    outer loop
      vertex   -6.659465e+01 -6.218937e+00 1.895315e+01
      vertex   -6.628264e+01 -6.038437e+00 1.881333e+01
      vertex   -6.656465e+01 -6.196375e+00 1.870198e+01
    endloop
  endfacet
  facet normal -5.096398e-01 8.571089e-01 7.504406e-02
    outer loop
      vertex   -6.656465e+01 -6.196375e+00 1.870198e+01
      vertex   -6.628264e+01 -6.038437e+00 1.881333e+01
      vertex   -6.629133e+01 -6.015875e+00 1.849656e+01
    endloop
  endfacet
  facet normal -4.777681e-01 8.691115e-01 1.279950e-01
    outer loop
      vertex   -6.656465e+01 -6.196375e+00 1.870198e+01
      vertex   -6.629133e+01 -6.015875e+00 1.849656e+01
      vertex   -6.659100e+01 -6.173812e+00 1.845041e+01
    endloop
  endfacet
  facet normal -4.803771e-01 8.571089e-01 1.860165e-01
    outer loop
      vertex   -6.659100e+01 -6.173812e+00 1.845041e+01
      vertex   -6.629133e+01 -6.015875e+00 1.849656e+01
      vertex   -6.636995e+01 -5.993312e+00 1.818957e+01
    endloop
  endfacet
  facet normal -4.375731e-01 8.691115e-01 2.305969e-01
    outer loop
      vertex   -6.659100e+01 -6.173812e+00 1.845041e+01
      vertex   -6.636995e+01 -5.993312e+00 1.818957e+01
      vertex   -6.667240e+01 -6.151250e+00 1.821092e+01
    endloop
  endfacet
  facet normal -4.272713e-01 8.571089e-01 2.877561e-01
    outer loop
      vertex   -6.667240e+01 -6.151250e+00 1.821092e+01
      vertex   -6.636995e+01 -5.993312e+00 1.818957e+01
      vertex   -6.651459e+01 -5.970750e+00 1.790761e+01
    endloop
  endfacet
  facet normal -3.756593e-01 8.691115e-01 3.217533e-01
    outer loop
      vertex   -6.667240e+01 -6.151250e+00 1.821092e+01
      vertex   -6.651459e+01 -5.970750e+00 1.790761e+01
      vertex   -6.680480e+01 -6.128687e+00 1.799539e+01
    endloop
  endfacet
  facet normal -3.529581e-01 8.571089e-01 3.752131e-01
    outer loop
      vertex   -6.680480e+01 -6.128687e+00 1.799539e+01
      vertex   -6.651459e+01 -5.970750e+00 1.790761e+01
      vertex   -6.671806e+01 -5.948187e+00 1.766467e+01
    endloop
  endfacet
  facet normal -2.951000e-01 8.691115e-01 3.969397e-01
    outer loop
      vertex   -6.680480e+01 -6.128687e+00 1.799539e+01
      vertex   -6.671806e+01 -5.948187e+00 1.766467e+01
      vertex   -6.698164e+01 -6.106125e+00 1.781452e+01
    endloop
  endfacet
  facet normal -2.611261e-01 8.571089e-01 4.440467e-01
    outer loop
      vertex   -6.698164e+01 -6.106125e+00 1.781452e+01
      vertex   -6.671806e+01 -5.948187e+00 1.766467e+01
      vertex   -6.697027e+01 -5.925625e+00 1.747280e+01
    endloop
  endfacet
  facet normal -1.998936e-01 8.691115e-01 4.524242e-01
    outer loop
      vertex   -6.698164e+01 -6.106125e+00 1.781452e+01
      vertex   -6.697027e+01 -5.925625e+00 1.747280e+01
      vertex   -6.719413e+01 -6.083562e+00 1.767730e+01
    endloop
  endfacet
  facet normal -1.563333e-01 8.571089e-01 4.908403e-01
    outer loop
      vertex   -6.719413e+01 -6.083562e+00 1.767730e+01
      vertex   -6.697027e+01 -5.925625e+00 1.747280e+01
      vertex   -6.725869e+01 -5.903062e+00 1.734154e+01
    endloop
  endfacet
  facet normal -9.476555e-02 8.691115e-01 4.854530e-01
    outer loop
      vertex   -6.719413e+01 -6.083562e+00 1.767730e+01
      vertex   -6.725869e+01 -5.903062e+00 1.734154e+01
      vertex   -6.743172e+01 -6.061000e+00 1.759052e+01
    endloop
  endfacet
  facet normal -4.378094e-02 8.571089e-01 5.132714e-01
    outer loop
      vertex   -6.743172e+01 -6.061000e+00 1.759052e+01
      vertex   -6.725869e+01 -5.903062e+00 1.734154e+01
      vertex   -6.756903e+01 -5.880500e+00 1.727739e+01
    endloop
  endfacet
  facet normal 1.506608e-02 8.691115e-01 4.943866e-01
    outer loop
      vertex   -6.743172e+01 -6.061000e+00 1.759052e+01
      vertex   -6.756903e+01 -5.880500e+00 1.727739e+01
      vertex   -6.768264e+01 -6.038437e+00 1.755850e+01
    endloop
  endfacet
  facet normal 7.094443e-02 8.571089e-01 5.102266e-01
    outer loop
      vertex   -6.768264e+01 -6.038437e+00 1.755850e+01
      vertex   -6.756903e+01 -5.880500e+00 1.727739e+01
      vertex   -6.788586e+01 -5.857937e+00 1.728355e+01
    endloop
  endfacet
  facet normal 1.241499e-01 8.691115e-01 4.787817e-01
    outer loop
      vertex   -6.768264e+01 -6.038437e+00 1.755850e+01
      vertex   -6.788586e+01 -5.857937e+00 1.728355e+01
      vertex   -6.793441e+01 -6.015875e+00 1.758283e+01
    endloop
  endfacet
  facet normal 1.821485e-01 8.571089e-01 4.818571e-01
    outer loop
      vertex   -6.793441e+01 -6.015875e+00 1.758283e+01
      vertex   -6.788586e+01 -5.857937e+00 1.728355e+01
      vertex   -6.819347e+01 -5.835375e+00 1.735969e+01
    endloop
  endfacet
  facet normal 2.270717e-01 8.691115e-01 4.394128e-01
    outer loop
      vertex   -6.793441e+01 -6.015875e+00 1.758283e+01
      vertex   -6.819347e+01 -5.835375e+00 1.735969e+01
      vertex   -6.817455e+01 -5.993312e+00 1.766230e+01
    endloop
  endfacet
  facet normal 2.843118e-01 8.571089e-01 4.295709e-01
    outer loop
      vertex   -6.817455e+01 -5.993312e+00 1.766230e+01
      vertex   -6.819347e+01 -5.835375e+00 1.735969e+01
      vertex   -6.847658e+01 -5.812812e+00 1.750205e+01
    endloop
  endfacet
  facet normal 3.187228e-01 8.691115e-01 3.782339e-01
    outer loop
      vertex   -6.817455e+01 -5.993312e+00 1.766230e+01
      vertex   -6.847658e+01 -5.812812e+00 1.750205e+01
      vertex   -6.839114e+01 -5.970750e+00 1.779297e+01
    endloop
  endfacet
  facet normal 3.723634e-01 8.571089e-01 3.559632e-01
    outer loop
      vertex   -6.839114e+01 -5.970750e+00 1.779297e+01
      vertex   -6.847658e+01 -5.812812e+00 1.750205e+01
      vertex   -6.872115e+01 -5.790250e+00 1.770356e+01
    endloop
  endfacet
  facet normal 3.945544e-01 8.691115e-01 2.982816e-01
    outer loop
      vertex   -6.839114e+01 -5.970750e+00 1.779297e+01
      vertex   -6.872115e+01 -5.790250e+00 1.770356e+01
      vertex   -6.857342e+01 -5.948187e+00 1.796834e+01
    endloop
  endfacet
  facet normal 4.419331e-01 8.571089e-01 2.646875e-01
    outer loop
      vertex   -6.857342e+01 -5.948187e+00 1.796834e+01
      vertex   -6.872115e+01 -5.790250e+00 1.770356e+01
      vertex   -6.891504e+01 -5.767687e+00 1.795422e+01
    endloop
  endfacet
  facet normal 4.508026e-01 8.691115e-01 2.035243e-01
    outer loop
      vertex   -6.857342e+01 -5.948187e+00 1.796834e+01
      vertex   -6.891504e+01 -5.767687e+00 1.795422e+01
      vertex   -6.871235e+01 -5.925625e+00 1.817972e+01
    endloop
  endfacet
  facet normal 4.895676e-01 8.571089e-01 1.602743e-01
    outer loop
      vertex   -6.871235e+01 -5.925625e+00 1.817972e+01
      vertex   -6.891504e+01 -5.767687e+00 1.795422e+01
      vertex   -6.904862e+01 -5.745125e+00 1.824159e+01
    endloop
  endfacet
  facet normal 4.846755e-01 8.691115e-01 9.866525e-02
    outer loop
      vertex   -6.871235e+01 -5.925625e+00 1.817972e+01
      vertex   -6.904862e+01 -5.745125e+00 1.824159e+01
      vertex   -6.880104e+01 -5.903062e+00 1.841661e+01
    endloop
  endfacet
  facet normal 5.129029e-01 8.571089e-01 4.790593e-02
    outer loop
      vertex   -6.880104e+01 -5.903062e+00 1.841661e+01
      vertex   -6.904862e+01 -5.745125e+00 1.824159e+01
      vertex   -6.911526e+01 -5.722562e+00 1.855139e+01
    endloop
  endfacet
  facet normal 4.944918e-01 8.691115e-01 -1.109101e-02
    outer loop
      vertex   -6.880104e+01 -5.903062e+00 1.841661e+01
      vertex   -6.911526e+01 -5.722562e+00 1.855139e+01
      vertex   -6.883507e+01 -5.880500e+00 1.866726e+01
    endloop
  endfacet
  facet normal 5.107805e-01 8.571089e-01 -6.684021e-02
    outer loop
      vertex   -6.883507e+01 -5.880500e+00 1.866726e+01
      vertex   -6.911526e+01 -5.722562e+00 1.855139e+01
      vertex   -6.911165e+01 -5.700000e+00 1.886827e+01
    endloop
  endfacet
  facet normal 4.797643e-01 8.691115e-01 -1.202968e-01
    outer loop
      vertex   -6.883507e+01 -5.880500e+00 1.866726e+01
      vertex   -6.911165e+01 -5.700000e+00 1.886827e+01
      vertex   -6.881277e+01 -5.857937e+00 1.891923e+01
    endloop
  endfacet
  facet normal 4.829482e-01 8.588102e-01 -1.708979e-01
    outer loop
      vertex   -6.881277e+01 -5.857937e+00 1.891923e+01
      vertex   -6.911165e+01 -5.700000e+00 1.886827e+01
      vertex   -6.902330e+01 -5.700000e+00 1.911796e+01
    endloop
  endfacet
  facet normal 4.410858e-01 8.691913e-01 -2.234946e-01
    outer loop
      vertex   -6.881277e+01 -5.857937e+00 1.891923e+01
      vertex   -6.902330e+01 -5.700000e+00 1.911796e+01
      vertex   -6.873523e+01 -5.835375e+00 1.916000e+01
    endloop
  endfacet
  facet normal 4.415112e-01 8.587068e-01 -2.601741e-01
    outer loop
      vertex   -6.873523e+01 -5.835375e+00 1.916000e+01
      vertex   -6.902330e+01 -5.700000e+00 1.911796e+01
      vertex   -6.888883e+01 -5.700000e+00 1.934615e+01
    endloop
  endfacet
  facet normal 3.819848e-01 8.683542e-01 -3.163046e-01
    outer loop
      vertex   -6.873523e+01 -5.835375e+00 1.916000e+01
      vertex   -6.888883e+01 -5.700000e+00 1.934615e+01
      vertex   -6.860631e+01 -5.812812e+00 1.937763e+01
    endloop
  endfacet
  facet normal 3.811396e-01 8.593848e-01 -3.408671e-01
    outer loop
      vertex   -6.860631e+01 -5.812812e+00 1.937763e+01
      vertex   -6.888883e+01 -5.700000e+00 1.934615e+01
      vertex   -6.871236e+01 -5.700000e+00 1.954346e+01
    endloop
  endfacet
  facet normal 3.046014e-01 8.667836e-01 -3.948470e-01
    outer loop
      vertex   -6.860631e+01 -5.812812e+00 1.937763e+01
      vertex   -6.871236e+01 -5.700000e+00 1.954346e+01
      vertex   -6.843241e+01 -5.790250e+00 1.956131e+01
    endloop
  endfacet
  facet normal 3.035503e-01 8.608360e-01 -4.084342e-01
    outer loop
      vertex   -6.843241e+01 -5.790250e+00 1.956131e+01
      vertex   -6.871236e+01 -5.700000e+00 1.954346e+01
      vertex   -6.850064e+01 -5.700000e+00 1.970082e+01
    endloop
  endfacet
  facet normal 2.119676e-01 8.645606e-01 -4.556367e-01
    outer loop
      vertex   -6.843241e+01 -5.790250e+00 1.956131e+01
      vertex   -6.850064e+01 -5.700000e+00 1.970082e+01
      vertex   -6.822215e+01 -5.767687e+00 1.970194e+01
    endloop
  endfacet
  facet normal 2.115461e-01 8.627672e-01 -4.592178e-01
    outer loop
      vertex   -6.822215e+01 -5.767687e+00 1.970194e+01
      vertex   -6.850064e+01 -5.700000e+00 1.970082e+01
      vertex   -6.826069e+01 -5.700000e+00 1.981135e+01
    endloop
  endfacet
  facet normal 1.097340e-01 8.621195e-01 -4.946802e-01
    outer loop
      vertex   -6.822215e+01 -5.767687e+00 1.970194e+01
      vertex   -6.826069e+01 -5.700000e+00 1.981135e+01
      vertex   -6.800352e+01 -5.700000e+00 1.986840e+01
    endloop
  endfacet
  facet normal 3.481895e-01 8.561146e-01 -3.818793e-01
    outer loop
      vertex   -6.866527e+01 -6.264062e+00 1.973849e+01
      vertex   -6.861699e+01 -6.422000e+00 1.942844e+01
      vertex   -6.887262e+01 -6.286625e+00 1.949885e+01
    endloop
  endfacet
  facet normal 3.727063e-01 8.706968e-01 -3.209004e-01
    outer loop
      vertex   -6.887262e+01 -6.286625e+00 1.949885e+01
      vertex   -6.861699e+01 -6.422000e+00 1.942844e+01
      vertex   -6.878924e+01 -6.422000e+00 1.922837e+01
    endloop
  endfacet
  facet normal 4.262820e-01 8.546658e-01 -2.963613e-01
    outer loop
      vertex   -6.887262e+01 -6.286625e+00 1.949885e+01
      vertex   -6.878924e+01 -6.422000e+00 1.922837e+01
      vertex   -6.902177e+01 -6.309187e+00 1.921925e+01
    endloop
  endfacet
  facet normal 4.320319e-01 8.718188e-01 -2.308255e-01
    outer loop
      vertex   -6.902177e+01 -6.309187e+00 1.921925e+01
      vertex   -6.878924e+01 -6.422000e+00 1.922837e+01
      vertex   -6.891357e+01 -6.422000e+00 1.899567e+01
    endloop
  endfacet
  facet normal 4.849235e-01 8.524372e-01 -1.954482e-01
    outer loop
      vertex   -6.902177e+01 -6.309187e+00 1.921925e+01
      vertex   -6.891357e+01 -6.422000e+00 1.899567e+01
      vertex   -6.910531e+01 -6.331750e+00 1.891356e+01
    endloop
  endfacet
  facet normal 4.682094e-01 8.735121e-01 -1.332535e-01
    outer loop
      vertex   -6.910531e+01 -6.331750e+00 1.891356e+01
      vertex   -6.891357e+01 -6.422000e+00 1.899567e+01
      vertex   -6.898578e+01 -6.422000e+00 1.874194e+01
    endloop
  endfacet
  facet normal 5.216048e-01 8.491173e-01 -8.323563e-02
    outer loop
      vertex   -6.910531e+01 -6.331750e+00 1.891356e+01
      vertex   -6.898578e+01 -6.422000e+00 1.874194e+01
      vertex   -6.911910e+01 -6.354312e+00 1.859697e+01
    endloop
  endfacet
  facet normal 4.813536e-01 8.758775e-01 -3.372505e-02
    outer loop
      vertex   -6.911910e+01 -6.354312e+00 1.859697e+01
      vertex   -6.898578e+01 -6.422000e+00 1.874194e+01
      vertex   -6.900424e+01 -6.422000e+00 1.847854e+01
    endloop
  endfacet
  facet normal 5.346711e-01 8.442913e-01 3.604072e-02
    outer loop
      vertex   -6.911910e+01 -6.354312e+00 1.859697e+01
      vertex   -6.900424e+01 -6.422000e+00 1.847854e+01
      vertex   -6.906246e+01 -6.376875e+00 1.828518e+01
    endloop
  endfacet
  facet normal 4.727820e-01 8.789414e-01 6.276273e-02
    outer loop
      vertex   -6.906246e+01 -6.376875e+00 1.828518e+01
      vertex   -6.900424e+01 -6.422000e+00 1.847854e+01
      vertex   -6.896946e+01 -6.422000e+00 1.821657e+01
    endloop
  endfacet
  facet normal 5.230496e-01 8.375004e-01 1.581526e-01
    outer loop
      vertex   -6.906246e+01 -6.376875e+00 1.828518e+01
      vertex   -6.896946e+01 -6.422000e+00 1.821657e+01
      vertex   -6.893819e+01 -6.399437e+00 1.799367e+01
    endloop
  endfacet
  facet normal 4.448627e-01 8.826482e-01 1.517539e-01
    outer loop
      vertex   -6.893819e+01 -6.399437e+00 1.799367e+01
      vertex   -6.896946e+01 -6.422000e+00 1.821657e+01
      vertex   -6.888412e+01 -6.422000e+00 1.796640e+01
    endloop
  endfacet
  facet normal 4.862576e-01 8.280903e-01 2.789625e-01
    outer loop
      vertex   -6.893819e+01 -6.399437e+00 1.799367e+01
      vertex   -6.888412e+01 -6.422000e+00 1.796640e+01
      vertex   -6.875246e+01 -6.422000e+00 1.773691e+01
    endloop
  endfacet
  facet normal 1.053564e-01 8.652232e-01 -4.901926e-01
    outer loop
      vertex   -6.822215e+01 -5.767687e+00 1.970194e+01
      vertex   -6.800352e+01 -5.700000e+00 1.986840e+01
      vertex   -6.798598e+01 -5.745125e+00 1.979252e+01
    endloop
  endfacet
  facet normal -8.240906e-04 8.594146e-01 -5.112787e-01
    outer loop
      vertex   -6.798598e+01 -5.745125e+00 1.979252e+01
      vertex   -6.800352e+01 -5.700000e+00 1.986840e+01
      vertex   -6.773980e+01 -5.700000e+00 1.986798e+01
    endloop
  endfacet
  facet normal -6.563315e-03 8.675018e-01 -4.973907e-01
    outer loop
      vertex   -6.798598e+01 -5.745125e+00 1.979252e+01
      vertex   -6.773980e+01 -5.700000e+00 1.986798e+01
      vertex   -6.773561e+01 -5.722562e+00 1.982857e+01
    endloop
  endfacet
  facet normal -1.170781e-01 8.564319e-01 -5.028093e-01
    outer loop
      vertex   -6.773561e+01 -5.722562e+00 1.982857e+01
      vertex   -6.773980e+01 -5.700000e+00 1.986798e+01
      vertex   -6.748348e+01 -5.700000e+00 1.980829e+01
    endloop
  endfacet
  facet normal 5.000000e-01 -0.000000e+00 8.660254e-01
    outer loop
      vertex   -7.050000e+01 -8.200000e+00 -1.692283e+01
      vertex   -6.770000e+01 -8.200000e+00 -1.853941e+01
      vertex   -7.050000e+01 -6.422000e+00 -1.692283e+01
    endloop
  endfacet
  facet normal 5.000000e-01 0.000000e+00 8.660254e-01
    outer loop
      vertex   -7.050000e+01 -6.422000e+00 -1.692283e+01
      vertex   -6.770000e+01 -8.200000e+00 -1.853941e+01
      vertex   -6.770000e+01 -6.422000e+00 -1.853941e+01
    endloop
  endfacet
  facet normal -5.000000e-01 0.000000e+00 8.660254e-01
    outer loop
      vertex   -6.770000e+01 -8.200000e+00 -1.853941e+01
      vertex   -6.490000e+01 -8.200000e+00 -1.692283e+01
      vertex   -6.770000e+01 -6.422000e+00 -1.853941e+01
    endloop
  endfacet
  facet normal -5.000000e-01 0.000000e+00 8.660254e-01
    outer loop
      vertex   -6.770000e+01 -6.422000e+00 -1.853941e+01
      vertex   -6.490000e+01 -8.200000e+00 -1.692283e+01
      vertex   -6.490000e+01 -6.422000e+00 -1.692283e+01
    endloop
  endfacet
  facet normal -1.000000e+00 0.000000e+00 0.000000e+00
    outer loop
      vertex   -6.490000e+01 -8.200000e+00 -1.692283e+01
      vertex   -6.490000e+01 -8.200000e+00 -1.368967e+01
      vertex   -6.490000e+01 -6.422000e+00 -1.692283e+01
    endloop
  endfacet
  facet normal -1.000000e+00 0.000000e+00 0.000000e+00
    outer loop
      vertex   -6.490000e+01 -6.422000e+00 -1.692283e+01
      vertex   -6.490000e+01 -8.200000e+00 -1.368967e+01
      vertex   -6.490000e+01 -6.422000e+00 -1.368967e+01
    endloop
  endfacet
  facet normal -5.000000e-01 0.000000e+00 -8.660254e-01
    outer loop
      vertex   -6.490000e+01 -8.200000e+00 -1.368967e+01
      vertex   -6.770000e+01 -8.200000e+00 -1.207309e+01
      vertex   -6.490000e+01 -6.422000e+00 -1.368967e+01
    endloop
  endfacet
  facet normal -5.000000e-01 0.000000e+00 -8.660254e-01
    outer loop
      vertex   -6.490000e+01 -6.422000e+00 -1.368967e+01
      vertex   -6.770000e+01 -8.200000e+00 -1.207309e+01
      vertex   -6.770000e+01 -6.422000e+00 -1.207309e+01
    endloop
  endfacet
  facet normal 5.000000e-01 0.000000e+00 -8.660254e-01
    outer loop
      vertex   -6.770000e+01 -8.200000e+00 -1.207309e+01
      vertex   -7.050000e+01 -8.200000e+00 -1.368967e+01
      vertex   -6.770000e+01 -6.422000e+00 -1.207309e+01
    endloop
  endfacet
  facet normal 5.000000e-01 0.000000e+00 -8.660254e-01
    outer loop
      vertex   -6.770000e+01 -6.422000e+00 -1.207309e+01
      vertex   -7.050000e+01 -8.200000e+00 -1.368967e+01
      vertex   -7.050000e+01 -6.422000e+00 -1.368967e+01
    endloop
  endfacet
  facet normal 1.000000e+00 -0.000000e+00 0.000000e+00
    outer loop
      vertex   -7.050000e+01 -8.200000e+00 -1.368967e+01
      vertex   -7.050000e+01 -8.200000e+00 -1.692283e+01
      vertex   -7.050000e+01 -6.422000e+00 -1.368967e+01
    endloop
  endfacet
  facet normal 1.000000e+00 0.000000e+00 0.000000e+00
    outer loop
      vertex   -7.050000e+01 -6.422000e+00 -1.368967e+01
      vertex   -7.050000e+01 -8.200000e+00 -1.692283e+01
      vertex   -7.050000e+01 -6.422000e+00 -1.692283e+01
    endloop
  endfacet
  facet normal 0.000000e+00 -1.000000e+00 0.000000e+00
    outer loop
      vertex   -6.716930e+01 -6.422000e+00 -1.663757e+01
      vertex   -6.741096e+01 -6.422000e+00 -1.674599e+01
      vertex   -6.770000e+01 -6.422000e+00 -1.853941e+01
    endloop
  endfacet
  facet normal 0.000000e+00 -1.000000e+00 0.000000e+00
    outer loop
      vertex   -6.770000e+01 -6.422000e+00 -1.853941e+01
      vertex   -6.741096e+01 -6.422000e+00 -1.674599e+01
      vertex   -6.777786e+01 -6.422000e+00 -1.677354e+01
    endloop
  endfacet
  facet normal 0.000000e+00 -1.000000e+00 0.000000e+00
    outer loop
      vertex   -6.770000e+01 -6.422000e+00 -1.853941e+01
      vertex   -6.777786e+01 -6.422000e+00 -1.677354e+01
      vertex   -6.813955e+01 -6.422000e+00 -1.670605e+01
    endloop
  endfacet
  facet normal -0.000000e+00 -1.000000e+00 -0.000000e+00
    outer loop
      vertex   -6.813955e+01 -6.422000e+00 -1.670605e+01
      vertex   -6.847183e+01 -6.422000e+00 -1.654805e+01
      vertex   -6.770000e+01 -6.422000e+00 -1.853941e+01
    endloop
  endfacet
  facet normal 0.000000e+00 -1.000000e+00 0.000000e+00
    outer loop
      vertex   -6.770000e+01 -6.422000e+00 -1.853941e+01
      vertex   -6.847183e+01 -6.422000e+00 -1.654805e+01
      vertex   -7.050000e+01 -6.422000e+00 -1.692283e+01
    endloop
  endfacet
  facet normal 0.000000e+00 -1.000000e+00 0.000000e+00
    outer loop
      vertex   -7.050000e+01 -6.422000e+00 -1.692283e+01
      vertex   -6.847183e+01 -6.422000e+00 -1.654805e+01
      vertex   -6.875246e+01 -6.422000e+00 -1.631011e+01
    endloop
  endfacet
  facet normal 0.000000e+00 -1.000000e+00 0.000000e+00
    outer loop
      vertex   -7.050000e+01 -6.422000e+00 -1.692283e+01
      vertex   -6.875246e+01 -6.422000e+00 -1.631011e+01
      vertex   -6.888412e+01 -6.422000e+00 -1.608062e+01
    endloop
  endfacet
  facet normal 3.142220e-15 -1.000000e+00 -6.028718e-15
    outer loop
      vertex   -6.888412e+01 -6.422000e+00 -1.608062e+01
      vertex   -6.896946e+01 -6.422000e+00 -1.583045e+01
      vertex   -7.050000e+01 -6.422000e+00 -1.692283e+01
    endloop
  endfacet
  facet normal -5.480879e-15 -1.000000e+00 6.053160e-15
    outer loop
      vertex   -7.050000e+01 -6.422000e+00 -1.692283e+01
      vertex   -6.896946e+01 -6.422000e+00 -1.583045e+01
      vertex   -6.900424e+01 -6.422000e+00 -1.556848e+01
    endloop
  endfacet
  facet normal 0.000000e+00 -1.000000e+00 0.000000e+00
    outer loop
      vertex   -7.050000e+01 -6.422000e+00 -1.692283e+01
      vertex   -6.900424e+01 -6.422000e+00 -1.556848e+01
      vertex   -7.050000e+01 -6.422000e+00 -1.368967e+01
    endloop
  endfacet
  facet normal 0.000000e+00 -1.000000e+00 0.000000e+00
    outer loop
      vertex   -7.050000e+01 -6.422000e+00 -1.368967e+01
      vertex   -6.900424e+01 -6.422000e+00 -1.556848e+01
      vertex   -6.898578e+01 -6.422000e+00 -1.530508e+01
    endloop
  endfacet
  facet normal 0.000000e+00 -1.000000e+00 0.000000e+00
    outer loop
      vertex   -7.050000e+01 -6.422000e+00 -1.368967e+01
      vertex   -6.898578e+01 -6.422000e+00 -1.530508e+01
      vertex   -6.891357e+01 -6.422000e+00 -1.505135e+01
    endloop
  endfacet
  facet normal 0.000000e+00 -1.000000e+00 0.000000e+00
    outer loop
      vertex   -6.891357e+01 -6.422000e+00 -1.505135e+01
      vertex   -6.878924e+01 -6.422000e+00 -1.481865e+01
      vertex   -7.050000e+01 -6.422000e+00 -1.368967e+01
    endloop
  endfacet
  facet normal 0.000000e+00 -1.000000e+00 0.000000e+00
    outer loop
      vertex   -7.050000e+01 -6.422000e+00 -1.368967e+01
      vertex   -6.878924e+01 -6.422000e+00 -1.481865e+01
      vertex   -6.861699e+01 -6.422000e+00 -1.461858e+01
    endloop
  endfacet
  facet normal 0.000000e+00 -1.000000e+00 0.000000e+00
    outer loop
      vertex   -7.050000e+01 -6.422000e+00 -1.368967e+01
      vertex   -6.861699e+01 -6.422000e+00 -1.461858e+01
      vertex   -6.840413e+01 -6.422000e+00 -1.446261e+01
    endloop
  endfacet
  facet normal 0.000000e+00 -1.000000e+00 0.000000e+00
    outer loop
      vertex   -7.050000e+01 -6.422000e+00 -1.368967e+01
      vertex   -6.840413e+01 -6.422000e+00 -1.446261e+01
      vertex   -6.770000e+01 -6.422000e+00 -1.207309e+01
    endloop
  endfacet
  facet normal 0.000000e+00 -1.000000e+00 0.000000e+00
    outer loop
      vertex   -6.770000e+01 -6.422000e+00 -1.207309e+01
      vertex   -6.840413e+01 -6.422000e+00 -1.446261e+01
      vertex   -6.816626e+01 -6.422000e+00 -1.431805e+01
    endloop
  endfacet
  facet normal 0.000000e+00 -1.000000e+00 0.000000e+00
    outer loop
      vertex   -6.770000e+01 -6.422000e+00 -1.207309e+01
      vertex   -6.816626e+01 -6.422000e+00 -1.431805e+01
      vertex   -6.790037e+01 -6.422000e+00 -1.423571e+01
    endloop
  endfacet
  facet normal 0.000000e+00 -1.000000e+00 0.000000e+00
    outer loop
      vertex   -6.790037e+01 -6.422000e+00 -1.423571e+01
      vertex   -6.762243e+01 -6.422000e+00 -1.422054e+01
      vertex   -6.770000e+01 -6.422000e+00 -1.207309e+01
    endloop
  endfacet
  facet normal 0.000000e+00 -1.000000e+00 0.000000e+00
    outer loop
      vertex   -6.770000e+01 -6.422000e+00 -1.207309e+01
      vertex   -6.762243e+01 -6.422000e+00 -1.422054e+01
      vertex   -6.734915e+01 -6.422000e+00 -1.427346e+01
    endloop
  endfacet
  facet normal 0.000000e+00 -1.000000e+00 0.000000e+00
    outer loop
      vertex   -6.770000e+01 -6.422000e+00 -1.207309e+01
      vertex   -6.734915e+01 -6.422000e+00 -1.427346e+01
      vertex   -6.709696e+01 -6.422000e+00 -1.439128e+01
    endloop
  endfacet
  facet normal 0.000000e+00 -1.000000e+00 0.000000e+00
    outer loop
      vertex   -6.770000e+01 -6.422000e+00 -1.207309e+01
      vertex   -6.709696e+01 -6.422000e+00 -1.439128e+01
      vertex   -6.490000e+01 -6.422000e+00 -1.368967e+01
    endloop
  endfacet
  facet normal 0.000000e+00 -1.000000e+00 0.000000e+00
    outer loop
      vertex   -6.490000e+01 -6.422000e+00 -1.368967e+01
      vertex   -6.709696e+01 -6.422000e+00 -1.439128e+01
      vertex   -6.688102e+01 -6.422000e+00 -1.456692e+01
    endloop
  endfacet
  facet normal 0.000000e+00 -1.000000e+00 0.000000e+00
    outer loop
      vertex   -6.490000e+01 -6.422000e+00 -1.368967e+01
      vertex   -6.688102e+01 -6.422000e+00 -1.456692e+01
      vertex   -6.671430e+01 -6.422000e+00 -1.478982e+01
    endloop
  endfacet
  facet normal 0.000000e+00 -1.000000e+00 0.000000e+00
    outer loop
      vertex   -6.671430e+01 -6.422000e+00 -1.478982e+01
      vertex   -6.660682e+01 -6.422000e+00 -1.504659e+01
      vertex   -6.490000e+01 -6.422000e+00 -1.368967e+01
    endloop
  endfacet
  facet normal 0.000000e+00 -1.000000e+00 0.000000e+00
    outer loop
      vertex   -6.490000e+01 -6.422000e+00 -1.368967e+01
      vertex   -6.660682e+01 -6.422000e+00 -1.504659e+01
      vertex   -6.652644e+01 -6.422000e+00 -1.529719e+01
    endloop
  endfacet
  facet normal -3.085904e-15 -1.000000e+00 3.122207e-15
    outer loop
      vertex   -6.490000e+01 -6.422000e+00 -1.368967e+01
      vertex   -6.652644e+01 -6.422000e+00 -1.529719e+01
      vertex   -6.650451e+01 -6.422000e+00 -1.555999e+01
    endloop
  endfacet
  facet normal 5.535514e-16 -1.000000e+00 0.000000e+00
    outer loop
      vertex   -6.490000e+01 -6.422000e+00 -1.368967e+01
      vertex   -6.650451e+01 -6.422000e+00 -1.555999e+01
      vertex   -6.490000e+01 -6.422000e+00 -1.692283e+01
    endloop
  endfacet
  facet normal -2.092739e-15 -1.000000e+00 -3.115558e-15
    outer loop
      vertex   -6.490000e+01 -6.422000e+00 -1.692283e+01
      vertex   -6.650451e+01 -6.422000e+00 -1.555999e+01
      vertex   -6.654040e+01 -6.422000e+00 -1.582097e+01
    endloop
  endfacet
  facet normal -3.861229e-15 -1.000000e+00 -5.748392e-15
    outer loop
      vertex   -6.490000e+01 -6.422000e+00 -1.692283e+01
      vertex   -6.654040e+01 -6.422000e+00 -1.582097e+01
      vertex   -6.663100e+01 -6.422000e+00 -1.606913e+01
    endloop
  endfacet
  facet normal 7.117606e-16 -1.000000e+00 3.523952e-15
    outer loop
      vertex   -6.663100e+01 -6.422000e+00 -1.606913e+01
      vertex   -6.677057e+01 -6.422000e+00 -1.629298e+01
      vertex   -6.490000e+01 -6.422000e+00 -1.692283e+01
    endloop
  endfacet
  facet normal -1.540309e-15 -1.000000e+00 -3.164340e-15
    outer loop
      vertex   -6.490000e+01 -6.422000e+00 -1.692283e+01
      vertex   -6.677057e+01 -6.422000e+00 -1.629298e+01
      vertex   -6.695283e+01 -6.422000e+00 -1.648494e+01
    endloop
  endfacet
  facet normal -6.318678e-16 -1.000000e+00 1.094427e-15
    outer loop
      vertex   -6.490000e+01 -6.422000e+00 -1.692283e+01
      vertex   -6.695283e+01 -6.422000e+00 -1.648494e+01
      vertex   -6.770000e+01 -6.422000e+00 -1.853941e+01
    endloop
  endfacet
  facet normal 1.021611e-14 -1.000000e+00 -2.850765e-15
    outer loop
      vertex   -6.770000e+01 -6.422000e+00 -1.853941e+01
      vertex   -6.695283e+01 -6.422000e+00 -1.648494e+01
      vertex   -6.716930e+01 -6.422000e+00 -1.663757e+01
    endloop
  endfacet
  facet normal -9.218220e-01 3.707012e-02 -3.858368e-01
    outer loop
      vertex   -6.671430e+01 -6.422000e+00 -1.478982e+01
      vertex   -6.667951e+01 -6.241500e+00 -1.485558e+01
      vertex   -6.660682e+01 -6.422000e+00 -1.504659e+01
    endloop
  endfacet
  facet normal -9.411489e-01 -2.210746e-02 -3.372686e-01
    outer loop
      vertex   -6.660682e+01 -6.422000e+00 -1.504659e+01
      vertex   -6.667951e+01 -6.241500e+00 -1.485558e+01
      vertex   -6.659465e+01 -6.218937e+00 -1.509387e+01
    endloop
  endfacet
  facet normal -9.869997e-01 2.210746e-02 -1.591942e-01
    outer loop
      vertex   -6.660682e+01 -6.422000e+00 -1.504659e+01
      vertex   -6.659465e+01 -6.218937e+00 -1.509387e+01
      vertex   -6.656605e+01 -6.399437e+00 -1.529623e+01
    endloop
  endfacet
  facet normal -9.924638e-01 -2.210746e-02 -1.205271e-01
    outer loop
      vertex   -6.656605e+01 -6.399437e+00 -1.529623e+01
      vertex   -6.659465e+01 -6.218937e+00 -1.509387e+01
      vertex   -6.656465e+01 -6.196375e+00 -1.534504e+01
    endloop
  endfacet
  facet normal -9.977510e-01 2.210746e-02 6.327935e-02
    outer loop
      vertex   -6.656605e+01 -6.399437e+00 -1.529623e+01
      vertex   -6.656465e+01 -6.196375e+00 -1.534504e+01
      vertex   -6.658157e+01 -6.376875e+00 -1.554870e+01
    endloop
  endfacet
  facet normal -9.945185e-01 -2.210746e-02 1.021966e-01
    outer loop
      vertex   -6.658157e+01 -6.376875e+00 -1.554870e+01
      vertex   -6.656465e+01 -6.196375e+00 -1.534504e+01
      vertex   -6.659100e+01 -6.173812e+00 -1.559661e+01
    endloop
  endfacet
  facet normal -9.589795e-01 2.210746e-02 2.826121e-01
    outer loop
      vertex   -6.658157e+01 -6.376875e+00 -1.554870e+01
      vertex   -6.659100e+01 -6.173812e+00 -1.559661e+01
      vertex   -6.665259e+01 -6.354312e+00 -1.579147e+01
    endloop
  endfacet
  facet normal -9.472110e-01 -2.210746e-02 3.198478e-01
    outer loop
      vertex   -6.665259e+01 -6.354312e+00 -1.579147e+01
      vertex   -6.659100e+01 -6.173812e+00 -1.559661e+01
      vertex   -6.667240e+01 -6.151250e+00 -1.583610e+01
    endloop
  endfacet
  facet normal -8.726097e-01 2.210746e-02 4.879175e-01
    outer loop
      vertex   -6.665259e+01 -6.354312e+00 -1.579147e+01
      vertex   -6.667240e+01 -6.151250e+00 -1.583610e+01
      vertex   -6.677560e+01 -6.331750e+00 -1.601250e+01
    endloop
  endfacet
  facet normal -8.528892e-01 -2.210746e-02 5.216236e-01
    outer loop
      vertex   -6.677560e+01 -6.331750e+00 -1.601250e+01
      vertex   -6.667240e+01 -6.151250e+00 -1.583610e+01
      vertex   -6.680480e+01 -6.128687e+00 -1.605163e+01
    endloop
  endfacet
  facet normal -7.429286e-01 2.210746e-02 6.690055e-01
    outer loop
      vertex   -6.677560e+01 -6.331750e+00 -1.601250e+01
      vertex   -6.680480e+01 -6.128687e+00 -1.605163e+01
      vertex   -6.694450e+01 -6.309187e+00 -1.620080e+01
    endloop
  endfacet
  facet normal -7.162349e-01 -2.210746e-02 6.975090e-01
    outer loop
      vertex   -6.694450e+01 -6.309187e+00 -1.620080e+01
      vertex   -6.680480e+01 -6.128687e+00 -1.605163e+01
      vertex   -6.698164e+01 -6.106125e+00 -1.623250e+01
    endloop
  endfacet
  facet normal -5.763726e-01 2.210746e-02 8.168879e-01
    outer loop
      vertex   -6.694450e+01 -6.309187e+00 -1.620080e+01
      vertex   -6.698164e+01 -6.106125e+00 -1.623250e+01
      vertex   -6.715089e+01 -6.286625e+00 -1.634703e+01
    endloop
  endfacet
  facet normal -5.440307e-01 -2.210746e-02 8.387740e-01
    outer loop
      vertex   -6.715089e+01 -6.286625e+00 -1.634703e+01
      vertex   -6.698164e+01 -6.106125e+00 -1.623250e+01
      vertex   -6.719413e+01 -6.083562e+00 -1.636972e+01
    endloop
  endfacet
  facet normal -3.812088e-01 2.210746e-02 9.242246e-01
    outer loop
      vertex   -6.715089e+01 -6.286625e+00 -1.634703e+01
      vertex   -6.719413e+01 -6.083562e+00 -1.636972e+01
      vertex   -6.738454e+01 -6.264062e+00 -1.644395e+01
    endloop
  endfacet
  facet normal -3.448240e-01 -2.210746e-02 9.384070e-01
    outer loop
      vertex   -6.738454e+01 -6.264062e+00 -1.644395e+01
      vertex   -6.719413e+01 -6.083562e+00 -1.636972e+01
      vertex   -6.743172e+01 -6.061000e+00 -1.645650e+01
    endloop
  endfacet
  facet normal -1.671240e-01 2.210746e-02 9.856880e-01
    outer loop
      vertex   -6.738454e+01 -6.264062e+00 -1.644395e+01
      vertex   -6.743172e+01 -6.061000e+00 -1.645650e+01
      vertex   -6.763384e+01 -6.241500e+00 -1.648672e+01
    endloop
  endfacet
  facet normal -1.285021e-01 -2.210746e-02 9.914628e-01
    outer loop
      vertex   -6.763384e+01 -6.241500e+00 -1.648672e+01
      vertex   -6.743172e+01 -6.061000e+00 -1.645650e+01
      vertex   -6.768264e+01 -6.038437e+00 -1.648852e+01
    endloop
  endfacet
  facet normal 5.525596e-02 2.210746e-02 9.982274e-01
    outer loop
      vertex   -6.763384e+01 -6.241500e+00 -1.648672e+01
      vertex   -6.768264e+01 -6.038437e+00 -1.648852e+01
      vertex   -6.788643e+01 -6.218937e+00 -1.647324e+01
    endloop
  endfacet
  facet normal 9.419790e-02 -2.210746e-02 9.953080e-01
    outer loop
      vertex   -6.788643e+01 -6.218937e+00 -1.647324e+01
      vertex   -6.768264e+01 -6.038437e+00 -1.648852e+01
      vertex   -6.793441e+01 -6.015875e+00 -1.646419e+01
    endloop
  endfacet
  facet normal 2.748933e-01 2.210746e-02 9.612205e-01
    outer loop
      vertex   -6.788643e+01 -6.218937e+00 -1.647324e+01
      vertex   -6.793441e+01 -6.015875e+00 -1.646419e+01
      vertex   -6.812977e+01 -6.196375e+00 -1.640417e+01
    endloop
  endfacet
  facet normal 3.122224e-01 -2.210746e-02 9.497518e-01
    outer loop
      vertex   -6.812977e+01 -6.196375e+00 -1.640417e+01
      vertex   -6.793441e+01 -6.015875e+00 -1.646419e+01
      vertex   -6.817455e+01 -5.993312e+00 -1.638472e+01
    endloop
  endfacet
  facet normal 4.808865e-01 2.210746e-02 8.765041e-01
    outer loop
      vertex   -6.812977e+01 -6.196375e+00 -1.640417e+01
      vertex   -6.817455e+01 -5.993312e+00 -1.638472e+01
      vertex   -6.835177e+01 -6.173812e+00 -1.628294e+01
    endloop
  endfacet
  facet normal 5.147500e-01 -2.210746e-02 8.570552e-01
    outer loop
      vertex   -6.835177e+01 -6.173812e+00 -1.628294e+01
      vertex   -6.817455e+01 -5.993312e+00 -1.638472e+01
      vertex   -6.839114e+01 -5.970750e+00 -1.625405e+01
    endloop
  endfacet
  facet normal 6.630112e-01 2.210746e-02 7.482830e-01
    outer loop
      vertex   -6.835177e+01 -6.173812e+00 -1.628294e+01
      vertex   -6.839114e+01 -5.970750e+00 -1.625405e+01
      vertex   -6.854143e+01 -6.151250e+00 -1.611556e+01
    endloop
  endfacet
  facet normal 6.917284e-01 -2.210746e-02 7.218193e-01
    outer loop
      vertex   -6.854143e+01 -6.151250e+00 -1.611556e+01
      vertex   -6.839114e+01 -5.970750e+00 -1.625405e+01
      vertex   -6.857342e+01 -5.948187e+00 -1.607868e+01
    endloop
  endfacet
  facet normal 8.122278e-01 2.210746e-02 5.829213e-01
    outer loop
      vertex   -6.854143e+01 -6.151250e+00 -1.611556e+01
      vertex   -6.857342e+01 -5.948187e+00 -1.607868e+01
      vertex   -6.868932e+01 -6.128687e+00 -1.591035e+01
    endloop
  endfacet
  facet normal 8.343732e-01 -2.210746e-02 5.507564e-01
    outer loop
      vertex   -6.868932e+01 -6.128687e+00 -1.591035e+01
      vertex   -6.857342e+01 -5.948187e+00 -1.607868e+01
      vertex   -6.871235e+01 -5.925625e+00 -1.586730e+01
    endloop
  endfacet
  facet normal 9.211300e-01 2.210746e-02 3.886267e-01
    outer loop
      vertex   -6.868932e+01 -6.128687e+00 -1.591035e+01
      vertex   -6.871235e+01 -5.925625e+00 -1.586730e+01
      vertex   -6.878810e+01 -6.106125e+00 -1.567749e+01
    endloop
  endfacet
  facet normal 9.356045e-01 -2.210746e-02 3.523571e-01
    outer loop
      vertex   -6.878810e+01 -6.106125e+00 -1.567749e+01
      vertex   -6.871235e+01 -5.925625e+00 -1.586730e+01
      vertex   -6.880104e+01 -5.903062e+00 -1.563041e+01
    endloop
  endfacet
  facet normal 9.843126e-01 2.210746e-02 1.750429e-01
    outer loop
      vertex   -6.878810e+01 -6.106125e+00 -1.567749e+01
      vertex   -6.880104e+01 -5.903062e+00 -1.563041e+01
      vertex   -6.883288e+01 -6.083562e+00 -1.542854e+01
    endloop
  endfacet
  facet normal 9.903977e-01 -2.210746e-02 1.364687e-01
    outer loop
      vertex   -6.883288e+01 -6.083562e+00 -1.542854e+01
      vertex   -6.880104e+01 -5.903062e+00 -1.563041e+01
      vertex   -6.883507e+01 -5.880500e+00 -1.537976e+01
    endloop
  endfacet
  facet normal 9.986394e-01 2.210746e-02 -4.722900e-02
    outer loop
      vertex   -6.883288e+01 -6.083562e+00 -1.542854e+01
      vertex   -6.883507e+01 -5.880500e+00 -1.537976e+01
      vertex   -6.882143e+01 -6.061000e+00 -1.517585e+01
    endloop
  endfacet
  facet normal 9.960331e-01 -2.210746e-02 -8.619316e-02
    outer loop
      vertex   -6.882143e+01 -6.061000e+00 -1.517585e+01
      vertex   -6.883507e+01 -5.880500e+00 -1.537976e+01
      vertex   -6.881277e+01 -5.857937e+00 -1.512780e+01
    endloop
  endfacet
  facet normal 9.633995e-01 2.210746e-02 -2.671568e-01
    outer loop
      vertex   -6.882143e+01 -6.061000e+00 -1.517585e+01
      vertex   -6.881277e+01 -5.857937e+00 -1.512780e+01
      vertex   -6.875432e+01 -6.038437e+00 -1.493196e+01
    endloop
  endfacet
  facet normal 9.522312e-01 -2.210746e-02 -3.045769e-01
    outer loop
      vertex   -6.875432e+01 -6.038437e+00 -1.493196e+01
      vertex   -6.881277e+01 -5.857937e+00 -1.512780e+01
      vertex   -6.873523e+01 -5.835375e+00 -1.488702e+01
    endloop
  endfacet
  facet normal 8.803418e-01 2.210746e-02 -4.738244e-01
    outer loop
      vertex   -6.875432e+01 -6.038437e+00 -1.493196e+01
      vertex   -6.873523e+01 -5.835375e+00 -1.488702e+01
      vertex   -6.863488e+01 -6.015875e+00 -1.470899e+01
    endloop
  endfacet
  facet normal 8.611658e-01 -2.210746e-02 -5.078432e-01
    outer loop
      vertex   -6.863488e+01 -6.015875e+00 -1.470899e+01
      vertex   -6.873523e+01 -5.835375e+00 -1.488702e+01
      vertex   -6.860631e+01 -5.812812e+00 -1.466939e+01
    endloop
  endfacet
  facet normal 7.535890e-01 2.210746e-02 -6.569740e-01
    outer loop
      vertex   -6.863488e+01 -6.015875e+00 -1.470899e+01
      vertex   -6.860631e+01 -5.812812e+00 -1.466939e+01
      vertex   -6.846903e+01 -5.993312e+00 -1.451800e+01
    endloop
  endfacet
  facet normal 7.273571e-01 -2.210746e-02 -6.859030e-01
    outer loop
      vertex   -6.846903e+01 -5.993312e+00 -1.451800e+01
      vertex   -6.860631e+01 -5.812812e+00 -1.466939e+01
      vertex   -6.843241e+01 -5.790250e+00 -1.448571e+01
    endloop
  endfacet
  facet normal 5.894323e-01 2.210746e-02 -8.075152e-01
    outer loop
      vertex   -6.846903e+01 -5.993312e+00 -1.451800e+01
      vertex   -6.843241e+01 -5.790250e+00 -1.448571e+01
      vertex   -6.826502e+01 -5.970750e+00 -1.436846e+01
    endloop
  endfacet
  facet normal 5.574465e-01 -2.210746e-02 -8.299185e-01
    outer loop
      vertex   -6.826502e+01 -5.970750e+00 -1.436846e+01
      vertex   -6.843241e+01 -5.790250e+00 -1.448571e+01
      vertex   -6.822215e+01 -5.767687e+00 -1.434508e+01
    endloop
  endfacet
  facet normal 3.960195e-01 2.210746e-02 -9.179759e-01
    outer loop
      vertex   -6.826502e+01 -5.970750e+00 -1.436846e+01
      vertex   -6.822215e+01 -5.767687e+00 -1.434508e+01
      vertex   -6.803296e+01 -5.948187e+00 -1.426781e+01
    endloop
  endfacet
  facet normal 3.598674e-01 -2.210746e-02 -9.327415e-01
    outer loop
      vertex   -6.803296e+01 -5.948187e+00 -1.426781e+01
      vertex   -6.822215e+01 -5.767687e+00 -1.434508e+01
      vertex   -6.798598e+01 -5.745125e+00 -1.425450e+01
    endloop
  endfacet
  facet normal 1.829506e-01 2.210746e-02 -9.828735e-01
    outer loop
      vertex   -6.803296e+01 -5.948187e+00 -1.426781e+01
      vertex   -6.798598e+01 -5.745125e+00 -1.425450e+01
      vertex   -6.778437e+01 -5.925625e+00 -1.422103e+01
    endloop
  endfacet
  facet normal 1.444265e-01 -2.210746e-02 -9.892685e-01
    outer loop
      vertex   -6.778437e+01 -5.925625e+00 -1.422103e+01
      vertex   -6.798598e+01 -5.745125e+00 -1.425450e+01
      vertex   -6.773561e+01 -5.722562e+00 -1.421845e+01
    endloop
  endfacet
  facet normal -3.919899e-02 2.210746e-02 -9.989868e-01
    outer loop
      vertex   -6.778437e+01 -5.925625e+00 -1.422103e+01
      vertex   -6.773561e+01 -5.722562e+00 -1.421845e+01
      vertex   -6.753160e+01 -5.903062e+00 -1.423045e+01
    endloop
  endfacet
  facet normal -7.818284e-02 -2.210746e-02 -9.966939e-01
    outer loop
      vertex   -6.753160e+01 -5.903062e+00 -1.423045e+01
      vertex   -6.773561e+01 -5.722562e+00 -1.421845e+01
      vertex   -6.748348e+01 -5.700000e+00 -1.423873e+01
    endloop
  endfacet
  facet normal -2.594030e-01 2.210746e-02 -9.655161e-01
    outer loop
      vertex   -6.753160e+01 -5.903062e+00 -1.423045e+01
      vertex   -6.748348e+01 -5.700000e+00 -1.423873e+01
      vertex   -6.728718e+01 -5.880500e+00 -1.429560e+01
    endloop
  endfacet
  facet normal -3.093854e-01 -3.707012e-02 -9.502139e-01
    outer loop
      vertex   -6.728718e+01 -5.880500e+00 -1.429560e+01
      vertex   -6.748348e+01 -5.700000e+00 -1.423873e+01
      vertex   -6.721880e+01 -5.700000e+00 -1.432491e+01
    endloop
  endfacet
  facet normal -4.674943e-01 3.368498e-02 -8.833540e-01
    outer loop
      vertex   -6.728718e+01 -5.880500e+00 -1.429560e+01
      vertex   -6.721880e+01 -5.700000e+00 -1.432491e+01
      vertex   -6.706326e+01 -5.857937e+00 -1.441325e+01
    endloop
  endfacet
  facet normal -5.309941e-01 -4.979488e-02 -8.459112e-01
    outer loop
      vertex   -6.706326e+01 -5.857937e+00 -1.441325e+01
      vertex   -6.721880e+01 -5.700000e+00 -1.432491e+01
      vertex   -6.698305e+01 -5.700000e+00 -1.447289e+01
    endloop
  endfacet
  facet normal -6.519533e-01 4.525070e-02 -7.569077e-01
    outer loop
      vertex   -6.706326e+01 -5.857937e+00 -1.441325e+01
      vertex   -6.698305e+01 -5.700000e+00 -1.447289e+01
      vertex   -6.687094e+01 -5.835375e+00 -1.457755e+01
    endloop
  endfacet
  facet normal -7.203432e-01 -6.249456e-02 -6.907967e-01
    outer loop
      vertex   -6.687094e+01 -5.835375e+00 -1.457755e+01
      vertex   -6.698305e+01 -5.700000e+00 -1.447289e+01
      vertex   -6.679038e+01 -5.700000e+00 -1.467380e+01
    endloop
  endfacet
  facet normal -8.034926e-01 5.679753e-02 -5.925991e-01
    outer loop
      vertex   -6.687094e+01 -5.835375e+00 -1.457755e+01
      vertex   -6.679038e+01 -5.700000e+00 -1.467380e+01
      vertex   -6.671977e+01 -5.812812e+00 -1.478036e+01
    endloop
  endfacet
  facet normal -8.660169e-01 -7.515986e-02 -4.943336e-01
    outer loop
      vertex   -6.671977e+01 -5.812812e+00 -1.478036e+01
      vertex   -6.679038e+01 -5.700000e+00 -1.467380e+01
      vertex   -6.665239e+01 -5.700000e+00 -1.491554e+01
    endloop
  endfacet
  facet normal -9.145053e-01 6.831850e-02 -3.987639e-01
    outer loop
      vertex   -6.671977e+01 -5.812812e+00 -1.478036e+01
      vertex   -6.665239e+01 -5.700000e+00 -1.491554e+01
      vertex   -6.661725e+01 -5.790250e+00 -1.501160e+01
    endloop
  endfacet
  facet normal -9.592758e-01 -8.778163e-02 -2.684853e-01
    outer loop
      vertex   -6.661725e+01 -5.790250e+00 -1.501160e+01
      vertex   -6.665239e+01 -5.700000e+00 -1.491554e+01
      vertex   -6.657737e+01 -5.700000e+00 -1.518359e+01
    endloop
  endfacet
  facet normal -9.794504e-01 7.980666e-02 -1.852239e-01
    outer loop
      vertex   -6.661725e+01 -5.790250e+00 -1.501160e+01
      vertex   -6.657737e+01 -5.700000e+00 -1.518359e+01
      vertex   -6.656847e+01 -5.767687e+00 -1.525980e+01
    endloop
  endfacet
  facet normal -9.945863e-01 -1.003508e-01 -2.697900e-02
    outer loop
      vertex   -6.656847e+01 -5.767687e+00 -1.525980e+01
      vertex   -6.657737e+01 -5.700000e+00 -1.518359e+01
      vertex   -6.656982e+01 -5.700000e+00 -1.546184e+01
    endloop
  endfacet
  facet normal -9.951319e-01 9.125518e-02 3.721603e-02
    outer loop
      vertex   -6.656847e+01 -5.767687e+00 -1.525980e+01
      vertex   -6.656982e+01 -5.700000e+00 -1.546184e+01
      vertex   -6.657586e+01 -5.745125e+00 -1.551264e+01
    endloop
  endfacet
  facet normal -9.699517e-01 -1.128586e-01 2.155379e-01
    outer loop
      vertex   -6.657586e+01 -5.745125e+00 -1.551264e+01
      vertex   -6.656982e+01 -5.700000e+00 -1.546184e+01
      vertex   -6.663020e+01 -5.700000e+00 -1.573357e+01
    endloop
  endfacet
  facet normal -9.608577e-01 1.026573e-01 2.573208e-01
    outer loop
      vertex   -6.657586e+01 -5.745125e+00 -1.551264e+01
      vertex   -6.663020e+01 -5.700000e+00 -1.573357e+01
      vertex   -6.663904e+01 -5.722562e+00 -1.575757e+01
    endloop
  endfacet
  facet normal -8.870252e-01 -1.252962e-01 4.443954e-01
    outer loop
      vertex   -6.663904e+01 -5.722562e+00 -1.575757e+01
      vertex   -6.663020e+01 -5.700000e+00 -1.573357e+01
      vertex   -6.675489e+01 -5.700000e+00 -1.598243e+01
    endloop
  endfacet
  facet normal -8.422923e-01 -3.368498e-02 -5.379674e-01
    outer loop
      vertex   -6.667951e+01 -6.241500e+00 -1.485558e+01
      vertex   -6.671430e+01 -6.422000e+00 -1.478982e+01
      vertex   -6.681503e+01 -6.264062e+00 -1.464200e+01
    endloop
  endfacet
  facet normal -7.997963e-01 4.979488e-02 -5.982026e-01
    outer loop
      vertex   -6.681503e+01 -6.264062e+00 -1.464200e+01
      vertex   -6.671430e+01 -6.422000e+00 -1.478982e+01
      vertex   -6.688102e+01 -6.422000e+00 -1.456692e+01
    endloop
  endfacet
  facet normal -7.012261e-01 -4.525070e-02 -7.115015e-01
    outer loop
      vertex   -6.681503e+01 -6.264062e+00 -1.464200e+01
      vertex   -6.688102e+01 -6.422000e+00 -1.456692e+01
      vertex   -6.699446e+01 -6.286625e+00 -1.446372e+01
    endloop
  endfacet
  facet normal -6.297586e-01 6.249456e-02 -7.742729e-01
    outer loop
      vertex   -6.699446e+01 -6.286625e+00 -1.446372e+01
      vertex   -6.688102e+01 -6.422000e+00 -1.456692e+01
      vertex   -6.709696e+01 -6.422000e+00 -1.439128e+01
    endloop
  endfacet
  facet normal -5.251079e-01 -5.679753e-02 -8.491382e-01
    outer loop
      vertex   -6.699446e+01 -6.286625e+00 -1.446372e+01
      vertex   -6.709696e+01 -6.422000e+00 -1.439128e+01
      vertex   -6.720892e+01 -6.309187e+00 -1.432959e+01
    endloop
  endfacet
  facet normal -4.220713e-01 7.515986e-02 -9.034416e-01
    outer loop
      vertex   -6.720892e+01 -6.309187e+00 -1.432959e+01
      vertex   -6.709696e+01 -6.422000e+00 -1.439128e+01
      vertex   -6.734915e+01 -6.422000e+00 -1.427346e+01
    endloop
  endfacet
  facet normal -3.228660e-01 -6.831850e-02 -9.439757e-01
    outer loop
      vertex   -6.720892e+01 -6.309187e+00 -1.432959e+01
      vertex   -6.734915e+01 -6.422000e+00 -1.427346e+01
      vertex   -6.744775e+01 -6.331750e+00 -1.424627e+01
    endloop
  endfacet
  facet normal -1.893707e-01 8.778163e-02 -9.779740e-01
    outer loop
      vertex   -6.744775e+01 -6.331750e+00 -1.424627e+01
      vertex   -6.734915e+01 -6.422000e+00 -1.427346e+01
      vertex   -6.762243e+01 -6.422000e+00 -1.422054e+01
    endloop
  endfacet
  facet normal -1.047414e-01 -7.980666e-02 -9.912922e-01
    outer loop
      vertex   -6.744775e+01 -6.331750e+00 -1.424627e+01
      vertex   -6.762243e+01 -6.422000e+00 -1.422054e+01
      vertex   -6.769911e+01 -6.354312e+00 -1.421789e+01
    endloop
  endfacet
  facet normal 5.421070e-02 1.003508e-01 -9.934742e-01
    outer loop
      vertex   -6.769911e+01 -6.354312e+00 -1.421789e+01
      vertex   -6.762243e+01 -6.422000e+00 -1.422054e+01
      vertex   -6.790037e+01 -6.422000e+00 -1.423571e+01
    endloop
  endfacet
  facet normal 1.182365e-01 -9.125518e-02 -9.887834e-01
    outer loop
      vertex   -6.769911e+01 -6.354312e+00 -1.421789e+01
      vertex   -6.790037e+01 -6.422000e+00 -1.423571e+01
      vertex   -6.795050e+01 -6.376875e+00 -1.424587e+01
    endloop
  endfacet
  facet normal 2.939113e-01 1.128586e-01 -9.491465e-01
    outer loop
      vertex   -6.795050e+01 -6.376875e+00 -1.424587e+01
      vertex   -6.790037e+01 -6.422000e+00 -1.423571e+01
      vertex   -6.816626e+01 -6.422000e+00 -1.431805e+01
    endloop
  endfacet
  facet normal 3.348135e-01 -1.026573e-01 -9.366757e-01
    outer loop
      vertex   -6.795050e+01 -6.376875e+00 -1.424587e+01
      vertex   -6.816626e+01 -6.422000e+00 -1.431805e+01
      vertex   -6.818947e+01 -6.399437e+00 -1.432881e+01
    endloop
  endfacet
  facet normal 5.152447e-01 1.252962e-01 -8.478348e-01
    outer loop
      vertex   -6.818947e+01 -6.399437e+00 -1.432881e+01
      vertex   -6.816626e+01 -6.422000e+00 -1.431805e+01
      vertex   -6.840413e+01 -6.422000e+00 -1.446261e+01
    endloop
  endfacet
  facet normal 2.914746e-01 8.699578e-01 -3.977637e-01
    outer loop
      vertex   -6.861699e+01 -6.422000e+00 -1.461858e+01
      vertex   -6.866527e+01 -6.264062e+00 -1.430853e+01
      vertex   -6.840413e+01 -6.422000e+00 -1.446261e+01
    endloop
  endfacet
  facet normal 2.539528e-01 8.571089e-01 -4.481878e-01
    outer loop
      vertex   -6.840413e+01 -6.422000e+00 -1.446261e+01
      vertex   -6.866527e+01 -6.264062e+00 -1.430853e+01
      vertex   -6.841001e+01 -6.241500e+00 -1.412075e+01
    endloop
  endfacet
  facet normal 1.925935e-01 8.691115e-01 -4.555797e-01
    outer loop
      vertex   -6.840413e+01 -6.422000e+00 -1.446261e+01
      vertex   -6.841001e+01 -6.241500e+00 -1.412075e+01
      vertex   -6.818947e+01 -6.399437e+00 -1.432881e+01
    endloop
  endfacet
  facet normal 1.484212e-01 8.571089e-01 -4.932905e-01
    outer loop
      vertex   -6.818947e+01 -6.399437e+00 -1.432881e+01
      vertex   -6.841001e+01 -6.241500e+00 -1.412075e+01
      vertex   -6.811951e+01 -6.218937e+00 -1.399414e+01
    endloop
  endfacet
  facet normal 8.694803e-02 8.691115e-01 -4.869139e-01
    outer loop
      vertex   -6.818947e+01 -6.399437e+00 -1.432881e+01
      vertex   -6.811951e+01 -6.218937e+00 -1.399414e+01
      vertex   -6.795050e+01 -6.376875e+00 -1.424587e+01
    endloop
  endfacet
  facet normal 3.552273e-02 8.571089e-01 -5.139090e-01
    outer loop
      vertex   -6.795050e+01 -6.376875e+00 -1.424587e+01
      vertex   -6.811951e+01 -6.218937e+00 -1.399414e+01
      vertex   -6.780818e+01 -6.196375e+00 -1.393499e+01
    endloop
  endfacet
  facet normal -2.301304e-02 8.691115e-01 -4.940805e-01
    outer loop
      vertex   -6.795050e+01 -6.376875e+00 -1.424587e+01
      vertex   -6.780818e+01 -6.196375e+00 -1.393499e+01
      vertex   -6.769911e+01 -6.354312e+00 -1.421789e+01
    endloop
  endfacet
  facet normal -7.913885e-02 8.571089e-01 -5.090200e-01
    outer loop
      vertex   -6.769911e+01 -6.354312e+00 -1.421789e+01
      vertex   -6.780818e+01 -6.196375e+00 -1.393499e+01
      vertex   -6.749149e+01 -6.173812e+00 -1.394624e+01
    endloop
  endfacet
  facet normal -1.318319e-01 8.691115e-01 -4.767237e-01
    outer loop
      vertex   -6.769911e+01 -6.354312e+00 -1.421789e+01
      vertex   -6.749149e+01 -6.173812e+00 -1.394624e+01
      vertex   -6.744775e+01 -6.331750e+00 -1.424627e+01
    endloop
  endfacet
  facet normal -1.898724e-01 8.571089e-01 -4.788661e-01
    outer loop
      vertex   -6.744775e+01 -6.331750e+00 -1.424627e+01
      vertex   -6.749149e+01 -6.173812e+00 -1.394624e+01
      vertex   -6.718515e+01 -6.151250e+00 -1.402732e+01
    endloop
  endfacet
  facet normal -2.341073e-01 8.691115e-01 -4.357050e-01
    outer loop
      vertex   -6.744775e+01 -6.331750e+00 -1.424627e+01
      vertex   -6.718515e+01 -6.151250e+00 -1.402732e+01
      vertex   -6.720892e+01 -6.309187e+00 -1.432959e+01
    endloop
  endfacet
  facet normal -2.911818e-01 8.571089e-01 -4.249441e-01
    outer loop
      vertex   -6.720892e+01 -6.309187e+00 -1.432959e+01
      vertex   -6.718515e+01 -6.151250e+00 -1.402732e+01
      vertex   -6.690436e+01 -6.128687e+00 -1.417421e+01
    endloop
  endfacet
  facet normal -3.247630e-01 8.691115e-01 -3.730605e-01
    outer loop
      vertex   -6.720892e+01 -6.309187e+00 -1.432959e+01
      vertex   -6.690436e+01 -6.128687e+00 -1.417421e+01
      vertex   -6.699446e+01 -6.286625e+00 -1.446372e+01
    endloop
  endfacet
  facet normal -3.780386e-01 8.571089e-01 -3.499302e-01
    outer loop
      vertex   -6.699446e+01 -6.286625e+00 -1.446372e+01
      vertex   -6.690436e+01 -6.128687e+00 -1.417421e+01
      vertex   -6.666306e+01 -6.106125e+00 -1.437963e+01
    endloop
  endfacet
  facet normal -3.992993e-01 8.691115e-01 -2.918993e-01
    outer loop
      vertex   -6.699446e+01 -6.286625e+00 -1.446372e+01
      vertex   -6.666306e+01 -6.106125e+00 -1.437963e+01
      vertex   -6.681503e+01 -6.264062e+00 -1.464200e+01
    endloop
  endfacet
  facet normal -4.461317e-01 8.571089e-01 -2.575478e-01
    outer loop
      vertex   -6.681503e+01 -6.264062e+00 -1.464200e+01
      vertex   -6.666306e+01 -6.106125e+00 -1.437963e+01
      vertex   -6.647323e+01 -6.083562e+00 -1.463338e+01
    endloop
  endfacet
  facet normal -4.540166e-01 8.691115e-01 -1.962499e-01
    outer loop
      vertex   -6.681503e+01 -6.264062e+00 -1.464200e+01
      vertex   -6.647323e+01 -6.083562e+00 -1.463338e+01
      vertex   -6.667951e+01 -6.241500e+00 -1.485558e+01
    endloop
  endfacet
  facet normal -4.920813e-01 8.571089e-01 -1.523821e-01
    outer loop
      vertex   -6.667951e+01 -6.241500e+00 -1.485558e+01
      vertex   -6.647323e+01 -6.083562e+00 -1.463338e+01
      vertex   -6.634429e+01 -6.061000e+00 -1.492285e+01
    endloop
  endfacet
  facet normal -4.861992e-01 8.691115e-01 -9.085973e-02
    outer loop
      vertex   -6.667951e+01 -6.241500e+00 -1.485558e+01
      vertex   -6.634429e+01 -6.061000e+00 -1.492285e+01
      vertex   -6.659465e+01 -6.218937e+00 -1.509387e+01
    endloop
  endfacet
  facet normal -5.136068e-01 8.571089e-01 -3.965312e-02
    outer loop
      vertex   -6.659465e+01 -6.218937e+00 -1.509387e+01
      vertex   -6.634429e+01 -6.061000e+00 -1.492285e+01
      vertex   -6.628264e+01 -6.038437e+00 -1.523369e+01
    endloop
  endfacet
  facet normal -4.942495e-01 8.691115e-01 1.904018e-02
    outer loop
      vertex   -6.659465e+01 -6.218937e+00 -1.509387e+01
      vertex   -6.628264e+01 -6.038437e+00 -1.523369e+01
      vertex   -6.656465e+01 -6.196375e+00 -1.534504e+01
    endloop
  endfacet
  facet normal -5.096398e-01 8.571089e-01 7.504406e-02
    outer loop
      vertex   -6.656465e+01 -6.196375e+00 -1.534504e+01
      vertex   -6.628264e+01 -6.038437e+00 -1.523369e+01
      vertex   -6.629133e+01 -6.015875e+00 -1.555046e+01
    endloop
  endfacet
  facet normal -4.777681e-01 8.691115e-01 1.279950e-01
    outer loop
      vertex   -6.656465e+01 -6.196375e+00 -1.534504e+01
      vertex   -6.629133e+01 -6.015875e+00 -1.555046e+01
      vertex   -6.659100e+01 -6.173812e+00 -1.559661e+01
    endloop
  endfacet
  facet normal -4.803771e-01 8.571089e-01 1.860165e-01
    outer loop
      vertex   -6.659100e+01 -6.173812e+00 -1.559661e+01
      vertex   -6.629133e+01 -6.015875e+00 -1.555046e+01
      vertex   -6.636995e+01 -5.993312e+00 -1.585745e+01
    endloop
  endfacet
  facet normal -4.375731e-01 8.691115e-01 2.305969e-01
    outer loop
      vertex   -6.659100e+01 -6.173812e+00 -1.559661e+01
      vertex   -6.636995e+01 -5.993312e+00 -1.585745e+01
      vertex   -6.667240e+01 -6.151250e+00 -1.583610e+01
    endloop
  endfacet
  facet normal -4.272713e-01 8.571089e-01 2.877561e-01
    outer loop
      vertex   -6.667240e+01 -6.151250e+00 -1.583610e+01
      vertex   -6.636995e+01 -5.993312e+00 -1.585745e+01
      vertex   -6.651459e+01 -5.970750e+00 -1.613941e+01
    endloop
  endfacet
  facet normal -3.756593e-01 8.691115e-01 3.217533e-01
    outer loop
      vertex   -6.667240e+01 -6.151250e+00 -1.583610e+01
      vertex   -6.651459e+01 -5.970750e+00 -1.613941e+01
      vertex   -6.680480e+01 -6.128687e+00 -1.605163e+01
    endloop
  endfacet
  facet normal -3.529581e-01 8.571089e-01 3.752131e-01
    outer loop
      vertex   -6.680480e+01 -6.128687e+00 -1.605163e+01
      vertex   -6.651459e+01 -5.970750e+00 -1.613941e+01
      vertex   -6.671806e+01 -5.948187e+00 -1.638235e+01
    endloop
  endfacet
  facet normal -2.951000e-01 8.691115e-01 3.969397e-01
    outer loop
      vertex   -6.680480e+01 -6.128687e+00 -1.605163e+01
      vertex   -6.671806e+01 -5.948187e+00 -1.638235e+01
      vertex   -6.698164e+01 -6.106125e+00 -1.623250e+01
    endloop
  endfacet
  facet normal -2.611261e-01 8.571089e-01 4.440467e-01
    outer loop
      vertex   -6.698164e+01 -6.106125e+00 -1.623250e+01
      vertex   -6.671806e+01 -5.948187e+00 -1.638235e+01
      vertex   -6.697027e+01 -5.925625e+00 -1.657422e+01
    endloop
  endfacet
  facet normal -1.998936e-01 8.691115e-01 4.524242e-01
    outer loop
      vertex   -6.698164e+01 -6.106125e+00 -1.623250e+01
      vertex   -6.697027e+01 -5.925625e+00 -1.657422e+01
      vertex   -6.719413e+01 -6.083562e+00 -1.636972e+01
    endloop
  endfacet
  facet normal -1.563333e-01 8.571089e-01 4.908403e-01
    outer loop
      vertex   -6.719413e+01 -6.083562e+00 -1.636972e+01
      vertex   -6.697027e+01 -5.925625e+00 -1.657422e+01
      vertex   -6.725869e+01 -5.903062e+00 -1.670548e+01
    endloop
  endfacet
  facet normal -9.476555e-02 8.691115e-01 4.854530e-01
    outer loop
      vertex   -6.719413e+01 -6.083562e+00 -1.636972e+01
      vertex   -6.725869e+01 -5.903062e+00 -1.670548e+01
      vertex   -6.743172e+01 -6.061000e+00 -1.645650e+01
    endloop
  endfacet
  facet normal -4.378094e-02 8.571089e-01 5.132714e-01
    outer loop
      vertex   -6.743172e+01 -6.061000e+00 -1.645650e+01
      vertex   -6.725869e+01 -5.903062e+00 -1.670548e+01
      vertex   -6.756903e+01 -5.880500e+00 -1.676963e+01
    endloop
  endfacet
  facet normal 1.506608e-02 8.691115e-01 4.943866e-01
    outer loop
      vertex   -6.743172e+01 -6.061000e+00 -1.645650e+01
      vertex   -6.756903e+01 -5.880500e+00 -1.676963e+01
      vertex   -6.768264e+01 -6.038437e+00 -1.648852e+01
    endloop
  endfacet
  facet normal 7.094443e-02 8.571089e-01 5.102266e-01
    outer loop
      vertex   -6.768264e+01 -6.038437e+00 -1.648852e+01
      vertex   -6.756903e+01 -5.880500e+00 -1.676963e+01
      vertex   -6.788586e+01 -5.857937e+00 -1.676348e+01
    endloop
  endfacet
  facet normal 1.241499e-01 8.691115e-01 4.787817e-01
    outer loop
      vertex   -6.768264e+01 -6.038437e+00 -1.648852e+01
      vertex   -6.788586e+01 -5.857937e+00 -1.676348e+01
      vertex   -6.793441e+01 -6.015875e+00 -1.646419e+01
    endloop
  endfacet
  facet normal 1.821485e-01 8.571089e-01 4.818571e-01
    outer loop
      vertex   -6.793441e+01 -6.015875e+00 -1.646419e+01
      vertex   -6.788586e+01 -5.857937e+00 -1.676348e+01
      vertex   -6.819347e+01 -5.835375e+00 -1.668733e+01
    endloop
  endfacet
  facet normal 2.270717e-01 8.691115e-01 4.394128e-01
    outer loop
      vertex   -6.793441e+01 -6.015875e+00 -1.646419e+01
      vertex   -6.819347e+01 -5.835375e+00 -1.668733e+01
      vertex   -6.817455e+01 -5.993312e+00 -1.638472e+01
    endloop
  endfacet
  facet normal 2.843118e-01 8.571089e-01 4.295709e-01
    outer loop
      vertex   -6.817455e+01 -5.993312e+00 -1.638472e+01
      vertex   -6.819347e+01 -5.835375e+00 -1.668733e+01
      vertex   -6.847658e+01 -5.812812e+00 -1.654497e+01
    endloop
  endfacet
  facet normal 3.187228e-01 8.691115e-01 3.782339e-01
    outer loop
      vertex   -6.817455e+01 -5.993312e+00 -1.638472e+01
      vertex   -6.847658e+01 -5.812812e+00 -1.654497e+01
      vertex   -6.839114e+01 -5.970750e+00 -1.625405e+01
    endloop
  endfacet
  facet normal 3.723634e-01 8.571089e-01 3.559632e-01
    outer loop
      vertex   -6.839114e+01 -5.970750e+00 -1.625405e+01
      vertex   -6.847658e+01 -5.812812e+00 -1.654497e+01
      vertex   -6.872115e+01 -5.790250e+00 -1.634346e+01
    endloop
  endfacet
  facet normal 3.945544e-01 8.691115e-01 2.982816e-01
    outer loop
      vertex   -6.839114e+01 -5.970750e+00 -1.625405e+01
      vertex   -6.872115e+01 -5.790250e+00 -1.634346e+01
      vertex   -6.857342e+01 -5.948187e+00 -1.607868e+01
    endloop
  endfacet
  facet normal 4.419331e-01 8.571089e-01 2.646875e-01
    outer loop
      vertex   -6.857342e+01 -5.948187e+00 -1.607868e+01
      vertex   -6.872115e+01 -5.790250e+00 -1.634346e+01
      vertex   -6.891504e+01 -5.767687e+00 -1.609280e+01
    endloop
  endfacet
  facet normal 4.508026e-01 8.691115e-01 2.035243e-01
    outer loop
      vertex   -6.857342e+01 -5.948187e+00 -1.607868e+01
      vertex   -6.891504e+01 -5.767687e+00 -1.609280e+01
      vertex   -6.871235e+01 -5.925625e+00 -1.586730e+01
    endloop
  endfacet
  facet normal 4.895676e-01 8.571089e-01 1.602743e-01
    outer loop
      vertex   -6.871235e+01 -5.925625e+00 -1.586730e+01
      vertex   -6.891504e+01 -5.767687e+00 -1.609280e+01
      vertex   -6.904862e+01 -5.745125e+00 -1.580543e+01
    endloop
  endfacet
  facet normal 4.846755e-01 8.691115e-01 9.866525e-02
    outer loop
      vertex   -6.871235e+01 -5.925625e+00 -1.586730e+01
      vertex   -6.904862e+01 -5.745125e+00 -1.580543e+01
      vertex   -6.880104e+01 -5.903062e+00 -1.563041e+01
    endloop
  endfacet
  facet normal 5.129029e-01 8.571089e-01 4.790593e-02
    outer loop
      vertex   -6.880104e+01 -5.903062e+00 -1.563041e+01
      vertex   -6.904862e+01 -5.745125e+00 -1.580543e+01
      vertex   -6.911526e+01 -5.722562e+00 -1.549563e+01
    endloop
  endfacet
  facet normal 4.944918e-01 8.691115e-01 -1.109101e-02
    outer loop
      vertex   -6.880104e+01 -5.903062e+00 -1.563041e+01
      vertex   -6.911526e+01 -5.722562e+00 -1.549563e+01
      vertex   -6.883507e+01 -5.880500e+00 -1.537976e+01
    endloop
  endfacet
  facet normal 5.107805e-01 8.571089e-01 -6.684021e-02
    outer loop
      vertex   -6.883507e+01 -5.880500e+00 -1.537976e+01
      vertex   -6.911526e+01 -5.722562e+00 -1.549563e+01
      vertex   -6.911165e+01 -5.700000e+00 -1.517875e+01
    endloop
  endfacet
  facet normal 4.797643e-01 8.691115e-01 -1.202968e-01
    outer loop
      vertex   -6.883507e+01 -5.880500e+00 -1.537976e+01
      vertex   -6.911165e+01 -5.700000e+00 -1.517875e+01
      vertex   -6.881277e+01 -5.857937e+00 -1.512780e+01
    endloop
  endfacet
  facet normal 4.829482e-01 8.588102e-01 -1.708979e-01
    outer loop
      vertex   -6.881277e+01 -5.857937e+00 -1.512780e+01
      vertex   -6.911165e+01 -5.700000e+00 -1.517875e+01
      vertex   -6.902330e+01 -5.700000e+00 -1.492906e+01
    endloop
  endfacet
  facet normal 4.410858e-01 8.691913e-01 -2.234946e-01
    outer loop
      vertex   -6.881277e+01 -5.857937e+00 -1.512780e+01
      vertex   -6.902330e+01 -5.700000e+00 -1.492906e+01
      vertex   -6.873523e+01 -5.835375e+00 -1.488702e+01
    endloop
  endfacet
  facet normal 4.415112e-01 8.587068e-01 -2.601741e-01
    outer loop
      vertex   -6.873523e+01 -5.835375e+00 -1.488702e+01
      vertex   -6.902330e+01 -5.700000e+00 -1.492906e+01
      vertex   -6.888883e+01 -5.700000e+00 -1.470087e+01
    endloop
  endfacet
  facet normal 3.819848e-01 8.683542e-01 -3.163046e-01
    outer loop
      vertex   -6.873523e+01 -5.835375e+00 -1.488702e+01
      vertex   -6.888883e+01 -5.700000e+00 -1.470087e+01
      vertex   -6.860631e+01 -5.812812e+00 -1.466939e+01
    endloop
  endfacet
  facet normal 3.811396e-01 8.593848e-01 -3.408671e-01
    outer loop
      vertex   -6.860631e+01 -5.812812e+00 -1.466939e+01
      vertex   -6.888883e+01 -5.700000e+00 -1.470087e+01
      vertex   -6.871236e+01 -5.700000e+00 -1.450356e+01
    endloop
  endfacet
  facet normal 3.046014e-01 8.667836e-01 -3.948470e-01
    outer loop
      vertex   -6.860631e+01 -5.812812e+00 -1.466939e+01
      vertex   -6.871236e+01 -5.700000e+00 -1.450356e+01
      vertex   -6.843241e+01 -5.790250e+00 -1.448571e+01
    endloop
  endfacet
  facet normal 3.035503e-01 8.608360e-01 -4.084342e-01
    outer loop
      vertex   -6.843241e+01 -5.790250e+00 -1.448571e+01
      vertex   -6.871236e+01 -5.700000e+00 -1.450356e+01
      vertex   -6.850064e+01 -5.700000e+00 -1.434620e+01
    endloop
  endfacet
  facet normal 2.119676e-01 8.645606e-01 -4.556367e-01
    outer loop
      vertex   -6.843241e+01 -5.790250e+00 -1.448571e+01
      vertex   -6.850064e+01 -5.700000e+00 -1.434620e+01
      vertex   -6.822215e+01 -5.767687e+00 -1.434508e+01
    endloop
  endfacet
  facet normal 2.115461e-01 8.627672e-01 -4.592178e-01
    outer loop
      vertex   -6.822215e+01 -5.767687e+00 -1.434508e+01
      vertex   -6.850064e+01 -5.700000e+00 -1.434620e+01
      vertex   -6.826069e+01 -5.700000e+00 -1.423567e+01
    endloop
  endfacet
  facet normal 1.097340e-01 8.621195e-01 -4.946802e-01
    outer loop
      vertex   -6.822215e+01 -5.767687e+00 -1.434508e+01
      vertex   -6.826069e+01 -5.700000e+00 -1.423567e+01
      vertex   -6.800352e+01 -5.700000e+00 -1.417862e+01
    endloop
  endfacet
  facet normal 3.481895e-01 8.561146e-01 -3.818793e-01
    outer loop
      vertex   -6.866527e+01 -6.264062e+00 -1.430853e+01
      vertex   -6.861699e+01 -6.422000e+00 -1.461858e+01
      vertex   -6.887262e+01 -6.286625e+00 -1.454817e+01
    endloop
  endfacet
  facet normal 3.727063e-01 8.706968e-01 -3.209004e-01
    outer loop
      vertex   -6.887262e+01 -6.286625e+00 -1.454817e+01
      vertex   -6.861699e+01 -6.422000e+00 -1.461858e+01
      vertex   -6.878924e+01 -6.422000e+00 -1.481865e+01
    endloop
  endfacet
  facet normal 4.262820e-01 8.546658e-01 -2.963613e-01
    outer loop
      vertex   -6.887262e+01 -6.286625e+00 -1.454817e+01
      vertex   -6.878924e+01 -6.422000e+00 -1.481865e+01
      vertex   -6.902177e+01 -6.309187e+00 -1.482777e+01
    endloop
  endfacet
  facet normal 4.320319e-01 8.718188e-01 -2.308255e-01
    outer loop
      vertex   -6.902177e+01 -6.309187e+00 -1.482777e+01
      vertex   -6.878924e+01 -6.422000e+00 -1.481865e+01
      vertex   -6.891357e+01 -6.422000e+00 -1.505135e+01
    endloop
  endfacet
  facet normal 4.849235e-01 8.524372e-01 -1.954482e-01
    outer loop
      vertex   -6.902177e+01 -6.309187e+00 -1.482777e+01
      vertex   -6.891357e+01 -6.422000e+00 -1.505135e+01
      vertex   -6.910531e+01 -6.331750e+00 -1.513346e+01
    endloop
  endfacet
  facet normal 4.682094e-01 8.735121e-01 -1.332535e-01
    outer loop
      vertex   -6.910531e+01 -6.331750e+00 -1.513346e+01
      vertex   -6.891357e+01 -6.422000e+00 -1.505135e+01
      vertex   -6.898578e+01 -6.422000e+00 -1.530508e+01
    endloop
  endfacet
  facet normal 5.216048e-01 8.491173e-01 -8.323563e-02
    outer loop
      vertex   -6.910531e+01 -6.331750e+00 -1.513346e+01
      vertex   -6.898578e+01 -6.422000e+00 -1.530508e+01
      vertex   -6.911910e+01 -6.354312e+00 -1.545005e+01
    endloop
  endfacet
  facet normal 4.813536e-01 8.758775e-01 -3.372505e-02
    outer loop
      vertex   -6.911910e+01 -6.354312e+00 -1.545005e+01
      vertex   -6.898578e+01 -6.422000e+00 -1.530508e+01
      vertex   -6.900424e+01 -6.422000e+00 -1.556848e+01
    endloop
  endfacet
  facet normal 5.346711e-01 8.442913e-01 3.604072e-02
    outer loop
      vertex   -6.911910e+01 -6.354312e+00 -1.545005e+01
      vertex   -6.900424e+01 -6.422000e+00 -1.556848e+01
      vertex   -6.906246e+01 -6.376875e+00 -1.576184e+01
    endloop
  endfacet
  facet normal 4.727820e-01 8.789414e-01 6.276273e-02
    outer loop
      vertex   -6.906246e+01 -6.376875e+00 -1.576184e+01
      vertex   -6.900424e+01 -6.422000e+00 -1.556848e+01
      vertex   -6.896946e+01 -6.422000e+00 -1.583045e+01
    endloop
  endfacet
  facet normal 5.230496e-01 8.375004e-01 1.581526e-01
    outer loop
      vertex   -6.906246e+01 -6.376875e+00 -1.576184e+01
      vertex   -6.896946e+01 -6.422000e+00 -1.583045e+01
      vertex   -6.893819e+01 -6.399437e+00 -1.605335e+01
    endloop
  endfacet
  facet normal 4.448627e-01 8.826482e-01 1.517539e-01
    outer loop
      vertex   -6.893819e+01 -6.399437e+00 -1.605335e+01
      vertex   -6.896946e+01 -6.422000e+00 -1.583045e+01
      vertex   -6.888412e+01 -6.422000e+00 -1.608062e+01
    endloop
  endfacet
  facet normal 4.862576e-01 8.280903e-01 2.789625e-01
    outer loop
      vertex   -6.893819e+01 -6.399437e+00 -1.605335e+01
      vertex   -6.888412e+01 -6.422000e+00 -1.608062e+01
      vertex   -6.875246e+01 -6.422000e+00 -1.631011e+01
    endloop
  endfacet
  facet normal 1.053564e-01 8.652232e-01 -4.901926e-01
    outer loop
      vertex   -6.822215e+01 -5.767687e+00 -1.434508e+01
      vertex   -6.800352e+01 -5.700000e+00 -1.417862e+01
      vertex   -6.798598e+01 -5.745125e+00 -1.425450e+01
    endloop
  endfacet
  facet normal -8.240906e-04 8.594146e-01 -5.112787e-01
    outer loop
      vertex   -6.798598e+01 -5.745125e+00 -1.425450e+01
      vertex   -6.800352e+01 -5.700000e+00 -1.417862e+01
      vertex   -6.773980e+01 -5.700000e+00 -1.417904e+01
    endloop
  endfacet
  facet normal -6.563315e-03 8.675018e-01 -4.973907e-01
    outer loop
      vertex   -6.798598e+01 -5.745125e+00 -1.425450e+01
      vertex   -6.773980e+01 -5.700000e+00 -1.417904e+01
      vertex   -6.773561e+01 -5.722562e+00 -1.421845e+01
    endloop
  endfacet
  facet normal -1.170781e-01 8.564319e-01 -5.028093e-01
    outer loop
      vertex   -6.773561e+01 -5.722562e+00 -1.421845e+01
      vertex   -6.773980e+01 -5.700000e+00 -1.417904e+01
      vertex   -6.748348e+01 -5.700000e+00 -1.423873e+01
    endloop
  endfacet
  facet normal 5.000000e-01 -0.000000e+00 8.660254e-01
    outer loop
      vertex   6.490000e+01 -8.200000e+00 1.707717e+01
      vertex   6.770000e+01 -8.200000e+00 1.546059e+01
      vertex   6.490000e+01 -6.422000e+00 1.707717e+01
    endloop
  endfacet
  facet normal 5.000000e-01 0.000000e+00 8.660254e-01
    outer loop
      vertex   6.490000e+01 -6.422000e+00 1.707717e+01
      vertex   6.770000e+01 -8.200000e+00 1.546059e+01
      vertex   6.770000e+01 -6.422000e+00 1.546059e+01
    endloop
  endfacet
  facet normal -5.000000e-01 0.000000e+00 8.660254e-01
    outer loop
      vertex   6.770000e+01 -8.200000e+00 1.546059e+01
      vertex   7.050000e+01 -8.200000e+00 1.707717e+01
      vertex   6.770000e+01 -6.422000e+00 1.546059e+01
    endloop
  endfacet
  facet normal -5.000000e-01 0.000000e+00 8.660254e-01
    outer loop
      vertex   6.770000e+01 -6.422000e+00 1.546059e+01
      vertex   7.050000e+01 -8.200000e+00 1.707717e+01
      vertex   7.050000e+01 -6.422000e+00 1.707717e+01
    endloop
  endfacet
  facet normal -1.000000e+00 0.000000e+00 4.395343e-15
    outer loop
      vertex   7.050000e+01 -8.200000e+00 1.707717e+01
      vertex   7.050000e+01 -8.200000e+00 2.031033e+01
      vertex   7.050000e+01 -6.422000e+00 1.707717e+01
    endloop
  endfacet
  facet normal -1.000000e+00 0.000000e+00 4.395343e-15
    outer loop
      vertex   7.050000e+01 -6.422000e+00 1.707717e+01
      vertex   7.050000e+01 -8.200000e+00 2.031033e+01
      vertex   7.050000e+01 -6.422000e+00 2.031033e+01
    endloop
  endfacet
  facet normal -5.000000e-01 0.000000e+00 -8.660254e-01
    outer loop
      vertex   7.050000e+01 -8.200000e+00 2.031033e+01
      vertex   6.770000e+01 -8.200000e+00 2.192691e+01
      vertex   7.050000e+01 -6.422000e+00 2.031033e+01
    endloop
  endfacet
  facet normal -5.000000e-01 0.000000e+00 -8.660254e-01
    outer loop
      vertex   7.050000e+01 -6.422000e+00 2.031033e+01
      vertex   6.770000e+01 -8.200000e+00 2.192691e+01
      vertex   6.770000e+01 -6.422000e+00 2.192691e+01
    endloop
  endfacet
  facet normal 5.000000e-01 0.000000e+00 -8.660254e-01
    outer loop
      vertex   6.770000e+01 -8.200000e+00 2.192691e+01
      vertex   6.490000e+01 -8.200000e+00 2.031033e+01
      vertex   6.770000e+01 -6.422000e+00 2.192691e+01
    endloop
  endfacet
  facet normal 5.000000e-01 0.000000e+00 -8.660254e-01
    outer loop
      vertex   6.770000e+01 -6.422000e+00 2.192691e+01
      vertex   6.490000e+01 -8.200000e+00 2.031033e+01
      vertex   6.490000e+01 -6.422000e+00 2.031033e+01
    endloop
  endfacet
  facet normal 1.000000e+00 -0.000000e+00 0.000000e+00
    outer loop
      vertex   6.490000e+01 -8.200000e+00 2.031033e+01
      vertex   6.490000e+01 -8.200000e+00 1.707717e+01
      vertex   6.490000e+01 -6.422000e+00 2.031033e+01
    endloop
  endfacet
  facet normal 1.000000e+00 0.000000e+00 0.000000e+00
    outer loop
      vertex   6.490000e+01 -6.422000e+00 2.031033e+01
      vertex   6.490000e+01 -8.200000e+00 1.707717e+01
      vertex   6.490000e+01 -6.422000e+00 1.707717e+01
    endloop
  endfacet
  facet normal 0.000000e+00 -1.000000e+00 0.000000e+00
    outer loop
      vertex   6.823070e+01 -6.422000e+00 1.740945e+01
      vertex   6.798904e+01 -6.422000e+00 1.730103e+01
      vertex   6.770000e+01 -6.422000e+00 1.546059e+01
    endloop
  endfacet
  facet normal 0.000000e+00 -1.000000e+00 0.000000e+00
    outer loop
      vertex   6.770000e+01 -6.422000e+00 1.546059e+01
      vertex   6.798904e+01 -6.422000e+00 1.730103e+01
      vertex   6.762214e+01 -6.422000e+00 1.727348e+01
    endloop
  endfacet
  facet normal 0.000000e+00 -1.000000e+00 0.000000e+00
    outer loop
      vertex   6.770000e+01 -6.422000e+00 1.546059e+01
      vertex   6.762214e+01 -6.422000e+00 1.727348e+01
      vertex   6.726045e+01 -6.422000e+00 1.734097e+01
    endloop
  endfacet
  facet normal -0.000000e+00 -1.000000e+00 -0.000000e+00
    outer loop
      vertex   6.726045e+01 -6.422000e+00 1.734097e+01
      vertex   6.692817e+01 -6.422000e+00 1.749897e+01
      vertex   6.770000e+01 -6.422000e+00 1.546059e+01
    endloop
  endfacet
  facet normal 0.000000e+00 -1.000000e+00 0.000000e+00
    outer loop
      vertex   6.770000e+01 -6.422000e+00 1.546059e+01
      vertex   6.692817e+01 -6.422000e+00 1.749897e+01
      vertex   6.490000e+01 -6.422000e+00 1.707717e+01
    endloop
  endfacet
  facet normal 0.000000e+00 -1.000000e+00 0.000000e+00
    outer loop
      vertex   6.490000e+01 -6.422000e+00 1.707717e+01
      vertex   6.692817e+01 -6.422000e+00 1.749897e+01
      vertex   6.664754e+01 -6.422000e+00 1.773691e+01
    endloop
  endfacet
  facet normal 0.000000e+00 -1.000000e+00 0.000000e+00
    outer loop
      vertex   6.490000e+01 -6.422000e+00 1.707717e+01
      vertex   6.664754e+01 -6.422000e+00 1.773691e+01
      vertex   6.651588e+01 -6.422000e+00 1.796640e+01
    endloop
  endfacet
  facet normal 3.289923e-15 -1.000000e+00 -5.978333e-15
    outer loop
      vertex   6.651588e+01 -6.422000e+00 1.796640e+01
      vertex   6.643054e+01 -6.422000e+00 1.821657e+01
      vertex   6.490000e+01 -6.422000e+00 1.707717e+01
    endloop
  endfacet
  facet normal -5.650117e-15 -1.000000e+00 6.030693e-15
    outer loop
      vertex   6.490000e+01 -6.422000e+00 1.707717e+01
      vertex   6.643054e+01 -6.422000e+00 1.821657e+01
      vertex   6.639576e+01 -6.422000e+00 1.847854e+01
    endloop
  endfacet
  facet normal 0.000000e+00 -1.000000e+00 0.000000e+00
    outer loop
      vertex   6.490000e+01 -6.422000e+00 1.707717e+01
      vertex   6.639576e+01 -6.422000e+00 1.847854e+01
      vertex   6.490000e+01 -6.422000e+00 2.031033e+01
    endloop
  endfacet
  facet normal 0.000000e+00 -1.000000e+00 0.000000e+00
    outer loop
      vertex   6.490000e+01 -6.422000e+00 2.031033e+01
      vertex   6.639576e+01 -6.422000e+00 1.847854e+01
      vertex   6.641422e+01 -6.422000e+00 1.874194e+01
    endloop
  endfacet
  facet normal 0.000000e+00 -1.000000e+00 0.000000e+00
    outer loop
      vertex   6.490000e+01 -6.422000e+00 2.031033e+01
      vertex   6.641422e+01 -6.422000e+00 1.874194e+01
      vertex   6.648643e+01 -6.422000e+00 1.899567e+01
    endloop
  endfacet
  facet normal 0.000000e+00 -1.000000e+00 0.000000e+00
    outer loop
      vertex   6.648643e+01 -6.422000e+00 1.899567e+01
      vertex   6.661076e+01 -6.422000e+00 1.922837e+01
      vertex   6.490000e+01 -6.422000e+00 2.031033e+01
    endloop
  endfacet
  facet normal 1.817808e-15 -1.000000e+00 2.874259e-15
    outer loop
      vertex   6.490000e+01 -6.422000e+00 2.031033e+01
      vertex   6.661076e+01 -6.422000e+00 1.922837e+01
      vertex   6.678301e+01 -6.422000e+00 1.942844e+01
    endloop
  endfacet
  facet normal -1.339277e-15 -1.000000e+00 -3.866757e-15
    outer loop
      vertex   6.490000e+01 -6.422000e+00 2.031033e+01
      vertex   6.678301e+01 -6.422000e+00 1.942844e+01
      vertex   6.699587e+01 -6.422000e+00 1.958441e+01
    endloop
  endfacet
  facet normal 0.000000e+00 -1.000000e+00 0.000000e+00
    outer loop
      vertex   6.490000e+01 -6.422000e+00 2.031033e+01
      vertex   6.699587e+01 -6.422000e+00 1.958441e+01
      vertex   6.770000e+01 -6.422000e+00 2.192691e+01
    endloop
  endfacet
  facet normal 0.000000e+00 -1.000000e+00 0.000000e+00
    outer loop
      vertex   6.770000e+01 -6.422000e+00 2.192691e+01
      vertex   6.699587e+01 -6.422000e+00 1.958441e+01
      vertex   6.723374e+01 -6.422000e+00 1.972897e+01
    endloop
  endfacet
  facet normal 0.000000e+00 -1.000000e+00 0.000000e+00
    outer loop
      vertex   6.770000e+01 -6.422000e+00 2.192691e+01
      vertex   6.723374e+01 -6.422000e+00 1.972897e+01
      vertex   6.749963e+01 -6.422000e+00 1.981131e+01
    endloop
  endfacet
  facet normal 0.000000e+00 -1.000000e+00 0.000000e+00
    outer loop
      vertex   6.749963e+01 -6.422000e+00 1.981131e+01
      vertex   6.777757e+01 -6.422000e+00 1.982648e+01
      vertex   6.770000e+01 -6.422000e+00 2.192691e+01
    endloop
  endfacet
  facet normal 0.000000e+00 -1.000000e+00 0.000000e+00
    outer loop
      vertex   6.770000e+01 -6.422000e+00 2.192691e+01
      vertex   6.777757e+01 -6.422000e+00 1.982648e+01
      vertex   6.805085e+01 -6.422000e+00 1.977356e+01
    endloop
  endfacet
  facet normal 0.000000e+00 -1.000000e+00 0.000000e+00
    outer loop
      vertex   6.770000e+01 -6.422000e+00 2.192691e+01
      vertex   6.805085e+01 -6.422000e+00 1.977356e+01
      vertex   6.830304e+01 -6.422000e+00 1.965574e+01
    endloop
  endfacet
  facet normal 0.000000e+00 -1.000000e+00 0.000000e+00
    outer loop
      vertex   6.770000e+01 -6.422000e+00 2.192691e+01
      vertex   6.830304e+01 -6.422000e+00 1.965574e+01
      vertex   7.050000e+01 -6.422000e+00 2.031033e+01
    endloop
  endfacet
  facet normal 0.000000e+00 -1.000000e+00 0.000000e+00
    outer loop
      vertex   7.050000e+01 -6.422000e+00 2.031033e+01
      vertex   6.830304e+01 -6.422000e+00 1.965574e+01
      vertex   6.851898e+01 -6.422000e+00 1.948010e+01
    endloop
  endfacet
  facet normal 0.000000e+00 -1.000000e+00 0.000000e+00
    outer loop
      vertex   7.050000e+01 -6.422000e+00 2.031033e+01
      vertex   6.851898e+01 -6.422000e+00 1.948010e+01
      vertex   6.868570e+01 -6.422000e+00 1.925720e+01
    endloop
  endfacet
  facet normal 0.000000e+00 -1.000000e+00 0.000000e+00
    outer loop
      vertex   6.868570e+01 -6.422000e+00 1.925720e+01
      vertex   6.879318e+01 -6.422000e+00 1.900043e+01
      vertex   7.050000e+01 -6.422000e+00 2.031033e+01
    endloop
  endfacet
  facet normal 0.000000e+00 -1.000000e+00 0.000000e+00
    outer loop
      vertex   7.050000e+01 -6.422000e+00 2.031033e+01
      vertex   6.879318e+01 -6.422000e+00 1.900043e+01
      vertex   6.887356e+01 -6.422000e+00 1.874983e+01
    endloop
  endfacet
  facet normal 0.000000e+00 -1.000000e+00 0.000000e+00
    outer loop
      vertex   7.050000e+01 -6.422000e+00 2.031033e+01
      vertex   6.887356e+01 -6.422000e+00 1.874983e+01
      vertex   6.889549e+01 -6.422000e+00 1.848703e+01
    endloop
  endfacet
  facet normal 0.000000e+00 -1.000000e+00 0.000000e+00
    outer loop
      vertex   7.050000e+01 -6.422000e+00 2.031033e+01
      vertex   6.889549e+01 -6.422000e+00 1.848703e+01
      vertex   7.050000e+01 -6.422000e+00 1.707717e+01
    endloop
  endfacet
  facet normal 0.000000e+00 -1.000000e+00 0.000000e+00
    outer loop
      vertex   7.050000e+01 -6.422000e+00 1.707717e+01
      vertex   6.889549e+01 -6.422000e+00 1.848703e+01
      vertex   6.885960e+01 -6.422000e+00 1.822606e+01
    endloop
  endfacet
  facet normal 0.000000e+00 -1.000000e+00 0.000000e+00
    outer loop
      vertex   7.050000e+01 -6.422000e+00 1.707717e+01
      vertex   6.885960e+01 -6.422000e+00 1.822606e+01
      vertex   6.876900e+01 -6.422000e+00 1.797789e+01
    endloop
  endfacet
  facet normal 0.000000e+00 -1.000000e+00 -0.000000e+00
    outer loop
      vertex   6.876900e+01 -6.422000e+00 1.797789e+01
      vertex   6.862943e+01 -6.422000e+00 1.775404e+01
      vertex   7.050000e+01 -6.422000e+00 1.707717e+01
    endloop
  endfacet
  facet normal 0.000000e+00 -1.000000e+00 0.000000e+00
    outer loop
      vertex   7.050000e+01 -6.422000e+00 1.707717e+01
      vertex   6.862943e+01 -6.422000e+00 1.775404e+01
      vertex   6.844717e+01 -6.422000e+00 1.756208e+01
    endloop
  endfacet
  facet normal -0.000000e+00 -1.000000e+00 0.000000e+00
    outer loop
      vertex   7.050000e+01 -6.422000e+00 1.707717e+01
      vertex   6.844717e+01 -6.422000e+00 1.756208e+01
      vertex   6.770000e+01 -6.422000e+00 1.546059e+01
    endloop
  endfacet
  facet normal 0.000000e+00 -1.000000e+00 0.000000e+00
    outer loop
      vertex   6.770000e+01 -6.422000e+00 1.546059e+01
      vertex   6.844717e+01 -6.422000e+00 1.756208e+01
      vertex   6.823070e+01 -6.422000e+00 1.740945e+01
    endloop
  endfacet
  facet normal -9.218220e-01 3.707012e-02 -3.858368e-01
    outer loop
      vertex   6.868570e+01 -6.422000e+00 1.925720e+01
      vertex   6.872049e+01 -6.241500e+00 1.919144e+01
      vertex   6.879318e+01 -6.422000e+00 1.900043e+01
    endloop
  endfacet
  facet normal -9.411489e-01 -2.210746e-02 -3.372686e-01
    outer loop
      vertex   6.879318e+01 -6.422000e+00 1.900043e+01
      vertex   6.872049e+01 -6.241500e+00 1.919144e+01
      vertex   6.880535e+01 -6.218937e+00 1.895315e+01
    endloop
  endfacet
  facet normal -9.869997e-01 2.210746e-02 -1.591942e-01
    outer loop
      vertex   6.879318e+01 -6.422000e+00 1.900043e+01
      vertex   6.880535e+01 -6.218937e+00 1.895315e+01
      vertex   6.883395e+01 -6.399437e+00 1.875079e+01
    endloop
  endfacet
  facet normal -9.924638e-01 -2.210746e-02 -1.205271e-01
    outer loop
      vertex   6.883395e+01 -6.399437e+00 1.875079e+01
      vertex   6.880535e+01 -6.218937e+00 1.895315e+01
      vertex   6.883535e+01 -6.196375e+00 1.870198e+01
    endloop
  endfacet
  facet normal -9.977510e-01 2.210746e-02 6.327935e-02
    outer loop
      vertex   6.883395e+01 -6.399437e+00 1.875079e+01
      vertex   6.883535e+01 -6.196375e+00 1.870198e+01
      vertex   6.881843e+01 -6.376875e+00 1.849832e+01
    endloop
  endfacet
  facet normal -9.945185e-01 -2.210746e-02 1.021966e-01
    outer loop
      vertex   6.881843e+01 -6.376875e+00 1.849832e+01
      vertex   6.883535e+01 -6.196375e+00 1.870198e+01
      vertex   6.880900e+01 -6.173812e+00 1.845041e+01
    endloop
  endfacet
  facet normal -9.589795e-01 2.210746e-02 2.826121e-01
    outer loop
      vertex   6.881843e+01 -6.376875e+00 1.849832e+01
      vertex   6.880900e+01 -6.173812e+00 1.845041e+01
      vertex   6.874741e+01 -6.354312e+00 1.825555e+01
    endloop
  endfacet
  facet normal -9.472110e-01 -2.210746e-02 3.198478e-01
    outer loop
      vertex   6.874741e+01 -6.354312e+00 1.825555e+01
      vertex   6.880900e+01 -6.173812e+00 1.845041e+01
      vertex   6.872760e+01 -6.151250e+00 1.821092e+01
    endloop
  endfacet
  facet normal -8.726097e-01 2.210746e-02 4.879175e-01
    outer loop
      vertex   6.874741e+01 -6.354312e+00 1.825555e+01
      vertex   6.872760e+01 -6.151250e+00 1.821092e+01
      vertex   6.862440e+01 -6.331750e+00 1.803452e+01
    endloop
  endfacet
  facet normal -8.528892e-01 -2.210746e-02 5.216236e-01
    outer loop
      vertex   6.862440e+01 -6.331750e+00 1.803452e+01
      vertex   6.872760e+01 -6.151250e+00 1.821092e+01
      vertex   6.859520e+01 -6.128687e+00 1.799539e+01
    endloop
  endfacet
  facet normal -7.429286e-01 2.210746e-02 6.690055e-01
    outer loop
      vertex   6.862440e+01 -6.331750e+00 1.803452e+01
      vertex   6.859520e+01 -6.128687e+00 1.799539e+01
      vertex   6.845550e+01 -6.309187e+00 1.784622e+01
    endloop
  endfacet
  facet normal -7.162349e-01 -2.210746e-02 6.975090e-01
    outer loop
      vertex   6.845550e+01 -6.309187e+00 1.784622e+01
      vertex   6.859520e+01 -6.128687e+00 1.799539e+01
      vertex   6.841836e+01 -6.106125e+00 1.781452e+01
    endloop
  endfacet
  facet normal -5.763726e-01 2.210746e-02 8.168879e-01
    outer loop
      vertex   6.845550e+01 -6.309187e+00 1.784622e+01
      vertex   6.841836e+01 -6.106125e+00 1.781452e+01
      vertex   6.824911e+01 -6.286625e+00 1.769999e+01
    endloop
  endfacet
  facet normal -5.440307e-01 -2.210746e-02 8.387740e-01
    outer loop
      vertex   6.824911e+01 -6.286625e+00 1.769999e+01
      vertex   6.841836e+01 -6.106125e+00 1.781452e+01
      vertex   6.820587e+01 -6.083562e+00 1.767730e+01
    endloop
  endfacet
  facet normal -3.812088e-01 2.210746e-02 9.242246e-01
    outer loop
      vertex   6.824911e+01 -6.286625e+00 1.769999e+01
      vertex   6.820587e+01 -6.083562e+00 1.767730e+01
      vertex   6.801546e+01 -6.264062e+00 1.760307e+01
    endloop
  endfacet
  facet normal -3.448240e-01 -2.210746e-02 9.384070e-01
    outer loop
      vertex   6.801546e+01 -6.264062e+00 1.760307e+01
      vertex   6.820587e+01 -6.083562e+00 1.767730e+01
      vertex   6.796828e+01 -6.061000e+00 1.759052e+01
    endloop
  endfacet
  facet normal -1.671240e-01 2.210746e-02 9.856880e-01
    outer loop
      vertex   6.801546e+01 -6.264062e+00 1.760307e+01
      vertex   6.796828e+01 -6.061000e+00 1.759052e+01
      vertex   6.776616e+01 -6.241500e+00 1.756030e+01
    endloop
  endfacet
  facet normal -1.285021e-01 -2.210746e-02 9.914628e-01
    outer loop
      vertex   6.776616e+01 -6.241500e+00 1.756030e+01
      vertex   6.796828e+01 -6.061000e+00 1.759052e+01
      vertex   6.771736e+01 -6.038437e+00 1.755850e+01
    endloop
  endfacet
  facet normal 5.525596e-02 2.210746e-02 9.982274e-01
    outer loop
      vertex   6.776616e+01 -6.241500e+00 1.756030e+01
      vertex   6.771736e+01 -6.038437e+00 1.755850e+01
      vertex   6.751357e+01 -6.218937e+00 1.757378e+01
    endloop
  endfacet
  facet normal 9.419790e-02 -2.210746e-02 9.953080e-01
    outer loop
      vertex   6.751357e+01 -6.218937e+00 1.757378e+01
      vertex   6.771736e+01 -6.038437e+00 1.755850e+01
      vertex   6.746559e+01 -6.015875e+00 1.758283e+01
    endloop
  endfacet
  facet normal 2.748933e-01 2.210746e-02 9.612205e-01
    outer loop
      vertex   6.751357e+01 -6.218937e+00 1.757378e+01
      vertex   6.746559e+01 -6.015875e+00 1.758283e+01
      vertex   6.727023e+01 -6.196375e+00 1.764285e+01
    endloop
  endfacet
  facet normal 3.122224e-01 -2.210746e-02 9.497518e-01
    outer loop
      vertex   6.727023e+01 -6.196375e+00 1.764285e+01
      vertex   6.746559e+01 -6.015875e+00 1.758283e+01
      vertex   6.722545e+01 -5.993312e+00 1.766230e+01
    endloop
  endfacet
  facet normal 4.808865e-01 2.210746e-02 8.765041e-01
    outer loop
      vertex   6.727023e+01 -6.196375e+00 1.764285e+01
      vertex   6.722545e+01 -5.993312e+00 1.766230e+01
      vertex   6.704823e+01 -6.173812e+00 1.776408e+01
    endloop
  endfacet
  facet normal 5.147500e-01 -2.210746e-02 8.570552e-01
    outer loop
      vertex   6.704823e+01 -6.173812e+00 1.776408e+01
      vertex   6.722545e+01 -5.993312e+00 1.766230e+01
      vertex   6.700886e+01 -5.970750e+00 1.779297e+01
    endloop
  endfacet
  facet normal 6.630112e-01 2.210746e-02 7.482830e-01
    outer loop
      vertex   6.704823e+01 -6.173812e+00 1.776408e+01
      vertex   6.700886e+01 -5.970750e+00 1.779297e+01
      vertex   6.685857e+01 -6.151250e+00 1.793146e+01
    endloop
  endfacet
  facet normal 6.917284e-01 -2.210746e-02 7.218193e-01
    outer loop
      vertex   6.685857e+01 -6.151250e+00 1.793146e+01
      vertex   6.700886e+01 -5.970750e+00 1.779297e+01
      vertex   6.682658e+01 -5.948187e+00 1.796834e+01
    endloop
  endfacet
  facet normal 8.122278e-01 2.210746e-02 5.829213e-01
    outer loop
      vertex   6.685857e+01 -6.151250e+00 1.793146e+01
      vertex   6.682658e+01 -5.948187e+00 1.796834e+01
      vertex   6.671068e+01 -6.128687e+00 1.813667e+01
    endloop
  endfacet
  facet normal 8.343732e-01 -2.210746e-02 5.507564e-01
    outer loop
      vertex   6.671068e+01 -6.128687e+00 1.813667e+01
      vertex   6.682658e+01 -5.948187e+00 1.796834e+01
      vertex   6.668765e+01 -5.925625e+00 1.817972e+01
    endloop
  endfacet
  facet normal 9.211300e-01 2.210746e-02 3.886267e-01
    outer loop
      vertex   6.671068e+01 -6.128687e+00 1.813667e+01
      vertex   6.668765e+01 -5.925625e+00 1.817972e+01
      vertex   6.661190e+01 -6.106125e+00 1.836953e+01
    endloop
  endfacet
  facet normal 9.356045e-01 -2.210746e-02 3.523571e-01
    outer loop
      vertex   6.661190e+01 -6.106125e+00 1.836953e+01
      vertex   6.668765e+01 -5.925625e+00 1.817972e+01
      vertex   6.659896e+01 -5.903062e+00 1.841661e+01
    endloop
  endfacet
  facet normal 9.843126e-01 2.210746e-02 1.750429e-01
    outer loop
      vertex   6.661190e+01 -6.106125e+00 1.836953e+01
      vertex   6.659896e+01 -5.903062e+00 1.841661e+01
      vertex   6.656712e+01 -6.083562e+00 1.861848e+01
    endloop
  endfacet
  facet normal 9.903977e-01 -2.210746e-02 1.364687e-01
    outer loop
      vertex   6.656712e+01 -6.083562e+00 1.861848e+01
      vertex   6.659896e+01 -5.903062e+00 1.841661e+01
      vertex   6.656493e+01 -5.880500e+00 1.866726e+01
    endloop
  endfacet
  facet normal 9.986394e-01 2.210746e-02 -4.722900e-02
    outer loop
      vertex   6.656712e+01 -6.083562e+00 1.861848e+01
      vertex   6.656493e+01 -5.880500e+00 1.866726e+01
      vertex   6.657857e+01 -6.061000e+00 1.887117e+01
    endloop
  endfacet
  facet normal 9.960331e-01 -2.210746e-02 -8.619316e-02
    outer loop
      vertex   6.657857e+01 -6.061000e+00 1.887117e+01
      vertex   6.656493e+01 -5.880500e+00 1.866726e+01
      vertex   6.658723e+01 -5.857937e+00 1.891923e+01
    endloop
  endfacet
  facet normal 9.633995e-01 2.210746e-02 -2.671568e-01
    outer loop
      vertex   6.657857e+01 -6.061000e+00 1.887117e+01
      vertex   6.658723e+01 -5.857937e+00 1.891923e+01
      vertex   6.664568e+01 -6.038437e+00 1.911506e+01
    endloop
  endfacet
  facet normal 9.522312e-01 -2.210746e-02 -3.045769e-01
    outer loop
      vertex   6.664568e+01 -6.038437e+00 1.911506e+01
      vertex   6.658723e+01 -5.857937e+00 1.891923e+01
      vertex   6.666477e+01 -5.835375e+00 1.916000e+01
    endloop
  endfacet
  facet normal 8.803418e-01 2.210746e-02 -4.738244e-01
    outer loop
      vertex   6.664568e+01 -6.038437e+00 1.911506e+01
      vertex   6.666477e+01 -5.835375e+00 1.916000e+01
      vertex   6.676512e+01 -6.015875e+00 1.933803e+01
    endloop
  endfacet
  facet normal 8.611658e-01 -2.210746e-02 -5.078432e-01
    outer loop
      vertex   6.676512e+01 -6.015875e+00 1.933803e+01
      vertex   6.666477e+01 -5.835375e+00 1.916000e+01
      vertex   6.679369e+01 -5.812812e+00 1.937763e+01
    endloop
  endfacet
  facet normal 7.535890e-01 2.210746e-02 -6.569740e-01
    outer loop
      vertex   6.676512e+01 -6.015875e+00 1.933803e+01
      vertex   6.679369e+01 -5.812812e+00 1.937763e+01
      vertex   6.693097e+01 -5.993312e+00 1.952902e+01
    endloop
  endfacet
  facet normal 7.273571e-01 -2.210746e-02 -6.859030e-01
    outer loop
      vertex   6.693097e+01 -5.993312e+00 1.952902e+01
      vertex   6.679369e+01 -5.812812e+00 1.937763e+01
      vertex   6.696759e+01 -5.790250e+00 1.956131e+01
    endloop
  endfacet
  facet normal 5.894323e-01 2.210746e-02 -8.075152e-01
    outer loop
      vertex   6.693097e+01 -5.993312e+00 1.952902e+01
      vertex   6.696759e+01 -5.790250e+00 1.956131e+01
      vertex   6.713498e+01 -5.970750e+00 1.967856e+01
    endloop
  endfacet
  facet normal 5.574465e-01 -2.210746e-02 -8.299185e-01
    outer loop
      vertex   6.713498e+01 -5.970750e+00 1.967856e+01
      vertex   6.696759e+01 -5.790250e+00 1.956131e+01
      vertex   6.717785e+01 -5.767687e+00 1.970194e+01
    endloop
  endfacet
  facet normal 3.960195e-01 2.210746e-02 -9.179759e-01
    outer loop
      vertex   6.713498e+01 -5.970750e+00 1.967856e+01
      vertex   6.717785e+01 -5.767687e+00 1.970194e+01
      vertex   6.736704e+01 -5.948187e+00 1.977921e+01
    endloop
  endfacet
  facet normal 3.598674e-01 -2.210746e-02 -9.327415e-01
    outer loop
      vertex   6.736704e+01 -5.948187e+00 1.977921e+01
      vertex   6.717785e+01 -5.767687e+00 1.970194e+01
      vertex   6.741402e+01 -5.745125e+00 1.979252e+01
    endloop
  endfacet
  facet normal 1.829506e-01 2.210746e-02 -9.828735e-01
    outer loop
      vertex   6.736704e+01 -5.948187e+00 1.977921e+01
      vertex   6.741402e+01 -5.745125e+00 1.979252e+01
      vertex   6.761563e+01 -5.925625e+00 1.982599e+01
    endloop
  endfacet
  facet normal 1.444265e-01 -2.210746e-02 -9.892685e-01
    outer loop
      vertex   6.761563e+01 -5.925625e+00 1.982599e+01
      vertex   6.741402e+01 -5.745125e+00 1.979252e+01
      vertex   6.766439e+01 -5.722562e+00 1.982857e+01
    endloop
  endfacet
  facet normal -3.919899e-02 2.210746e-02 -9.989868e-01
    outer loop
      vertex   6.761563e+01 -5.925625e+00 1.982599e+01
      vertex   6.766439e+01 -5.722562e+00 1.982857e+01
      vertex   6.786840e+01 -5.903062e+00 1.981657e+01
    endloop
  endfacet
  facet normal -7.818284e-02 -2.210746e-02 -9.966939e-01
    outer loop
      vertex   6.786840e+01 -5.903062e+00 1.981657e+01
      vertex   6.766439e+01 -5.722562e+00 1.982857e+01
      vertex   6.791652e+01 -5.700000e+00 1.980829e+01
    endloop
  endfacet
  facet normal -2.594030e-01 2.210746e-02 -9.655161e-01
    outer loop
      vertex   6.786840e+01 -5.903062e+00 1.981657e+01
      vertex   6.791652e+01 -5.700000e+00 1.980829e+01
      vertex   6.811282e+01 -5.880500e+00 1.975142e+01
    endloop
  endfacet
  facet normal -3.093854e-01 -3.707012e-02 -9.502139e-01
    outer loop
      vertex   6.811282e+01 -5.880500e+00 1.975142e+01
      vertex   6.791652e+01 -5.700000e+00 1.980829e+01
      vertex   6.818120e+01 -5.700000e+00 1.972212e+01
    endloop
  endfacet
  facet normal -4.674943e-01 3.368498e-02 -8.833540e-01
    outer loop
      vertex   6.811282e+01 -5.880500e+00 1.975142e+01
      vertex   6.818120e+01 -5.700000e+00 1.972212e+01
      vertex   6.833674e+01 -5.857937e+00 1.963378e+01
    endloop
  endfacet
  facet normal -5.309941e-01 -4.979488e-02 -8.459112e-01
    outer loop
      vertex   6.833674e+01 -5.857937e+00 1.963378e+01
      vertex   6.818120e+01 -5.700000e+00 1.972212e+01
      vertex   6.841695e+01 -5.700000e+00 1.957413e+01
    endloop
  endfacet
  facet normal -6.519533e-01 4.525070e-02 -7.569077e-01
    outer loop
      vertex   6.833674e+01 -5.857937e+00 1.963378e+01
      vertex   6.841695e+01 -5.700000e+00 1.957413e+01
      vertex   6.852906e+01 -5.835375e+00 1.946947e+01
    endloop
  endfacet
  facet normal -7.203432e-01 -6.249456e-02 -6.907967e-01
    outer loop
      vertex   6.852906e+01 -5.835375e+00 1.946947e+01
      vertex   6.841695e+01 -5.700000e+00 1.957413e+01
      vertex   6.860962e+01 -5.700000e+00 1.937323e+01
    endloop
  endfacet
  facet normal -8.034926e-01 5.679753e-02 -5.925991e-01
    outer loop
      vertex   6.852906e+01 -5.835375e+00 1.946947e+01
      vertex   6.860962e+01 -5.700000e+00 1.937323e+01
      vertex   6.868023e+01 -5.812812e+00 1.926666e+01
    endloop
  endfacet
  facet normal -8.660169e-01 -7.515986e-02 -4.943336e-01
    outer loop
      vertex   6.868023e+01 -5.812812e+00 1.926666e+01
      vertex   6.860962e+01 -5.700000e+00 1.937323e+01
      vertex   6.874761e+01 -5.700000e+00 1.913148e+01
    endloop
  endfacet
  facet normal -9.145053e-01 6.831850e-02 -3.987639e-01
    outer loop
      vertex   6.868023e+01 -5.812812e+00 1.926666e+01
      vertex   6.874761e+01 -5.700000e+00 1.913148e+01
      vertex   6.878275e+01 -5.790250e+00 1.903542e+01
    endloop
  endfacet
  facet normal -9.592758e-01 -8.778163e-02 -2.684853e-01
    outer loop
      vertex   6.878275e+01 -5.790250e+00 1.903542e+01
      vertex   6.874761e+01 -5.700000e+00 1.913148e+01
      vertex   6.882263e+01 -5.700000e+00 1.886343e+01
    endloop
  endfacet
  facet normal -9.794504e-01 7.980666e-02 -1.852239e-01
    outer loop
      vertex   6.878275e+01 -5.790250e+00 1.903542e+01
      vertex   6.882263e+01 -5.700000e+00 1.886343e+01
      vertex   6.883153e+01 -5.767687e+00 1.878722e+01
    endloop
  endfacet
  facet normal -9.945863e-01 -1.003508e-01 -2.697900e-02
    outer loop
      vertex   6.883153e+01 -5.767687e+00 1.878722e+01
      vertex   6.882263e+01 -5.700000e+00 1.886343e+01
      vertex   6.883018e+01 -5.700000e+00 1.858518e+01
    endloop
  endfacet
  facet normal -9.951319e-01 9.125518e-02 3.721603e-02
    outer loop
      vertex   6.883153e+01 -5.767687e+00 1.878722e+01
      vertex   6.883018e+01 -5.700000e+00 1.858518e+01
      vertex   6.882414e+01 -5.745125e+00 1.853438e+01
    endloop
  endfacet
  facet normal -9.699517e-01 -1.128586e-01 2.155379e-01
    outer loop
      vertex   6.882414e+01 -5.745125e+00 1.853438e+01
      vertex   6.883018e+01 -5.700000e+00 1.858518e+01
      vertex   6.876980e+01 -5.700000e+00 1.831345e+01
    endloop
  endfacet
  facet normal -9.608577e-01 1.026573e-01 2.573208e-01
    outer loop
      vertex   6.882414e+01 -5.745125e+00 1.853438e+01
      vertex   6.876980e+01 -5.700000e+00 1.831345e+01
      vertex   6.876096e+01 -5.722562e+00 1.828945e+01
    endloop
  endfacet
  facet normal -8.870252e-01 -1.252962e-01 4.443954e-01
    outer loop
      vertex   6.876096e+01 -5.722562e+00 1.828945e+01
      vertex   6.876980e+01 -5.700000e+00 1.831345e+01
      vertex   6.864511e+01 -5.700000e+00 1.806459e+01
    endloop
  endfacet
  facet normal -8.422923e-01 -3.368498e-02 -5.379674e-01
    outer loop
      vertex   6.872049e+01 -6.241500e+00 1.919144e+01
      vertex   6.868570e+01 -6.422000e+00 1.925720e+01
      vertex   6.858497e+01 -6.264062e+00 1.940502e+01
    endloop
  endfacet
  facet normal -7.997963e-01 4.979488e-02 -5.982026e-01
    outer loop
      vertex   6.858497e+01 -6.264062e+00 1.940502e+01
      vertex   6.868570e+01 -6.422000e+00 1.925720e+01
      vertex   6.851898e+01 -6.422000e+00 1.948010e+01
    endloop
  endfacet
  facet normal -7.012261e-01 -4.525070e-02 -7.115015e-01
    outer loop
      vertex   6.858497e+01 -6.264062e+00 1.940502e+01
      vertex   6.851898e+01 -6.422000e+00 1.948010e+01
      vertex   6.840554e+01 -6.286625e+00 1.958330e+01
    endloop
  endfacet
  facet normal -6.297586e-01 6.249456e-02 -7.742729e-01
    outer loop
      vertex   6.840554e+01 -6.286625e+00 1.958330e+01
      vertex   6.851898e+01 -6.422000e+00 1.948010e+01
      vertex   6.830304e+01 -6.422000e+00 1.965574e+01
    endloop
  endfacet
  facet normal -5.251079e-01 -5.679753e-02 -8.491382e-01
    outer loop
      vertex   6.840554e+01 -6.286625e+00 1.958330e+01
      vertex   6.830304e+01 -6.422000e+00 1.965574e+01
      vertex   6.819108e+01 -6.309187e+00 1.971743e+01
    endloop
  endfacet
  facet normal -4.220713e-01 7.515986e-02 -9.034416e-01
    outer loop
      vertex   6.819108e+01 -6.309187e+00 1.971743e+01
      vertex   6.830304e+01 -6.422000e+00 1.965574e+01
      vertex   6.805085e+01 -6.422000e+00 1.977356e+01
    endloop
  endfacet
  facet normal -3.228660e-01 -6.831850e-02 -9.439757e-01
    outer loop
      vertex   6.819108e+01 -6.309187e+00 1.971743e+01
      vertex   6.805085e+01 -6.422000e+00 1.977356e+01
      vertex   6.795225e+01 -6.331750e+00 1.980075e+01
    endloop
  endfacet
  facet normal -1.893707e-01 8.778163e-02 -9.779740e-01
    outer loop
      vertex   6.795225e+01 -6.331750e+00 1.980075e+01
      vertex   6.805085e+01 -6.422000e+00 1.977356e+01
      vertex   6.777757e+01 -6.422000e+00 1.982648e+01
    endloop
  endfacet
  facet normal -1.047414e-01 -7.980666e-02 -9.912922e-01
    outer loop
      vertex   6.795225e+01 -6.331750e+00 1.980075e+01
      vertex   6.777757e+01 -6.422000e+00 1.982648e+01
      vertex   6.770089e+01 -6.354312e+00 1.982913e+01
    endloop
  endfacet
  facet normal 5.421070e-02 1.003508e-01 -9.934742e-01
    outer loop
      vertex   6.770089e+01 -6.354312e+00 1.982913e+01
      vertex   6.777757e+01 -6.422000e+00 1.982648e+01
      vertex   6.749963e+01 -6.422000e+00 1.981131e+01
    endloop
  endfacet
  facet normal 1.182365e-01 -9.125518e-02 -9.887834e-01
    outer loop
      vertex   6.770089e+01 -6.354312e+00 1.982913e+01
      vertex   6.749963e+01 -6.422000e+00 1.981131e+01
      vertex   6.744950e+01 -6.376875e+00 1.980115e+01
    endloop
  endfacet
  facet normal 2.939113e-01 1.128586e-01 -9.491465e-01
    outer loop
      vertex   6.744950e+01 -6.376875e+00 1.980115e+01
      vertex   6.749963e+01 -6.422000e+00 1.981131e+01
      vertex   6.723374e+01 -6.422000e+00 1.972897e+01
    endloop
  endfacet
  facet normal 3.348135e-01 -1.026573e-01 -9.366757e-01
    outer loop
      vertex   6.744950e+01 -6.376875e+00 1.980115e+01
      vertex   6.723374e+01 -6.422000e+00 1.972897e+01
      vertex   6.721053e+01 -6.399437e+00 1.971821e+01
    endloop
  endfacet
  facet normal 5.152447e-01 1.252962e-01 -8.478348e-01
    outer loop
      vertex   6.721053e+01 -6.399437e+00 1.971821e+01
      vertex   6.723374e+01 -6.422000e+00 1.972897e+01
      vertex   6.699587e+01 -6.422000e+00 1.958441e+01
    endloop
  endfacet
  facet normal 2.914746e-01 8.699578e-01 -3.977637e-01
    outer loop
      vertex   6.678301e+01 -6.422000e+00 1.942844e+01
      vertex   6.673473e+01 -6.264062e+00 1.973849e+01
      vertex   6.699587e+01 -6.422000e+00 1.958441e+01
    endloop
  endfacet
  facet normal 2.539528e-01 8.571089e-01 -4.481878e-01
    outer loop
      vertex   6.699587e+01 -6.422000e+00 1.958441e+01
      vertex   6.673473e+01 -6.264062e+00 1.973849e+01
      vertex   6.698999e+01 -6.241500e+00 1.992627e+01
    endloop
  endfacet
  facet normal 1.925935e-01 8.691115e-01 -4.555797e-01
    outer loop
      vertex   6.699587e+01 -6.422000e+00 1.958441e+01
      vertex   6.698999e+01 -6.241500e+00 1.992627e+01
      vertex   6.721053e+01 -6.399437e+00 1.971821e+01
    endloop
  endfacet
  facet normal 1.484212e-01 8.571089e-01 -4.932905e-01
    outer loop
      vertex   6.721053e+01 -6.399437e+00 1.971821e+01
      vertex   6.698999e+01 -6.241500e+00 1.992627e+01
      vertex   6.728049e+01 -6.218937e+00 2.005288e+01
    endloop
  endfacet
  facet normal 8.694803e-02 8.691115e-01 -4.869139e-01
    outer loop
      vertex   6.721053e+01 -6.399437e+00 1.971821e+01
      vertex   6.728049e+01 -6.218937e+00 2.005288e+01
      vertex   6.744950e+01 -6.376875e+00 1.980115e+01
    endloop
  endfacet
  facet normal 3.552273e-02 8.571089e-01 -5.139090e-01
    outer loop
      vertex   6.744950e+01 -6.376875e+00 1.980115e+01
      vertex   6.728049e+01 -6.218937e+00 2.005288e+01
      vertex   6.759182e+01 -6.196375e+00 2.011203e+01
    endloop
  endfacet
  facet normal -2.301304e-02 8.691115e-01 -4.940805e-01
    outer loop
      vertex   6.744950e+01 -6.376875e+00 1.980115e+01
      vertex   6.759182e+01 -6.196375e+00 2.011203e+01
      vertex   6.770089e+01 -6.354312e+00 1.982913e+01
    endloop
  endfacet
  facet normal -7.913885e-02 8.571089e-01 -5.090200e-01
    outer loop
      vertex   6.770089e+01 -6.354312e+00 1.982913e+01
      vertex   6.759182e+01 -6.196375e+00 2.011203e+01
      vertex   6.790851e+01 -6.173812e+00 2.010078e+01
    endloop
  endfacet
  facet normal -1.318319e-01 8.691115e-01 -4.767237e-01
    outer loop
      vertex   6.770089e+01 -6.354312e+00 1.982913e+01
      vertex   6.790851e+01 -6.173812e+00 2.010078e+01
      vertex   6.795225e+01 -6.331750e+00 1.980075e+01
    endloop
  endfacet
  facet normal -1.898724e-01 8.571089e-01 -4.788661e-01
    outer loop
      vertex   6.795225e+01 -6.331750e+00 1.980075e+01
      vertex   6.790851e+01 -6.173812e+00 2.010078e+01
      vertex   6.821485e+01 -6.151250e+00 2.001970e+01
    endloop
  endfacet
  facet normal -2.341073e-01 8.691115e-01 -4.357050e-01
    outer loop
      vertex   6.795225e+01 -6.331750e+00 1.980075e+01
      vertex   6.821485e+01 -6.151250e+00 2.001970e+01
      vertex   6.819108e+01 -6.309187e+00 1.971743e+01
    endloop
  endfacet
  facet normal -2.911818e-01 8.571089e-01 -4.249441e-01
    outer loop
      vertex   6.819108e+01 -6.309187e+00 1.971743e+01
      vertex   6.821485e+01 -6.151250e+00 2.001970e+01
      vertex   6.849564e+01 -6.128687e+00 1.987281e+01
    endloop
  endfacet
  facet normal -3.247630e-01 8.691115e-01 -3.730605e-01
    outer loop
      vertex   6.819108e+01 -6.309187e+00 1.971743e+01
      vertex   6.849564e+01 -6.128687e+00 1.987281e+01
      vertex   6.840554e+01 -6.286625e+00 1.958330e+01
    endloop
  endfacet
  facet normal -3.780386e-01 8.571089e-01 -3.499302e-01
    outer loop
      vertex   6.840554e+01 -6.286625e+00 1.958330e+01
      vertex   6.849564e+01 -6.128687e+00 1.987281e+01
      vertex   6.873694e+01 -6.106125e+00 1.966739e+01
    endloop
  endfacet
  facet normal -3.992993e-01 8.691115e-01 -2.918993e-01
    outer loop
      vertex   6.840554e+01 -6.286625e+00 1.958330e+01
      vertex   6.873694e+01 -6.106125e+00 1.966739e+01
      vertex   6.858497e+01 -6.264062e+00 1.940502e+01
    endloop
  endfacet
  facet normal -4.461317e-01 8.571089e-01 -2.575478e-01
    outer loop
      vertex   6.858497e+01 -6.264062e+00 1.940502e+01
      vertex   6.873694e+01 -6.106125e+00 1.966739e+01
      vertex   6.892677e+01 -6.083562e+00 1.941365e+01
    endloop
  endfacet
  facet normal -4.540166e-01 8.691115e-01 -1.962499e-01
    outer loop
      vertex   6.858497e+01 -6.264062e+00 1.940502e+01
      vertex   6.892677e+01 -6.083562e+00 1.941365e+01
      vertex   6.872049e+01 -6.241500e+00 1.919144e+01
    endloop
  endfacet
  facet normal -4.920813e-01 8.571089e-01 -1.523821e-01
    outer loop
      vertex   6.872049e+01 -6.241500e+00 1.919144e+01
      vertex   6.892677e+01 -6.083562e+00 1.941365e+01
      vertex   6.905571e+01 -6.061000e+00 1.912417e+01
    endloop
  endfacet
  facet normal -4.861992e-01 8.691115e-01 -9.085973e-02
    outer loop
      vertex   6.872049e+01 -6.241500e+00 1.919144e+01
      vertex   6.905571e+01 -6.061000e+00 1.912417e+01
      vertex   6.880535e+01 -6.218937e+00 1.895315e+01
    endloop
  endfacet
  facet normal -5.136068e-01 8.571089e-01 -3.965312e-02
    outer loop
      vertex   6.880535e+01 -6.218937e+00 1.895315e+01
      vertex   6.905571e+01 -6.061000e+00 1.912417e+01
      vertex   6.911736e+01 -6.038437e+00 1.881333e+01
    endloop
  endfacet
  facet normal -4.942495e-01 8.691115e-01 1.904018e-02
    outer loop
      vertex   6.880535e+01 -6.218937e+00 1.895315e+01
      vertex   6.911736e+01 -6.038437e+00 1.881333e+01
      vertex   6.883535e+01 -6.196375e+00 1.870198e+01
    endloop
  endfacet
  facet normal -5.096398e-01 8.571089e-01 7.504406e-02
    outer loop
      vertex   6.883535e+01 -6.196375e+00 1.870198e+01
      vertex   6.911736e+01 -6.038437e+00 1.881333e+01
      vertex   6.910867e+01 -6.015875e+00 1.849656e+01
    endloop
  endfacet
  facet normal -4.777681e-01 8.691115e-01 1.279950e-01
    outer loop
      vertex   6.883535e+01 -6.196375e+00 1.870198e+01
      vertex   6.910867e+01 -6.015875e+00 1.849656e+01
      vertex   6.880900e+01 -6.173812e+00 1.845041e+01
    endloop
  endfacet
  facet normal -4.803771e-01 8.571089e-01 1.860165e-01
    outer loop
      vertex   6.880900e+01 -6.173812e+00 1.845041e+01
      vertex   6.910867e+01 -6.015875e+00 1.849656e+01
      vertex   6.903005e+01 -5.993312e+00 1.818957e+01
    endloop
  endfacet
  facet normal -4.375731e-01 8.691115e-01 2.305969e-01
    outer loop
      vertex   6.880900e+01 -6.173812e+00 1.845041e+01
      vertex   6.903005e+01 -5.993312e+00 1.818957e+01
      vertex   6.872760e+01 -6.151250e+00 1.821092e+01
    endloop
  endfacet
  facet normal -4.272713e-01 8.571089e-01 2.877561e-01
    outer loop
      vertex   6.872760e+01 -6.151250e+00 1.821092e+01
      vertex   6.903005e+01 -5.993312e+00 1.818957e+01
      vertex   6.888541e+01 -5.970750e+00 1.790761e+01
    endloop
  endfacet
  facet normal -3.756593e-01 8.691115e-01 3.217533e-01
    outer loop
      vertex   6.872760e+01 -6.151250e+00 1.821092e+01
      vertex   6.888541e+01 -5.970750e+00 1.790761e+01
      vertex   6.859520e+01 -6.128687e+00 1.799539e+01
    endloop
  endfacet
  facet normal -3.529581e-01 8.571089e-01 3.752131e-01
    outer loop
      vertex   6.859520e+01 -6.128687e+00 1.799539e+01
      vertex   6.888541e+01 -5.970750e+00 1.790761e+01
      vertex   6.868194e+01 -5.948187e+00 1.766467e+01
    endloop
  endfacet
  facet normal -2.951000e-01 8.691115e-01 3.969397e-01
    outer loop
      vertex   6.859520e+01 -6.128687e+00 1.799539e+01
      vertex   6.868194e+01 -5.948187e+00 1.766467e+01
      vertex   6.841836e+01 -6.106125e+00 1.781452e+01
    endloop
  endfacet
  facet normal -2.611261e-01 8.571089e-01 4.440467e-01
    outer loop
      vertex   6.841836e+01 -6.106125e+00 1.781452e+01
      vertex   6.868194e+01 -5.948187e+00 1.766467e+01
      vertex   6.842973e+01 -5.925625e+00 1.747280e+01
    endloop
  endfacet
  facet normal -1.998936e-01 8.691115e-01 4.524242e-01
    outer loop
      vertex   6.841836e+01 -6.106125e+00 1.781452e+01
      vertex   6.842973e+01 -5.925625e+00 1.747280e+01
      vertex   6.820587e+01 -6.083562e+00 1.767730e+01
    endloop
  endfacet
  facet normal -1.563333e-01 8.571089e-01 4.908403e-01
    outer loop
      vertex   6.820587e+01 -6.083562e+00 1.767730e+01
      vertex   6.842973e+01 -5.925625e+00 1.747280e+01
      vertex   6.814131e+01 -5.903062e+00 1.734154e+01
    endloop
  endfacet
  facet normal -9.476555e-02 8.691115e-01 4.854530e-01
    outer loop
      vertex   6.820587e+01 -6.083562e+00 1.767730e+01
      vertex   6.814131e+01 -5.903062e+00 1.734154e+01
      vertex   6.796828e+01 -6.061000e+00 1.759052e+01
    endloop
  endfacet
  facet normal -4.378094e-02 8.571089e-01 5.132714e-01
    outer loop
      vertex   6.796828e+01 -6.061000e+00 1.759052e+01
      vertex   6.814131e+01 -5.903062e+00 1.734154e+01
      vertex   6.783097e+01 -5.880500e+00 1.727739e+01
    endloop
  endfacet
  facet normal 1.506608e-02 8.691115e-01 4.943866e-01
    outer loop
      vertex   6.796828e+01 -6.061000e+00 1.759052e+01
      vertex   6.783097e+01 -5.880500e+00 1.727739e+01
      vertex   6.771736e+01 -6.038437e+00 1.755850e+01
    endloop
  endfacet
  facet normal 7.094443e-02 8.571089e-01 5.102266e-01
    outer loop
      vertex   6.771736e+01 -6.038437e+00 1.755850e+01
      vertex   6.783097e+01 -5.880500e+00 1.727739e+01
      vertex   6.751414e+01 -5.857937e+00 1.728355e+01
    endloop
  endfacet
  facet normal 1.241499e-01 8.691115e-01 4.787817e-01
    outer loop
      vertex   6.771736e+01 -6.038437e+00 1.755850e+01
      vertex   6.751414e+01 -5.857937e+00 1.728355e+01
      vertex   6.746559e+01 -6.015875e+00 1.758283e+01
    endloop
  endfacet
  facet normal 1.821485e-01 8.571089e-01 4.818571e-01
    outer loop
      vertex   6.746559e+01 -6.015875e+00 1.758283e+01
      vertex   6.751414e+01 -5.857937e+00 1.728355e+01
      vertex   6.720653e+01 -5.835375e+00 1.735969e+01
    endloop
  endfacet
  facet normal 2.270717e-01 8.691115e-01 4.394128e-01
    outer loop
      vertex   6.746559e+01 -6.015875e+00 1.758283e+01
      vertex   6.720653e+01 -5.835375e+00 1.735969e+01
      vertex   6.722545e+01 -5.993312e+00 1.766230e+01
    endloop
  endfacet
  facet normal 2.843118e-01 8.571089e-01 4.295709e-01
    outer loop
      vertex   6.722545e+01 -5.993312e+00 1.766230e+01
      vertex   6.720653e+01 -5.835375e+00 1.735969e+01
      vertex   6.692342e+01 -5.812812e+00 1.750205e+01
    endloop
  endfacet
  facet normal 3.187228e-01 8.691115e-01 3.782339e-01
    outer loop
      vertex   6.722545e+01 -5.993312e+00 1.766230e+01
      vertex   6.692342e+01 -5.812812e+00 1.750205e+01
      vertex   6.700886e+01 -5.970750e+00 1.779297e+01
    endloop
  endfacet
  facet normal 3.723634e-01 8.571089e-01 3.559632e-01
    outer loop
      vertex   6.700886e+01 -5.970750e+00 1.779297e+01
      vertex   6.692342e+01 -5.812812e+00 1.750205e+01
      vertex   6.667885e+01 -5.790250e+00 1.770356e+01
    endloop
  endfacet
  facet normal 3.945544e-01 8.691115e-01 2.982816e-01
    outer loop
      vertex   6.700886e+01 -5.970750e+00 1.779297e+01
      vertex   6.667885e+01 -5.790250e+00 1.770356e+01
      vertex   6.682658e+01 -5.948187e+00 1.796834e+01
    endloop
  endfacet
  facet normal 4.419331e-01 8.571089e-01 2.646875e-01
    outer loop
      vertex   6.682658e+01 -5.948187e+00 1.796834e+01
      vertex   6.667885e+01 -5.790250e+00 1.770356e+01
      vertex   6.648496e+01 -5.767687e+00 1.795422e+01
    endloop
  endfacet
  facet normal 4.508026e-01 8.691115e-01 2.035243e-01
    outer loop
      vertex   6.682658e+01 -5.948187e+00 1.796834e+01
      vertex   6.648496e+01 -5.767687e+00 1.795422e+01
      vertex   6.668765e+01 -5.925625e+00 1.817972e+01
    endloop
  endfacet
  facet normal 4.895676e-01 8.571089e-01 1.602743e-01
    outer loop
      vertex   6.668765e+01 -5.925625e+00 1.817972e+01
      vertex   6.648496e+01 -5.767687e+00 1.795422e+01
      vertex   6.635138e+01 -5.745125e+00 1.824159e+01
    endloop
  endfacet
  facet normal 4.846755e-01 8.691115e-01 9.866525e-02
    outer loop
      vertex   6.668765e+01 -5.925625e+00 1.817972e+01
      vertex   6.635138e+01 -5.745125e+00 1.824159e+01
      vertex   6.659896e+01 -5.903062e+00 1.841661e+01
    endloop
  endfacet
  facet normal 5.129029e-01 8.571089e-01 4.790593e-02
    outer loop
      vertex   6.659896e+01 -5.903062e+00 1.841661e+01
      vertex   6.635138e+01 -5.745125e+00 1.824159e+01
      vertex   6.628474e+01 -5.722562e+00 1.855139e+01
    endloop
  endfacet
  facet normal 4.944918e-01 8.691115e-01 -1.109101e-02
    outer loop
      vertex   6.659896e+01 -5.903062e+00 1.841661e+01
      vertex   6.628474e+01 -5.722562e+00 1.855139e+01
      vertex   6.656493e+01 -5.880500e+00 1.866726e+01
    endloop
  endfacet
  facet normal 5.107805e-01 8.571089e-01 -6.684021e-02
    outer loop
      vertex   6.656493e+01 -5.880500e+00 1.866726e+01
      vertex   6.628474e+01 -5.722562e+00 1.855139e+01
      vertex   6.628835e+01 -5.700000e+00 1.886827e+01
    endloop
  endfacet
  facet normal 4.797643e-01 8.691115e-01 -1.202968e-01
    outer loop
      vertex   6.656493e+01 -5.880500e+00 1.866726e+01
      vertex   6.628835e+01 -5.700000e+00 1.886827e+01
      vertex   6.658723e+01 -5.857937e+00 1.891923e+01
    endloop
  endfacet
  facet normal 4.829482e-01 8.588102e-01 -1.708979e-01
    outer loop
      vertex   6.658723e+01 -5.857937e+00 1.891923e+01
      vertex   6.628835e+01 -5.700000e+00 1.886827e+01
      vertex   6.637670e+01 -5.700000e+00 1.911796e+01
    endloop
  endfacet
  facet normal 4.410858e-01 8.691913e-01 -2.234946e-01
    outer loop
      vertex   6.658723e+01 -5.857937e+00 1.891923e+01
      vertex   6.637670e+01 -5.700000e+00 1.911796e+01
      vertex   6.666477e+01 -5.835375e+00 1.916000e+01
    endloop
  endfacet
  facet normal 4.415112e-01 8.587068e-01 -2.601741e-01
    outer loop
      vertex   6.666477e+01 -5.835375e+00 1.916000e+01
      vertex   6.637670e+01 -5.700000e+00 1.911796e+01
      vertex   6.651117e+01 -5.700000e+00 1.934615e+01
    endloop
  endfacet
  facet normal 3.819848e-01 8.683542e-01 -3.163046e-01
    outer loop
      vertex   6.666477e+01 -5.835375e+00 1.916000e+01
      vertex   6.651117e+01 -5.700000e+00 1.934615e+01
      vertex   6.679369e+01 -5.812812e+00 1.937763e+01
    endloop
  endfacet
  facet normal 3.811396e-01 8.593848e-01 -3.408671e-01
    outer loop
      vertex   6.679369e+01 -5.812812e+00 1.937763e+01
      vertex   6.651117e+01 -5.700000e+00 1.934615e+01
      vertex   6.668764e+01 -5.700000e+00 1.954346e+01
    endloop
  endfacet
  facet normal 3.046014e-01 8.667836e-01 -3.948470e-01
    outer loop
      vertex   6.679369e+01 -5.812812e+00 1.937763e+01
      vertex   6.668764e+01 -5.700000e+00 1.954346e+01
      vertex   6.696759e+01 -5.790250e+00 1.956131e+01
    endloop
  endfacet
  facet normal 3.035503e-01 8.608360e-01 -4.084342e-01
    outer loop
      vertex   6.696759e+01 -5.790250e+00 1.956131e+01
      vertex   6.668764e+01 -5.700000e+00 1.954346e+01
      vertex   6.689936e+01 -5.700000e+00 1.970082e+01
    endloop
  endfacet
  facet normal 2.119676e-01 8.645606e-01 -4.556367e-01
    outer loop
      vertex   6.696759e+01 -5.790250e+00 1.956131e+01
      vertex   6.689936e+01 -5.700000e+00 1.970082e+01
      vertex   6.717785e+01 -5.767687e+00 1.970194e+01
    endloop
  endfacet
  facet normal 2.115461e-01 8.627672e-01 -4.592178e-01
    outer loop
      vertex   6.717785e+01 -5.767687e+00 1.970194e+01
      vertex   6.689936e+01 -5.700000e+00 1.970082e+01
      vertex   6.713931e+01 -5.700000e+00 1.981135e+01
    endloop
  endfacet
  facet normal 1.097340e-01 8.621195e-01 -4.946802e-01
    outer loop
      vertex   6.717785e+01 -5.767687e+00 1.970194e+01
      vertex   6.713931e+01 -5.700000e+00 1.981135e+01
      vertex   6.739648e+01 -5.700000e+00 1.986840e+01
    endloop
  endfacet
  facet normal 3.481895e-01 8.561146e-01 -3.818793e-01
    outer loop
      vertex   6.673473e+01 -6.264062e+00 1.973849e+01
      vertex   6.678301e+01 -6.422000e+00 1.942844e+01
      vertex   6.652738e+01 -6.286625e+00 1.949885e+01
    endloop
  endfacet
  facet normal 3.727063e-01 8.706968e-01 -3.209004e-01
    outer loop
      vertex   6.652738e+01 -6.286625e+00 1.949885e+01
      vertex   6.678301e+01 -6.422000e+00 1.942844e+01
      vertex   6.661076e+01 -6.422000e+00 1.922837e+01
    endloop
  endfacet
  facet normal 4.262820e-01 8.546658e-01 -2.963613e-01
    outer loop
      vertex   6.652738e+01 -6.286625e+00 1.949885e+01
      vertex   6.661076e+01 -6.422000e+00 1.922837e+01
      vertex   6.637823e+01 -6.309187e+00 1.921925e+01
    endloop
  endfacet
  facet normal 4.320319e-01 8.718188e-01 -2.308255e-01
    outer loop
      vertex   6.637823e+01 -6.309187e+00 1.921925e+01
      vertex   6.661076e+01 -6.422000e+00 1.922837e+01
      vertex   6.648643e+01 -6.422000e+00 1.899567e+01
    endloop
  endfacet
  facet normal 4.849235e-01 8.524372e-01 -1.954482e-01
    outer loop
      vertex   6.637823e+01 -6.309187e+00 1.921925e+01
      vertex   6.648643e+01 -6.422000e+00 1.899567e+01
      vertex   6.629469e+01 -6.331750e+00 1.891356e+01
    endloop
  endfacet
  facet normal 4.682094e-01 8.735121e-01 -1.332535e-01
    outer loop
      vertex   6.629469e+01 -6.331750e+00 1.891356e+01
      vertex   6.648643e+01 -6.422000e+00 1.899567e+01
      vertex   6.641422e+01 -6.422000e+00 1.874194e+01
    endloop
  endfacet
  facet normal 5.216048e-01 8.491173e-01 -8.323563e-02
    outer loop
      vertex   6.629469e+01 -6.331750e+00 1.891356e+01
      vertex   6.641422e+01 -6.422000e+00 1.874194e+01
      vertex   6.628090e+01 -6.354312e+00 1.859697e+01
    endloop
  endfacet
  facet normal 4.813536e-01 8.758775e-01 -3.372505e-02
    outer loop
      vertex   6.628090e+01 -6.354312e+00 1.859697e+01
      vertex   6.641422e+01 -6.422000e+00 1.874194e+01
      vertex   6.639576e+01 -6.422000e+00 1.847854e+01
    endloop
  endfacet
  facet normal 5.346711e-01 8.442913e-01 3.604072e-02
    outer loop
      vertex   6.628090e+01 -6.354312e+00 1.859697e+01
      vertex   6.639576e+01 -6.422000e+00 1.847854e+01
      vertex   6.633754e+01 -6.376875e+00 1.828518e+01
    endloop
  endfacet
  facet normal 4.727820e-01 8.789414e-01 6.276273e-02
    outer loop
      vertex   6.633754e+01 -6.376875e+00 1.828518e+01
      vertex   6.639576e+01 -6.422000e+00 1.847854e+01
      vertex   6.643054e+01 -6.422000e+00 1.821657e+01
    endloop
  endfacet
  facet normal 5.230496e-01 8.375004e-01 1.581526e-01
    outer loop
      vertex   6.633754e+01 -6.376875e+00 1.828518e+01
      vertex   6.643054e+01 -6.422000e+00 1.821657e+01
      vertex   6.646181e+01 -6.399437e+00 1.799367e+01
    endloop
  endfacet
  facet normal 4.448627e-01 8.826482e-01 1.517539e-01
    outer loop
      vertex   6.646181e+01 -6.399437e+00 1.799367e+01
      vertex   6.643054e+01 -6.422000e+00 1.821657e+01
      vertex   6.651588e+01 -6.422000e+00 1.796640e+01
    endloop
  endfacet
  facet normal 4.862576e-01 8.280903e-01 2.789625e-01
    outer loop
      vertex   6.646181e+01 -6.399437e+00 1.799367e+01
      vertex   6.651588e+01 -6.422000e+00 1.796640e+01
      vertex   6.664754e+01 -6.422000e+00 1.773691e+01
    endloop
  endfacet
  facet normal 1.053564e-01 8.652232e-01 -4.901926e-01
    outer loop
      vertex   6.717785e+01 -5.767687e+00 1.970194e+01
      vertex   6.739648e+01 -5.700000e+00 1.986840e+01
      vertex   6.741402e+01 -5.745125e+00 1.979252e+01
    endloop
  endfacet
  facet normal -8.240906e-04 8.594146e-01 -5.112787e-01
    outer loop
      vertex   6.741402e+01 -5.745125e+00 1.979252e+01
      vertex   6.739648e+01 -5.700000e+00 1.986840e+01
      vertex   6.766020e+01 -5.700000e+00 1.986798e+01
    endloop
  endfacet
  facet normal -6.563315e-03 8.675018e-01 -4.973907e-01
    outer loop
      vertex   6.741402e+01 -5.745125e+00 1.979252e+01
      vertex   6.766020e+01 -5.700000e+00 1.986798e+01
      vertex   6.766439e+01 -5.722562e+00 1.982857e+01
    endloop
  endfacet
  facet normal -1.170781e-01 8.564319e-01 -5.028093e-01
    outer loop
      vertex   6.766439e+01 -5.722562e+00 1.982857e+01
      vertex   6.766020e+01 -5.700000e+00 1.986798e+01
      vertex   6.791652e+01 -5.700000e+00 1.980829e+01
    endloop
  endfacet
  facet normal 5.000000e-01 -0.000000e+00 8.660254e-01
    outer loop
      vertex   6.490000e+01 -8.200000e+00 -1.692283e+01
      vertex   6.770000e+01 -8.200000e+00 -1.853941e+01
      vertex   6.490000e+01 -6.422000e+00 -1.692283e+01
    endloop
  endfacet
  facet normal 5.000000e-01 0.000000e+00 8.660254e-01
    outer loop
      vertex   6.490000e+01 -6.422000e+00 -1.692283e+01
      vertex   6.770000e+01 -8.200000e+00 -1.853941e+01
      vertex   6.770000e+01 -6.422000e+00 -1.853941e+01
    endloop
  endfacet
  facet normal -5.000000e-01 0.000000e+00 8.660254e-01
    outer loop
      vertex   6.770000e+01 -8.200000e+00 -1.853941e+01
      vertex   7.050000e+01 -8.200000e+00 -1.692283e+01
      vertex   6.770000e+01 -6.422000e+00 -1.853941e+01
    endloop
  endfacet
  facet normal -5.000000e-01 0.000000e+00 8.660254e-01
    outer loop
      vertex   6.770000e+01 -6.422000e+00 -1.853941e+01
      vertex   7.050000e+01 -8.200000e+00 -1.692283e+01
      vertex   7.050000e+01 -6.422000e+00 -1.692283e+01
    endloop
  endfacet
  facet normal -1.000000e+00 0.000000e+00 4.395343e-15
    outer loop
      vertex   7.050000e+01 -8.200000e+00 -1.692283e+01
      vertex   7.050000e+01 -8.200000e+00 -1.368967e+01
      vertex   7.050000e+01 -6.422000e+00 -1.692283e+01
    endloop
  endfacet
  facet normal -1.000000e+00 0.000000e+00 4.395343e-15
    outer loop
      vertex   7.050000e+01 -6.422000e+00 -1.692283e+01
      vertex   7.050000e+01 -8.200000e+00 -1.368967e+01
      vertex   7.050000e+01 -6.422000e+00 -1.368967e+01
    endloop
  endfacet
  facet normal -5.000000e-01 0.000000e+00 -8.660254e-01
    outer loop
      vertex   7.050000e+01 -8.200000e+00 -1.368967e+01
      vertex   6.770000e+01 -8.200000e+00 -1.207309e+01
      vertex   7.050000e+01 -6.422000e+00 -1.368967e+01
    endloop
  endfacet
  facet normal -5.000000e-01 0.000000e+00 -8.660254e-01
    outer loop
      vertex   7.050000e+01 -6.422000e+00 -1.368967e+01
      vertex   6.770000e+01 -8.200000e+00 -1.207309e+01
      vertex   6.770000e+01 -6.422000e+00 -1.207309e+01
    endloop
  endfacet
  facet normal 5.000000e-01 0.000000e+00 -8.660254e-01
    outer loop
      vertex   6.770000e+01 -8.200000e+00 -1.207309e+01
      vertex   6.490000e+01 -8.200000e+00 -1.368967e+01
      vertex   6.770000e+01 -6.422000e+00 -1.207309e+01
    endloop
  endfacet
  facet normal 5.000000e-01 0.000000e+00 -8.660254e-01
    outer loop
      vertex   6.770000e+01 -6.422000e+00 -1.207309e+01
      vertex   6.490000e+01 -8.200000e+00 -1.368967e+01
      vertex   6.490000e+01 -6.422000e+00 -1.368967e+01
    endloop
  endfacet
  facet normal 1.000000e+00 -0.000000e+00 0.000000e+00
    outer loop
      vertex   6.490000e+01 -8.200000e+00 -1.368967e+01
      vertex   6.490000e+01 -8.200000e+00 -1.692283e+01
      vertex   6.490000e+01 -6.422000e+00 -1.368967e+01
    endloop
  endfacet
  facet normal 1.000000e+00 0.000000e+00 0.000000e+00
    outer loop
      vertex   6.490000e+01 -6.422000e+00 -1.368967e+01
      vertex   6.490000e+01 -8.200000e+00 -1.692283e+01
      vertex   6.490000e+01 -6.422000e+00 -1.692283e+01
    endloop
  endfacet
  facet normal 0.000000e+00 -1.000000e+00 0.000000e+00
    outer loop
      vertex   6.823070e+01 -6.422000e+00 -1.663757e+01
      vertex   6.798904e+01 -6.422000e+00 -1.674599e+01
      vertex   6.770000e+01 -6.422000e+00 -1.853941e+01
    endloop
  endfacet
  facet normal 0.000000e+00 -1.000000e+00 0.000000e+00
    outer loop
      vertex   6.770000e+01 -6.422000e+00 -1.853941e+01
      vertex   6.798904e+01 -6.422000e+00 -1.674599e+01
      vertex   6.762214e+01 -6.422000e+00 -1.677354e+01
    endloop
  endfacet
  facet normal 0.000000e+00 -1.000000e+00 0.000000e+00
    outer loop
      vertex   6.770000e+01 -6.422000e+00 -1.853941e+01
      vertex   6.762214e+01 -6.422000e+00 -1.677354e+01
      vertex   6.726045e+01 -6.422000e+00 -1.670605e+01
    endloop
  endfacet
  facet normal -0.000000e+00 -1.000000e+00 -0.000000e+00
    outer loop
      vertex   6.726045e+01 -6.422000e+00 -1.670605e+01
      vertex   6.692817e+01 -6.422000e+00 -1.654805e+01
      vertex   6.770000e+01 -6.422000e+00 -1.853941e+01
    endloop
  endfacet
  facet normal 0.000000e+00 -1.000000e+00 0.000000e+00
    outer loop
      vertex   6.770000e+01 -6.422000e+00 -1.853941e+01
      vertex   6.692817e+01 -6.422000e+00 -1.654805e+01
      vertex   6.490000e+01 -6.422000e+00 -1.692283e+01
    endloop
  endfacet
  facet normal 0.000000e+00 -1.000000e+00 0.000000e+00
    outer loop
      vertex   6.490000e+01 -6.422000e+00 -1.692283e+01
      vertex   6.692817e+01 -6.422000e+00 -1.654805e+01
      vertex   6.664754e+01 -6.422000e+00 -1.631011e+01
    endloop
  endfacet
  facet normal 0.000000e+00 -1.000000e+00 0.000000e+00
    outer loop
      vertex   6.490000e+01 -6.422000e+00 -1.692283e+01
      vertex   6.664754e+01 -6.422000e+00 -1.631011e+01
      vertex   6.651588e+01 -6.422000e+00 -1.608062e+01
    endloop
  endfacet
  facet normal 3.142220e-15 -1.000000e+00 -6.028718e-15
    outer loop
      vertex   6.651588e+01 -6.422000e+00 -1.608062e+01
      vertex   6.643054e+01 -6.422000e+00 -1.583045e+01
      vertex   6.490000e+01 -6.422000e+00 -1.692283e+01
    endloop
  endfacet
  facet normal -5.480879e-15 -1.000000e+00 6.053160e-15
    outer loop
      vertex   6.490000e+01 -6.422000e+00 -1.692283e+01
      vertex   6.643054e+01 -6.422000e+00 -1.583045e+01
      vertex   6.639576e+01 -6.422000e+00 -1.556848e+01
    endloop
  endfacet
  facet normal 0.000000e+00 -1.000000e+00 0.000000e+00
    outer loop
      vertex   6.490000e+01 -6.422000e+00 -1.692283e+01
      vertex   6.639576e+01 -6.422000e+00 -1.556848e+01
      vertex   6.490000e+01 -6.422000e+00 -1.368967e+01
    endloop
  endfacet
  facet normal 0.000000e+00 -1.000000e+00 0.000000e+00
    outer loop
      vertex   6.490000e+01 -6.422000e+00 -1.368967e+01
      vertex   6.639576e+01 -6.422000e+00 -1.556848e+01
      vertex   6.641422e+01 -6.422000e+00 -1.530508e+01
    endloop
  endfacet
  facet normal 0.000000e+00 -1.000000e+00 0.000000e+00
    outer loop
      vertex   6.490000e+01 -6.422000e+00 -1.368967e+01
      vertex   6.641422e+01 -6.422000e+00 -1.530508e+01
      vertex   6.648643e+01 -6.422000e+00 -1.505135e+01
    endloop
  endfacet
  facet normal 0.000000e+00 -1.000000e+00 0.000000e+00
    outer loop
      vertex   6.648643e+01 -6.422000e+00 -1.505135e+01
      vertex   6.661076e+01 -6.422000e+00 -1.481865e+01
      vertex   6.490000e+01 -6.422000e+00 -1.368967e+01
    endloop
  endfacet
  facet normal 0.000000e+00 -1.000000e+00 0.000000e+00
    outer loop
      vertex   6.490000e+01 -6.422000e+00 -1.368967e+01
      vertex   6.661076e+01 -6.422000e+00 -1.481865e+01
      vertex   6.678301e+01 -6.422000e+00 -1.461858e+01
    endloop
  endfacet
  facet normal 0.000000e+00 -1.000000e+00 0.000000e+00
    outer loop
      vertex   6.490000e+01 -6.422000e+00 -1.368967e+01
      vertex   6.678301e+01 -6.422000e+00 -1.461858e+01
      vertex   6.699587e+01 -6.422000e+00 -1.446261e+01
    endloop
  endfacet
  facet normal 0.000000e+00 -1.000000e+00 0.000000e+00
    outer loop
      vertex   6.490000e+01 -6.422000e+00 -1.368967e+01
      vertex   6.699587e+01 -6.422000e+00 -1.446261e+01
      vertex   6.770000e+01 -6.422000e+00 -1.207309e+01
    endloop
  endfacet
  facet normal 0.000000e+00 -1.000000e+00 0.000000e+00
    outer loop
      vertex   6.770000e+01 -6.422000e+00 -1.207309e+01
      vertex   6.699587e+01 -6.422000e+00 -1.446261e+01
      vertex   6.723374e+01 -6.422000e+00 -1.431805e+01
    endloop
  endfacet
  facet normal 0.000000e+00 -1.000000e+00 0.000000e+00
    outer loop
      vertex   6.770000e+01 -6.422000e+00 -1.207309e+01
      vertex   6.723374e+01 -6.422000e+00 -1.431805e+01
      vertex   6.749963e+01 -6.422000e+00 -1.423571e+01
    endloop
  endfacet
  facet normal 0.000000e+00 -1.000000e+00 0.000000e+00
    outer loop
      vertex   6.749963e+01 -6.422000e+00 -1.423571e+01
      vertex   6.777757e+01 -6.422000e+00 -1.422054e+01
      vertex   6.770000e+01 -6.422000e+00 -1.207309e+01
    endloop
  endfacet
  facet normal 0.000000e+00 -1.000000e+00 0.000000e+00
    outer loop
      vertex   6.770000e+01 -6.422000e+00 -1.207309e+01
      vertex   6.777757e+01 -6.422000e+00 -1.422054e+01
      vertex   6.805085e+01 -6.422000e+00 -1.427346e+01
    endloop
  endfacet
  facet normal 0.000000e+00 -1.000000e+00 0.000000e+00
    outer loop
      vertex   6.770000e+01 -6.422000e+00 -1.207309e+01
      vertex   6.805085e+01 -6.422000e+00 -1.427346e+01
      vertex   6.830304e+01 -6.422000e+00 -1.439128e+01
    endloop
  endfacet
  facet normal 0.000000e+00 -1.000000e+00 0.000000e+00
    outer loop
      vertex   6.770000e+01 -6.422000e+00 -1.207309e+01
      vertex   6.830304e+01 -6.422000e+00 -1.439128e+01
      vertex   7.050000e+01 -6.422000e+00 -1.368967e+01
    endloop
  endfacet
  facet normal 0.000000e+00 -1.000000e+00 0.000000e+00
    outer loop
      vertex   7.050000e+01 -6.422000e+00 -1.368967e+01
      vertex   6.830304e+01 -6.422000e+00 -1.439128e+01
      vertex   6.851898e+01 -6.422000e+00 -1.456692e+01
    endloop
  endfacet
  facet normal 0.000000e+00 -1.000000e+00 0.000000e+00
    outer loop
      vertex   7.050000e+01 -6.422000e+00 -1.368967e+01
      vertex   6.851898e+01 -6.422000e+00 -1.456692e+01
      vertex   6.868570e+01 -6.422000e+00 -1.478982e+01
    endloop
  endfacet
  facet normal 0.000000e+00 -1.000000e+00 0.000000e+00
    outer loop
      vertex   6.868570e+01 -6.422000e+00 -1.478982e+01
      vertex   6.879318e+01 -6.422000e+00 -1.504659e+01
      vertex   7.050000e+01 -6.422000e+00 -1.368967e+01
    endloop
  endfacet
  facet normal 0.000000e+00 -1.000000e+00 0.000000e+00
    outer loop
      vertex   7.050000e+01 -6.422000e+00 -1.368967e+01
      vertex   6.879318e+01 -6.422000e+00 -1.504659e+01
      vertex   6.887356e+01 -6.422000e+00 -1.529719e+01
    endloop
  endfacet
  facet normal 0.000000e+00 -1.000000e+00 0.000000e+00
    outer loop
      vertex   7.050000e+01 -6.422000e+00 -1.368967e+01
      vertex   6.887356e+01 -6.422000e+00 -1.529719e+01
      vertex   6.889549e+01 -6.422000e+00 -1.555999e+01
    endloop
  endfacet
  facet normal 0.000000e+00 -1.000000e+00 0.000000e+00
    outer loop
      vertex   7.050000e+01 -6.422000e+00 -1.368967e+01
      vertex   6.889549e+01 -6.422000e+00 -1.555999e+01
      vertex   7.050000e+01 -6.422000e+00 -1.692283e+01
    endloop
  endfacet
  facet normal 0.000000e+00 -1.000000e+00 0.000000e+00
    outer loop
      vertex   7.050000e+01 -6.422000e+00 -1.692283e+01
      vertex   6.889549e+01 -6.422000e+00 -1.555999e+01
      vertex   6.885960e+01 -6.422000e+00 -1.582097e+01
    endloop
  endfacet
  facet normal 0.000000e+00 -1.000000e+00 0.000000e+00
    outer loop
      vertex   7.050000e+01 -6.422000e+00 -1.692283e+01
      vertex   6.885960e+01 -6.422000e+00 -1.582097e+01
      vertex   6.876900e+01 -6.422000e+00 -1.606913e+01
    endloop
  endfacet
  facet normal 0.000000e+00 -1.000000e+00 -0.000000e+00
    outer loop
      vertex   6.876900e+01 -6.422000e+00 -1.606913e+01
      vertex   6.862943e+01 -6.422000e+00 -1.629298e+01
      vertex   7.050000e+01 -6.422000e+00 -1.692283e+01
    endloop
  endfacet
  facet normal 0.000000e+00 -1.000000e+00 0.000000e+00
    outer loop
      vertex   7.050000e+01 -6.422000e+00 -1.692283e+01
      vertex   6.862943e+01 -6.422000e+00 -1.629298e+01
      vertex   6.844717e+01 -6.422000e+00 -1.648494e+01
    endloop
  endfacet
  facet normal -0.000000e+00 -1.000000e+00 0.000000e+00
    outer loop
      vertex   7.050000e+01 -6.422000e+00 -1.692283e+01
      vertex   6.844717e+01 -6.422000e+00 -1.648494e+01
      vertex   6.770000e+01 -6.422000e+00 -1.853941e+01
    endloop
  endfacet
  facet normal 0.000000e+00 -1.000000e+00 0.000000e+00
    outer loop
      vertex   6.770000e+01 -6.422000e+00 -1.853941e+01
      vertex   6.844717e+01 -6.422000e+00 -1.648494e+01
      vertex   6.823070e+01 -6.422000e+00 -1.663757e+01
    endloop
  endfacet
  facet normal -9.218220e-01 3.707012e-02 -3.858368e-01
    outer loop
      vertex   6.868570e+01 -6.422000e+00 -1.478982e+01
      vertex   6.872049e+01 -6.241500e+00 -1.485558e+01
      vertex   6.879318e+01 -6.422000e+00 -1.504659e+01
    endloop
  endfacet
  facet normal -9.411489e-01 -2.210746e-02 -3.372686e-01
    outer loop
      vertex   6.879318e+01 -6.422000e+00 -1.504659e+01
      vertex   6.872049e+01 -6.241500e+00 -1.485558e+01
      vertex   6.880535e+01 -6.218937e+00 -1.509387e+01
    endloop
  endfacet
  facet normal -9.869997e-01 2.210746e-02 -1.591942e-01
    outer loop
      vertex   6.879318e+01 -6.422000e+00 -1.504659e+01
      vertex   6.880535e+01 -6.218937e+00 -1.509387e+01
      vertex   6.883395e+01 -6.399437e+00 -1.529623e+01
    endloop
  endfacet
  facet normal -9.924638e-01 -2.210746e-02 -1.205271e-01
    outer loop
      vertex   6.883395e+01 -6.399437e+00 -1.529623e+01
      vertex   6.880535e+01 -6.218937e+00 -1.509387e+01
      vertex   6.883535e+01 -6.196375e+00 -1.534504e+01
    endloop
  endfacet
  facet normal -9.977510e-01 2.210746e-02 6.327935e-02
    outer loop
      vertex   6.883395e+01 -6.399437e+00 -1.529623e+01
      vertex   6.883535e+01 -6.196375e+00 -1.534504e+01
      vertex   6.881843e+01 -6.376875e+00 -1.554870e+01
    endloop
  endfacet
  facet normal -9.945185e-01 -2.210746e-02 1.021966e-01
    outer loop
      vertex   6.881843e+01 -6.376875e+00 -1.554870e+01
      vertex   6.883535e+01 -6.196375e+00 -1.534504e+01
      vertex   6.880900e+01 -6.173812e+00 -1.559661e+01
    endloop
  endfacet
  facet normal -9.589795e-01 2.210746e-02 2.826121e-01
    outer loop
      vertex   6.881843e+01 -6.376875e+00 -1.554870e+01
      vertex   6.880900e+01 -6.173812e+00 -1.559661e+01
      vertex   6.874741e+01 -6.354312e+00 -1.579147e+01
    endloop
  endfacet
  facet normal -9.472110e-01 -2.210746e-02 3.198478e-01
    outer loop
      vertex   6.874741e+01 -6.354312e+00 -1.579147e+01
      vertex   6.880900e+01 -6.173812e+00 -1.559661e+01
      vertex   6.872760e+01 -6.151250e+00 -1.583610e+01
    endloop
  endfacet
  facet normal -8.726097e-01 2.210746e-02 4.879175e-01
    outer loop
      vertex   6.874741e+01 -6.354312e+00 -1.579147e+01
      vertex   6.872760e+01 -6.151250e+00 -1.583610e+01
      vertex   6.862440e+01 -6.331750e+00 -1.601250e+01
    endloop
  endfacet
  facet normal -8.528892e-01 -2.210746e-02 5.216236e-01
    outer loop
      vertex   6.862440e+01 -6.331750e+00 -1.601250e+01
      vertex   6.872760e+01 -6.151250e+00 -1.583610e+01
      vertex   6.859520e+01 -6.128687e+00 -1.605163e+01
    endloop
  endfacet
  facet normal -7.429286e-01 2.210746e-02 6.690055e-01
    outer loop
      vertex   6.862440e+01 -6.331750e+00 -1.601250e+01
      vertex   6.859520e+01 -6.128687e+00 -1.605163e+01
      vertex   6.845550e+01 -6.309187e+00 -1.620080e+01
    endloop
  endfacet
  facet normal -7.162349e-01 -2.210746e-02 6.975090e-01
    outer loop
      vertex   6.845550e+01 -6.309187e+00 -1.620080e+01
      vertex   6.859520e+01 -6.128687e+00 -1.605163e+01
      vertex   6.841836e+01 -6.106125e+00 -1.623250e+01
    endloop
  endfacet
  facet normal -5.763726e-01 2.210746e-02 8.168879e-01
    outer loop
      vertex   6.845550e+01 -6.309187e+00 -1.620080e+01
      vertex   6.841836e+01 -6.106125e+00 -1.623250e+01
      vertex   6.824911e+01 -6.286625e+00 -1.634703e+01
    endloop
  endfacet
  facet normal -5.440307e-01 -2.210746e-02 8.387740e-01
    outer loop
      vertex   6.824911e+01 -6.286625e+00 -1.634703e+01
      vertex   6.841836e+01 -6.106125e+00 -1.623250e+01
      vertex   6.820587e+01 -6.083562e+00 -1.636972e+01
    endloop
  endfacet
  facet normal -3.812088e-01 2.210746e-02 9.242246e-01
    outer loop
      vertex   6.824911e+01 -6.286625e+00 -1.634703e+01
      vertex   6.820587e+01 -6.083562e+00 -1.636972e+01
      vertex   6.801546e+01 -6.264062e+00 -1.644395e+01
    endloop
  endfacet
  facet normal -3.448240e-01 -2.210746e-02 9.384070e-01
    outer loop
      vertex   6.801546e+01 -6.264062e+00 -1.644395e+01
      vertex   6.820587e+01 -6.083562e+00 -1.636972e+01
      vertex   6.796828e+01 -6.061000e+00 -1.645650e+01
    endloop
  endfacet
  facet normal -1.671240e-01 2.210746e-02 9.856880e-01
    outer loop
      vertex   6.801546e+01 -6.264062e+00 -1.644395e+01
      vertex   6.796828e+01 -6.061000e+00 -1.645650e+01
      vertex   6.776616e+01 -6.241500e+00 -1.648672e+01
    endloop
  endfacet
  facet normal -1.285021e-01 -2.210746e-02 9.914628e-01
    outer loop
      vertex   6.776616e+01 -6.241500e+00 -1.648672e+01
      vertex   6.796828e+01 -6.061000e+00 -1.645650e+01
      vertex   6.771736e+01 -6.038437e+00 -1.648852e+01
    endloop
  endfacet
  facet normal 5.525596e-02 2.210746e-02 9.982274e-01
    outer loop
      vertex   6.776616e+01 -6.241500e+00 -1.648672e+01
      vertex   6.771736e+01 -6.038437e+00 -1.648852e+01
      vertex   6.751357e+01 -6.218937e+00 -1.647324e+01
    endloop
  endfacet
  facet normal 9.419790e-02 -2.210746e-02 9.953080e-01
    outer loop
      vertex   6.751357e+01 -6.218937e+00 -1.647324e+01
      vertex   6.771736e+01 -6.038437e+00 -1.648852e+01
      vertex   6.746559e+01 -6.015875e+00 -1.646419e+01
    endloop
  endfacet
  facet normal 2.748933e-01 2.210746e-02 9.612205e-01
    outer loop
      vertex   6.751357e+01 -6.218937e+00 -1.647324e+01
      vertex   6.746559e+01 -6.015875e+00 -1.646419e+01
      vertex   6.727023e+01 -6.196375e+00 -1.640417e+01
    endloop
  endfacet
  facet normal 3.122224e-01 -2.210746e-02 9.497518e-01
    outer loop
      vertex   6.727023e+01 -6.196375e+00 -1.640417e+01
      vertex   6.746559e+01 -6.015875e+00 -1.646419e+01
      vertex   6.722545e+01 -5.993312e+00 -1.638472e+01
    endloop
  endfacet
  facet normal 4.808865e-01 2.210746e-02 8.765041e-01
    outer loop
      vertex   6.727023e+01 -6.196375e+00 -1.640417e+01
      vertex   6.722545e+01 -5.993312e+00 -1.638472e+01
      vertex   6.704823e+01 -6.173812e+00 -1.628294e+01
    endloop
  endfacet
  facet normal 5.147500e-01 -2.210746e-02 8.570552e-01
    outer loop
      vertex   6.704823e+01 -6.173812e+00 -1.628294e+01
      vertex   6.722545e+01 -5.993312e+00 -1.638472e+01
      vertex   6.700886e+01 -5.970750e+00 -1.625405e+01
    endloop
  endfacet
  facet normal 6.630112e-01 2.210746e-02 7.482830e-01
    outer loop
      vertex   6.704823e+01 -6.173812e+00 -1.628294e+01
      vertex   6.700886e+01 -5.970750e+00 -1.625405e+01
      vertex   6.685857e+01 -6.151250e+00 -1.611556e+01
    endloop
  endfacet
  facet normal 6.917284e-01 -2.210746e-02 7.218193e-01
    outer loop
      vertex   6.685857e+01 -6.151250e+00 -1.611556e+01
      vertex   6.700886e+01 -5.970750e+00 -1.625405e+01
      vertex   6.682658e+01 -5.948187e+00 -1.607868e+01
    endloop
  endfacet
  facet normal 8.122278e-01 2.210746e-02 5.829213e-01
    outer loop
      vertex   6.685857e+01 -6.151250e+00 -1.611556e+01
      vertex   6.682658e+01 -5.948187e+00 -1.607868e+01
      vertex   6.671068e+01 -6.128687e+00 -1.591035e+01
    endloop
  endfacet
  facet normal 8.343732e-01 -2.210746e-02 5.507564e-01
    outer loop
      vertex   6.671068e+01 -6.128687e+00 -1.591035e+01
      vertex   6.682658e+01 -5.948187e+00 -1.607868e+01
      vertex   6.668765e+01 -5.925625e+00 -1.586730e+01
    endloop
  endfacet
  facet normal 9.211300e-01 2.210746e-02 3.886267e-01
    outer loop
      vertex   6.671068e+01 -6.128687e+00 -1.591035e+01
      vertex   6.668765e+01 -5.925625e+00 -1.586730e+01
      vertex   6.661190e+01 -6.106125e+00 -1.567749e+01
    endloop
  endfacet
  facet normal 9.356045e-01 -2.210746e-02 3.523571e-01
    outer loop
      vertex   6.661190e+01 -6.106125e+00 -1.567749e+01
      vertex   6.668765e+01 -5.925625e+00 -1.586730e+01
      vertex   6.659896e+01 -5.903062e+00 -1.563041e+01
    endloop
  endfacet
  facet normal 9.843126e-01 2.210746e-02 1.750429e-01
    outer loop
      vertex   6.661190e+01 -6.106125e+00 -1.567749e+01
      vertex   6.659896e+01 -5.903062e+00 -1.563041e+01
      vertex   6.656712e+01 -6.083562e+00 -1.542854e+01
    endloop
  endfacet
  facet normal 9.903977e-01 -2.210746e-02 1.364687e-01
    outer loop
      vertex   6.656712e+01 -6.083562e+00 -1.542854e+01
      vertex   6.659896e+01 -5.903062e+00 -1.563041e+01
      vertex   6.656493e+01 -5.880500e+00 -1.537976e+01
    endloop
  endfacet
  facet normal 9.986394e-01 2.210746e-02 -4.722900e-02
    outer loop
      vertex   6.656712e+01 -6.083562e+00 -1.542854e+01
      vertex   6.656493e+01 -5.880500e+00 -1.537976e+01
      vertex   6.657857e+01 -6.061000e+00 -1.517585e+01
    endloop
  endfacet
  facet normal 9.960331e-01 -2.210746e-02 -8.619316e-02
    outer loop
      vertex   6.657857e+01 -6.061000e+00 -1.517585e+01
      vertex   6.656493e+01 -5.880500e+00 -1.537976e+01
      vertex   6.658723e+01 -5.857937e+00 -1.512780e+01
    endloop
  endfacet
  facet normal 9.633995e-01 2.210746e-02 -2.671568e-01
    outer loop
      vertex   6.657857e+01 -6.061000e+00 -1.517585e+01
      vertex   6.658723e+01 -5.857937e+00 -1.512780e+01
      vertex   6.664568e+01 -6.038437e+00 -1.493196e+01
    endloop
  endfacet
  facet normal 9.522312e-01 -2.210746e-02 -3.045769e-01
    outer loop
      vertex   6.664568e+01 -6.038437e+00 -1.493196e+01
      vertex   6.658723e+01 -5.857937e+00 -1.512780e+01
      vertex   6.666477e+01 -5.835375e+00 -1.488702e+01
    endloop
  endfacet
  facet normal 8.803418e-01 2.210746e-02 -4.738244e-01
    outer loop
      vertex   6.664568e+01 -6.038437e+00 -1.493196e+01
      vertex   6.666477e+01 -5.835375e+00 -1.488702e+01
      vertex   6.676512e+01 -6.015875e+00 -1.470899e+01
    endloop
  endfacet
  facet normal 8.611658e-01 -2.210746e-02 -5.078432e-01
    outer loop
      vertex   6.676512e+01 -6.015875e+00 -1.470899e+01
      vertex   6.666477e+01 -5.835375e+00 -1.488702e+01
      vertex   6.679369e+01 -5.812812e+00 -1.466939e+01
    endloop
  endfacet
  facet normal 7.535890e-01 2.210746e-02 -6.569740e-01
    outer loop
      vertex   6.676512e+01 -6.015875e+00 -1.470899e+01
      vertex   6.679369e+01 -5.812812e+00 -1.466939e+01
      vertex   6.693097e+01 -5.993312e+00 -1.451800e+01
    endloop
  endfacet
  facet normal 7.273571e-01 -2.210746e-02 -6.859030e-01
    outer loop
      vertex   6.693097e+01 -5.993312e+00 -1.451800e+01
      vertex   6.679369e+01 -5.812812e+00 -1.466939e+01
      vertex   6.696759e+01 -5.790250e+00 -1.448571e+01
    endloop
  endfacet
  facet normal 5.894323e-01 2.210746e-02 -8.075152e-01
    outer loop
      vertex   6.693097e+01 -5.993312e+00 -1.451800e+01
      vertex   6.696759e+01 -5.790250e+00 -1.448571e+01
      vertex   6.713498e+01 -5.970750e+00 -1.436846e+01
    endloop
  endfacet
  facet normal 5.574465e-01 -2.210746e-02 -8.299185e-01
    outer loop
      vertex   6.713498e+01 -5.970750e+00 -1.436846e+01
      vertex   6.696759e+01 -5.790250e+00 -1.448571e+01
      vertex   6.717785e+01 -5.767687e+00 -1.434508e+01
    endloop
  endfacet
  facet normal 3.960195e-01 2.210746e-02 -9.179759e-01
    outer loop
      vertex   6.713498e+01 -5.970750e+00 -1.436846e+01
      vertex   6.717785e+01 -5.767687e+00 -1.434508e+01
      vertex   6.736704e+01 -5.948187e+00 -1.426781e+01
    endloop
  endfacet
  facet normal 3.598674e-01 -2.210746e-02 -9.327415e-01
    outer loop
      vertex   6.736704e+01 -5.948187e+00 -1.426781e+01
      vertex   6.717785e+01 -5.767687e+00 -1.434508e+01
      vertex   6.741402e+01 -5.745125e+00 -1.425450e+01
    endloop
  endfacet
  facet normal 1.829506e-01 2.210746e-02 -9.828735e-01
    outer loop
      vertex   6.736704e+01 -5.948187e+00 -1.426781e+01
      vertex   6.741402e+01 -5.745125e+00 -1.425450e+01
      vertex   6.761563e+01 -5.925625e+00 -1.422103e+01
    endloop
  endfacet
  facet normal 1.444265e-01 -2.210746e-02 -9.892685e-01
    outer loop
      vertex   6.761563e+01 -5.925625e+00 -1.422103e+01
      vertex   6.741402e+01 -5.745125e+00 -1.425450e+01
      vertex   6.766439e+01 -5.722562e+00 -1.421845e+01
    endloop
  endfacet
  facet normal -3.919899e-02 2.210746e-02 -9.989868e-01
    outer loop
      vertex   6.761563e+01 -5.925625e+00 -1.422103e+01
      vertex   6.766439e+01 -5.722562e+00 -1.421845e+01
      vertex   6.786840e+01 -5.903062e+00 -1.423045e+01
    endloop
  endfacet
  facet normal -7.818284e-02 -2.210746e-02 -9.966939e-01
    outer loop
      vertex   6.786840e+01 -5.903062e+00 -1.423045e+01
      vertex   6.766439e+01 -5.722562e+00 -1.421845e+01
      vertex   6.791652e+01 -5.700000e+00 -1.423873e+01
    endloop
  endfacet
  facet normal -2.594030e-01 2.210746e-02 -9.655161e-01
    outer loop
      vertex   6.786840e+01 -5.903062e+00 -1.423045e+01
      vertex   6.791652e+01 -5.700000e+00 -1.423873e+01
      vertex   6.811282e+01 -5.880500e+00 -1.429560e+01
    endloop
  endfacet
  facet normal -3.093854e-01 -3.707012e-02 -9.502139e-01
    outer loop
      vertex   6.811282e+01 -5.880500e+00 -1.429560e+01
      vertex   6.791652e+01 -5.700000e+00 -1.423873e+01
      vertex   6.818120e+01 -5.700000e+00 -1.432491e+01
    endloop
  endfacet
  facet normal -4.674943e-01 3.368498e-02 -8.833540e-01
    outer loop
      vertex   6.811282e+01 -5.880500e+00 -1.429560e+01
      vertex   6.818120e+01 -5.700000e+00 -1.432491e+01
      vertex   6.833674e+01 -5.857937e+00 -1.441325e+01
    endloop
  endfacet
  facet normal -5.309941e-01 -4.979488e-02 -8.459112e-01
    outer loop
      vertex   6.833674e+01 -5.857937e+00 -1.441325e+01
      vertex   6.818120e+01 -5.700000e+00 -1.432491e+01
      vertex   6.841695e+01 -5.700000e+00 -1.447289e+01
    endloop
  endfacet
  facet normal -6.519533e-01 4.525070e-02 -7.569077e-01
    outer loop
      vertex   6.833674e+01 -5.857937e+00 -1.441325e+01
      vertex   6.841695e+01 -5.700000e+00 -1.447289e+01
      vertex   6.852906e+01 -5.835375e+00 -1.457755e+01
    endloop
  endfacet
  facet normal -7.203432e-01 -6.249456e-02 -6.907967e-01
    outer loop
      vertex   6.852906e+01 -5.835375e+00 -1.457755e+01
      vertex   6.841695e+01 -5.700000e+00 -1.447289e+01
      vertex   6.860962e+01 -5.700000e+00 -1.467380e+01
    endloop
  endfacet
  facet normal -8.034926e-01 5.679753e-02 -5.925991e-01
    outer loop
      vertex   6.852906e+01 -5.835375e+00 -1.457755e+01
      vertex   6.860962e+01 -5.700000e+00 -1.467380e+01
      vertex   6.868023e+01 -5.812812e+00 -1.478036e+01
    endloop
  endfacet
  facet normal -8.660169e-01 -7.515986e-02 -4.943336e-01
    outer loop
      vertex   6.868023e+01 -5.812812e+00 -1.478036e+01
      vertex   6.860962e+01 -5.700000e+00 -1.467380e+01
      vertex   6.874761e+01 -5.700000e+00 -1.491554e+01
    endloop
  endfacet
  facet normal -9.145053e-01 6.831850e-02 -3.987639e-01
    outer loop
      vertex   6.868023e+01 -5.812812e+00 -1.478036e+01
      vertex   6.874761e+01 -5.700000e+00 -1.491554e+01
      vertex   6.878275e+01 -5.790250e+00 -1.501160e+01
    endloop
  endfacet
  facet normal -9.592758e-01 -8.778163e-02 -2.684853e-01
    outer loop
      vertex   6.878275e+01 -5.790250e+00 -1.501160e+01
      vertex   6.874761e+01 -5.700000e+00 -1.491554e+01
      vertex   6.882263e+01 -5.700000e+00 -1.518359e+01
    endloop
  endfacet
  facet normal -9.794504e-01 7.980666e-02 -1.852239e-01
    outer loop
      vertex   6.878275e+01 -5.790250e+00 -1.501160e+01
      vertex   6.882263e+01 -5.700000e+00 -1.518359e+01
      vertex   6.883153e+01 -5.767687e+00 -1.525980e+01
    endloop
  endfacet
  facet normal -9.945863e-01 -1.003508e-01 -2.697900e-02
    outer loop
      vertex   6.883153e+01 -5.767687e+00 -1.525980e+01
      vertex   6.882263e+01 -5.700000e+00 -1.518359e+01
      vertex   6.883018e+01 -5.700000e+00 -1.546184e+01
    endloop
  endfacet
  facet normal -9.951319e-01 9.125518e-02 3.721603e-02
    outer loop
      vertex   6.883153e+01 -5.767687e+00 -1.525980e+01
      vertex   6.883018e+01 -5.700000e+00 -1.546184e+01
      vertex   6.882414e+01 -5.745125e+00 -1.551264e+01
    endloop
  endfacet
  facet normal -9.699517e-01 -1.128586e-01 2.155379e-01
    outer loop
      vertex   6.882414e+01 -5.745125e+00 -1.551264e+01
      vertex   6.883018e+01 -5.700000e+00 -1.546184e+01
      vertex   6.876980e+01 -5.700000e+00 -1.573357e+01
    endloop
  endfacet
  facet normal -9.608577e-01 1.026573e-01 2.573208e-01
    outer loop
      vertex   6.882414e+01 -5.745125e+00 -1.551264e+01
      vertex   6.876980e+01 -5.700000e+00 -1.573357e+01
      vertex   6.876096e+01 -5.722562e+00 -1.575757e+01
    endloop
  endfacet
  facet normal -8.870252e-01 -1.252962e-01 4.443954e-01
    outer loop
      vertex   6.876096e+01 -5.722562e+00 -1.575757e+01
      vertex   6.876980e+01 -5.700000e+00 -1.573357e+01
      vertex   6.864511e+01 -5.700000e+00 -1.598243e+01
    endloop
  endfacet
  facet normal -8.422923e-01 -3.368498e-02 -5.379674e-01
    outer loop
      vertex   6.872049e+01 -6.241500e+00 -1.485558e+01
      vertex   6.868570e+01 -6.422000e+00 -1.478982e+01
      vertex   6.858497e+01 -6.264062e+00 -1.464200e+01
    endloop
  endfacet
  facet normal -7.997963e-01 4.979488e-02 -5.982026e-01
    outer loop
      vertex   6.858497e+01 -6.264062e+00 -1.464200e+01
      vertex   6.868570e+01 -6.422000e+00 -1.478982e+01
      vertex   6.851898e+01 -6.422000e+00 -1.456692e+01
    endloop
  endfacet
  facet normal -7.012261e-01 -4.525070e-02 -7.115015e-01
    outer loop
      vertex   6.858497e+01 -6.264062e+00 -1.464200e+01
      vertex   6.851898e+01 -6.422000e+00 -1.456692e+01
      vertex   6.840554e+01 -6.286625e+00 -1.446372e+01
    endloop
  endfacet
  facet normal -6.297586e-01 6.249456e-02 -7.742729e-01
    outer loop
      vertex   6.840554e+01 -6.286625e+00 -1.446372e+01
      vertex   6.851898e+01 -6.422000e+00 -1.456692e+01
      vertex   6.830304e+01 -6.422000e+00 -1.439128e+01
    endloop
  endfacet
  facet normal -5.251079e-01 -5.679753e-02 -8.491382e-01
    outer loop
      vertex   6.840554e+01 -6.286625e+00 -1.446372e+01
      vertex   6.830304e+01 -6.422000e+00 -1.439128e+01
      vertex   6.819108e+01 -6.309187e+00 -1.432959e+01
    endloop
  endfacet
  facet normal -4.220713e-01 7.515986e-02 -9.034416e-01
    outer loop
      vertex   6.819108e+01 -6.309187e+00 -1.432959e+01
      vertex   6.830304e+01 -6.422000e+00 -1.439128e+01
      vertex   6.805085e+01 -6.422000e+00 -1.427346e+01
    endloop
  endfacet
  facet normal -3.228660e-01 -6.831850e-02 -9.439757e-01
    outer loop
      vertex   6.819108e+01 -6.309187e+00 -1.432959e+01
      vertex   6.805085e+01 -6.422000e+00 -1.427346e+01
      vertex   6.795225e+01 -6.331750e+00 -1.424627e+01
    endloop
  endfacet
  facet normal -1.893707e-01 8.778163e-02 -9.779740e-01
    outer loop
      vertex   6.795225e+01 -6.331750e+00 -1.424627e+01
      vertex   6.805085e+01 -6.422000e+00 -1.427346e+01
      vertex   6.777757e+01 -6.422000e+00 -1.422054e+01
    endloop
  endfacet
  facet normal -1.047414e-01 -7.980666e-02 -9.912922e-01
    outer loop
      vertex   6.795225e+01 -6.331750e+00 -1.424627e+01
      vertex   6.777757e+01 -6.422000e+00 -1.422054e+01
      vertex   6.770089e+01 -6.354312e+00 -1.421789e+01
    endloop
  endfacet
  facet normal 5.421070e-02 1.003508e-01 -9.934742e-01
    outer loop
      vertex   6.770089e+01 -6.354312e+00 -1.421789e+01
      vertex   6.777757e+01 -6.422000e+00 -1.422054e+01
      vertex   6.749963e+01 -6.422000e+00 -1.423571e+01
    endloop
  endfacet
  facet normal 1.182365e-01 -9.125518e-02 -9.887834e-01
    outer loop
      vertex   6.770089e+01 -6.354312e+00 -1.421789e+01
      vertex   6.749963e+01 -6.422000e+00 -1.423571e+01
      vertex   6.744950e+01 -6.376875e+00 -1.424587e+01
    endloop
  endfacet
  facet normal 2.939113e-01 1.128586e-01 -9.491465e-01
    outer loop
      vertex   6.744950e+01 -6.376875e+00 -1.424587e+01
      vertex   6.749963e+01 -6.422000e+00 -1.423571e+01
      vertex   6.723374e+01 -6.422000e+00 -1.431805e+01
    endloop
  endfacet
  facet normal 3.348135e-01 -1.026573e-01 -9.366757e-01
    outer loop
      vertex   6.744950e+01 -6.376875e+00 -1.424587e+01
      vertex   6.723374e+01 -6.422000e+00 -1.431805e+01
      vertex   6.721053e+01 -6.399437e+00 -1.432881e+01
    endloop
  endfacet
  facet normal 5.152447e-01 1.252962e-01 -8.478348e-01
    outer loop
      vertex   6.721053e+01 -6.399437e+00 -1.432881e+01
      vertex   6.723374e+01 -6.422000e+00 -1.431805e+01
      vertex   6.699587e+01 -6.422000e+00 -1.446261e+01
    endloop
  endfacet
  facet normal 2.914746e-01 8.699578e-01 -3.977637e-01
    outer loop
      vertex   6.678301e+01 -6.422000e+00 -1.461858e+01
      vertex   6.673473e+01 -6.264062e+00 -1.430853e+01
      vertex   6.699587e+01 -6.422000e+00 -1.446261e+01
    endloop
  endfacet
  facet normal 2.539528e-01 8.571089e-01 -4.481878e-01
    outer loop
      vertex   6.699587e+01 -6.422000e+00 -1.446261e+01
      vertex   6.673473e+01 -6.264062e+00 -1.430853e+01
      vertex   6.698999e+01 -6.241500e+00 -1.412075e+01
    endloop
  endfacet
  facet normal 1.925935e-01 8.691115e-01 -4.555797e-01
    outer loop
      vertex   6.699587e+01 -6.422000e+00 -1.446261e+01
      vertex   6.698999e+01 -6.241500e+00 -1.412075e+01
      vertex   6.721053e+01 -6.399437e+00 -1.432881e+01
    endloop
  endfacet
  facet normal 1.484212e-01 8.571089e-01 -4.932905e-01
    outer loop
      vertex   6.721053e+01 -6.399437e+00 -1.432881e+01
      vertex   6.698999e+01 -6.241500e+00 -1.412075e+01
      vertex   6.728049e+01 -6.218937e+00 -1.399414e+01
    endloop
  endfacet
  facet normal 8.694803e-02 8.691115e-01 -4.869139e-01
    outer loop
      vertex   6.721053e+01 -6.399437e+00 -1.432881e+01
      vertex   6.728049e+01 -6.218937e+00 -1.399414e+01
      vertex   6.744950e+01 -6.376875e+00 -1.424587e+01
    endloop
  endfacet
  facet normal 3.552273e-02 8.571089e-01 -5.139090e-01
    outer loop
      vertex   6.744950e+01 -6.376875e+00 -1.424587e+01
      vertex   6.728049e+01 -6.218937e+00 -1.399414e+01
      vertex   6.759182e+01 -6.196375e+00 -1.393499e+01
    endloop
  endfacet
  facet normal -2.301304e-02 8.691115e-01 -4.940805e-01
    outer loop
      vertex   6.744950e+01 -6.376875e+00 -1.424587e+01
      vertex   6.759182e+01 -6.196375e+00 -1.393499e+01
      vertex   6.770089e+01 -6.354312e+00 -1.421789e+01
    endloop
  endfacet
  facet normal -7.913885e-02 8.571089e-01 -5.090200e-01
    outer loop
      vertex   6.770089e+01 -6.354312e+00 -1.421789e+01
      vertex   6.759182e+01 -6.196375e+00 -1.393499e+01
      vertex   6.790851e+01 -6.173812e+00 -1.394624e+01
    endloop
  endfacet
  facet normal -1.318319e-01 8.691115e-01 -4.767237e-01
    outer loop
      vertex   6.770089e+01 -6.354312e+00 -1.421789e+01
      vertex   6.790851e+01 -6.173812e+00 -1.394624e+01
      vertex   6.795225e+01 -6.331750e+00 -1.424627e+01
    endloop
  endfacet
  facet normal -1.898724e-01 8.571089e-01 -4.788661e-01
    outer loop
      vertex   6.795225e+01 -6.331750e+00 -1.424627e+01
      vertex   6.790851e+01 -6.173812e+00 -1.394624e+01
      vertex   6.821485e+01 -6.151250e+00 -1.402732e+01
    endloop
  endfacet
  facet normal -2.341073e-01 8.691115e-01 -4.357050e-01
    outer loop
      vertex   6.795225e+01 -6.331750e+00 -1.424627e+01
      vertex   6.821485e+01 -6.151250e+00 -1.402732e+01
      vertex   6.819108e+01 -6.309187e+00 -1.432959e+01
    endloop
  endfacet
  facet normal -2.911818e-01 8.571089e-01 -4.249441e-01
    outer loop
      vertex   6.819108e+01 -6.309187e+00 -1.432959e+01
      vertex   6.821485e+01 -6.151250e+00 -1.402732e+01
      vertex   6.849564e+01 -6.128687e+00 -1.417421e+01
    endloop
  endfacet
  facet normal -3.247630e-01 8.691115e-01 -3.730605e-01
    outer loop
      vertex   6.819108e+01 -6.309187e+00 -1.432959e+01
      vertex   6.849564e+01 -6.128687e+00 -1.417421e+01
      vertex   6.840554e+01 -6.286625e+00 -1.446372e+01
    endloop
  endfacet
  facet normal -3.780386e-01 8.571089e-01 -3.499302e-01
    outer loop
      vertex   6.840554e+01 -6.286625e+00 -1.446372e+01
      vertex   6.849564e+01 -6.128687e+00 -1.417421e+01
      vertex   6.873694e+01 -6.106125e+00 -1.437963e+01
    endloop
  endfacet
  facet normal -3.992993e-01 8.691115e-01 -2.918993e-01
    outer loop
      vertex   6.840554e+01 -6.286625e+00 -1.446372e+01
      vertex   6.873694e+01 -6.106125e+00 -1.437963e+01
      vertex   6.858497e+01 -6.264062e+00 -1.464200e+01
    endloop
  endfacet
  facet normal -4.461317e-01 8.571089e-01 -2.575478e-01
    outer loop
      vertex   6.858497e+01 -6.264062e+00 -1.464200e+01
      vertex   6.873694e+01 -6.106125e+00 -1.437963e+01
      vertex   6.892677e+01 -6.083562e+00 -1.463338e+01
    endloop
  endfacet
  facet normal -4.540166e-01 8.691115e-01 -1.962499e-01
    outer loop
      vertex   6.858497e+01 -6.264062e+00 -1.464200e+01
      vertex   6.892677e+01 -6.083562e+00 -1.463338e+01
      vertex   6.872049e+01 -6.241500e+00 -1.485558e+01
    endloop
  endfacet
  facet normal -4.920813e-01 8.571089e-01 -1.523821e-01
    outer loop
      vertex   6.872049e+01 -6.241500e+00 -1.485558e+01
      vertex   6.892677e+01 -6.083562e+00 -1.463338e+01
      vertex   6.905571e+01 -6.061000e+00 -1.492285e+01
    endloop
  endfacet
  facet normal -4.861992e-01 8.691115e-01 -9.085973e-02
    outer loop
      vertex   6.872049e+01 -6.241500e+00 -1.485558e+01
      vertex   6.905571e+01 -6.061000e+00 -1.492285e+01
      vertex   6.880535e+01 -6.218937e+00 -1.509387e+01
    endloop
  endfacet
  facet normal -5.136068e-01 8.571089e-01 -3.965312e-02
    outer loop
      vertex   6.880535e+01 -6.218937e+00 -1.509387e+01
      vertex   6.905571e+01 -6.061000e+00 -1.492285e+01
      vertex   6.911736e+01 -6.038437e+00 -1.523369e+01
    endloop
  endfacet
  facet normal -4.942495e-01 8.691115e-01 1.904018e-02
    outer loop
      vertex   6.880535e+01 -6.218937e+00 -1.509387e+01
      vertex   6.911736e+01 -6.038437e+00 -1.523369e+01
      vertex   6.883535e+01 -6.196375e+00 -1.534504e+01
    endloop
  endfacet
  facet normal -5.096398e-01 8.571089e-01 7.504406e-02
    outer loop
      vertex   6.883535e+01 -6.196375e+00 -1.534504e+01
      vertex   6.911736e+01 -6.038437e+00 -1.523369e+01
      vertex   6.910867e+01 -6.015875e+00 -1.555046e+01
    endloop
  endfacet
  facet normal -4.777681e-01 8.691115e-01 1.279950e-01
    outer loop
      vertex   6.883535e+01 -6.196375e+00 -1.534504e+01
      vertex   6.910867e+01 -6.015875e+00 -1.555046e+01
      vertex   6.880900e+01 -6.173812e+00 -1.559661e+01
    endloop
  endfacet
  facet normal -4.803771e-01 8.571089e-01 1.860165e-01
    outer loop
      vertex   6.880900e+01 -6.173812e+00 -1.559661e+01
      vertex   6.910867e+01 -6.015875e+00 -1.555046e+01
      vertex   6.903005e+01 -5.993312e+00 -1.585745e+01
    endloop
  endfacet
  facet normal -4.375731e-01 8.691115e-01 2.305969e-01
    outer loop
      vertex   6.880900e+01 -6.173812e+00 -1.559661e+01
      vertex   6.903005e+01 -5.993312e+00 -1.585745e+01
      vertex   6.872760e+01 -6.151250e+00 -1.583610e+01
    endloop
  endfacet
  facet normal -4.272713e-01 8.571089e-01 2.877561e-01
    outer loop
      vertex   6.872760e+01 -6.151250e+00 -1.583610e+01
      vertex   6.903005e+01 -5.993312e+00 -1.585745e+01
      vertex   6.888541e+01 -5.970750e+00 -1.613941e+01
    endloop
  endfacet
  facet normal -3.756593e-01 8.691115e-01 3.217533e-01
    outer loop
      vertex   6.872760e+01 -6.151250e+00 -1.583610e+01
      vertex   6.888541e+01 -5.970750e+00 -1.613941e+01
      vertex   6.859520e+01 -6.128687e+00 -1.605163e+01
    endloop
  endfacet
  facet normal -3.529581e-01 8.571089e-01 3.752131e-01
    outer loop
      vertex   6.859520e+01 -6.128687e+00 -1.605163e+01
      vertex   6.888541e+01 -5.970750e+00 -1.613941e+01
      vertex   6.868194e+01 -5.948187e+00 -1.638235e+01
    endloop
  endfacet
  facet normal -2.951000e-01 8.691115e-01 3.969397e-01
    outer loop
      vertex   6.859520e+01 -6.128687e+00 -1.605163e+01
      vertex   6.868194e+01 -5.948187e+00 -1.638235e+01
      vertex   6.841836e+01 -6.106125e+00 -1.623250e+01
    endloop
  endfacet
  facet normal -2.611261e-01 8.571089e-01 4.440467e-01
    outer loop
      vertex   6.841836e+01 -6.106125e+00 -1.623250e+01
      vertex   6.868194e+01 -5.948187e+00 -1.638235e+01
      vertex   6.842973e+01 -5.925625e+00 -1.657422e+01
    endloop
  endfacet
  facet normal -1.998936e-01 8.691115e-01 4.524242e-01
    outer loop
      vertex   6.841836e+01 -6.106125e+00 -1.623250e+01
      vertex   6.842973e+01 -5.925625e+00 -1.657422e+01
      vertex   6.820587e+01 -6.083562e+00 -1.636972e+01
    endloop
  endfacet
  facet normal -1.563333e-01 8.571089e-01 4.908403e-01
    outer loop
      vertex   6.820587e+01 -6.083562e+00 -1.636972e+01
      vertex   6.842973e+01 -5.925625e+00 -1.657422e+01
      vertex   6.814131e+01 -5.903062e+00 -1.670548e+01
    endloop
  endfacet
  facet normal -9.476555e-02 8.691115e-01 4.854530e-01
    outer loop
      vertex   6.820587e+01 -6.083562e+00 -1.636972e+01
      vertex   6.814131e+01 -5.903062e+00 -1.670548e+01
      vertex   6.796828e+01 -6.061000e+00 -1.645650e+01
    endloop
  endfacet
  facet normal -4.378094e-02 8.571089e-01 5.132714e-01
    outer loop
      vertex   6.796828e+01 -6.061000e+00 -1.645650e+01
      vertex   6.814131e+01 -5.903062e+00 -1.670548e+01
      vertex   6.783097e+01 -5.880500e+00 -1.676963e+01
    endloop
  endfacet
  facet normal 1.506608e-02 8.691115e-01 4.943866e-01
    outer loop
      vertex   6.796828e+01 -6.061000e+00 -1.645650e+01
      vertex   6.783097e+01 -5.880500e+00 -1.676963e+01
      vertex   6.771736e+01 -6.038437e+00 -1.648852e+01
    endloop
  endfacet
  facet normal 7.094443e-02 8.571089e-01 5.102266e-01
    outer loop
      vertex   6.771736e+01 -6.038437e+00 -1.648852e+01
      vertex   6.783097e+01 -5.880500e+00 -1.676963e+01
      vertex   6.751414e+01 -5.857937e+00 -1.676348e+01
    endloop
  endfacet
  facet normal 1.241499e-01 8.691115e-01 4.787817e-01
    outer loop
      vertex   6.771736e+01 -6.038437e+00 -1.648852e+01
      vertex   6.751414e+01 -5.857937e+00 -1.676348e+01
      vertex   6.746559e+01 -6.015875e+00 -1.646419e+01
    endloop
  endfacet
  facet normal 1.821485e-01 8.571089e-01 4.818571e-01
    outer loop
      vertex   6.746559e+01 -6.015875e+00 -1.646419e+01
      vertex   6.751414e+01 -5.857937e+00 -1.676348e+01
      vertex   6.720653e+01 -5.835375e+00 -1.668733e+01
    endloop
  endfacet
  facet normal 2.270717e-01 8.691115e-01 4.394128e-01
    outer loop
      vertex   6.746559e+01 -6.015875e+00 -1.646419e+01
      vertex   6.720653e+01 -5.835375e+00 -1.668733e+01
      vertex   6.722545e+01 -5.993312e+00 -1.638472e+01
    endloop
  endfacet
  facet normal 2.843118e-01 8.571089e-01 4.295709e-01
    outer loop
      vertex   6.722545e+01 -5.993312e+00 -1.638472e+01
      vertex   6.720653e+01 -5.835375e+00 -1.668733e+01
      vertex   6.692342e+01 -5.812812e+00 -1.654497e+01
    endloop
  endfacet
  facet normal 3.187228e-01 8.691115e-01 3.782339e-01
    outer loop
      vertex   6.722545e+01 -5.993312e+00 -1.638472e+01
      vertex   6.692342e+01 -5.812812e+00 -1.654497e+01
      vertex   6.700886e+01 -5.970750e+00 -1.625405e+01
    endloop
  endfacet
  facet normal 3.723634e-01 8.571089e-01 3.559632e-01
    outer loop
      vertex   6.700886e+01 -5.970750e+00 -1.625405e+01
      vertex   6.692342e+01 -5.812812e+00 -1.654497e+01
      vertex   6.667885e+01 -5.790250e+00 -1.634346e+01
    endloop
  endfacet
  facet normal 3.945544e-01 8.691115e-01 2.982816e-01
    outer loop
      vertex   6.700886e+01 -5.970750e+00 -1.625405e+01
      vertex   6.667885e+01 -5.790250e+00 -1.634346e+01
      vertex   6.682658e+01 -5.948187e+00 -1.607868e+01
    endloop
  endfacet
  facet normal 4.419331e-01 8.571089e-01 2.646875e-01
    outer loop
      vertex   6.682658e+01 -5.948187e+00 -1.607868e+01
      vertex   6.667885e+01 -5.790250e+00 -1.634346e+01
      vertex   6.648496e+01 -5.767687e+00 -1.609280e+01
    endloop
  endfacet
  facet normal 4.508026e-01 8.691115e-01 2.035243e-01
    outer loop
      vertex   6.682658e+01 -5.948187e+00 -1.607868e+01
      vertex   6.648496e+01 -5.767687e+00 -1.609280e+01
      vertex   6.668765e+01 -5.925625e+00 -1.586730e+01
    endloop
  endfacet
  facet normal 4.895676e-01 8.571089e-01 1.602743e-01
    outer loop
      vertex   6.668765e+01 -5.925625e+00 -1.586730e+01
      vertex   6.648496e+01 -5.767687e+00 -1.609280e+01
      vertex   6.635138e+01 -5.745125e+00 -1.580543e+01
    endloop
  endfacet
  facet normal 4.846755e-01 8.691115e-01 9.866525e-02
    outer loop
      vertex   6.668765e+01 -5.925625e+00 -1.586730e+01
      vertex   6.635138e+01 -5.745125e+00 -1.580543e+01
      vertex   6.659896e+01 -5.903062e+00 -1.563041e+01
    endloop
  endfacet
  facet normal 5.129029e-01 8.571089e-01 4.790593e-02
    outer loop
      vertex   6.659896e+01 -5.903062e+00 -1.563041e+01
      vertex   6.635138e+01 -5.745125e+00 -1.580543e+01
      vertex   6.628474e+01 -5.722562e+00 -1.549563e+01
    endloop
  endfacet
  facet normal 4.944918e-01 8.691115e-01 -1.109101e-02
    outer loop
      vertex   6.659896e+01 -5.903062e+00 -1.563041e+01
      vertex   6.628474e+01 -5.722562e+00 -1.549563e+01
      vertex   6.656493e+01 -5.880500e+00 -1.537976e+01
    endloop
  endfacet
  facet normal 5.107805e-01 8.571089e-01 -6.684021e-02
    outer loop
      vertex   6.656493e+01 -5.880500e+00 -1.537976e+01
      vertex   6.628474e+01 -5.722562e+00 -1.549563e+01
      vertex   6.628835e+01 -5.700000e+00 -1.517875e+01
    endloop
  endfacet
  facet normal 4.797643e-01 8.691115e-01 -1.202968e-01
    outer loop
      vertex   6.656493e+01 -5.880500e+00 -1.537976e+01
      vertex   6.628835e+01 -5.700000e+00 -1.517875e+01
      vertex   6.658723e+01 -5.857937e+00 -1.512780e+01
    endloop
  endfacet
  facet normal 4.829482e-01 8.588102e-01 -1.708979e-01
    outer loop
      vertex   6.658723e+01 -5.857937e+00 -1.512780e+01
      vertex   6.628835e+01 -5.700000e+00 -1.517875e+01
      vertex   6.637670e+01 -5.700000e+00 -1.492906e+01
    endloop
  endfacet
  facet normal 4.410858e-01 8.691913e-01 -2.234946e-01
    outer loop
      vertex   6.658723e+01 -5.857937e+00 -1.512780e+01
      vertex   6.637670e+01 -5.700000e+00 -1.492906e+01
      vertex   6.666477e+01 -5.835375e+00 -1.488702e+01
    endloop
  endfacet
  facet normal 4.415112e-01 8.587068e-01 -2.601741e-01
    outer loop
      vertex   6.666477e+01 -5.835375e+00 -1.488702e+01
      vertex   6.637670e+01 -5.700000e+00 -1.492906e+01
      vertex   6.651117e+01 -5.700000e+00 -1.470087e+01
    endloop
  endfacet
  facet normal 3.819848e-01 8.683542e-01 -3.163046e-01
    outer loop
      vertex   6.666477e+01 -5.835375e+00 -1.488702e+01
      vertex   6.651117e+01 -5.700000e+00 -1.470087e+01
      vertex   6.679369e+01 -5.812812e+00 -1.466939e+01
    endloop
  endfacet
  facet normal 3.811396e-01 8.593848e-01 -3.408671e-01
    outer loop
      vertex   6.679369e+01 -5.812812e+00 -1.466939e+01
      vertex   6.651117e+01 -5.700000e+00 -1.470087e+01
      vertex   6.668764e+01 -5.700000e+00 -1.450356e+01
    endloop
  endfacet
  facet normal 3.046014e-01 8.667836e-01 -3.948470e-01
    outer loop
      vertex   6.679369e+01 -5.812812e+00 -1.466939e+01
      vertex   6.668764e+01 -5.700000e+00 -1.450356e+01
      vertex   6.696759e+01 -5.790250e+00 -1.448571e+01
    endloop
  endfacet
  facet normal 3.035503e-01 8.608360e-01 -4.084342e-01
    outer loop
      vertex   6.696759e+01 -5.790250e+00 -1.448571e+01
      vertex   6.668764e+01 -5.700000e+00 -1.450356e+01
      vertex   6.689936e+01 -5.700000e+00 -1.434620e+01
    endloop
  endfacet
  facet normal 2.119676e-01 8.645606e-01 -4.556367e-01
    outer loop
      vertex   6.696759e+01 -5.790250e+00 -1.448571e+01
      vertex   6.689936e+01 -5.700000e+00 -1.434620e+01
      vertex   6.717785e+01 -5.767687e+00 -1.434508e+01
    endloop
  endfacet
  facet normal 2.115461e-01 8.627672e-01 -4.592178e-01
    outer loop
      vertex   6.717785e+01 -5.767687e+00 -1.434508e+01
      vertex   6.689936e+01 -5.700000e+00 -1.434620e+01
      vertex   6.713931e+01 -5.700000e+00 -1.423567e+01
    endloop
  endfacet
  facet normal 1.097340e-01 8.621195e-01 -4.946802e-01
    outer loop
      vertex   6.717785e+01 -5.767687e+00 -1.434508e+01
      vertex   6.713931e+01 -5.700000e+00 -1.423567e+01
      vertex   6.739648e+01 -5.700000e+00 -1.417862e+01
    endloop
  endfacet
  facet normal 3.481895e-01 8.561146e-01 -3.818793e-01
    outer loop
      vertex   6.673473e+01 -6.264062e+00 -1.430853e+01
      vertex   6.678301e+01 -6.422000e+00 -1.461858e+01
      vertex   6.652738e+01 -6.286625e+00 -1.454817e+01
    endloop
  endfacet
  facet normal 3.727063e-01 8.706968e-01 -3.209004e-01
    outer loop
      vertex   6.652738e+01 -6.286625e+00 -1.454817e+01
      vertex   6.678301e+01 -6.422000e+00 -1.461858e+01
      vertex   6.661076e+01 -6.422000e+00 -1.481865e+01
    endloop
  endfacet
  facet normal 4.262820e-01 8.546658e-01 -2.963613e-01
    outer loop
      vertex   6.652738e+01 -6.286625e+00 -1.454817e+01
      vertex   6.661076e+01 -6.422000e+00 -1.481865e+01
      vertex   6.637823e+01 -6.309187e+00 -1.482777e+01
    endloop
  endfacet
  facet normal 4.320319e-01 8.718188e-01 -2.308255e-01
    outer loop
      vertex   6.637823e+01 -6.309187e+00 -1.482777e+01
      vertex   6.661076e+01 -6.422000e+00 -1.481865e+01
      vertex   6.648643e+01 -6.422000e+00 -1.505135e+01
    endloop
  endfacet
  facet normal 4.849235e-01 8.524372e-01 -1.954482e-01
    outer loop
      vertex   6.637823e+01 -6.309187e+00 -1.482777e+01
      vertex   6.648643e+01 -6.422000e+00 -1.505135e+01
      vertex   6.629469e+01 -6.331750e+00 -1.513346e+01
    endloop
  endfacet
  facet normal 4.682094e-01 8.735121e-01 -1.332535e-01
    outer loop
      vertex   6.629469e+01 -6.331750e+00 -1.513346e+01
      vertex   6.648643e+01 -6.422000e+00 -1.505135e+01
      vertex   6.641422e+01 -6.422000e+00 -1.530508e+01
    endloop
  endfacet
  facet normal 5.216048e-01 8.491173e-01 -8.323563e-02
    outer loop
      vertex   6.629469e+01 -6.331750e+00 -1.513346e+01
      vertex   6.641422e+01 -6.422000e+00 -1.530508e+01
      vertex   6.628090e+01 -6.354312e+00 -1.545005e+01
    endloop
  endfacet
  facet normal 4.813536e-01 8.758775e-01 -3.372505e-02
    outer loop
      vertex   6.628090e+01 -6.354312e+00 -1.545005e+01
      vertex   6.641422e+01 -6.422000e+00 -1.530508e+01
      vertex   6.639576e+01 -6.422000e+00 -1.556848e+01
    endloop
  endfacet
  facet normal 5.346711e-01 8.442913e-01 3.604072e-02
    outer loop
      vertex   6.628090e+01 -6.354312e+00 -1.545005e+01
      vertex   6.639576e+01 -6.422000e+00 -1.556848e+01
      vertex   6.633754e+01 -6.376875e+00 -1.576184e+01
    endloop
  endfacet
  facet normal 4.727820e-01 8.789414e-01 6.276273e-02
    outer loop
      vertex   6.633754e+01 -6.376875e+00 -1.576184e+01
      vertex   6.639576e+01 -6.422000e+00 -1.556848e+01
      vertex   6.643054e+01 -6.422000e+00 -1.583045e+01
    endloop
  endfacet
  facet normal 5.230496e-01 8.375004e-01 1.581526e-01
    outer loop
      vertex   6.633754e+01 -6.376875e+00 -1.576184e+01
      vertex   6.643054e+01 -6.422000e+00 -1.583045e+01
      vertex   6.646181e+01 -6.399437e+00 -1.605335e+01
    endloop
  endfacet
  facet normal 4.448627e-01 8.826482e-01 1.517539e-01
    outer loop
      vertex   6.646181e+01 -6.399437e+00 -1.605335e+01
      vertex   6.643054e+01 -6.422000e+00 -1.583045e+01
      vertex   6.651588e+01 -6.422000e+00 -1.608062e+01
    endloop
  endfacet
  facet normal 4.862576e-01 8.280903e-01 2.789625e-01
    outer loop
      vertex   6.646181e+01 -6.399437e+00 -1.605335e+01
      vertex   6.651588e+01 -6.422000e+00 -1.608062e+01
      vertex   6.664754e+01 -6.422000e+00 -1.631011e+01
    endloop
  endfacet
  facet normal 1.053564e-01 8.652232e-01 -4.901926e-01
    outer loop
      vertex   6.717785e+01 -5.767687e+00 -1.434508e+01
      vertex   6.739648e+01 -5.700000e+00 -1.417862e+01
      vertex   6.741402e+01 -5.745125e+00 -1.425450e+01
    endloop
  endfacet
  facet normal -8.240906e-04 8.594146e-01 -5.112787e-01
    outer loop
      vertex   6.741402e+01 -5.745125e+00 -1.425450e+01
      vertex   6.739648e+01 -5.700000e+00 -1.417862e+01
      vertex   6.766020e+01 -5.700000e+00 -1.417904e+01
    endloop
  endfacet
  facet normal -6.563315e-03 8.675018e-01 -4.973907e-01
    outer loop
      vertex   6.741402e+01 -5.745125e+00 -1.425450e+01
      vertex   6.766020e+01 -5.700000e+00 -1.417904e+01
      vertex   6.766439e+01 -5.722562e+00 -1.421845e+01
    endloop
  endfacet
  facet normal -1.170781e-01 8.564319e-01 -5.028093e-01
    outer loop
      vertex   6.766439e+01 -5.722562e+00 -1.421845e+01
      vertex   6.766020e+01 -5.700000e+00 -1.417904e+01
      vertex   6.791652e+01 -5.700000e+00 -1.423873e+01
    endloop
  endfacet
  facet normal 6.412549e-01 1.295282e-01 7.563165e-01
    outer loop
      vertex   6.692817e+01 -6.422000e+00 -1.654805e+01
      vertex   6.679638e+01 -6.331750e+00 -1.645176e+01
      vertex   6.664754e+01 -6.422000e+00 -1.631011e+01
    endloop
  endfacet
  facet normal 7.114119e-01 -7.682183e-02 6.985639e-01
    outer loop
      vertex   6.664754e+01 -6.422000e+00 -1.631011e+01
      vertex   6.679638e+01 -6.331750e+00 -1.645176e+01
      vertex   6.657560e+01 -6.309187e+00 -1.622444e+01
    endloop
  endfacet
  facet normal 8.110485e-01 7.682183e-02 5.799128e-01
    outer loop
      vertex   6.664754e+01 -6.422000e+00 -1.631011e+01
      vertex   6.657560e+01 -6.309187e+00 -1.622444e+01
      vertex   6.646181e+01 -6.399437e+00 -1.605335e+01
    endloop
  endfacet
  facet normal 8.484194e-01 -7.682183e-02 5.237202e-01
    outer loop
      vertex   6.646181e+01 -6.399437e+00 -1.605335e+01
      vertex   6.657560e+01 -6.309187e+00 -1.622444e+01
      vertex   6.641062e+01 -6.286625e+00 -1.595388e+01
    endloop
  endfacet
  facet normal 9.193138e-01 7.682183e-02 3.859540e-01
    outer loop
      vertex   6.646181e+01 -6.399437e+00 -1.605335e+01
      vertex   6.641062e+01 -6.286625e+00 -1.595388e+01
      vertex   6.633754e+01 -6.376875e+00 -1.576184e+01
    endloop
  endfacet
  facet normal 9.433163e-01 -7.682183e-02 3.228820e-01
    outer loop
      vertex   6.633754e+01 -6.376875e+00 -1.576184e+01
      vertex   6.641062e+01 -6.286625e+00 -1.595388e+01
      vertex   6.630965e+01 -6.264062e+00 -1.565350e+01
    endloop
  endfacet
  facet normal 9.819497e-01 7.682183e-02 1.728386e-01
    outer loop
      vertex   6.633754e+01 -6.376875e+00 -1.576184e+01
      vertex   6.630965e+01 -6.264062e+00 -1.565350e+01
      vertex   6.628090e+01 -6.354312e+00 -1.545005e+01
    endloop
  endfacet
  facet normal 9.913923e-01 -7.682183e-02 1.060177e-01
    outer loop
      vertex   6.628090e+01 -6.354312e+00 -1.545005e+01
      vertex   6.630965e+01 -6.264062e+00 -1.565350e+01
      vertex   6.627768e+01 -6.241500e+00 -1.533822e+01
    endloop
  endfacet
  facet normal 9.958472e-01 7.682183e-02 -4.885549e-02
    outer loop
      vertex   6.628090e+01 -6.354312e+00 -1.545005e+01
      vertex   6.627768e+01 -6.241500e+00 -1.533822e+01
      vertex   6.629469e+01 -6.331750e+00 -1.513346e+01
    endloop
  endfacet
  facet normal 9.902612e-01 -7.682183e-02 -1.161087e-01
    outer loop
      vertex   6.629469e+01 -6.331750e+00 -1.513346e+01
      vertex   6.627768e+01 -6.241500e+00 -1.533822e+01
      vertex   6.631631e+01 -6.218937e+00 -1.502369e+01
    endloop
  endfacet
  facet normal 9.603164e-01 7.682183e-02 -2.681247e-01
    outer loop
      vertex   6.629469e+01 -6.331750e+00 -1.513346e+01
      vertex   6.631631e+01 -6.218937e+00 -1.502369e+01
      vertex   6.637823e+01 -6.309187e+00 -1.482777e+01
    endloop
  endfacet
  facet normal 9.399791e-01 -7.682183e-02 -3.324721e-01
    outer loop
      vertex   6.637823e+01 -6.309187e+00 -1.482777e+01
      vertex   6.631631e+01 -6.218937e+00 -1.502369e+01
      vertex   6.642362e+01 -6.196375e+00 -1.472552e+01
    endloop
  endfacet
  facet normal 8.771210e-01 7.682183e-02 -4.740857e-01
    outer loop
      vertex   6.637823e+01 -6.309187e+00 -1.482777e+01
      vertex   6.642362e+01 -6.196375e+00 -1.472552e+01
      vertex   6.652738e+01 -6.286625e+00 -1.454817e+01
    endloop
  endfacet
  facet normal 8.430418e-01 -7.682183e-02 -5.323335e-01
    outer loop
      vertex   6.652738e+01 -6.286625e+00 -1.454817e+01
      vertex   6.642362e+01 -6.196375e+00 -1.472552e+01
      vertex   6.659428e+01 -6.173812e+00 -1.445851e+01
    endloop
  endfacet
  facet normal 7.503902e-01 7.682183e-02 -6.565157e-01
    outer loop
      vertex   6.652738e+01 -6.286625e+00 -1.454817e+01
      vertex   6.659428e+01 -6.173812e+00 -1.445851e+01
      vertex   6.673473e+01 -6.264062e+00 -1.430853e+01
    endloop
  endfacet
  facet normal 7.042607e-01 -7.682183e-02 -7.057728e-01
    outer loop
      vertex   6.673473e+01 -6.264062e+00 -1.430853e+01
      vertex   6.659428e+01 -6.173812e+00 -1.445851e+01
      vertex   6.681982e+01 -6.151250e+00 -1.423591e+01
    endloop
  endfacet
  facet normal 5.864144e-01 7.682183e-02 -8.063601e-01
    outer loop
      vertex   6.673473e+01 -6.264062e+00 -1.430853e+01
      vertex   6.681982e+01 -6.151250e+00 -1.423591e+01
      vertex   6.698999e+01 -6.241500e+00 -1.412075e+01
    endloop
  endfacet
  facet normal 5.305241e-01 -7.682183e-02 -8.441816e-01
    outer loop
      vertex   6.698999e+01 -6.241500e+00 -1.412075e+01
      vertex   6.681982e+01 -6.151250e+00 -1.423591e+01
      vertex   6.708905e+01 -6.128687e+00 -1.406876e+01
    endloop
  endfacet
  facet normal 3.933322e-01 7.682183e-02 -9.161813e-01
    outer loop
      vertex   6.698999e+01 -6.241500e+00 -1.412075e+01
      vertex   6.708905e+01 -6.128687e+00 -1.406876e+01
      vertex   6.728049e+01 -6.218937e+00 -1.399414e+01
    endloop
  endfacet
  facet normal 3.304553e-01 -7.682183e-02 -9.406900e-01
    outer loop
      vertex   6.728049e+01 -6.218937e+00 -1.399414e+01
      vertex   6.708905e+01 -6.128687e+00 -1.406876e+01
      vertex   6.738860e+01 -6.106125e+00 -1.396538e+01
    endloop
  endfacet
  facet normal 1.807273e-01 7.682183e-02 -9.805285e-01
    outer loop
      vertex   6.728049e+01 -6.218937e+00 -1.399414e+01
      vertex   6.738860e+01 -6.106125e+00 -1.396538e+01
      vertex   6.759182e+01 -6.196375e+00 -1.393499e+01
    endloop
  endfacet
  facet normal 1.139845e-01 -7.682183e-02 -9.905079e-01
    outer loop
      vertex   6.759182e+01 -6.196375e+00 -1.393499e+01
      vertex   6.738860e+01 -6.106125e+00 -1.396538e+01
      vertex   6.770361e+01 -6.083562e+00 -1.393088e+01
    endloop
  endfacet
  facet normal -4.084788e-02 7.682183e-02 -9.962077e-01
    outer loop
      vertex   6.759182e+01 -6.196375e+00 -1.393499e+01
      vertex   6.770361e+01 -6.083562e+00 -1.393088e+01
      vertex   6.790851e+01 -6.173812e+00 -1.394624e+01
    endloop
  endfacet
  facet normal -1.081438e-01 -7.682183e-02 -9.911626e-01
    outer loop
      vertex   6.790851e+01 -6.173812e+00 -1.394624e+01
      vertex   6.770361e+01 -6.083562e+00 -1.393088e+01
      vertex   6.801844e+01 -6.061000e+00 -1.396697e+01
    endloop
  endfacet
  facet normal -2.603956e-01 7.682183e-02 -9.624409e-01
    outer loop
      vertex   6.790851e+01 -6.173812e+00 -1.394624e+01
      vertex   6.801844e+01 -6.061000e+00 -1.396697e+01
      vertex   6.821485e+01 -6.151250e+00 -1.402732e+01
    endloop
  endfacet
  facet normal -3.249044e-01 -7.682183e-02 -9.426216e-01
    outer loop
      vertex   6.821485e+01 -6.151250e+00 -1.402732e+01
      vertex   6.801844e+01 -6.061000e+00 -1.396697e+01
      vertex   6.831747e+01 -6.038437e+00 -1.407188e+01
    endloop
  endfacet
  facet normal -4.670188e-01 7.682183e-02 -8.809040e-01
    outer loop
      vertex   6.821485e+01 -6.151250e+00 -1.402732e+01
      vertex   6.831747e+01 -6.038437e+00 -1.407188e+01
      vertex   6.849564e+01 -6.128687e+00 -1.417421e+01
    endloop
  endfacet
  facet normal -5.255387e-01 -7.682183e-02 -8.472942e-01
    outer loop
      vertex   6.849564e+01 -6.128687e+00 -1.417421e+01
      vertex   6.831747e+01 -6.038437e+00 -1.407188e+01
      vertex   6.858584e+01 -6.015875e+00 -1.424039e+01
    endloop
  endfacet
  facet normal -6.504618e-01 7.682183e-02 -7.556440e-01
    outer loop
      vertex   6.849564e+01 -6.128687e+00 -1.417421e+01
      vertex   6.858584e+01 -6.015875e+00 -1.424039e+01
      vertex   6.873694e+01 -6.106125e+00 -1.437963e+01
    endloop
  endfacet
  facet normal -7.000882e-01 -7.682183e-02 -7.099119e-01
    outer loop
      vertex   6.873694e+01 -6.106125e+00 -1.437963e+01
      vertex   6.858584e+01 -6.015875e+00 -1.424039e+01
      vertex   6.881025e+01 -5.993312e+00 -1.446413e+01
    endloop
  endfacet
  facet normal -8.016196e-01 7.682183e-02 -5.928781e-01
    outer loop
      vertex   6.873694e+01 -6.106125e+00 -1.437963e+01
      vertex   6.881025e+01 -5.993312e+00 -1.446413e+01
      vertex   6.892677e+01 -6.083562e+00 -1.463338e+01
    endloop
  endfacet
  facet normal -8.398892e-01 -7.682183e-02 -5.372937e-01
    outer loop
      vertex   6.892677e+01 -6.083562e+00 -1.463338e+01
      vertex   6.881025e+01 -5.993312e+00 -1.446413e+01
      vertex   6.897955e+01 -5.970750e+00 -1.473201e+01
    endloop
  endfacet
  facet normal -9.129895e-01 7.682183e-02 -4.006851e-01
    outer loop
      vertex   6.892677e+01 -6.083562e+00 -1.463338e+01
      vertex   6.897955e+01 -5.970750e+00 -1.473201e+01
      vertex   6.905571e+01 -6.061000e+00 -1.492285e+01
    endloop
  endfacet
  facet normal -9.380030e-01 -7.682183e-02 -3.380072e-01
    outer loop
      vertex   6.905571e+01 -6.061000e+00 -1.492285e+01
      vertex   6.897955e+01 -5.970750e+00 -1.473201e+01
      vertex   6.908535e+01 -5.948187e+00 -1.503072e+01
    endloop
  endfacet
  facet normal -9.790438e-01 7.682183e-02 -1.886044e-01
    outer loop
      vertex   6.905571e+01 -6.061000e+00 -1.492285e+01
      vertex   6.908535e+01 -5.948187e+00 -1.503072e+01
      vertex   6.911736e+01 -6.038437e+00 -1.523369e+01
    endloop
  endfacet
  facet normal -9.895595e-01 -7.682183e-02 -1.219439e-01
    outer loop
      vertex   6.911736e+01 -6.038437e+00 -1.523369e+01
      vertex   6.908535e+01 -5.948187e+00 -1.503072e+01
      vertex   6.912238e+01 -5.925625e+00 -1.534545e+01
    endloop
  endfacet
  facet normal -9.965039e-01 7.682183e-02 3.283762e-02
    outer loop
      vertex   6.911736e+01 -6.038437e+00 -1.523369e+01
      vertex   6.912238e+01 -5.925625e+00 -1.534545e+01
      vertex   6.910867e+01 -6.015875e+00 -1.555046e+01
    endloop
  endfacet
  facet normal -9.920000e-01 -7.682183e-02 1.001719e-01
    outer loop
      vertex   6.910867e+01 -6.015875e+00 -1.555046e+01
      vertex   6.912238e+01 -5.925625e+00 -1.534545e+01
      vertex   6.908881e+01 -5.903062e+00 -1.566056e+01
    endloop
  endfacet
  facet normal -9.645032e-01 7.682183e-02 2.526497e-01
    outer loop
      vertex   6.910867e+01 -6.015875e+00 -1.555046e+01
      vertex   6.908881e+01 -5.903062e+00 -1.566056e+01
      vertex   6.903005e+01 -5.993312e+00 -1.585745e+01
    endloop
  endfacet
  facet normal -9.452032e-01 -7.682183e-02 3.173158e-01
    outer loop
      vertex   6.903005e+01 -5.993312e+00 -1.585745e+01
      vertex   6.908881e+01 -5.903062e+00 -1.566056e+01
      vertex   6.898631e+01 -5.880500e+00 -1.596041e+01
    endloop
  endfacet
  facet normal -8.846301e-01 7.682183e-02 4.599217e-01
    outer loop
      vertex   6.903005e+01 -5.993312e+00 -1.585745e+01
      vertex   6.898631e+01 -5.880500e+00 -1.596041e+01
      vertex   6.888541e+01 -5.970750e+00 -1.613941e+01
    endloop
  endfacet
  facet normal -8.514919e-01 -7.682183e-02 5.187099e-01
    outer loop
      vertex   6.888541e+01 -5.970750e+00 -1.613941e+01
      vertex   6.898631e+01 -5.880500e+00 -1.596041e+01
      vertex   6.881997e+01 -5.857937e+00 -1.623014e+01
    endloop
  endfacet
  facet normal -7.608489e-01 7.682183e-02 6.443659e-01
    outer loop
      vertex   6.888541e+01 -5.970750e+00 -1.613941e+01
      vertex   6.881997e+01 -5.857937e+00 -1.623014e+01
      vertex   6.868194e+01 -5.948187e+00 -1.638235e+01
    endloop
  endfacet
  facet normal -7.155173e-01 -7.682183e-02 6.943583e-01
    outer loop
      vertex   6.868194e+01 -5.948187e+00 -1.638235e+01
      vertex   6.881997e+01 -5.857937e+00 -1.623014e+01
      vertex   6.859803e+01 -5.835375e+00 -1.645634e+01
    endloop
  endfacet
  facet normal -5.993035e-01 7.682183e-02 7.968273e-01
    outer loop
      vertex   6.868194e+01 -5.948187e+00 -1.638235e+01
      vertex   6.859803e+01 -5.835375e+00 -1.645634e+01
      vertex   6.842973e+01 -5.925625e+00 -1.657422e+01
    endloop
  endfacet
  facet normal -5.440285e-01 -7.682183e-02 8.355426e-01
    outer loop
      vertex   6.842973e+01 -5.925625e+00 -1.657422e+01
      vertex   6.859803e+01 -5.835375e+00 -1.645634e+01
      vertex   6.833153e+01 -5.812812e+00 -1.662779e+01
    endloop
  endfacet
  facet normal -4.080121e-01 7.682183e-02 9.097387e-01
    outer loop
      vertex   6.842973e+01 -5.925625e+00 -1.657422e+01
      vertex   6.833153e+01 -5.812812e+00 -1.662779e+01
      vertex   6.814131e+01 -5.903062e+00 -1.670548e+01
    endloop
  endfacet
  facet normal -3.455373e-01 -7.682183e-02 9.352553e-01
    outer loop
      vertex   6.814131e+01 -5.903062e+00 -1.670548e+01
      vertex   6.833153e+01 -5.812812e+00 -1.662779e+01
      vertex   6.803367e+01 -5.790250e+00 -1.673598e+01
    endloop
  endfacet
  facet normal -1.964692e-01 7.682183e-02 9.774959e-01
    outer loop
      vertex   6.814131e+01 -5.903062e+00 -1.670548e+01
      vertex   6.803367e+01 -5.790250e+00 -1.673598e+01
      vertex   6.783097e+01 -5.880500e+00 -1.676963e+01
    endloop
  endfacet
  facet normal -1.298955e-01 -7.682183e-02 9.885472e-01
    outer loop
      vertex   6.783097e+01 -5.880500e+00 -1.676963e+01
      vertex   6.803367e+01 -5.790250e+00 -1.673598e+01
      vertex   6.771926e+01 -5.767687e+00 -1.677554e+01
    endloop
  endfacet
  facet normal 2.482525e-02 7.682183e-02 9.967357e-01
    outer loop
      vertex   6.783097e+01 -5.880500e+00 -1.676963e+01
      vertex   6.771926e+01 -5.767687e+00 -1.677554e+01
      vertex   6.751414e+01 -5.857937e+00 -1.676348e+01
    endloop
  endfacet
  facet normal 9.219358e-02 -7.682183e-02 9.927733e-01
    outer loop
      vertex   6.751414e+01 -5.857937e+00 -1.676348e+01
      vertex   6.771926e+01 -5.767687e+00 -1.677554e+01
      vertex   6.740389e+01 -5.745125e+00 -1.674451e+01
    endloop
  endfacet
  facet normal 2.448875e-01 7.682183e-02 9.665032e-01
    outer loop
      vertex   6.751414e+01 -5.857937e+00 -1.676348e+01
      vertex   6.740389e+01 -5.745125e+00 -1.674451e+01
      vertex   6.720653e+01 -5.835375e+00 -1.668733e+01
    endloop
  endfacet
  facet normal 3.097067e-01 -7.682183e-02 9.477237e-01
    outer loop
      vertex   6.720653e+01 -5.835375e+00 -1.668733e+01
      vertex   6.740389e+01 -5.745125e+00 -1.674451e+01
      vertex   6.710322e+01 -5.722562e+00 -1.664442e+01
    endloop
  endfacet
  facet normal 4.527950e-01 7.682183e-02 8.882990e-01
    outer loop
      vertex   6.720653e+01 -5.835375e+00 -1.668733e+01
      vertex   6.710322e+01 -5.722562e+00 -1.664442e+01
      vertex   6.692342e+01 -5.812812e+00 -1.654497e+01
    endloop
  endfacet
  facet normal 5.118477e-01 -7.682183e-02 8.556345e-01
    outer loop
      vertex   6.692342e+01 -5.812812e+00 -1.654497e+01
      vertex   6.710322e+01 -5.722562e+00 -1.664442e+01
      vertex   6.683216e+01 -5.700000e+00 -1.648025e+01
    endloop
  endfacet
  facet normal 6.382282e-01 7.682183e-02 7.660046e-01
    outer loop
      vertex   6.692342e+01 -5.812812e+00 -1.654497e+01
      vertex   6.683216e+01 -5.700000e+00 -1.648025e+01
      vertex   6.667885e+01 -5.790250e+00 -1.634346e+01
    endloop
  endfacet
  facet normal 7.015091e-01 -1.295282e-01 7.007905e-01
    outer loop
      vertex   6.667885e+01 -5.790250e+00 -1.634346e+01
      vertex   6.683216e+01 -5.700000e+00 -1.648025e+01
      vertex   6.657213e+01 -5.700000e+00 -1.621995e+01
    endloop
  endfacet
  facet normal 7.908742e-01 1.117619e-01 6.016870e-01
    outer loop
      vertex   6.667885e+01 -5.790250e+00 -1.634346e+01
      vertex   6.657213e+01 -5.700000e+00 -1.621995e+01
      vertex   6.648496e+01 -5.767687e+00 -1.609280e+01
    endloop
  endfacet
  facet normal 8.525951e-01 -1.692707e-01 4.943976e-01
    outer loop
      vertex   6.648496e+01 -5.767687e+00 -1.609280e+01
      vertex   6.657213e+01 -5.700000e+00 -1.621995e+01
      vertex   6.638756e+01 -5.700000e+00 -1.590166e+01
    endloop
  endfacet
  facet normal 9.014031e-01 1.462788e-01 4.075229e-01
    outer loop
      vertex   6.648496e+01 -5.767687e+00 -1.609280e+01
      vertex   6.638756e+01 -5.700000e+00 -1.590166e+01
      vertex   6.635138e+01 -5.745125e+00 -1.580543e+01
    endloop
  endfacet
  facet normal 9.436714e-01 -2.081597e-01 2.572037e-01
    outer loop
      vertex   6.635138e+01 -5.745125e+00 -1.580543e+01
      vertex   6.638756e+01 -5.700000e+00 -1.590166e+01
      vertex   6.629081e+01 -5.700000e+00 -1.554668e+01
    endloop
  endfacet
  facet normal 9.642441e-01 1.802397e-01 1.942857e-01
    outer loop
      vertex   6.635138e+01 -5.745125e+00 -1.580543e+01
      vertex   6.629081e+01 -5.700000e+00 -1.554668e+01
      vertex   6.628474e+01 -5.722562e+00 -1.549563e+01
    endloop
  endfacet
  facet normal 9.692435e-01 -2.460182e-01 6.490809e-03
    outer loop
      vertex   6.628474e+01 -5.722562e+00 -1.549563e+01
      vertex   6.629081e+01 -5.700000e+00 -1.554668e+01
      vertex   6.628835e+01 -5.700000e+00 -1.517875e+01
    endloop
  endfacet
  facet normal 5.351945e-01 -1.117619e-01 8.373029e-01
    outer loop
      vertex   6.679638e+01 -6.331750e+00 -1.645176e+01
      vertex   6.692817e+01 -6.422000e+00 -1.654805e+01
      vertex   6.706201e+01 -6.354312e+00 -1.662457e+01
    endloop
  endfacet
  facet normal 4.232295e-01 1.692707e-01 8.900698e-01
    outer loop
      vertex   6.706201e+01 -6.354312e+00 -1.662457e+01
      vertex   6.692817e+01 -6.422000e+00 -1.654805e+01
      vertex   6.726045e+01 -6.422000e+00 -1.670605e+01
    endloop
  endfacet
  facet normal 3.326643e-01 -1.462788e-01 9.316314e-01
    outer loop
      vertex   6.706201e+01 -6.354312e+00 -1.662457e+01
      vertex   6.726045e+01 -6.422000e+00 -1.670605e+01
      vertex   6.735931e+01 -6.376875e+00 -1.673427e+01
    endloop
  endfacet
  facet normal 1.793990e-01 2.081597e-01 9.615017e-01
    outer loop
      vertex   6.735931e+01 -6.376875e+00 -1.673427e+01
      vertex   6.726045e+01 -6.422000e+00 -1.670605e+01
      vertex   6.762214e+01 -6.422000e+00 -1.677354e+01
    endloop
  endfacet
  facet normal 1.150130e-01 -1.802397e-01 9.768755e-01
    outer loop
      vertex   6.735931e+01 -6.376875e+00 -1.673427e+01
      vertex   6.762214e+01 -6.422000e+00 -1.677354e+01
      vertex   6.767352e+01 -6.399437e+00 -1.677542e+01
    endloop
  endfacet
  facet normal -7.256418e-02 2.460182e-01 9.665451e-01
    outer loop
      vertex   6.767352e+01 -6.399437e+00 -1.677542e+01
      vertex   6.762214e+01 -6.422000e+00 -1.677354e+01
      vertex   6.798904e+01 -6.422000e+00 -1.674599e+01
    endloop
  endfacet
  facet normal -2.097090e-01 -8.588102e-01 4.674047e-01
    outer loop
      vertex   6.823070e+01 -6.422000e+00 -1.663757e+01
      vertex   6.801546e+01 -6.264062e+00 -1.644395e+01
      vertex   6.798904e+01 -6.422000e+00 -1.674599e+01
    endloop
  endfacet
  facet normal -1.590168e-01 -8.691115e-01 4.683575e-01
    outer loop
      vertex   6.798904e+01 -6.422000e+00 -1.674599e+01
      vertex   6.801546e+01 -6.264062e+00 -1.644395e+01
      vertex   6.776616e+01 -6.241500e+00 -1.648672e+01
    endloop
  endfacet
  facet normal -1.082673e-01 -8.571089e-01 5.036293e-01
    outer loop
      vertex   6.798904e+01 -6.422000e+00 -1.674599e+01
      vertex   6.776616e+01 -6.241500e+00 -1.648672e+01
      vertex   6.767352e+01 -6.399437e+00 -1.677542e+01
    endloop
  endfacet
  facet normal -5.137558e-02 -8.691115e-01 4.919407e-01
    outer loop
      vertex   6.767352e+01 -6.399437e+00 -1.677542e+01
      vertex   6.776616e+01 -6.241500e+00 -1.648672e+01
      vertex   6.751357e+01 -6.218937e+00 -1.647324e+01
    endloop
  endfacet
  facet normal 5.923632e-03 -8.571089e-01 5.151012e-01
    outer loop
      vertex   6.767352e+01 -6.399437e+00 -1.677542e+01
      vertex   6.751357e+01 -6.218937e+00 -1.647324e+01
      vertex   6.735931e+01 -6.376875e+00 -1.673427e+01
    endloop
  endfacet
  facet normal 5.881562e-02 -8.691115e-01 4.911068e-01
    outer loop
      vertex   6.735931e+01 -6.376875e+00 -1.673427e+01
      vertex   6.751357e+01 -6.218937e+00 -1.647324e+01
      vertex   6.727023e+01 -6.196375e+00 -1.640417e+01
    endloop
  endfacet
  facet normal 1.198206e-01 -8.571089e-01 5.010063e-01
    outer loop
      vertex   6.735931e+01 -6.376875e+00 -1.673427e+01
      vertex   6.727023e+01 -6.196375e+00 -1.640417e+01
      vertex   6.706201e+01 -6.354312e+00 -1.662457e+01
    endloop
  endfacet
  facet normal 1.660876e-01 -8.691115e-01 4.658970e-01
    outer loop
      vertex   6.706201e+01 -6.354312e+00 -1.662457e+01
      vertex   6.727023e+01 -6.196375e+00 -1.640417e+01
      vertex   6.704823e+01 -6.173812e+00 -1.628294e+01
    endloop
  endfacet
  facet normal 2.277703e-01 -8.571089e-01 4.620444e-01
    outer loop
      vertex   6.706201e+01 -6.354312e+00 -1.662457e+01
      vertex   6.704823e+01 -6.173812e+00 -1.628294e+01
      vertex   6.679638e+01 -6.331750e+00 -1.645176e+01
    endloop
  endfacet
  facet normal 2.651158e-01 -8.691115e-01 4.175628e-01
    outer loop
      vertex   6.679638e+01 -6.331750e+00 -1.645176e+01
      vertex   6.704823e+01 -6.173812e+00 -1.628294e+01
      vertex   6.685857e+01 -6.151250e+00 -1.611556e+01
    endloop
  endfacet
  facet normal 3.244148e-01 -8.571089e-01 4.001491e-01
    outer loop
      vertex   6.679638e+01 -6.331750e+00 -1.645176e+01
      vertex   6.685857e+01 -6.151250e+00 -1.611556e+01
      vertex   6.657560e+01 -6.309187e+00 -1.622444e+01
    endloop
  endfacet
  facet normal 3.509853e-01 -8.691115e-01 3.485032e-01
    outer loop
      vertex   6.657560e+01 -6.309187e+00 -1.622444e+01
      vertex   6.685857e+01 -6.151250e+00 -1.611556e+01
      vertex   6.671068e+01 -6.128687e+00 -1.591035e+01
    endloop
  endfacet
  facet normal 4.049572e-01 -8.571089e-01 3.183928e-01
    outer loop
      vertex   6.657560e+01 -6.309187e+00 -1.622444e+01
      vertex   6.671068e+01 -6.128687e+00 -1.591035e+01
      vertex   6.641062e+01 -6.286625e+00 -1.595388e+01
    endloop
  endfacet
  facet normal 4.194338e-01 -8.691115e-01 2.621458e-01
    outer loop
      vertex   6.641062e+01 -6.286625e+00 -1.595388e+01
      vertex   6.671068e+01 -6.128687e+00 -1.591035e+01
      vertex   6.661190e+01 -6.106125e+00 -1.567749e+01
    endloop
  endfacet
  facet normal 4.653998e-01 -8.571089e-01 2.208332e-01
    outer loop
      vertex   6.641062e+01 -6.286625e+00 -1.595388e+01
      vertex   6.661190e+01 -6.106125e+00 -1.567749e+01
      vertex   6.630965e+01 -6.264062e+00 -1.565350e+01
    endloop
  endfacet
  facet normal 4.670640e-01 -8.691115e-01 1.627770e-01
    outer loop
      vertex   6.630965e+01 -6.264062e+00 -1.565350e+01
      vertex   6.661190e+01 -6.106125e+00 -1.567749e+01
      vertex   6.656712e+01 -6.083562e+00 -1.542854e+01
    endloop
  endfacet
  facet normal 5.027427e-01 -8.571089e-01 1.123127e-01
    outer loop
      vertex   6.630965e+01 -6.264062e+00 -1.565350e+01
      vertex   6.656712e+01 -6.083562e+00 -1.542854e+01
      vertex   6.627768e+01 -6.241500e+00 -1.533822e+01
    endloop
  endfacet
  facet normal 4.915118e-01 -8.691115e-01 5.532884e-02
    outer loop
      vertex   6.627768e+01 -6.241500e+00 -1.533822e+01
      vertex   6.656712e+01 -6.083562e+00 -1.542854e+01
      vertex   6.657857e+01 -6.061000e+00 -1.517585e+01
    endloop
  endfacet
  facet normal 5.151322e-01 -8.571089e-01 -1.782325e-03
    outer loop
      vertex   6.627768e+01 -6.241500e+00 -1.533822e+01
      vertex   6.657857e+01 -6.061000e+00 -1.517585e+01
      vertex   6.631631e+01 -6.218937e+00 -1.502369e+01
    endloop
  endfacet
  facet normal 4.915637e-01 -8.691115e-01 -5.486551e-02
    outer loop
      vertex   6.631631e+01 -6.218937e+00 -1.502369e+01
      vertex   6.657857e+01 -6.061000e+00 -1.517585e+01
      vertex   6.664568e+01 -6.038437e+00 -1.493196e+01
    endloop
  endfacet
  facet normal 5.019534e-01 -8.571089e-01 -1.157889e-01
    outer loop
      vertex   6.631631e+01 -6.218937e+00 -1.502369e+01
      vertex   6.664568e+01 -6.038437e+00 -1.493196e+01
      vertex   6.642362e+01 -6.196375e+00 -1.472552e+01
    endloop
  endfacet
  facet normal 4.672172e-01 -8.691115e-01 -1.623366e-01
    outer loop
      vertex   6.642362e+01 -6.196375e+00 -1.472552e+01
      vertex   6.664568e+01 -6.038437e+00 -1.493196e+01
      vertex   6.676512e+01 -6.015875e+00 -1.470899e+01
    endloop
  endfacet
  facet normal 4.638606e-01 -8.571089e-01 -2.240484e-01
    outer loop
      vertex   6.642362e+01 -6.196375e+00 -1.472552e+01
      vertex   6.676512e+01 -6.015875e+00 -1.470899e+01
      vertex   6.659428e+01 -6.173812e+00 -1.445851e+01
    endloop
  endfacet
  facet normal 4.196807e-01 -8.691115e-01 -2.617503e-01
    outer loop
      vertex   6.659428e+01 -6.173812e+00 -1.445851e+01
      vertex   6.676512e+01 -6.015875e+00 -1.470899e+01
      vertex   6.693097e+01 -5.993312e+00 -1.451800e+01
    endloop
  endfacet
  facet normal 4.027443e-01 -8.571089e-01 -3.211874e-01
    outer loop
      vertex   6.659428e+01 -6.173812e+00 -1.445851e+01
      vertex   6.693097e+01 -5.993312e+00 -1.451800e+01
      vertex   6.681982e+01 -6.151250e+00 -1.423591e+01
    endloop
  endfacet
  facet normal 3.513136e-01 -8.691115e-01 -3.481722e-01
    outer loop
      vertex   6.681982e+01 -6.151250e+00 -1.423591e+01
      vertex   6.693097e+01 -5.993312e+00 -1.451800e+01
      vertex   6.713498e+01 -5.970750e+00 -1.436846e+01
    endloop
  endfacet
  facet normal 3.216381e-01 -8.571089e-01 -4.023844e-01
    outer loop
      vertex   6.681982e+01 -6.151250e+00 -1.423591e+01
      vertex   6.713498e+01 -5.970750e+00 -1.436846e+01
      vertex   6.708905e+01 -6.128687e+00 -1.406876e+01
    endloop
  endfacet
  facet normal 2.655093e-01 -8.691115e-01 -4.173127e-01
    outer loop
      vertex   6.708905e+01 -6.128687e+00 -1.406876e+01
      vertex   6.713498e+01 -5.970750e+00 -1.436846e+01
      vertex   6.736704e+01 -5.948187e+00 -1.426781e+01
    endloop
  endfacet
  facet normal 2.245676e-01 -8.571089e-01 -4.636094e-01
    outer loop
      vertex   6.708905e+01 -6.128687e+00 -1.406876e+01
      vertex   6.736704e+01 -5.948187e+00 -1.426781e+01
      vertex   6.738860e+01 -6.106125e+00 -1.396538e+01
    endloop
  endfacet
  facet normal 1.665266e-01 -8.691115e-01 -4.657403e-01
    outer loop
      vertex   6.738860e+01 -6.106125e+00 -1.396538e+01
      vertex   6.736704e+01 -5.948187e+00 -1.426781e+01
      vertex   6.761563e+01 -5.925625e+00 -1.422103e+01
    endloop
  endfacet
  facet normal 1.163509e-01 -8.571089e-01 -5.018235e-01
    outer loop
      vertex   6.738860e+01 -6.106125e+00 -1.396538e+01
      vertex   6.761563e+01 -5.925625e+00 -1.422103e+01
      vertex   6.770361e+01 -6.083562e+00 -1.393088e+01
    endloop
  endfacet
  facet normal 5.927852e-02 -8.691115e-01 -4.910511e-01
    outer loop
      vertex   6.770361e+01 -6.083562e+00 -1.393088e+01
      vertex   6.761563e+01 -5.925625e+00 -1.422103e+01
      vertex   6.786840e+01 -5.903062e+00 -1.423045e+01
    endloop
  endfacet
  facet normal 2.359098e-03 -8.571089e-01 -5.151298e-01
    outer loop
      vertex   6.770361e+01 -6.083562e+00 -1.393088e+01
      vertex   6.786840e+01 -5.903062e+00 -1.423045e+01
      vertex   6.801844e+01 -6.061000e+00 -1.396697e+01
    endloop
  endfacet
  facet normal -5.091185e-02 -8.691115e-01 -4.919889e-01
    outer loop
      vertex   6.801844e+01 -6.061000e+00 -1.396697e+01
      vertex   6.786840e+01 -5.903062e+00 -1.423045e+01
      vertex   6.811282e+01 -5.880500e+00 -1.429560e+01
    endloop
  endfacet
  facet normal -1.117498e-01 -8.571089e-01 -5.028681e-01
    outer loop
      vertex   6.801844e+01 -6.061000e+00 -1.396697e+01
      vertex   6.811282e+01 -5.880500e+00 -1.429560e+01
      vertex   6.831747e+01 -6.038437e+00 -1.407188e+01
    endloop
  endfacet
  facet normal -1.585752e-01 -8.691115e-01 -4.685072e-01
    outer loop
      vertex   6.831747e+01 -6.038437e+00 -1.407188e+01
      vertex   6.811282e+01 -5.880500e+00 -1.429560e+01
      vertex   6.833674e+01 -5.857937e+00 -1.441325e+01
    endloop
  endfacet
  facet normal -2.203120e-01 -8.571089e-01 -4.656468e-01
    outer loop
      vertex   6.831747e+01 -6.038437e+00 -1.407188e+01
      vertex   6.833674e+01 -5.857937e+00 -1.441325e+01
      vertex   6.858584e+01 -6.015875e+00 -1.424039e+01
    endloop
  endfacet
  facet normal -2.583679e-01 -8.691115e-01 -4.217715e-01
    outer loop
      vertex   6.858584e+01 -6.015875e+00 -1.424039e+01
      vertex   6.833674e+01 -5.857937e+00 -1.441325e+01
      vertex   6.852906e+01 -5.835375e+00 -1.457755e+01
    endloop
  endfacet
  facet normal -3.179392e-01 -8.571089e-01 -4.053135e-01
    outer loop
      vertex   6.858584e+01 -6.015875e+00 -1.424039e+01
      vertex   6.852906e+01 -5.835375e+00 -1.457755e+01
      vertex   6.881025e+01 -5.993312e+00 -1.446413e+01
    endloop
  endfacet
  facet normal -3.453366e-01 -8.691115e-01 -3.541014e-01
    outer loop
      vertex   6.881025e+01 -5.993312e+00 -1.446413e+01
      vertex   6.852906e+01 -5.835375e+00 -1.457755e+01
      vertex   6.868023e+01 -5.812812e+00 -1.478036e+01
    endloop
  endfacet
  facet normal -3.997857e-01 -8.571089e-01 -3.248627e-01
    outer loop
      vertex   6.881025e+01 -5.993312e+00 -1.446413e+01
      vertex   6.868023e+01 -5.812812e+00 -1.478036e+01
      vertex   6.897955e+01 -5.970750e+00 -1.473201e+01
    endloop
  endfacet
  facet normal -4.151647e-01 -8.691115e-01 -2.688557e-01
    outer loop
      vertex   6.897955e+01 -5.970750e+00 -1.473201e+01
      vertex   6.868023e+01 -5.812812e+00 -1.478036e+01
      vertex   6.878275e+01 -5.790250e+00 -1.501160e+01
    endloop
  endfacet
  facet normal -4.617891e-01 -8.571089e-01 -2.282875e-01
    outer loop
      vertex   6.897955e+01 -5.970750e+00 -1.473201e+01
      vertex   6.878275e+01 -5.790250e+00 -1.501160e+01
      vertex   6.908535e+01 -5.948187e+00 -1.503072e+01
    endloop
  endfacet
  facet normal -4.643864e-01 -8.691115e-01 -1.702655e-01
    outer loop
      vertex   6.908535e+01 -5.948187e+00 -1.503072e+01
      vertex   6.878275e+01 -5.790250e+00 -1.501160e+01
      vertex   6.883153e+01 -5.767687e+00 -1.525980e+01
    endloop
  endfacet
  facet normal -5.008719e-01 -8.571089e-01 -1.203815e-01
    outer loop
      vertex   6.908535e+01 -5.948187e+00 -1.503072e+01
      vertex   6.883153e+01 -5.767687e+00 -1.525980e+01
      vertex   6.912238e+01 -5.925625e+00 -1.534545e+01
    endloop
  endfacet
  facet normal -4.905587e-01 -8.691115e-01 -6.322437e-02
    outer loop
      vertex   6.912238e+01 -5.925625e+00 -1.534545e+01
      vertex   6.883153e+01 -5.767687e+00 -1.525980e+01
      vertex   6.882414e+01 -5.745125e+00 -1.551264e+01
    endloop
  endfacet
  facet normal -5.150942e-01 -8.571089e-01 -6.500368e-03
    outer loop
      vertex   6.912238e+01 -5.925625e+00 -1.534545e+01
      vertex   6.882414e+01 -5.745125e+00 -1.551264e+01
      vertex   6.908881e+01 -5.903062e+00 -1.566056e+01
    endloop
  endfacet
  facet normal -4.923823e-01 -8.691115e-01 4.695489e-02
    outer loop
      vertex   6.908881e+01 -5.903062e+00 -1.566056e+01
      vertex   6.882414e+01 -5.745125e+00 -1.551264e+01
      vertex   6.876096e+01 -5.722562e+00 -1.575757e+01
    endloop
  endfacet
  facet normal -5.037502e-01 -8.571089e-01 1.077034e-01
    outer loop
      vertex   6.908881e+01 -5.903062e+00 -1.566056e+01
      vertex   6.876096e+01 -5.722562e+00 -1.575757e+01
      vertex   6.898631e+01 -5.880500e+00 -1.596041e+01
    endloop
  endfacet
  facet normal -4.697669e-01 -8.691115e-01 1.548036e-01
    outer loop
      vertex   6.898631e+01 -5.880500e+00 -1.596041e+01
      vertex   6.876096e+01 -5.722562e+00 -1.575757e+01
      vertex   6.864511e+01 -5.700000e+00 -1.598243e+01
    endloop
  endfacet
  facet normal -4.674029e-01 -8.571089e-01 2.165613e-01
    outer loop
      vertex   6.898631e+01 -5.880500e+00 -1.596041e+01
      vertex   6.864511e+01 -5.700000e+00 -1.598243e+01
      vertex   6.881997e+01 -5.857937e+00 -1.623014e+01
    endloop
  endfacet
  facet normal -4.202063e-01 -8.699578e-01 2.580698e-01
    outer loop
      vertex   6.881997e+01 -5.857937e+00 -1.623014e+01
      vertex   6.864511e+01 -5.700000e+00 -1.598243e+01
      vertex   6.850702e+01 -5.700000e+00 -1.620730e+01
    endloop
  endfacet
  facet normal -4.089995e-01 -8.561146e-01 3.158911e-01
    outer loop
      vertex   6.881997e+01 -5.857937e+00 -1.623014e+01
      vertex   6.850702e+01 -5.700000e+00 -1.620730e+01
      vertex   6.859803e+01 -5.835375e+00 -1.645634e+01
    endloop
  endfacet
  facet normal -3.502228e-01 -8.706968e-01 3.452986e-01
    outer loop
      vertex   6.859803e+01 -5.835375e+00 -1.645634e+01
      vertex   6.850702e+01 -5.700000e+00 -1.620730e+01
      vertex   6.832166e+01 -5.700000e+00 -1.639529e+01
    endloop
  endfacet
  facet normal -3.301340e-01 -8.546658e-01 4.006968e-01
    outer loop
      vertex   6.859803e+01 -5.835375e+00 -1.645634e+01
      vertex   6.832166e+01 -5.700000e+00 -1.639529e+01
      vertex   6.833153e+01 -5.812812e+00 -1.662779e+01
    endloop
  endfacet
  facet normal -2.652852e-01 -8.718188e-01 4.117714e-01
    outer loop
      vertex   6.833153e+01 -5.812812e+00 -1.662779e+01
      vertex   6.832166e+01 -5.700000e+00 -1.639529e+01
      vertex   6.809988e+01 -5.700000e+00 -1.653818e+01
    endloop
  endfacet
  facet normal -2.343386e-01 -8.524372e-01 4.673716e-01
    outer loop
      vertex   6.833153e+01 -5.812812e+00 -1.662779e+01
      vertex   6.809988e+01 -5.700000e+00 -1.653818e+01
      vertex   6.803367e+01 -5.790250e+00 -1.673598e+01
    endloop
  endfacet
  facet normal -1.709881e-01 -8.735121e-01 4.557846e-01
    outer loop
      vertex   6.803367e+01 -5.790250e+00 -1.673598e+01
      vertex   6.809988e+01 -5.700000e+00 -1.653818e+01
      vertex   6.785288e+01 -5.700000e+00 -1.663084e+01
    endloop
  endfacet
  facet normal -1.254908e-01 -8.491173e-01 5.130807e-01
    outer loop
      vertex   6.803367e+01 -5.790250e+00 -1.673598e+01
      vertex   6.785288e+01 -5.700000e+00 -1.663084e+01
      vertex   6.771926e+01 -5.767687e+00 -1.677554e+01
    endloop
  endfacet
  facet normal -7.286294e-02 -8.758775e-01 4.770007e-01
    outer loop
      vertex   6.771926e+01 -5.767687e+00 -1.677554e+01
      vertex   6.785288e+01 -5.700000e+00 -1.663084e+01
      vertex   6.759186e+01 -5.700000e+00 -1.667071e+01
    endloop
  endfacet
  facet normal -7.677072e-03 -8.442913e-01 5.358294e-01
    outer loop
      vertex   6.771926e+01 -5.767687e+00 -1.677554e+01
      vertex   6.759186e+01 -5.700000e+00 -1.667071e+01
      vertex   6.740389e+01 -5.745125e+00 -1.674451e+01
    endloop
  endfacet
  facet normal 2.400246e-02 -8.789414e-01 4.763254e-01
    outer loop
      vertex   6.740389e+01 -5.745125e+00 -1.674451e+01
      vertex   6.759186e+01 -5.700000e+00 -1.667071e+01
      vertex   6.732792e+01 -5.700000e+00 -1.665741e+01
    endloop
  endfacet
  facet normal 1.149758e-01 -8.375004e-01 5.342038e-01
    outer loop
      vertex   6.740389e+01 -5.745125e+00 -1.674451e+01
      vertex   6.732792e+01 -5.700000e+00 -1.665741e+01
      vertex   6.710322e+01 -5.722562e+00 -1.664442e+01
    endloop
  endfacet
  facet normal 1.149738e-01 -8.826482e-01 4.557555e-01
    outer loop
      vertex   6.710322e+01 -5.722562e+00 -1.664442e+01
      vertex   6.732792e+01 -5.700000e+00 -1.665741e+01
      vertex   6.707163e+01 -5.700000e+00 -1.659276e+01
    endloop
  endfacet
  facet normal 2.383834e-01 -8.280903e-01 5.073853e-01
    outer loop
      vertex   6.710322e+01 -5.722562e+00 -1.664442e+01
      vertex   6.707163e+01 -5.700000e+00 -1.659276e+01
      vertex   6.683216e+01 -5.700000e+00 -1.648025e+01
    endloop
  endfacet
  facet normal -2.587171e-01 -8.691913e-01 4.213929e-01
    outer loop
      vertex   6.801546e+01 -6.264062e+00 -1.644395e+01
      vertex   6.823070e+01 -6.422000e+00 -1.663757e+01
      vertex   6.824911e+01 -6.286625e+00 -1.634703e+01
    endloop
  endfacet
  facet normal -2.953091e-01 -8.587068e-01 4.188260e-01
    outer loop
      vertex   6.824911e+01 -6.286625e+00 -1.634703e+01
      vertex   6.823070e+01 -6.422000e+00 -1.663757e+01
      vertex   6.844717e+01 -6.422000e+00 -1.648494e+01
    endloop
  endfacet
  facet normal -3.463988e-01 -8.683542e-01 3.549209e-01
    outer loop
      vertex   6.824911e+01 -6.286625e+00 -1.634703e+01
      vertex   6.844717e+01 -6.422000e+00 -1.648494e+01
      vertex   6.845550e+01 -6.309187e+00 -1.620080e+01
    endloop
  endfacet
  facet normal -3.708106e-01 -8.593848e-01 3.520756e-01
    outer loop
      vertex   6.845550e+01 -6.309187e+00 -1.620080e+01
      vertex   6.844717e+01 -6.422000e+00 -1.648494e+01
      vertex   6.862943e+01 -6.422000e+00 -1.629298e+01
    endloop
  endfacet
  facet normal -4.183697e-01 -8.667836e-01 2.713907e-01
    outer loop
      vertex   6.845550e+01 -6.309187e+00 -1.620080e+01
      vertex   6.862943e+01 -6.422000e+00 -1.629298e+01
      vertex   6.862440e+01 -6.331750e+00 -1.601250e+01
    endloop
  endfacet
  facet normal -4.318260e-01 -8.608360e-01 2.692353e-01
    outer loop
      vertex   6.862440e+01 -6.331750e+00 -1.601250e+01
      vertex   6.862943e+01 -6.422000e+00 -1.629298e+01
      vertex   6.876900e+01 -6.422000e+00 -1.606913e+01
    endloop
  endfacet
  facet normal -4.714035e-01 -8.645606e-01 1.741085e-01
    outer loop
      vertex   6.862440e+01 -6.331750e+00 -1.601250e+01
      vertex   6.876900e+01 -6.422000e+00 -1.606913e+01
      vertex   6.874741e+01 -6.354312e+00 -1.579147e+01
    endloop
  endfacet
  facet normal -4.749383e-01 -8.627672e-01 1.733964e-01
    outer loop
      vertex   6.874741e+01 -6.354312e+00 -1.579147e+01
      vertex   6.876900e+01 -6.422000e+00 -1.606913e+01
      vertex   6.885960e+01 -6.422000e+00 -1.582097e+01
    endloop
  endfacet
  facet normal -5.019807e-01 -8.621195e-01 6.903176e-02
    outer loop
      vertex   6.874741e+01 -6.354312e+00 -1.579147e+01
      vertex   6.885960e+01 -6.422000e+00 -1.582097e+01
      vertex   6.889549e+01 -6.422000e+00 -1.555999e+01
    endloop
  endfacet
  facet normal -4.971511e-01 -8.652232e-01 6.503462e-02
    outer loop
      vertex   6.874741e+01 -6.354312e+00 -1.579147e+01
      vertex   6.889549e+01 -6.422000e+00 -1.555999e+01
      vertex   6.881843e+01 -6.376875e+00 -1.554870e+01
    endloop
  endfacet
  facet normal -5.095090e-01 -8.594146e-01 -4.251168e-02
    outer loop
      vertex   6.881843e+01 -6.376875e+00 -1.554870e+01
      vertex   6.889549e+01 -6.422000e+00 -1.555999e+01
      vertex   6.887356e+01 -6.422000e+00 -1.529719e+01
    endloop
  endfacet
  facet normal -4.951992e-01 -8.675018e-01 -4.709934e-02
    outer loop
      vertex   6.881843e+01 -6.376875e+00 -1.554870e+01
      vertex   6.887356e+01 -6.422000e+00 -1.529719e+01
      vertex   6.883395e+01 -6.399437e+00 -1.529623e+01
    endloop
  endfacet
  facet normal -4.915882e-01 -8.564319e-01 -1.576880e-01
    outer loop
      vertex   6.883395e+01 -6.399437e+00 -1.529623e+01
      vertex   6.887356e+01 -6.422000e+00 -1.529719e+01
      vertex   6.879318e+01 -6.422000e+00 -1.504659e+01
    endloop
  endfacet
  facet normal 0.000000e+00 -1.000000e+00 0.000000e+00
    outer loop
      vertex   -7.050000e+01 -8.200000e+00 1.707717e+01
      vertex   -7.050000e+01 -8.200000e+00 -1.368967e+01
      vertex   -6.770000e+01 -8.200000e+00 1.546059e+01
    endloop
  endfacet
  facet normal 0.000000e+00 -1.000000e+00 -0.000000e+00
    outer loop
      vertex   -6.770000e+01 -8.200000e+00 1.546059e+01
      vertex   -7.050000e+01 -8.200000e+00 -1.368967e+01
      vertex   -6.770000e+01 -8.200000e+00 -1.207309e+01
    endloop
  endfacet
  facet normal 0.000000e+00 -1.000000e+00 0.000000e+00
    outer loop
      vertex   -6.770000e+01 -8.200000e+00 1.546059e+01
      vertex   -6.770000e+01 -8.200000e+00 -1.207309e+01
      vertex   -6.490000e+01 -8.200000e+00 -1.368967e+01
    endloop
  endfacet
  facet normal 0.000000e+00 -1.000000e+00 0.000000e+00
    outer loop
      vertex   -7.050000e+01 -8.200000e+00 -1.368967e+01
      vertex   -7.050000e+01 -8.200000e+00 1.707717e+01
      vertex   -8.500000e+01 -8.200000e+00 2.500000e+01
    endloop
  endfacet
  facet normal 0.000000e+00 -1.000000e+00 0.000000e+00
    outer loop
      vertex   -8.500000e+01 -8.200000e+00 2.500000e+01
      vertex   -7.050000e+01 -8.200000e+00 1.707717e+01
      vertex   -7.050000e+01 -8.200000e+00 2.031033e+01
    endloop
  endfacet
  facet normal 0.000000e+00 -1.000000e+00 0.000000e+00
    outer loop
      vertex   -8.500000e+01 -8.200000e+00 2.500000e+01
      vertex   -7.050000e+01 -8.200000e+00 2.031033e+01
      vertex   -6.770000e+01 -8.200000e+00 2.192691e+01
    endloop
  endfacet
  facet normal 0.000000e+00 -1.000000e+00 0.000000e+00
    outer loop
      vertex   -6.490000e+01 -8.200000e+00 2.031033e+01
      vertex   -7.500000e+01 -8.200000e+00 3.500000e+01
      vertex   -6.770000e+01 -8.200000e+00 2.192691e+01
    endloop
  endfacet
  facet normal 0.000000e+00 -1.000000e+00 0.000000e+00
    outer loop
      vertex   -6.770000e+01 -8.200000e+00 2.192691e+01
      vertex   -7.500000e+01 -8.200000e+00 3.500000e+01
      vertex   -8.255750e+01 -8.200000e+00 3.154861e+01
    endloop
  endfacet
  facet normal 0.000000e+00 -1.000000e+00 0.000000e+00
    outer loop
      vertex   -6.770000e+01 -8.200000e+00 2.192691e+01
      vertex   -8.255750e+01 -8.200000e+00 3.154861e+01
      vertex   -8.341254e+01 -8.200000e+00 3.040641e+01
    endloop
  endfacet
  facet normal 0.000000e+00 -1.000000e+00 0.000000e+00
    outer loop
      vertex   -6.490000e+01 -8.200000e+00 1.707717e+01
      vertex   6.490000e+01 -8.200000e+00 1.707717e+01
      vertex   -6.490000e+01 -8.200000e+00 2.031033e+01
    endloop
  endfacet
  facet normal 0.000000e+00 -1.000000e+00 0.000000e+00
    outer loop
      vertex   -6.490000e+01 -8.200000e+00 2.031033e+01
      vertex   6.490000e+01 -8.200000e+00 1.707717e+01
      vertex   6.490000e+01 -8.200000e+00 2.031033e+01
    endloop
  endfacet
  facet normal 0.000000e+00 -1.000000e+00 0.000000e+00
    outer loop
      vertex   -6.490000e+01 -8.200000e+00 2.031033e+01
      vertex   6.490000e+01 -8.200000e+00 2.031033e+01
      vertex   -7.500000e+01 -8.200000e+00 3.500000e+01
    endloop
  endfacet
  facet normal 0.000000e+00 -1.000000e+00 0.000000e+00
    outer loop
      vertex   -7.500000e+01 -8.200000e+00 3.500000e+01
      vertex   6.490000e+01 -8.200000e+00 2.031033e+01
      vertex   7.500000e+01 -8.200000e+00 3.500000e+01
    endloop
  endfacet
  facet normal 0.000000e+00 -1.000000e+00 0.000000e+00
    outer loop
      vertex   7.500000e+01 -8.200000e+00 3.500000e+01
      vertex   6.490000e+01 -8.200000e+00 2.031033e+01
      vertex   6.770000e+01 -8.200000e+00 2.192691e+01
    endloop
  endfacet
  facet normal 0.000000e+00 -1.000000e+00 -0.000000e+00
    outer loop
      vertex   7.500000e+01 -8.200000e+00 3.500000e+01
      vertex   6.770000e+01 -8.200000e+00 2.192691e+01
      vertex   8.255750e+01 -8.200000e+00 3.154861e+01
    endloop
  endfacet
  facet normal 0.000000e+00 -1.000000e+00 -0.000000e+00
    outer loop
      vertex   8.255750e+01 -8.200000e+00 3.154861e+01
      vertex   6.770000e+01 -8.200000e+00 2.192691e+01
      vertex   8.341254e+01 -8.200000e+00 3.040641e+01
    endloop
  endfacet
  facet normal 0.000000e+00 -1.000000e+00 -0.000000e+00
    outer loop
      vertex   8.341254e+01 -8.200000e+00 3.040641e+01
      vertex   6.770000e+01 -8.200000e+00 2.192691e+01
      vertex   8.409632e+01 -8.200000e+00 2.915415e+01
    endloop
  endfacet
  facet normal 0.000000e+00 -1.000000e+00 -0.000000e+00
    outer loop
      vertex   8.409632e+01 -8.200000e+00 2.915415e+01
      vertex   6.770000e+01 -8.200000e+00 2.192691e+01
      vertex   8.459493e+01 -8.200000e+00 2.781733e+01
    endloop
  endfacet
  facet normal 0.000000e+00 -1.000000e+00 -0.000000e+00
    outer loop
      vertex   8.459493e+01 -8.200000e+00 2.781733e+01
      vertex   6.770000e+01 -8.200000e+00 2.192691e+01
      vertex   8.489821e+01 -8.200000e+00 2.642315e+01
    endloop
  endfacet
  facet normal 0.000000e+00 -1.000000e+00 -0.000000e+00
    outer loop
      vertex   8.489821e+01 -8.200000e+00 2.642315e+01
      vertex   6.770000e+01 -8.200000e+00 2.192691e+01
      vertex   8.500000e+01 -8.200000e+00 2.500000e+01
    endloop
  endfacet
  facet normal 0.000000e+00 -1.000000e+00 0.000000e+00
    outer loop
      vertex   8.500000e+01 -8.200000e+00 2.500000e+01
      vertex   6.770000e+01 -8.200000e+00 2.192691e+01
      vertex   7.050000e+01 -8.200000e+00 2.031033e+01
    endloop
  endfacet
  facet normal 0.000000e+00 -1.000000e+00 0.000000e+00
    outer loop
      vertex   8.500000e+01 -8.200000e+00 2.500000e+01
      vertex   7.050000e+01 -8.200000e+00 2.031033e+01
      vertex   7.050000e+01 -8.200000e+00 1.707717e+01
    endloop
  endfacet
  facet normal 0.000000e+00 -1.000000e+00 0.000000e+00
    outer loop
      vertex   -6.770000e+01 -8.200000e+00 1.546059e+01
      vertex   -6.490000e+01 -8.200000e+00 -1.368967e+01
      vertex   -6.490000e+01 -8.200000e+00 1.707717e+01
    endloop
  endfacet
  facet normal 0.000000e+00 -1.000000e+00 0.000000e+00
    outer loop
      vertex   -6.490000e+01 -8.200000e+00 1.707717e+01
      vertex   -6.490000e+01 -8.200000e+00 -1.368967e+01
      vertex   6.490000e+01 -8.200000e+00 -1.368967e+01
    endloop
  endfacet
  facet normal 0.000000e+00 -1.000000e+00 0.000000e+00
    outer loop
      vertex   -6.490000e+01 -8.200000e+00 1.707717e+01
      vertex   6.490000e+01 -8.200000e+00 -1.368967e+01
      vertex   6.490000e+01 -8.200000e+00 1.707717e+01
    endloop
  endfacet
  facet normal 0.000000e+00 -1.000000e+00 0.000000e+00
    outer loop
      vertex   6.490000e+01 -8.200000e+00 1.707717e+01
      vertex   6.490000e+01 -8.200000e+00 -1.368967e+01
      vertex   6.770000e+01 -8.200000e+00 1.546059e+01
    endloop
  endfacet
  facet normal 0.000000e+00 -1.000000e+00 -0.000000e+00
    outer loop
      vertex   6.770000e+01 -8.200000e+00 1.546059e+01
      vertex   6.490000e+01 -8.200000e+00 -1.368967e+01
      vertex   6.770000e+01 -8.200000e+00 -1.207309e+01
    endloop
  endfacet
  facet normal 0.000000e+00 -1.000000e+00 0.000000e+00
    outer loop
      vertex   6.770000e+01 -8.200000e+00 1.546059e+01
      vertex   6.770000e+01 -8.200000e+00 -1.207309e+01
      vertex   7.050000e+01 -8.200000e+00 -1.368967e+01
    endloop
  endfacet
  facet normal 0.000000e+00 -1.000000e+00 -0.000000e+00
    outer loop
      vertex   -7.050000e+01 -8.200000e+00 -1.692283e+01
      vertex   -8.500000e+01 -8.200000e+00 -2.500000e+01
      vertex   -6.770000e+01 -8.200000e+00 -1.853941e+01
    endloop
  endfacet
  facet normal 0.000000e+00 -1.000000e+00 0.000000e+00
    outer loop
      vertex   -6.770000e+01 -8.200000e+00 -1.853941e+01
      vertex   -8.500000e+01 -8.200000e+00 -2.500000e+01
      vertex   -8.489821e+01 -8.200000e+00 -2.642315e+01
    endloop
  endfacet
  facet normal 0.000000e+00 -1.000000e+00 0.000000e+00
    outer loop
      vertex   -6.770000e+01 -8.200000e+00 -1.853941e+01
      vertex   -8.489821e+01 -8.200000e+00 -2.642315e+01
      vertex   -8.459493e+01 -8.200000e+00 -2.781733e+01
    endloop
  endfacet
  facet normal -0.000000e+00 -1.000000e+00 0.000000e+00
    outer loop
      vertex   -7.050000e+01 -8.200000e+00 -1.692283e+01
      vertex   -7.050000e+01 -8.200000e+00 -1.368967e+01
      vertex   -8.500000e+01 -8.200000e+00 -2.500000e+01
    endloop
  endfacet
  facet normal 0.000000e+00 -1.000000e+00 0.000000e+00
    outer loop
      vertex   -8.500000e+01 -8.200000e+00 -2.500000e+01
      vertex   -7.050000e+01 -8.200000e+00 -1.368967e+01
      vertex   -8.500000e+01 -8.200000e+00 2.500000e+01
    endloop
  endfacet
  facet normal 0.000000e+00 -1.000000e+00 -0.000000e+00
    outer loop
      vertex   6.490000e+01 -8.200000e+00 -1.368967e+01
      vertex   -6.490000e+01 -8.200000e+00 -1.368967e+01
      vertex   6.490000e+01 -8.200000e+00 -1.692283e+01
    endloop
  endfacet
  facet normal -0.000000e+00 -1.000000e+00 0.000000e+00
    outer loop
      vertex   6.490000e+01 -8.200000e+00 -1.692283e+01
      vertex   -6.490000e+01 -8.200000e+00 -1.368967e+01
      vertex   -6.490000e+01 -8.200000e+00 -1.692283e+01
    endloop
  endfacet
  facet normal 0.000000e+00 -1.000000e+00 -0.000000e+00
    outer loop
      vertex   6.490000e+01 -8.200000e+00 -1.692283e+01
      vertex   -6.490000e+01 -8.200000e+00 -1.692283e+01
      vertex   7.500000e+01 -8.200000e+00 -3.500000e+01
    endloop
  endfacet
  facet normal -0.000000e+00 -1.000000e+00 0.000000e+00
    outer loop
      vertex   7.500000e+01 -8.200000e+00 -3.500000e+01
      vertex   -6.490000e+01 -8.200000e+00 -1.692283e+01
      vertex   -7.500000e+01 -8.200000e+00 -3.500000e+01
    endloop
  endfacet
  facet normal 0.000000e+00 -1.000000e+00 0.000000e+00
    outer loop
      vertex   -7.500000e+01 -8.200000e+00 -3.500000e+01
      vertex   -6.490000e+01 -8.200000e+00 -1.692283e+01
      vertex   -6.770000e+01 -8.200000e+00 -1.853941e+01
    endloop
  endfacet
  facet normal 0.000000e+00 -1.000000e+00 0.000000e+00
    outer loop
      vertex   -7.500000e+01 -8.200000e+00 -3.500000e+01
      vertex   -6.770000e+01 -8.200000e+00 -1.853941e+01
      vertex   -8.409632e+01 -8.200000e+00 -2.915415e+01
    endloop
  endfacet
  facet normal 0.000000e+00 -1.000000e+00 0.000000e+00
    outer loop
      vertex   -8.409632e+01 -8.200000e+00 -2.915415e+01
      vertex   -6.770000e+01 -8.200000e+00 -1.853941e+01
      vertex   -8.459493e+01 -8.200000e+00 -2.781733e+01
    endloop
  endfacet
  facet normal 0.000000e+00 -1.000000e+00 0.000000e+00
    outer loop
      vertex   8.500000e+01 -8.200000e+00 2.500000e+01
      vertex   7.050000e+01 -8.200000e+00 1.707717e+01
      vertex   7.050000e+01 -8.200000e+00 -1.368967e+01
    endloop
  endfacet
  facet normal 0.000000e+00 -1.000000e+00 0.000000e+00
    outer loop
      vertex   7.050000e+01 -8.200000e+00 -1.368967e+01
      vertex   7.050000e+01 -8.200000e+00 1.707717e+01
      vertex   6.770000e+01 -8.200000e+00 1.546059e+01
    endloop
  endfacet
  facet normal 0.000000e+00 -1.000000e+00 0.000000e+00
    outer loop
      vertex   6.490000e+01 -8.200000e+00 -1.692283e+01
      vertex   7.500000e+01 -8.200000e+00 -3.500000e+01
      vertex   6.770000e+01 -8.200000e+00 -1.853941e+01
    endloop
  endfacet
  facet normal 0.000000e+00 -1.000000e+00 0.000000e+00
    outer loop
      vertex   6.770000e+01 -8.200000e+00 -1.853941e+01
      vertex   7.500000e+01 -8.200000e+00 -3.500000e+01
      vertex   8.409632e+01 -8.200000e+00 -2.915415e+01
    endloop
  endfacet
  facet normal 0.000000e+00 -1.000000e+00 0.000000e+00
    outer loop
      vertex   6.770000e+01 -8.200000e+00 -1.853941e+01
      vertex   8.409632e+01 -8.200000e+00 -2.915415e+01
      vertex   8.459493e+01 -8.200000e+00 -2.781733e+01
    endloop
  endfacet
  facet normal 0.000000e+00 -1.000000e+00 -0.000000e+00
    outer loop
      vertex   8.500000e+01 -8.200000e+00 2.500000e+01
      vertex   7.050000e+01 -8.200000e+00 -1.368967e+01
      vertex   8.500000e+01 -8.200000e+00 -2.500000e+01
    endloop
  endfacet
  facet normal 0.000000e+00 -1.000000e+00 0.000000e+00
    outer loop
      vertex   8.500000e+01 -8.200000e+00 -2.500000e+01
      vertex   7.050000e+01 -8.200000e+00 -1.368967e+01
      vertex   7.050000e+01 -8.200000e+00 -1.692283e+01
    endloop
  endfacet
  facet normal 0.000000e+00 -1.000000e+00 0.000000e+00
    outer loop
      vertex   8.500000e+01 -8.200000e+00 -2.500000e+01
      vertex   7.050000e+01 -8.200000e+00 -1.692283e+01
      vertex   6.770000e+01 -8.200000e+00 -1.853941e+01
    endloop
  endfacet
  facet normal 0.000000e+00 -1.000000e+00 0.000000e+00
    outer loop
      vertex   8.255750e+01 -8.200000e+00 3.154861e+01
      vertex   8.154861e+01 -8.200000e+00 3.255750e+01
      vertex   7.500000e+01 -8.200000e+00 3.500000e+01
    endloop
  endfacet
  facet normal 0.000000e+00 -1.000000e+00 0.000000e+00
    outer loop
      vertex   7.500000e+01 -8.200000e+00 3.500000e+01
      vertex   8.154861e+01 -8.200000e+00 3.255750e+01
      vertex   8.040641e+01 -8.200000e+00 3.341254e+01
    endloop
  endfacet
  facet normal 0.000000e+00 -1.000000e+00 0.000000e+00
    outer loop
      vertex   7.500000e+01 -8.200000e+00 3.500000e+01
      vertex   8.040641e+01 -8.200000e+00 3.341254e+01
      vertex   7.915415e+01 -8.200000e+00 3.409632e+01
    endloop
  endfacet
  facet normal 0.000000e+00 -1.000000e+00 0.000000e+00
    outer loop
      vertex   7.915415e+01 -8.200000e+00 3.409632e+01
      vertex   7.781733e+01 -8.200000e+00 3.459493e+01
      vertex   7.500000e+01 -8.200000e+00 3.500000e+01
    endloop
  endfacet
  facet normal 0.000000e+00 -1.000000e+00 0.000000e+00
    outer loop
      vertex   7.500000e+01 -8.200000e+00 3.500000e+01
      vertex   7.781733e+01 -8.200000e+00 3.459493e+01
      vertex   7.642315e+01 -8.200000e+00 3.489821e+01
    endloop
  endfacet
  facet normal 0.000000e+00 -1.000000e+00 -0.000000e+00
    outer loop
      vertex   -7.642315e+01 -8.200000e+00 3.489821e+01
      vertex   -7.781733e+01 -8.200000e+00 3.459493e+01
      vertex   -7.500000e+01 -8.200000e+00 3.500000e+01
    endloop
  endfacet
  facet normal 0.000000e+00 -1.000000e+00 0.000000e+00
    outer loop
      vertex   -7.500000e+01 -8.200000e+00 3.500000e+01
      vertex   -7.781733e+01 -8.200000e+00 3.459493e+01
      vertex   -7.915415e+01 -8.200000e+00 3.409632e+01
    endloop
  endfacet
  facet normal 0.000000e+00 -1.000000e+00 0.000000e+00
    outer loop
      vertex   -7.500000e+01 -8.200000e+00 3.500000e+01
      vertex   -7.915415e+01 -8.200000e+00 3.409632e+01
      vertex   -8.040641e+01 -8.200000e+00 3.341254e+01
    endloop
  endfacet
  facet normal 0.000000e+00 -1.000000e+00 -0.000000e+00
    outer loop
      vertex   -8.040641e+01 -8.200000e+00 3.341254e+01
      vertex   -8.154861e+01 -8.200000e+00 3.255750e+01
      vertex   -7.500000e+01 -8.200000e+00 3.500000e+01
    endloop
  endfacet
  facet normal 0.000000e+00 -1.000000e+00 0.000000e+00
    outer loop
      vertex   -7.500000e+01 -8.200000e+00 3.500000e+01
      vertex   -8.154861e+01 -8.200000e+00 3.255750e+01
      vertex   -8.255750e+01 -8.200000e+00 3.154861e+01
    endloop
  endfacet
  facet normal 0.000000e+00 -1.000000e+00 -0.000000e+00
    outer loop
      vertex   -8.341254e+01 -8.200000e+00 3.040641e+01
      vertex   -8.409632e+01 -8.200000e+00 2.915415e+01
      vertex   -6.770000e+01 -8.200000e+00 2.192691e+01
    endloop
  endfacet
  facet normal 0.000000e+00 -1.000000e+00 0.000000e+00
    outer loop
      vertex   -6.770000e+01 -8.200000e+00 2.192691e+01
      vertex   -8.409632e+01 -8.200000e+00 2.915415e+01
      vertex   -8.459493e+01 -8.200000e+00 2.781733e+01
    endloop
  endfacet
  facet normal 0.000000e+00 -1.000000e+00 0.000000e+00
    outer loop
      vertex   -6.770000e+01 -8.200000e+00 2.192691e+01
      vertex   -8.459493e+01 -8.200000e+00 2.781733e+01
      vertex   -8.489821e+01 -8.200000e+00 2.642315e+01
    endloop
  endfacet
  facet normal 0.000000e+00 -1.000000e+00 -0.000000e+00
    outer loop
      vertex   -8.489821e+01 -8.200000e+00 2.642315e+01
      vertex   -8.500000e+01 -8.200000e+00 2.500000e+01
      vertex   -6.770000e+01 -8.200000e+00 2.192691e+01
    endloop
  endfacet
  facet normal 0.000000e+00 -1.000000e+00 0.000000e+00
    outer loop
      vertex   -8.409632e+01 -8.200000e+00 -2.915415e+01
      vertex   -8.341254e+01 -8.200000e+00 -3.040641e+01
      vertex   -7.500000e+01 -8.200000e+00 -3.500000e+01
    endloop
  endfacet
  facet normal 0.000000e+00 -1.000000e+00 0.000000e+00
    outer loop
      vertex   -7.500000e+01 -8.200000e+00 -3.500000e+01
      vertex   -8.341254e+01 -8.200000e+00 -3.040641e+01
      vertex   -8.255750e+01 -8.200000e+00 -3.154861e+01
    endloop
  endfacet
  facet normal 0.000000e+00 -1.000000e+00 0.000000e+00
    outer loop
      vertex   -7.500000e+01 -8.200000e+00 -3.500000e+01
      vertex   -8.255750e+01 -8.200000e+00 -3.154861e+01
      vertex   -8.154861e+01 -8.200000e+00 -3.255750e+01
    endloop
  endfacet
  facet normal 0.000000e+00 -1.000000e+00 0.000000e+00
    outer loop
      vertex   -8.154861e+01 -8.200000e+00 -3.255750e+01
      vertex   -8.040641e+01 -8.200000e+00 -3.341254e+01
      vertex   -7.500000e+01 -8.200000e+00 -3.500000e+01
    endloop
  endfacet
  facet normal 0.000000e+00 -1.000000e+00 0.000000e+00
    outer loop
      vertex   -7.500000e+01 -8.200000e+00 -3.500000e+01
      vertex   -8.040641e+01 -8.200000e+00 -3.341254e+01
      vertex   -7.915415e+01 -8.200000e+00 -3.409632e+01
    endloop
  endfacet
  facet normal 0.000000e+00 -1.000000e+00 0.000000e+00
    outer loop
      vertex   -7.500000e+01 -8.200000e+00 -3.500000e+01
      vertex   -7.915415e+01 -8.200000e+00 -3.409632e+01
      vertex   -7.781733e+01 -8.200000e+00 -3.459493e+01
    endloop
  endfacet
  facet normal 0.000000e+00 -1.000000e+00 0.000000e+00
    outer loop
      vertex   -7.781733e+01 -8.200000e+00 -3.459493e+01
      vertex   -7.642315e+01 -8.200000e+00 -3.489821e+01
      vertex   -7.500000e+01 -8.200000e+00 -3.500000e+01
    endloop
  endfacet
  facet normal -0.000000e+00 -1.000000e+00 0.000000e+00
    outer loop
      vertex   7.642315e+01 -8.200000e+00 -3.489821e+01
      vertex   7.781733e+01 -8.200000e+00 -3.459493e+01
      vertex   7.500000e+01 -8.200000e+00 -3.500000e+01
    endloop
  endfacet
  facet normal 0.000000e+00 -1.000000e+00 0.000000e+00
    outer loop
      vertex   7.500000e+01 -8.200000e+00 -3.500000e+01
      vertex   7.781733e+01 -8.200000e+00 -3.459493e+01
      vertex   7.915415e+01 -8.200000e+00 -3.409632e+01
    endloop
  endfacet
  facet normal 0.000000e+00 -1.000000e+00 0.000000e+00
    outer loop
      vertex   7.500000e+01 -8.200000e+00 -3.500000e+01
      vertex   7.915415e+01 -8.200000e+00 -3.409632e+01
      vertex   8.040641e+01 -8.200000e+00 -3.341254e+01
    endloop
  endfacet
  facet normal -0.000000e+00 -1.000000e+00 0.000000e+00
    outer loop
      vertex   8.040641e+01 -8.200000e+00 -3.341254e+01
      vertex   8.154861e+01 -8.200000e+00 -3.255750e+01
      vertex   7.500000e+01 -8.200000e+00 -3.500000e+01
    endloop
  endfacet
  facet normal 0.000000e+00 -1.000000e+00 0.000000e+00
    outer loop
      vertex   7.500000e+01 -8.200000e+00 -3.500000e+01
      vertex   8.154861e+01 -8.200000e+00 -3.255750e+01
      vertex   8.255750e+01 -8.200000e+00 -3.154861e+01
    endloop
  endfacet
  facet normal 0.000000e+00 -1.000000e+00 0.000000e+00
    outer loop
      vertex   7.500000e+01 -8.200000e+00 -3.500000e+01
      vertex   8.255750e+01 -8.200000e+00 -3.154861e+01
      vertex   8.341254e+01 -8.200000e+00 -3.040641e+01
    endloop
  endfacet
  facet normal -0.000000e+00 -1.000000e+00 0.000000e+00
    outer loop
      vertex   8.341254e+01 -8.200000e+00 -3.040641e+01
      vertex   8.409632e+01 -8.200000e+00 -2.915415e+01
      vertex   7.500000e+01 -8.200000e+00 -3.500000e+01
    endloop
  endfacet
  facet normal 0.000000e+00 -1.000000e+00 0.000000e+00
    outer loop
      vertex   8.459493e+01 -8.200000e+00 -2.781733e+01
      vertex   8.489821e+01 -8.200000e+00 -2.642315e+01
      vertex   6.770000e+01 -8.200000e+00 -1.853941e+01
    endloop
  endfacet
  facet normal 0.000000e+00 -1.000000e+00 0.000000e+00
    outer loop
      vertex   6.770000e+01 -8.200000e+00 -1.853941e+01
      vertex   8.489821e+01 -8.200000e+00 -2.642315e+01
      vertex   8.500000e+01 -8.200000e+00 -2.500000e+01
    endloop
  endfacet
  facet normal 6.412549e-01 1.295282e-01 7.563165e-01
    outer loop
      vertex   -6.847183e+01 -6.422000e+00 -1.654805e+01
      vertex   -6.860362e+01 -6.331750e+00 -1.645176e+01
      vertex   -6.875246e+01 -6.422000e+00 -1.631011e+01
    endloop
  endfacet
  facet normal 7.114119e-01 -7.682183e-02 6.985639e-01
    outer loop
      vertex   -6.875246e+01 -6.422000e+00 -1.631011e+01
      vertex   -6.860362e+01 -6.331750e+00 -1.645176e+01
      vertex   -6.882440e+01 -6.309187e+00 -1.622444e+01
    endloop
  endfacet
  facet normal 8.110485e-01 7.682183e-02 5.799128e-01
    outer loop
      vertex   -6.875246e+01 -6.422000e+00 -1.631011e+01
      vertex   -6.882440e+01 -6.309187e+00 -1.622444e+01
      vertex   -6.893819e+01 -6.399437e+00 -1.605335e+01
    endloop
  endfacet
  facet normal 8.484194e-01 -7.682183e-02 5.237202e-01
    outer loop
      vertex   -6.893819e+01 -6.399437e+00 -1.605335e+01
      vertex   -6.882440e+01 -6.309187e+00 -1.622444e+01
      vertex   -6.898938e+01 -6.286625e+00 -1.595388e+01
    endloop
  endfacet
  facet normal 9.193138e-01 7.682183e-02 3.859540e-01
    outer loop
      vertex   -6.893819e+01 -6.399437e+00 -1.605335e+01
      vertex   -6.898938e+01 -6.286625e+00 -1.595388e+01
      vertex   -6.906246e+01 -6.376875e+00 -1.576184e+01
    endloop
  endfacet
  facet normal 9.433163e-01 -7.682183e-02 3.228820e-01
    outer loop
      vertex   -6.906246e+01 -6.376875e+00 -1.576184e+01
      vertex   -6.898938e+01 -6.286625e+00 -1.595388e+01
      vertex   -6.909035e+01 -6.264062e+00 -1.565350e+01
    endloop
  endfacet
  facet normal 9.819497e-01 7.682183e-02 1.728386e-01
    outer loop
      vertex   -6.906246e+01 -6.376875e+00 -1.576184e+01
      vertex   -6.909035e+01 -6.264062e+00 -1.565350e+01
      vertex   -6.911910e+01 -6.354312e+00 -1.545005e+01
    endloop
  endfacet
  facet normal 9.913923e-01 -7.682183e-02 1.060177e-01
    outer loop
      vertex   -6.911910e+01 -6.354312e+00 -1.545005e+01
      vertex   -6.909035e+01 -6.264062e+00 -1.565350e+01
      vertex   -6.912232e+01 -6.241500e+00 -1.533822e+01
    endloop
  endfacet
  facet normal 9.958472e-01 7.682183e-02 -4.885549e-02
    outer loop
      vertex   -6.911910e+01 -6.354312e+00 -1.545005e+01
      vertex   -6.912232e+01 -6.241500e+00 -1.533822e+01
      vertex   -6.910531e+01 -6.331750e+00 -1.513346e+01
    endloop
  endfacet
  facet normal 9.902612e-01 -7.682183e-02 -1.161087e-01
    outer loop
      vertex   -6.910531e+01 -6.331750e+00 -1.513346e+01
      vertex   -6.912232e+01 -6.241500e+00 -1.533822e+01
      vertex   -6.908369e+01 -6.218937e+00 -1.502369e+01
    endloop
  endfacet
  facet normal 9.603164e-01 7.682183e-02 -2.681247e-01
    outer loop
      vertex   -6.910531e+01 -6.331750e+00 -1.513346e+01
      vertex   -6.908369e+01 -6.218937e+00 -1.502369e+01
      vertex   -6.902177e+01 -6.309187e+00 -1.482777e+01
    endloop
  endfacet
  facet normal 9.399791e-01 -7.682183e-02 -3.324721e-01
    outer loop
      vertex   -6.902177e+01 -6.309187e+00 -1.482777e+01
      vertex   -6.908369e+01 -6.218937e+00 -1.502369e+01
      vertex   -6.897638e+01 -6.196375e+00 -1.472552e+01
    endloop
  endfacet
  facet normal 8.771210e-01 7.682183e-02 -4.740857e-01
    outer loop
      vertex   -6.902177e+01 -6.309187e+00 -1.482777e+01
      vertex   -6.897638e+01 -6.196375e+00 -1.472552e+01
      vertex   -6.887262e+01 -6.286625e+00 -1.454817e+01
    endloop
  endfacet
  facet normal 8.430418e-01 -7.682183e-02 -5.323335e-01
    outer loop
      vertex   -6.887262e+01 -6.286625e+00 -1.454817e+01
      vertex   -6.897638e+01 -6.196375e+00 -1.472552e+01
      vertex   -6.880572e+01 -6.173812e+00 -1.445851e+01
    endloop
  endfacet
  facet normal 7.503902e-01 7.682183e-02 -6.565157e-01
    outer loop
      vertex   -6.887262e+01 -6.286625e+00 -1.454817e+01
      vertex   -6.880572e+01 -6.173812e+00 -1.445851e+01
      vertex   -6.866527e+01 -6.264062e+00 -1.430853e+01
    endloop
  endfacet
  facet normal 7.042607e-01 -7.682183e-02 -7.057728e-01
    outer loop
      vertex   -6.866527e+01 -6.264062e+00 -1.430853e+01
      vertex   -6.880572e+01 -6.173812e+00 -1.445851e+01
      vertex   -6.858018e+01 -6.151250e+00 -1.423591e+01
    endloop
  endfacet
  facet normal 5.864144e-01 7.682183e-02 -8.063601e-01
    outer loop
      vertex   -6.866527e+01 -6.264062e+00 -1.430853e+01
      vertex   -6.858018e+01 -6.151250e+00 -1.423591e+01
      vertex   -6.841001e+01 -6.241500e+00 -1.412075e+01
    endloop
  endfacet
  facet normal 5.305241e-01 -7.682183e-02 -8.441816e-01
    outer loop
      vertex   -6.841001e+01 -6.241500e+00 -1.412075e+01
      vertex   -6.858018e+01 -6.151250e+00 -1.423591e+01
      vertex   -6.831095e+01 -6.128687e+00 -1.406876e+01
    endloop
  endfacet
  facet normal 3.933322e-01 7.682183e-02 -9.161813e-01
    outer loop
      vertex   -6.841001e+01 -6.241500e+00 -1.412075e+01
      vertex   -6.831095e+01 -6.128687e+00 -1.406876e+01
      vertex   -6.811951e+01 -6.218937e+00 -1.399414e+01
    endloop
  endfacet
  facet normal 3.304553e-01 -7.682183e-02 -9.406900e-01
    outer loop
      vertex   -6.811951e+01 -6.218937e+00 -1.399414e+01
      vertex   -6.831095e+01 -6.128687e+00 -1.406876e+01
      vertex   -6.801140e+01 -6.106125e+00 -1.396538e+01
    endloop
  endfacet
  facet normal 1.807273e-01 7.682183e-02 -9.805285e-01
    outer loop
      vertex   -6.811951e+01 -6.218937e+00 -1.399414e+01
      vertex   -6.801140e+01 -6.106125e+00 -1.396538e+01
      vertex   -6.780818e+01 -6.196375e+00 -1.393499e+01
    endloop
  endfacet
  facet normal 1.139845e-01 -7.682183e-02 -9.905079e-01
    outer loop
      vertex   -6.780818e+01 -6.196375e+00 -1.393499e+01
      vertex   -6.801140e+01 -6.106125e+00 -1.396538e+01
      vertex   -6.769639e+01 -6.083562e+00 -1.393088e+01
    endloop
  endfacet
  facet normal -4.084788e-02 7.682183e-02 -9.962077e-01
    outer loop
      vertex   -6.780818e+01 -6.196375e+00 -1.393499e+01
      vertex   -6.769639e+01 -6.083562e+00 -1.393088e+01
      vertex   -6.749149e+01 -6.173812e+00 -1.394624e+01
    endloop
  endfacet
  facet normal -1.081438e-01 -7.682183e-02 -9.911626e-01
    outer loop
      vertex   -6.749149e+01 -6.173812e+00 -1.394624e+01
      vertex   -6.769639e+01 -6.083562e+00 -1.393088e+01
      vertex   -6.738156e+01 -6.061000e+00 -1.396697e+01
    endloop
  endfacet
  facet normal -2.603956e-01 7.682183e-02 -9.624409e-01
    outer loop
      vertex   -6.749149e+01 -6.173812e+00 -1.394624e+01
      vertex   -6.738156e+01 -6.061000e+00 -1.396697e+01
      vertex   -6.718515e+01 -6.151250e+00 -1.402732e+01
    endloop
  endfacet
  facet normal -3.249044e-01 -7.682183e-02 -9.426216e-01
    outer loop
      vertex   -6.718515e+01 -6.151250e+00 -1.402732e+01
      vertex   -6.738156e+01 -6.061000e+00 -1.396697e+01
      vertex   -6.708253e+01 -6.038437e+00 -1.407188e+01
    endloop
  endfacet
  facet normal -4.670188e-01 7.682183e-02 -8.809040e-01
    outer loop
      vertex   -6.718515e+01 -6.151250e+00 -1.402732e+01
      vertex   -6.708253e+01 -6.038437e+00 -1.407188e+01
      vertex   -6.690436e+01 -6.128687e+00 -1.417421e+01
    endloop
  endfacet
  facet normal -5.255387e-01 -7.682183e-02 -8.472942e-01
    outer loop
      vertex   -6.690436e+01 -6.128687e+00 -1.417421e+01
      vertex   -6.708253e+01 -6.038437e+00 -1.407188e+01
      vertex   -6.681416e+01 -6.015875e+00 -1.424039e+01
    endloop
  endfacet
  facet normal -6.504618e-01 7.682183e-02 -7.556440e-01
    outer loop
      vertex   -6.690436e+01 -6.128687e+00 -1.417421e+01
      vertex   -6.681416e+01 -6.015875e+00 -1.424039e+01
      vertex   -6.666306e+01 -6.106125e+00 -1.437963e+01
    endloop
  endfacet
  facet normal -7.000882e-01 -7.682183e-02 -7.099119e-01
    outer loop
      vertex   -6.666306e+01 -6.106125e+00 -1.437963e+01
      vertex   -6.681416e+01 -6.015875e+00 -1.424039e+01
      vertex   -6.658975e+01 -5.993312e+00 -1.446413e+01
    endloop
  endfacet
  facet normal -8.016196e-01 7.682183e-02 -5.928781e-01
    outer loop
      vertex   -6.666306e+01 -6.106125e+00 -1.437963e+01
      vertex   -6.658975e+01 -5.993312e+00 -1.446413e+01
      vertex   -6.647323e+01 -6.083562e+00 -1.463338e+01
    endloop
  endfacet
  facet normal -8.398892e-01 -7.682183e-02 -5.372937e-01
    outer loop
      vertex   -6.647323e+01 -6.083562e+00 -1.463338e+01
      vertex   -6.658975e+01 -5.993312e+00 -1.446413e+01
      vertex   -6.642045e+01 -5.970750e+00 -1.473201e+01
    endloop
  endfacet
  facet normal -9.129895e-01 7.682183e-02 -4.006851e-01
    outer loop
      vertex   -6.647323e+01 -6.083562e+00 -1.463338e+01
      vertex   -6.642045e+01 -5.970750e+00 -1.473201e+01
      vertex   -6.634429e+01 -6.061000e+00 -1.492285e+01
    endloop
  endfacet
  facet normal -9.380030e-01 -7.682183e-02 -3.380072e-01
    outer loop
      vertex   -6.634429e+01 -6.061000e+00 -1.492285e+01
      vertex   -6.642045e+01 -5.970750e+00 -1.473201e+01
      vertex   -6.631465e+01 -5.948187e+00 -1.503072e+01
    endloop
  endfacet
  facet normal -9.790438e-01 7.682183e-02 -1.886044e-01
    outer loop
      vertex   -6.634429e+01 -6.061000e+00 -1.492285e+01
      vertex   -6.631465e+01 -5.948187e+00 -1.503072e+01
      vertex   -6.628264e+01 -6.038437e+00 -1.523369e+01
    endloop
  endfacet
  facet normal -9.895595e-01 -7.682183e-02 -1.219439e-01
    outer loop
      vertex   -6.628264e+01 -6.038437e+00 -1.523369e+01
      vertex   -6.631465e+01 -5.948187e+00 -1.503072e+01
      vertex   -6.627762e+01 -5.925625e+00 -1.534545e+01
    endloop
  endfacet
  facet normal -9.965039e-01 7.682183e-02 3.283762e-02
    outer loop
      vertex   -6.628264e+01 -6.038437e+00 -1.523369e+01
      vertex   -6.627762e+01 -5.925625e+00 -1.534545e+01
      vertex   -6.629133e+01 -6.015875e+00 -1.555046e+01
    endloop
  endfacet
  facet normal -9.920000e-01 -7.682183e-02 1.001719e-01
    outer loop
      vertex   -6.629133e+01 -6.015875e+00 -1.555046e+01
      vertex   -6.627762e+01 -5.925625e+00 -1.534545e+01
      vertex   -6.631119e+01 -5.903062e+00 -1.566056e+01
    endloop
  endfacet
  facet normal -9.645032e-01 7.682183e-02 2.526497e-01
    outer loop
      vertex   -6.629133e+01 -6.015875e+00 -1.555046e+01
      vertex   -6.631119e+01 -5.903062e+00 -1.566056e+01
      vertex   -6.636995e+01 -5.993312e+00 -1.585745e+01
    endloop
  endfacet
  facet normal -9.452032e-01 -7.682183e-02 3.173158e-01
    outer loop
      vertex   -6.636995e+01 -5.993312e+00 -1.585745e+01
      vertex   -6.631119e+01 -5.903062e+00 -1.566056e+01
      vertex   -6.641369e+01 -5.880500e+00 -1.596041e+01
    endloop
  endfacet
  facet normal -8.846301e-01 7.682183e-02 4.599217e-01
    outer loop
      vertex   -6.636995e+01 -5.993312e+00 -1.585745e+01
      vertex   -6.641369e+01 -5.880500e+00 -1.596041e+01
      vertex   -6.651459e+01 -5.970750e+00 -1.613941e+01
    endloop
  endfacet
  facet normal -8.514919e-01 -7.682183e-02 5.187099e-01
    outer loop
      vertex   -6.651459e+01 -5.970750e+00 -1.613941e+01
      vertex   -6.641369e+01 -5.880500e+00 -1.596041e+01
      vertex   -6.658003e+01 -5.857937e+00 -1.623014e+01
    endloop
  endfacet
  facet normal -7.608489e-01 7.682183e-02 6.443659e-01
    outer loop
      vertex   -6.651459e+01 -5.970750e+00 -1.613941e+01
      vertex   -6.658003e+01 -5.857937e+00 -1.623014e+01
      vertex   -6.671806e+01 -5.948187e+00 -1.638235e+01
    endloop
  endfacet
  facet normal -7.155173e-01 -7.682183e-02 6.943583e-01
    outer loop
      vertex   -6.671806e+01 -5.948187e+00 -1.638235e+01
      vertex   -6.658003e+01 -5.857937e+00 -1.623014e+01
      vertex   -6.680197e+01 -5.835375e+00 -1.645634e+01
    endloop
  endfacet
  facet normal -5.993035e-01 7.682183e-02 7.968273e-01
    outer loop
      vertex   -6.671806e+01 -5.948187e+00 -1.638235e+01
      vertex   -6.680197e+01 -5.835375e+00 -1.645634e+01
      vertex   -6.697027e+01 -5.925625e+00 -1.657422e+01
    endloop
  endfacet
  facet normal -5.440285e-01 -7.682183e-02 8.355426e-01
    outer loop
      vertex   -6.697027e+01 -5.925625e+00 -1.657422e+01
      vertex   -6.680197e+01 -5.835375e+00 -1.645634e+01
      vertex   -6.706847e+01 -5.812812e+00 -1.662779e+01
    endloop
  endfacet
  facet normal -4.080121e-01 7.682183e-02 9.097387e-01
    outer loop
      vertex   -6.697027e+01 -5.925625e+00 -1.657422e+01
      vertex   -6.706847e+01 -5.812812e+00 -1.662779e+01
      vertex   -6.725869e+01 -5.903062e+00 -1.670548e+01
    endloop
  endfacet
  facet normal -3.455373e-01 -7.682183e-02 9.352553e-01
    outer loop
      vertex   -6.725869e+01 -5.903062e+00 -1.670548e+01
      vertex   -6.706847e+01 -5.812812e+00 -1.662779e+01
      vertex   -6.736633e+01 -5.790250e+00 -1.673598e+01
    endloop
  endfacet
  facet normal -1.964692e-01 7.682183e-02 9.774959e-01
    outer loop
      vertex   -6.725869e+01 -5.903062e+00 -1.670548e+01
      vertex   -6.736633e+01 -5.790250e+00 -1.673598e+01
      vertex   -6.756903e+01 -5.880500e+00 -1.676963e+01
    endloop
  endfacet
  facet normal -1.298955e-01 -7.682183e-02 9.885472e-01
    outer loop
      vertex   -6.756903e+01 -5.880500e+00 -1.676963e+01
      vertex   -6.736633e+01 -5.790250e+00 -1.673598e+01
      vertex   -6.768074e+01 -5.767687e+00 -1.677554e+01
    endloop
  endfacet
  facet normal 2.482525e-02 7.682183e-02 9.967357e-01
    outer loop
      vertex   -6.756903e+01 -5.880500e+00 -1.676963e+01
      vertex   -6.768074e+01 -5.767687e+00 -1.677554e+01
      vertex   -6.788586e+01 -5.857937e+00 -1.676348e+01
    endloop
  endfacet
  facet normal 9.219358e-02 -7.682183e-02 9.927733e-01
    outer loop
      vertex   -6.788586e+01 -5.857937e+00 -1.676348e+01
      vertex   -6.768074e+01 -5.767687e+00 -1.677554e+01
      vertex   -6.799611e+01 -5.745125e+00 -1.674451e+01
    endloop
  endfacet
  facet normal 2.448875e-01 7.682183e-02 9.665032e-01
    outer loop
      vertex   -6.788586e+01 -5.857937e+00 -1.676348e+01
      vertex   -6.799611e+01 -5.745125e+00 -1.674451e+01
      vertex   -6.819347e+01 -5.835375e+00 -1.668733e+01
    endloop
  endfacet
  facet normal 3.097067e-01 -7.682183e-02 9.477237e-01
    outer loop
      vertex   -6.819347e+01 -5.835375e+00 -1.668733e+01
      vertex   -6.799611e+01 -5.745125e+00 -1.674451e+01
      vertex   -6.829678e+01 -5.722562e+00 -1.664442e+01
    endloop
  endfacet
  facet normal 4.527950e-01 7.682183e-02 8.882990e-01
    outer loop
      vertex   -6.819347e+01 -5.835375e+00 -1.668733e+01
      vertex   -6.829678e+01 -5.722562e+00 -1.664442e+01
      vertex   -6.847658e+01 -5.812812e+00 -1.654497e+01
    endloop
  endfacet
  facet normal 5.118477e-01 -7.682183e-02 8.556345e-01
    outer loop
      vertex   -6.847658e+01 -5.812812e+00 -1.654497e+01
      vertex   -6.829678e+01 -5.722562e+00 -1.664442e+01
      vertex   -6.856784e+01 -5.700000e+00 -1.648025e+01
    endloop
  endfacet
  facet normal 6.382282e-01 7.682183e-02 7.660046e-01
    outer loop
      vertex   -6.847658e+01 -5.812812e+00 -1.654497e+01
      vertex   -6.856784e+01 -5.700000e+00 -1.648025e+01
      vertex   -6.872115e+01 -5.790250e+00 -1.634346e+01
    endloop
  endfacet
  facet normal 7.015091e-01 -1.295282e-01 7.007905e-01
    outer loop
      vertex   -6.872115e+01 -5.790250e+00 -1.634346e+01
      vertex   -6.856784e+01 -5.700000e+00 -1.648025e+01
      vertex   -6.882787e+01 -5.700000e+00 -1.621995e+01
    endloop
  endfacet
  facet normal 7.908742e-01 1.117619e-01 6.016870e-01
    outer loop
      vertex   -6.872115e+01 -5.790250e+00 -1.634346e+01
      vertex   -6.882787e+01 -5.700000e+00 -1.621995e+01
      vertex   -6.891504e+01 -5.767687e+00 -1.609280e+01
    endloop
  endfacet
  facet normal 8.525951e-01 -1.692707e-01 4.943976e-01
    outer loop
      vertex   -6.891504e+01 -5.767687e+00 -1.609280e+01
      vertex   -6.882787e+01 -5.700000e+00 -1.621995e+01
      vertex   -6.901244e+01 -5.700000e+00 -1.590166e+01
    endloop
  endfacet
  facet normal 9.014031e-01 1.462788e-01 4.075229e-01
    outer loop
      vertex   -6.891504e+01 -5.767687e+00 -1.609280e+01
      vertex   -6.901244e+01 -5.700000e+00 -1.590166e+01
      vertex   -6.904862e+01 -5.745125e+00 -1.580543e+01
    endloop
  endfacet
  facet normal 9.436714e-01 -2.081597e-01 2.572037e-01
    outer loop
      vertex   -6.904862e+01 -5.745125e+00 -1.580543e+01
      vertex   -6.901244e+01 -5.700000e+00 -1.590166e+01
      vertex   -6.910919e+01 -5.700000e+00 -1.554668e+01
    endloop
  endfacet
  facet normal 9.642441e-01 1.802397e-01 1.942857e-01
    outer loop
      vertex   -6.904862e+01 -5.745125e+00 -1.580543e+01
      vertex   -6.910919e+01 -5.700000e+00 -1.554668e+01
      vertex   -6.911526e+01 -5.722562e+00 -1.549563e+01
    endloop
  endfacet
  facet normal 9.692435e-01 -2.460182e-01 6.490809e-03
    outer loop
      vertex   -6.911526e+01 -5.722562e+00 -1.549563e+01
      vertex   -6.910919e+01 -5.700000e+00 -1.554668e+01
      vertex   -6.911165e+01 -5.700000e+00 -1.517875e+01
    endloop
  endfacet
  facet normal 5.351945e-01 -1.117619e-01 8.373029e-01
    outer loop
      vertex   -6.860362e+01 -6.331750e+00 -1.645176e+01
      vertex   -6.847183e+01 -6.422000e+00 -1.654805e+01
      vertex   -6.833799e+01 -6.354312e+00 -1.662457e+01
    endloop
  endfacet
  facet normal 4.232295e-01 1.692707e-01 8.900698e-01
    outer loop
      vertex   -6.833799e+01 -6.354312e+00 -1.662457e+01
      vertex   -6.847183e+01 -6.422000e+00 -1.654805e+01
      vertex   -6.813955e+01 -6.422000e+00 -1.670605e+01
    endloop
  endfacet
  facet normal 3.326643e-01 -1.462788e-01 9.316314e-01
    outer loop
      vertex   -6.833799e+01 -6.354312e+00 -1.662457e+01
      vertex   -6.813955e+01 -6.422000e+00 -1.670605e+01
      vertex   -6.804069e+01 -6.376875e+00 -1.673427e+01
    endloop
  endfacet
  facet normal 1.793990e-01 2.081597e-01 9.615017e-01
    outer loop
      vertex   -6.804069e+01 -6.376875e+00 -1.673427e+01
      vertex   -6.813955e+01 -6.422000e+00 -1.670605e+01
      vertex   -6.777786e+01 -6.422000e+00 -1.677354e+01
    endloop
  endfacet
  facet normal 1.150130e-01 -1.802397e-01 9.768755e-01
    outer loop
      vertex   -6.804069e+01 -6.376875e+00 -1.673427e+01
      vertex   -6.777786e+01 -6.422000e+00 -1.677354e+01
      vertex   -6.772648e+01 -6.399437e+00 -1.677542e+01
    endloop
  endfacet
  facet normal -7.256418e-02 2.460182e-01 9.665451e-01
    outer loop
      vertex   -6.772648e+01 -6.399437e+00 -1.677542e+01
      vertex   -6.777786e+01 -6.422000e+00 -1.677354e+01
      vertex   -6.741096e+01 -6.422000e+00 -1.674599e+01
    endloop
  endfacet
  facet normal -2.097090e-01 -8.588102e-01 4.674047e-01
    outer loop
      vertex   -6.716930e+01 -6.422000e+00 -1.663757e+01
      vertex   -6.738454e+01 -6.264062e+00 -1.644395e+01
      vertex   -6.741096e+01 -6.422000e+00 -1.674599e+01
    endloop
  endfacet
  facet normal -1.590168e-01 -8.691115e-01 4.683575e-01
    outer loop
      vertex   -6.741096e+01 -6.422000e+00 -1.674599e+01
      vertex   -6.738454e+01 -6.264062e+00 -1.644395e+01
      vertex   -6.763384e+01 -6.241500e+00 -1.648672e+01
    endloop
  endfacet
  facet normal -1.082673e-01 -8.571089e-01 5.036293e-01
    outer loop
      vertex   -6.741096e+01 -6.422000e+00 -1.674599e+01
      vertex   -6.763384e+01 -6.241500e+00 -1.648672e+01
      vertex   -6.772648e+01 -6.399437e+00 -1.677542e+01
    endloop
  endfacet
  facet normal -5.137558e-02 -8.691115e-01 4.919407e-01
    outer loop
      vertex   -6.772648e+01 -6.399437e+00 -1.677542e+01
      vertex   -6.763384e+01 -6.241500e+00 -1.648672e+01
      vertex   -6.788643e+01 -6.218937e+00 -1.647324e+01
    endloop
  endfacet
  facet normal 5.923632e-03 -8.571089e-01 5.151012e-01
    outer loop
      vertex   -6.772648e+01 -6.399437e+00 -1.677542e+01
      vertex   -6.788643e+01 -6.218937e+00 -1.647324e+01
      vertex   -6.804069e+01 -6.376875e+00 -1.673427e+01
    endloop
  endfacet
  facet normal 5.881562e-02 -8.691115e-01 4.911068e-01
    outer loop
      vertex   -6.804069e+01 -6.376875e+00 -1.673427e+01
      vertex   -6.788643e+01 -6.218937e+00 -1.647324e+01
      vertex   -6.812977e+01 -6.196375e+00 -1.640417e+01
    endloop
  endfacet
  facet normal 1.198206e-01 -8.571089e-01 5.010063e-01
    outer loop
      vertex   -6.804069e+01 -6.376875e+00 -1.673427e+01
      vertex   -6.812977e+01 -6.196375e+00 -1.640417e+01
      vertex   -6.833799e+01 -6.354312e+00 -1.662457e+01
    endloop
  endfacet
  facet normal 1.660876e-01 -8.691115e-01 4.658970e-01
    outer loop
      vertex   -6.833799e+01 -6.354312e+00 -1.662457e+01
      vertex   -6.812977e+01 -6.196375e+00 -1.640417e+01
      vertex   -6.835177e+01 -6.173812e+00 -1.628294e+01
    endloop
  endfacet
  facet normal 2.277703e-01 -8.571089e-01 4.620444e-01
    outer loop
      vertex   -6.833799e+01 -6.354312e+00 -1.662457e+01
      vertex   -6.835177e+01 -6.173812e+00 -1.628294e+01
      vertex   -6.860362e+01 -6.331750e+00 -1.645176e+01
    endloop
  endfacet
  facet normal 2.651158e-01 -8.691115e-01 4.175628e-01
    outer loop
      vertex   -6.860362e+01 -6.331750e+00 -1.645176e+01
      vertex   -6.835177e+01 -6.173812e+00 -1.628294e+01
      vertex   -6.854143e+01 -6.151250e+00 -1.611556e+01
    endloop
  endfacet
  facet normal 3.244148e-01 -8.571089e-01 4.001491e-01
    outer loop
      vertex   -6.860362e+01 -6.331750e+00 -1.645176e+01
      vertex   -6.854143e+01 -6.151250e+00 -1.611556e+01
      vertex   -6.882440e+01 -6.309187e+00 -1.622444e+01
    endloop
  endfacet
  facet normal 3.509853e-01 -8.691115e-01 3.485032e-01
    outer loop
      vertex   -6.882440e+01 -6.309187e+00 -1.622444e+01
      vertex   -6.854143e+01 -6.151250e+00 -1.611556e+01
      vertex   -6.868932e+01 -6.128687e+00 -1.591035e+01
    endloop
  endfacet
  facet normal 4.049572e-01 -8.571089e-01 3.183928e-01
    outer loop
      vertex   -6.882440e+01 -6.309187e+00 -1.622444e+01
      vertex   -6.868932e+01 -6.128687e+00 -1.591035e+01
      vertex   -6.898938e+01 -6.286625e+00 -1.595388e+01
    endloop
  endfacet
  facet normal 4.194338e-01 -8.691115e-01 2.621458e-01
    outer loop
      vertex   -6.898938e+01 -6.286625e+00 -1.595388e+01
      vertex   -6.868932e+01 -6.128687e+00 -1.591035e+01
      vertex   -6.878810e+01 -6.106125e+00 -1.567749e+01
    endloop
  endfacet
  facet normal 4.653998e-01 -8.571089e-01 2.208332e-01
    outer loop
      vertex   -6.898938e+01 -6.286625e+00 -1.595388e+01
      vertex   -6.878810e+01 -6.106125e+00 -1.567749e+01
      vertex   -6.909035e+01 -6.264062e+00 -1.565350e+01
    endloop
  endfacet
  facet normal 4.670640e-01 -8.691115e-01 1.627770e-01
    outer loop
      vertex   -6.909035e+01 -6.264062e+00 -1.565350e+01
      vertex   -6.878810e+01 -6.106125e+00 -1.567749e+01
      vertex   -6.883288e+01 -6.083562e+00 -1.542854e+01
    endloop
  endfacet
  facet normal 5.027427e-01 -8.571089e-01 1.123127e-01
    outer loop
      vertex   -6.909035e+01 -6.264062e+00 -1.565350e+01
      vertex   -6.883288e+01 -6.083562e+00 -1.542854e+01
      vertex   -6.912232e+01 -6.241500e+00 -1.533822e+01
    endloop
  endfacet
  facet normal 4.915118e-01 -8.691115e-01 5.532884e-02
    outer loop
      vertex   -6.912232e+01 -6.241500e+00 -1.533822e+01
      vertex   -6.883288e+01 -6.083562e+00 -1.542854e+01
      vertex   -6.882143e+01 -6.061000e+00 -1.517585e+01
    endloop
  endfacet
  facet normal 5.151322e-01 -8.571089e-01 -1.782325e-03
    outer loop
      vertex   -6.912232e+01 -6.241500e+00 -1.533822e+01
      vertex   -6.882143e+01 -6.061000e+00 -1.517585e+01
      vertex   -6.908369e+01 -6.218937e+00 -1.502369e+01
    endloop
  endfacet
  facet normal 4.915637e-01 -8.691115e-01 -5.486551e-02
    outer loop
      vertex   -6.908369e+01 -6.218937e+00 -1.502369e+01
      vertex   -6.882143e+01 -6.061000e+00 -1.517585e+01
      vertex   -6.875432e+01 -6.038437e+00 -1.493196e+01
    endloop
  endfacet
  facet normal 5.019534e-01 -8.571089e-01 -1.157889e-01
    outer loop
      vertex   -6.908369e+01 -6.218937e+00 -1.502369e+01
      vertex   -6.875432e+01 -6.038437e+00 -1.493196e+01
      vertex   -6.897638e+01 -6.196375e+00 -1.472552e+01
    endloop
  endfacet
  facet normal 4.672172e-01 -8.691115e-01 -1.623366e-01
    outer loop
      vertex   -6.897638e+01 -6.196375e+00 -1.472552e+01
      vertex   -6.875432e+01 -6.038437e+00 -1.493196e+01
      vertex   -6.863488e+01 -6.015875e+00 -1.470899e+01
    endloop
  endfacet
  facet normal 4.638606e-01 -8.571089e-01 -2.240484e-01
    outer loop
      vertex   -6.897638e+01 -6.196375e+00 -1.472552e+01
      vertex   -6.863488e+01 -6.015875e+00 -1.470899e+01
      vertex   -6.880572e+01 -6.173812e+00 -1.445851e+01
    endloop
  endfacet
  facet normal 4.196807e-01 -8.691115e-01 -2.617503e-01
    outer loop
      vertex   -6.880572e+01 -6.173812e+00 -1.445851e+01
      vertex   -6.863488e+01 -6.015875e+00 -1.470899e+01
      vertex   -6.846903e+01 -5.993312e+00 -1.451800e+01
    endloop
  endfacet
  facet normal 4.027443e-01 -8.571089e-01 -3.211874e-01
    outer loop
      vertex   -6.880572e+01 -6.173812e+00 -1.445851e+01
      vertex   -6.846903e+01 -5.993312e+00 -1.451800e+01
      vertex   -6.858018e+01 -6.151250e+00 -1.423591e+01
    endloop
  endfacet
  facet normal 3.513136e-01 -8.691115e-01 -3.481722e-01
    outer loop
      vertex   -6.858018e+01 -6.151250e+00 -1.423591e+01
      vertex   -6.846903e+01 -5.993312e+00 -1.451800e+01
      vertex   -6.826502e+01 -5.970750e+00 -1.436846e+01
    endloop
  endfacet
  facet normal 3.216381e-01 -8.571089e-01 -4.023844e-01
    outer loop
      vertex   -6.858018e+01 -6.151250e+00 -1.423591e+01
      vertex   -6.826502e+01 -5.970750e+00 -1.436846e+01
      vertex   -6.831095e+01 -6.128687e+00 -1.406876e+01
    endloop
  endfacet
  facet normal 2.655093e-01 -8.691115e-01 -4.173127e-01
    outer loop
      vertex   -6.831095e+01 -6.128687e+00 -1.406876e+01
      vertex   -6.826502e+01 -5.970750e+00 -1.436846e+01
      vertex   -6.803296e+01 -5.948187e+00 -1.426781e+01
    endloop
  endfacet
  facet normal 2.245676e-01 -8.571089e-01 -4.636094e-01
    outer loop
      vertex   -6.831095e+01 -6.128687e+00 -1.406876e+01
      vertex   -6.803296e+01 -5.948187e+00 -1.426781e+01
      vertex   -6.801140e+01 -6.106125e+00 -1.396538e+01
    endloop
  endfacet
  facet normal 1.665266e-01 -8.691115e-01 -4.657403e-01
    outer loop
      vertex   -6.801140e+01 -6.106125e+00 -1.396538e+01
      vertex   -6.803296e+01 -5.948187e+00 -1.426781e+01
      vertex   -6.778437e+01 -5.925625e+00 -1.422103e+01
    endloop
  endfacet
  facet normal 1.163509e-01 -8.571089e-01 -5.018235e-01
    outer loop
      vertex   -6.801140e+01 -6.106125e+00 -1.396538e+01
      vertex   -6.778437e+01 -5.925625e+00 -1.422103e+01
      vertex   -6.769639e+01 -6.083562e+00 -1.393088e+01
    endloop
  endfacet
  facet normal 5.927852e-02 -8.691115e-01 -4.910511e-01
    outer loop
      vertex   -6.769639e+01 -6.083562e+00 -1.393088e+01
      vertex   -6.778437e+01 -5.925625e+00 -1.422103e+01
      vertex   -6.753160e+01 -5.903062e+00 -1.423045e+01
    endloop
  endfacet
  facet normal 2.359098e-03 -8.571089e-01 -5.151298e-01
    outer loop
      vertex   -6.769639e+01 -6.083562e+00 -1.393088e+01
      vertex   -6.753160e+01 -5.903062e+00 -1.423045e+01
      vertex   -6.738156e+01 -6.061000e+00 -1.396697e+01
    endloop
  endfacet
  facet normal -5.091185e-02 -8.691115e-01 -4.919889e-01
    outer loop
      vertex   -6.738156e+01 -6.061000e+00 -1.396697e+01
      vertex   -6.753160e+01 -5.903062e+00 -1.423045e+01
      vertex   -6.728718e+01 -5.880500e+00 -1.429560e+01
    endloop
  endfacet
  facet normal -1.117498e-01 -8.571089e-01 -5.028681e-01
    outer loop
      vertex   -6.738156e+01 -6.061000e+00 -1.396697e+01
      vertex   -6.728718e+01 -5.880500e+00 -1.429560e+01
      vertex   -6.708253e+01 -6.038437e+00 -1.407188e+01
    endloop
  endfacet
  facet normal -1.585752e-01 -8.691115e-01 -4.685072e-01
    outer loop
      vertex   -6.708253e+01 -6.038437e+00 -1.407188e+01
      vertex   -6.728718e+01 -5.880500e+00 -1.429560e+01
      vertex   -6.706326e+01 -5.857937e+00 -1.441325e+01
    endloop
  endfacet
  facet normal -2.203120e-01 -8.571089e-01 -4.656468e-01
    outer loop
      vertex   -6.708253e+01 -6.038437e+00 -1.407188e+01
      vertex   -6.706326e+01 -5.857937e+00 -1.441325e+01
      vertex   -6.681416e+01 -6.015875e+00 -1.424039e+01
    endloop
  endfacet
  facet normal -2.583679e-01 -8.691115e-01 -4.217715e-01
    outer loop
      vertex   -6.681416e+01 -6.015875e+00 -1.424039e+01
      vertex   -6.706326e+01 -5.857937e+00 -1.441325e+01
      vertex   -6.687094e+01 -5.835375e+00 -1.457755e+01
    endloop
  endfacet
  facet normal -3.179392e-01 -8.571089e-01 -4.053135e-01
    outer loop
      vertex   -6.681416e+01 -6.015875e+00 -1.424039e+01
      vertex   -6.687094e+01 -5.835375e+00 -1.457755e+01
      vertex   -6.658975e+01 -5.993312e+00 -1.446413e+01
    endloop
  endfacet
  facet normal -3.453366e-01 -8.691115e-01 -3.541014e-01
    outer loop
      vertex   -6.658975e+01 -5.993312e+00 -1.446413e+01
      vertex   -6.687094e+01 -5.835375e+00 -1.457755e+01
      vertex   -6.671977e+01 -5.812812e+00 -1.478036e+01
    endloop
  endfacet
  facet normal -3.997857e-01 -8.571089e-01 -3.248627e-01
    outer loop
      vertex   -6.658975e+01 -5.993312e+00 -1.446413e+01
      vertex   -6.671977e+01 -5.812812e+00 -1.478036e+01
      vertex   -6.642045e+01 -5.970750e+00 -1.473201e+01
    endloop
  endfacet
  facet normal -4.151647e-01 -8.691115e-01 -2.688557e-01
    outer loop
      vertex   -6.642045e+01 -5.970750e+00 -1.473201e+01
      vertex   -6.671977e+01 -5.812812e+00 -1.478036e+01
      vertex   -6.661725e+01 -5.790250e+00 -1.501160e+01
    endloop
  endfacet
  facet normal -4.617891e-01 -8.571089e-01 -2.282875e-01
    outer loop
      vertex   -6.642045e+01 -5.970750e+00 -1.473201e+01
      vertex   -6.661725e+01 -5.790250e+00 -1.501160e+01
      vertex   -6.631465e+01 -5.948187e+00 -1.503072e+01
    endloop
  endfacet
  facet normal -4.643864e-01 -8.691115e-01 -1.702655e-01
    outer loop
      vertex   -6.631465e+01 -5.948187e+00 -1.503072e+01
      vertex   -6.661725e+01 -5.790250e+00 -1.501160e+01
      vertex   -6.656847e+01 -5.767687e+00 -1.525980e+01
    endloop
  endfacet
  facet normal -5.008719e-01 -8.571089e-01 -1.203815e-01
    outer loop
      vertex   -6.631465e+01 -5.948187e+00 -1.503072e+01
      vertex   -6.656847e+01 -5.767687e+00 -1.525980e+01
      vertex   -6.627762e+01 -5.925625e+00 -1.534545e+01
    endloop
  endfacet
  facet normal -4.905587e-01 -8.691115e-01 -6.322437e-02
    outer loop
      vertex   -6.627762e+01 -5.925625e+00 -1.534545e+01
      vertex   -6.656847e+01 -5.767687e+00 -1.525980e+01
      vertex   -6.657586e+01 -5.745125e+00 -1.551264e+01
    endloop
  endfacet
  facet normal -5.150942e-01 -8.571089e-01 -6.500368e-03
    outer loop
      vertex   -6.627762e+01 -5.925625e+00 -1.534545e+01
      vertex   -6.657586e+01 -5.745125e+00 -1.551264e+01
      vertex   -6.631119e+01 -5.903062e+00 -1.566056e+01
    endloop
  endfacet
  facet normal -4.923823e-01 -8.691115e-01 4.695489e-02
    outer loop
      vertex   -6.631119e+01 -5.903062e+00 -1.566056e+01
      vertex   -6.657586e+01 -5.745125e+00 -1.551264e+01
      vertex   -6.663904e+01 -5.722562e+00 -1.575757e+01
    endloop
  endfacet
  facet normal -5.037502e-01 -8.571089e-01 1.077034e-01
    outer loop
      vertex   -6.631119e+01 -5.903062e+00 -1.566056e+01
      vertex   -6.663904e+01 -5.722562e+00 -1.575757e+01
      vertex   -6.641369e+01 -5.880500e+00 -1.596041e+01
    endloop
  endfacet
  facet normal -4.697669e-01 -8.691115e-01 1.548036e-01
    outer loop
      vertex   -6.641369e+01 -5.880500e+00 -1.596041e+01
      vertex   -6.663904e+01 -5.722562e+00 -1.575757e+01
      vertex   -6.675489e+01 -5.700000e+00 -1.598243e+01
    endloop
  endfacet
  facet normal -4.674029e-01 -8.571089e-01 2.165613e-01
    outer loop
      vertex   -6.641369e+01 -5.880500e+00 -1.596041e+01
      vertex   -6.675489e+01 -5.700000e+00 -1.598243e+01
      vertex   -6.658003e+01 -5.857937e+00 -1.623014e+01
    endloop
  endfacet
  facet normal -4.202063e-01 -8.699578e-01 2.580698e-01
    outer loop
      vertex   -6.658003e+01 -5.857937e+00 -1.623014e+01
      vertex   -6.675489e+01 -5.700000e+00 -1.598243e+01
      vertex   -6.689298e+01 -5.700000e+00 -1.620730e+01
    endloop
  endfacet
  facet normal -4.089995e-01 -8.561146e-01 3.158911e-01
    outer loop
      vertex   -6.658003e+01 -5.857937e+00 -1.623014e+01
      vertex   -6.689298e+01 -5.700000e+00 -1.620730e+01
      vertex   -6.680197e+01 -5.835375e+00 -1.645634e+01
    endloop
  endfacet
  facet normal -3.502228e-01 -8.706968e-01 3.452986e-01
    outer loop
      vertex   -6.680197e+01 -5.835375e+00 -1.645634e+01
      vertex   -6.689298e+01 -5.700000e+00 -1.620730e+01
      vertex   -6.707834e+01 -5.700000e+00 -1.639529e+01
    endloop
  endfacet
  facet normal -3.301340e-01 -8.546658e-01 4.006968e-01
    outer loop
      vertex   -6.680197e+01 -5.835375e+00 -1.645634e+01
      vertex   -6.707834e+01 -5.700000e+00 -1.639529e+01
      vertex   -6.706847e+01 -5.812812e+00 -1.662779e+01
    endloop
  endfacet
  facet normal -2.652852e-01 -8.718188e-01 4.117714e-01
    outer loop
      vertex   -6.706847e+01 -5.812812e+00 -1.662779e+01
      vertex   -6.707834e+01 -5.700000e+00 -1.639529e+01
      vertex   -6.730012e+01 -5.700000e+00 -1.653818e+01
    endloop
  endfacet
  facet normal -2.343386e-01 -8.524372e-01 4.673716e-01
    outer loop
      vertex   -6.706847e+01 -5.812812e+00 -1.662779e+01
      vertex   -6.730012e+01 -5.700000e+00 -1.653818e+01
      vertex   -6.736633e+01 -5.790250e+00 -1.673598e+01
    endloop
  endfacet
  facet normal -1.709881e-01 -8.735121e-01 4.557846e-01
    outer loop
      vertex   -6.736633e+01 -5.790250e+00 -1.673598e+01
      vertex   -6.730012e+01 -5.700000e+00 -1.653818e+01
      vertex   -6.754712e+01 -5.700000e+00 -1.663084e+01
    endloop
  endfacet
  facet normal -1.254908e-01 -8.491173e-01 5.130807e-01
    outer loop
      vertex   -6.736633e+01 -5.790250e+00 -1.673598e+01
      vertex   -6.754712e+01 -5.700000e+00 -1.663084e+01
      vertex   -6.768074e+01 -5.767687e+00 -1.677554e+01
    endloop
  endfacet
  facet normal -7.286294e-02 -8.758775e-01 4.770007e-01
    outer loop
      vertex   -6.768074e+01 -5.767687e+00 -1.677554e+01
      vertex   -6.754712e+01 -5.700000e+00 -1.663084e+01
      vertex   -6.780814e+01 -5.700000e+00 -1.667071e+01
    endloop
  endfacet
  facet normal -7.677072e-03 -8.442913e-01 5.358294e-01
    outer loop
      vertex   -6.768074e+01 -5.767687e+00 -1.677554e+01
      vertex   -6.780814e+01 -5.700000e+00 -1.667071e+01
      vertex   -6.799611e+01 -5.745125e+00 -1.674451e+01
    endloop
  endfacet
  facet normal 2.400246e-02 -8.789414e-01 4.763254e-01
    outer loop
      vertex   -6.799611e+01 -5.745125e+00 -1.674451e+01
      vertex   -6.780814e+01 -5.700000e+00 -1.667071e+01
      vertex   -6.807208e+01 -5.700000e+00 -1.665741e+01
    endloop
  endfacet
  facet normal 1.149758e-01 -8.375004e-01 5.342038e-01
    outer loop
      vertex   -6.799611e+01 -5.745125e+00 -1.674451e+01
      vertex   -6.807208e+01 -5.700000e+00 -1.665741e+01
      vertex   -6.829678e+01 -5.722562e+00 -1.664442e+01
    endloop
  endfacet
  facet normal 1.149738e-01 -8.826482e-01 4.557555e-01
    outer loop
      vertex   -6.829678e+01 -5.722562e+00 -1.664442e+01
      vertex   -6.807208e+01 -5.700000e+00 -1.665741e+01
      vertex   -6.832837e+01 -5.700000e+00 -1.659276e+01
    endloop
  endfacet
  facet normal 2.383834e-01 -8.280903e-01 5.073853e-01
    outer loop
      vertex   -6.829678e+01 -5.722562e+00 -1.664442e+01
      vertex   -6.832837e+01 -5.700000e+00 -1.659276e+01
      vertex   -6.856784e+01 -5.700000e+00 -1.648025e+01
    endloop
  endfacet
  facet normal -2.587171e-01 -8.691913e-01 4.213929e-01
    outer loop
      vertex   -6.738454e+01 -6.264062e+00 -1.644395e+01
      vertex   -6.716930e+01 -6.422000e+00 -1.663757e+01
      vertex   -6.715089e+01 -6.286625e+00 -1.634703e+01
    endloop
  endfacet
  facet normal -2.953091e-01 -8.587068e-01 4.188260e-01
    outer loop
      vertex   -6.715089e+01 -6.286625e+00 -1.634703e+01
      vertex   -6.716930e+01 -6.422000e+00 -1.663757e+01
      vertex   -6.695283e+01 -6.422000e+00 -1.648494e+01
    endloop
  endfacet
  facet normal -3.463988e-01 -8.683542e-01 3.549209e-01
    outer loop
      vertex   -6.715089e+01 -6.286625e+00 -1.634703e+01
      vertex   -6.695283e+01 -6.422000e+00 -1.648494e+01
      vertex   -6.694450e+01 -6.309187e+00 -1.620080e+01
    endloop
  endfacet
  facet normal -3.708106e-01 -8.593848e-01 3.520756e-01
    outer loop
      vertex   -6.694450e+01 -6.309187e+00 -1.620080e+01
      vertex   -6.695283e+01 -6.422000e+00 -1.648494e+01
      vertex   -6.677057e+01 -6.422000e+00 -1.629298e+01
    endloop
  endfacet
  facet normal -4.183697e-01 -8.667836e-01 2.713907e-01
    outer loop
      vertex   -6.694450e+01 -6.309187e+00 -1.620080e+01
      vertex   -6.677057e+01 -6.422000e+00 -1.629298e+01
      vertex   -6.677560e+01 -6.331750e+00 -1.601250e+01
    endloop
  endfacet
  facet normal -4.318260e-01 -8.608360e-01 2.692353e-01
    outer loop
      vertex   -6.677560e+01 -6.331750e+00 -1.601250e+01
      vertex   -6.677057e+01 -6.422000e+00 -1.629298e+01
      vertex   -6.663100e+01 -6.422000e+00 -1.606913e+01
    endloop
  endfacet
  facet normal -4.714035e-01 -8.645606e-01 1.741085e-01
    outer loop
      vertex   -6.677560e+01 -6.331750e+00 -1.601250e+01
      vertex   -6.663100e+01 -6.422000e+00 -1.606913e+01
      vertex   -6.665259e+01 -6.354312e+00 -1.579147e+01
    endloop
  endfacet
  facet normal -4.749383e-01 -8.627672e-01 1.733964e-01
    outer loop
      vertex   -6.665259e+01 -6.354312e+00 -1.579147e+01
      vertex   -6.663100e+01 -6.422000e+00 -1.606913e+01
      vertex   -6.654040e+01 -6.422000e+00 -1.582097e+01
    endloop
  endfacet
  facet normal -5.019807e-01 -8.621195e-01 6.903176e-02
    outer loop
      vertex   -6.665259e+01 -6.354312e+00 -1.579147e+01
      vertex   -6.654040e+01 -6.422000e+00 -1.582097e+01
      vertex   -6.650451e+01 -6.422000e+00 -1.555999e+01
    endloop
  endfacet
  facet normal -4.971511e-01 -8.652232e-01 6.503462e-02
    outer loop
      vertex   -6.665259e+01 -6.354312e+00 -1.579147e+01
      vertex   -6.650451e+01 -6.422000e+00 -1.555999e+01
      vertex   -6.658157e+01 -6.376875e+00 -1.554870e+01
    endloop
  endfacet
  facet normal -5.095090e-01 -8.594146e-01 -4.251168e-02
    outer loop
      vertex   -6.658157e+01 -6.376875e+00 -1.554870e+01
      vertex   -6.650451e+01 -6.422000e+00 -1.555999e+01
      vertex   -6.652644e+01 -6.422000e+00 -1.529719e+01
    endloop
  endfacet
  facet normal -4.951992e-01 -8.675018e-01 -4.709934e-02
    outer loop
      vertex   -6.658157e+01 -6.376875e+00 -1.554870e+01
      vertex   -6.652644e+01 -6.422000e+00 -1.529719e+01
      vertex   -6.656605e+01 -6.399437e+00 -1.529623e+01
    endloop
  endfacet
  facet normal -4.915882e-01 -8.564319e-01 -1.576880e-01
    outer loop
      vertex   -6.656605e+01 -6.399437e+00 -1.529623e+01
      vertex   -6.652644e+01 -6.422000e+00 -1.529719e+01
      vertex   -6.660682e+01 -6.422000e+00 -1.504659e+01
    endloop
  endfacet
  facet normal 6.412549e-01 1.295282e-01 7.563165e-01
    outer loop
      vertex   -6.847183e+01 -6.422000e+00 1.749897e+01
      vertex   -6.860362e+01 -6.331750e+00 1.759526e+01
      vertex   -6.875246e+01 -6.422000e+00 1.773691e+01
    endloop
  endfacet
  facet normal 7.114119e-01 -7.682183e-02 6.985639e-01
    outer loop
      vertex   -6.875246e+01 -6.422000e+00 1.773691e+01
      vertex   -6.860362e+01 -6.331750e+00 1.759526e+01
      vertex   -6.882440e+01 -6.309187e+00 1.782258e+01
    endloop
  endfacet
  facet normal 8.110485e-01 7.682183e-02 5.799128e-01
    outer loop
      vertex   -6.875246e+01 -6.422000e+00 1.773691e+01
      vertex   -6.882440e+01 -6.309187e+00 1.782258e+01
      vertex   -6.893819e+01 -6.399437e+00 1.799367e+01
    endloop
  endfacet
  facet normal 8.484194e-01 -7.682183e-02 5.237202e-01
    outer loop
      vertex   -6.893819e+01 -6.399437e+00 1.799367e+01
      vertex   -6.882440e+01 -6.309187e+00 1.782258e+01
      vertex   -6.898938e+01 -6.286625e+00 1.809314e+01
    endloop
  endfacet
  facet normal 9.193138e-01 7.682183e-02 3.859540e-01
    outer loop
      vertex   -6.893819e+01 -6.399437e+00 1.799367e+01
      vertex   -6.898938e+01 -6.286625e+00 1.809314e+01
      vertex   -6.906246e+01 -6.376875e+00 1.828518e+01
    endloop
  endfacet
  facet normal 9.433163e-01 -7.682183e-02 3.228820e-01
    outer loop
      vertex   -6.906246e+01 -6.376875e+00 1.828518e+01
      vertex   -6.898938e+01 -6.286625e+00 1.809314e+01
      vertex   -6.909035e+01 -6.264062e+00 1.839352e+01
    endloop
  endfacet
  facet normal 9.819497e-01 7.682183e-02 1.728386e-01
    outer loop
      vertex   -6.906246e+01 -6.376875e+00 1.828518e+01
      vertex   -6.909035e+01 -6.264062e+00 1.839352e+01
      vertex   -6.911910e+01 -6.354312e+00 1.859697e+01
    endloop
  endfacet
  facet normal 9.913923e-01 -7.682183e-02 1.060177e-01
    outer loop
      vertex   -6.911910e+01 -6.354312e+00 1.859697e+01
      vertex   -6.909035e+01 -6.264062e+00 1.839352e+01
      vertex   -6.912232e+01 -6.241500e+00 1.870880e+01
    endloop
  endfacet
  facet normal 9.958472e-01 7.682183e-02 -4.885549e-02
    outer loop
      vertex   -6.911910e+01 -6.354312e+00 1.859697e+01
      vertex   -6.912232e+01 -6.241500e+00 1.870880e+01
      vertex   -6.910531e+01 -6.331750e+00 1.891356e+01
    endloop
  endfacet
  facet normal 9.902612e-01 -7.682183e-02 -1.161087e-01
    outer loop
      vertex   -6.910531e+01 -6.331750e+00 1.891356e+01
      vertex   -6.912232e+01 -6.241500e+00 1.870880e+01
      vertex   -6.908369e+01 -6.218937e+00 1.902333e+01
    endloop
  endfacet
  facet normal 9.603164e-01 7.682183e-02 -2.681247e-01
    outer loop
      vertex   -6.910531e+01 -6.331750e+00 1.891356e+01
      vertex   -6.908369e+01 -6.218937e+00 1.902333e+01
      vertex   -6.902177e+01 -6.309187e+00 1.921925e+01
    endloop
  endfacet
  facet normal 9.399791e-01 -7.682183e-02 -3.324721e-01
    outer loop
      vertex   -6.902177e+01 -6.309187e+00 1.921925e+01
      vertex   -6.908369e+01 -6.218937e+00 1.902333e+01
      vertex   -6.897638e+01 -6.196375e+00 1.932150e+01
    endloop
  endfacet
  facet normal 8.771210e-01 7.682183e-02 -4.740857e-01
    outer loop
      vertex   -6.902177e+01 -6.309187e+00 1.921925e+01
      vertex   -6.897638e+01 -6.196375e+00 1.932150e+01
      vertex   -6.887262e+01 -6.286625e+00 1.949885e+01
    endloop
  endfacet
  facet normal 8.430418e-01 -7.682183e-02 -5.323335e-01
    outer loop
      vertex   -6.887262e+01 -6.286625e+00 1.949885e+01
      vertex   -6.897638e+01 -6.196375e+00 1.932150e+01
      vertex   -6.880572e+01 -6.173812e+00 1.958851e+01
    endloop
  endfacet
  facet normal 7.503902e-01 7.682183e-02 -6.565157e-01
    outer loop
      vertex   -6.887262e+01 -6.286625e+00 1.949885e+01
      vertex   -6.880572e+01 -6.173812e+00 1.958851e+01
      vertex   -6.866527e+01 -6.264062e+00 1.973849e+01
    endloop
  endfacet
  facet normal 7.042607e-01 -7.682183e-02 -7.057728e-01
    outer loop
      vertex   -6.866527e+01 -6.264062e+00 1.973849e+01
      vertex   -6.880572e+01 -6.173812e+00 1.958851e+01
      vertex   -6.858018e+01 -6.151250e+00 1.981111e+01
    endloop
  endfacet
  facet normal 5.864144e-01 7.682183e-02 -8.063601e-01
    outer loop
      vertex   -6.866527e+01 -6.264062e+00 1.973849e+01
      vertex   -6.858018e+01 -6.151250e+00 1.981111e+01
      vertex   -6.841001e+01 -6.241500e+00 1.992627e+01
    endloop
  endfacet
  facet normal 5.305241e-01 -7.682183e-02 -8.441816e-01
    outer loop
      vertex   -6.841001e+01 -6.241500e+00 1.992627e+01
      vertex   -6.858018e+01 -6.151250e+00 1.981111e+01
      vertex   -6.831095e+01 -6.128687e+00 1.997826e+01
    endloop
  endfacet
  facet normal 3.933322e-01 7.682183e-02 -9.161813e-01
    outer loop
      vertex   -6.841001e+01 -6.241500e+00 1.992627e+01
      vertex   -6.831095e+01 -6.128687e+00 1.997826e+01
      vertex   -6.811951e+01 -6.218937e+00 2.005288e+01
    endloop
  endfacet
  facet normal 3.304553e-01 -7.682183e-02 -9.406900e-01
    outer loop
      vertex   -6.811951e+01 -6.218937e+00 2.005288e+01
      vertex   -6.831095e+01 -6.128687e+00 1.997826e+01
      vertex   -6.801140e+01 -6.106125e+00 2.008165e+01
    endloop
  endfacet
  facet normal 1.807273e-01 7.682183e-02 -9.805285e-01
    outer loop
      vertex   -6.811951e+01 -6.218937e+00 2.005288e+01
      vertex   -6.801140e+01 -6.106125e+00 2.008165e+01
      vertex   -6.780818e+01 -6.196375e+00 2.011203e+01
    endloop
  endfacet
  facet normal 1.139845e-01 -7.682183e-02 -9.905079e-01
    outer loop
      vertex   -6.780818e+01 -6.196375e+00 2.011203e+01
      vertex   -6.801140e+01 -6.106125e+00 2.008165e+01
      vertex   -6.769639e+01 -6.083562e+00 2.011615e+01
    endloop
  endfacet
  facet normal -4.084788e-02 7.682183e-02 -9.962077e-01
    outer loop
      vertex   -6.780818e+01 -6.196375e+00 2.011203e+01
      vertex   -6.769639e+01 -6.083562e+00 2.011615e+01
      vertex   -6.749149e+01 -6.173812e+00 2.010078e+01
    endloop
  endfacet
  facet normal -1.081438e-01 -7.682183e-02 -9.911626e-01
    outer loop
      vertex   -6.749149e+01 -6.173812e+00 2.010078e+01
      vertex   -6.769639e+01 -6.083562e+00 2.011615e+01
      vertex   -6.738156e+01 -6.061000e+00 2.008005e+01
    endloop
  endfacet
  facet normal -2.603956e-01 7.682183e-02 -9.624409e-01
    outer loop
      vertex   -6.749149e+01 -6.173812e+00 2.010078e+01
      vertex   -6.738156e+01 -6.061000e+00 2.008005e+01
      vertex   -6.718515e+01 -6.151250e+00 2.001970e+01
    endloop
  endfacet
  facet normal -3.249044e-01 -7.682183e-02 -9.426216e-01
    outer loop
      vertex   -6.718515e+01 -6.151250e+00 2.001970e+01
      vertex   -6.738156e+01 -6.061000e+00 2.008005e+01
      vertex   -6.708253e+01 -6.038437e+00 1.997514e+01
    endloop
  endfacet
  facet normal -4.670188e-01 7.682183e-02 -8.809040e-01
    outer loop
      vertex   -6.718515e+01 -6.151250e+00 2.001970e+01
      vertex   -6.708253e+01 -6.038437e+00 1.997514e+01
      vertex   -6.690436e+01 -6.128687e+00 1.987281e+01
    endloop
  endfacet
  facet normal -5.255387e-01 -7.682183e-02 -8.472942e-01
    outer loop
      vertex   -6.690436e+01 -6.128687e+00 1.987281e+01
      vertex   -6.708253e+01 -6.038437e+00 1.997514e+01
      vertex   -6.681416e+01 -6.015875e+00 1.980663e+01
    endloop
  endfacet
  facet normal -6.504618e-01 7.682183e-02 -7.556440e-01
    outer loop
      vertex   -6.690436e+01 -6.128687e+00 1.987281e+01
      vertex   -6.681416e+01 -6.015875e+00 1.980663e+01
      vertex   -6.666306e+01 -6.106125e+00 1.966739e+01
    endloop
  endfacet
  facet normal -7.000882e-01 -7.682183e-02 -7.099119e-01
    outer loop
      vertex   -6.666306e+01 -6.106125e+00 1.966739e+01
      vertex   -6.681416e+01 -6.015875e+00 1.980663e+01
      vertex   -6.658975e+01 -5.993312e+00 1.958289e+01
    endloop
  endfacet
  facet normal -8.016196e-01 7.682183e-02 -5.928781e-01
    outer loop
      vertex   -6.666306e+01 -6.106125e+00 1.966739e+01
      vertex   -6.658975e+01 -5.993312e+00 1.958289e+01
      vertex   -6.647323e+01 -6.083562e+00 1.941365e+01
    endloop
  endfacet
  facet normal -8.398892e-01 -7.682183e-02 -5.372937e-01
    outer loop
      vertex   -6.647323e+01 -6.083562e+00 1.941365e+01
      vertex   -6.658975e+01 -5.993312e+00 1.958289e+01
      vertex   -6.642045e+01 -5.970750e+00 1.931501e+01
    endloop
  endfacet
  facet normal -9.129895e-01 7.682183e-02 -4.006851e-01
    outer loop
      vertex   -6.647323e+01 -6.083562e+00 1.941365e+01
      vertex   -6.642045e+01 -5.970750e+00 1.931501e+01
      vertex   -6.634429e+01 -6.061000e+00 1.912417e+01
    endloop
  endfacet
  facet normal -9.380030e-01 -7.682183e-02 -3.380072e-01
    outer loop
      vertex   -6.634429e+01 -6.061000e+00 1.912417e+01
      vertex   -6.642045e+01 -5.970750e+00 1.931501e+01
      vertex   -6.631465e+01 -5.948187e+00 1.901630e+01
    endloop
  endfacet
  facet normal -9.790438e-01 7.682183e-02 -1.886044e-01
    outer loop
      vertex   -6.634429e+01 -6.061000e+00 1.912417e+01
      vertex   -6.631465e+01 -5.948187e+00 1.901630e+01
      vertex   -6.628264e+01 -6.038437e+00 1.881333e+01
    endloop
  endfacet
  facet normal -9.895595e-01 -7.682183e-02 -1.219439e-01
    outer loop
      vertex   -6.628264e+01 -6.038437e+00 1.881333e+01
      vertex   -6.631465e+01 -5.948187e+00 1.901630e+01
      vertex   -6.627762e+01 -5.925625e+00 1.870157e+01
    endloop
  endfacet
  facet normal -9.965039e-01 7.682183e-02 3.283762e-02
    outer loop
      vertex   -6.628264e+01 -6.038437e+00 1.881333e+01
      vertex   -6.627762e+01 -5.925625e+00 1.870157e+01
      vertex   -6.629133e+01 -6.015875e+00 1.849656e+01
    endloop
  endfacet
  facet normal -9.920000e-01 -7.682183e-02 1.001719e-01
    outer loop
      vertex   -6.629133e+01 -6.015875e+00 1.849656e+01
      vertex   -6.627762e+01 -5.925625e+00 1.870157e+01
      vertex   -6.631119e+01 -5.903062e+00 1.838646e+01
    endloop
  endfacet
  facet normal -9.645032e-01 7.682183e-02 2.526497e-01
    outer loop
      vertex   -6.629133e+01 -6.015875e+00 1.849656e+01
      vertex   -6.631119e+01 -5.903062e+00 1.838646e+01
      vertex   -6.636995e+01 -5.993312e+00 1.818957e+01
    endloop
  endfacet
  facet normal -9.452032e-01 -7.682183e-02 3.173158e-01
    outer loop
      vertex   -6.636995e+01 -5.993312e+00 1.818957e+01
      vertex   -6.631119e+01 -5.903062e+00 1.838646e+01
      vertex   -6.641369e+01 -5.880500e+00 1.808661e+01
    endloop
  endfacet
  facet normal -8.846301e-01 7.682183e-02 4.599217e-01
    outer loop
      vertex   -6.636995e+01 -5.993312e+00 1.818957e+01
      vertex   -6.641369e+01 -5.880500e+00 1.808661e+01
      vertex   -6.651459e+01 -5.970750e+00 1.790761e+01
    endloop
  endfacet
  facet normal -8.514919e-01 -7.682183e-02 5.187099e-01
    outer loop
      vertex   -6.651459e+01 -5.970750e+00 1.790761e+01
      vertex   -6.641369e+01 -5.880500e+00 1.808661e+01
      vertex   -6.658003e+01 -5.857937e+00 1.781688e+01
    endloop
  endfacet
  facet normal -7.608489e-01 7.682183e-02 6.443659e-01
    outer loop
      vertex   -6.651459e+01 -5.970750e+00 1.790761e+01
      vertex   -6.658003e+01 -5.857937e+00 1.781688e+01
      vertex   -6.671806e+01 -5.948187e+00 1.766467e+01
    endloop
  endfacet
  facet normal -7.155173e-01 -7.682183e-02 6.943583e-01
    outer loop
      vertex   -6.671806e+01 -5.948187e+00 1.766467e+01
      vertex   -6.658003e+01 -5.857937e+00 1.781688e+01
      vertex   -6.680197e+01 -5.835375e+00 1.759068e+01
    endloop
  endfacet
  facet normal -5.993035e-01 7.682183e-02 7.968273e-01
    outer loop
      vertex   -6.671806e+01 -5.948187e+00 1.766467e+01
      vertex   -6.680197e+01 -5.835375e+00 1.759068e+01
      vertex   -6.697027e+01 -5.925625e+00 1.747280e+01
    endloop
  endfacet
  facet normal -5.440285e-01 -7.682183e-02 8.355426e-01
    outer loop
      vertex   -6.697027e+01 -5.925625e+00 1.747280e+01
      vertex   -6.680197e+01 -5.835375e+00 1.759068e+01
      vertex   -6.706847e+01 -5.812812e+00 1.741923e+01
    endloop
  endfacet
  facet normal -4.080121e-01 7.682183e-02 9.097387e-01
    outer loop
      vertex   -6.697027e+01 -5.925625e+00 1.747280e+01
      vertex   -6.706847e+01 -5.812812e+00 1.741923e+01
      vertex   -6.725869e+01 -5.903062e+00 1.734154e+01
    endloop
  endfacet
  facet normal -3.455373e-01 -7.682183e-02 9.352553e-01
    outer loop
      vertex   -6.725869e+01 -5.903062e+00 1.734154e+01
      vertex   -6.706847e+01 -5.812812e+00 1.741923e+01
      vertex   -6.736633e+01 -5.790250e+00 1.731104e+01
    endloop
  endfacet
  facet normal -1.964692e-01 7.682183e-02 9.774959e-01
    outer loop
      vertex   -6.725869e+01 -5.903062e+00 1.734154e+01
      vertex   -6.736633e+01 -5.790250e+00 1.731104e+01
      vertex   -6.756903e+01 -5.880500e+00 1.727739e+01
    endloop
  endfacet
  facet normal -1.298955e-01 -7.682183e-02 9.885472e-01
    outer loop
      vertex   -6.756903e+01 -5.880500e+00 1.727739e+01
      vertex   -6.736633e+01 -5.790250e+00 1.731104e+01
      vertex   -6.768074e+01 -5.767687e+00 1.727148e+01
    endloop
  endfacet
  facet normal 2.482525e-02 7.682183e-02 9.967357e-01
    outer loop
      vertex   -6.756903e+01 -5.880500e+00 1.727739e+01
      vertex   -6.768074e+01 -5.767687e+00 1.727148e+01
      vertex   -6.788586e+01 -5.857937e+00 1.728355e+01
    endloop
  endfacet
  facet normal 9.219358e-02 -7.682183e-02 9.927733e-01
    outer loop
      vertex   -6.788586e+01 -5.857937e+00 1.728355e+01
      vertex   -6.768074e+01 -5.767687e+00 1.727148e+01
      vertex   -6.799611e+01 -5.745125e+00 1.730251e+01
    endloop
  endfacet
  facet normal 2.448875e-01 7.682183e-02 9.665032e-01
    outer loop
      vertex   -6.788586e+01 -5.857937e+00 1.728355e+01
      vertex   -6.799611e+01 -5.745125e+00 1.730251e+01
      vertex   -6.819347e+01 -5.835375e+00 1.735969e+01
    endloop
  endfacet
  facet normal 3.097067e-01 -7.682183e-02 9.477237e-01
    outer loop
      vertex   -6.819347e+01 -5.835375e+00 1.735969e+01
      vertex   -6.799611e+01 -5.745125e+00 1.730251e+01
      vertex   -6.829678e+01 -5.722562e+00 1.740260e+01
    endloop
  endfacet
  facet normal 4.527950e-01 7.682183e-02 8.882990e-01
    outer loop
      vertex   -6.819347e+01 -5.835375e+00 1.735969e+01
      vertex   -6.829678e+01 -5.722562e+00 1.740260e+01
      vertex   -6.847658e+01 -5.812812e+00 1.750205e+01
    endloop
  endfacet
  facet normal 5.118477e-01 -7.682183e-02 8.556345e-01
    outer loop
      vertex   -6.847658e+01 -5.812812e+00 1.750205e+01
      vertex   -6.829678e+01 -5.722562e+00 1.740260e+01
      vertex   -6.856784e+01 -5.700000e+00 1.756677e+01
    endloop
  endfacet
  facet normal 6.382282e-01 7.682183e-02 7.660046e-01
    outer loop
      vertex   -6.847658e+01 -5.812812e+00 1.750205e+01
      vertex   -6.856784e+01 -5.700000e+00 1.756677e+01
      vertex   -6.872115e+01 -5.790250e+00 1.770356e+01
    endloop
  endfacet
  facet normal 7.015091e-01 -1.295282e-01 7.007905e-01
    outer loop
      vertex   -6.872115e+01 -5.790250e+00 1.770356e+01
      vertex   -6.856784e+01 -5.700000e+00 1.756677e+01
      vertex   -6.882787e+01 -5.700000e+00 1.782707e+01
    endloop
  endfacet
  facet normal 7.908742e-01 1.117619e-01 6.016870e-01
    outer loop
      vertex   -6.872115e+01 -5.790250e+00 1.770356e+01
      vertex   -6.882787e+01 -5.700000e+00 1.782707e+01
      vertex   -6.891504e+01 -5.767687e+00 1.795422e+01
    endloop
  endfacet
  facet normal 8.525951e-01 -1.692707e-01 4.943976e-01
    outer loop
      vertex   -6.891504e+01 -5.767687e+00 1.795422e+01
      vertex   -6.882787e+01 -5.700000e+00 1.782707e+01
      vertex   -6.901244e+01 -5.700000e+00 1.814536e+01
    endloop
  endfacet
  facet normal 9.014031e-01 1.462788e-01 4.075229e-01
    outer loop
      vertex   -6.891504e+01 -5.767687e+00 1.795422e+01
      vertex   -6.901244e+01 -5.700000e+00 1.814536e+01
      vertex   -6.904862e+01 -5.745125e+00 1.824159e+01
    endloop
  endfacet
  facet normal 9.436714e-01 -2.081597e-01 2.572037e-01
    outer loop
      vertex   -6.904862e+01 -5.745125e+00 1.824159e+01
      vertex   -6.901244e+01 -5.700000e+00 1.814536e+01
      vertex   -6.910919e+01 -5.700000e+00 1.850034e+01
    endloop
  endfacet
  facet normal 9.642441e-01 1.802397e-01 1.942857e-01
    outer loop
      vertex   -6.904862e+01 -5.745125e+00 1.824159e+01
      vertex   -6.910919e+01 -5.700000e+00 1.850034e+01
      vertex   -6.911526e+01 -5.722562e+00 1.855139e+01
    endloop
  endfacet
  facet normal 9.692435e-01 -2.460182e-01 6.490809e-03
    outer loop
      vertex   -6.911526e+01 -5.722562e+00 1.855139e+01
      vertex   -6.910919e+01 -5.700000e+00 1.850034e+01
      vertex   -6.911165e+01 -5.700000e+00 1.886827e+01
    endloop
  endfacet
  facet normal 5.351945e-01 -1.117619e-01 8.373029e-01
    outer loop
      vertex   -6.860362e+01 -6.331750e+00 1.759526e+01
      vertex   -6.847183e+01 -6.422000e+00 1.749897e+01
      vertex   -6.833799e+01 -6.354312e+00 1.742245e+01
    endloop
  endfacet
  facet normal 4.232295e-01 1.692707e-01 8.900698e-01
    outer loop
      vertex   -6.833799e+01 -6.354312e+00 1.742245e+01
      vertex   -6.847183e+01 -6.422000e+00 1.749897e+01
      vertex   -6.813955e+01 -6.422000e+00 1.734097e+01
    endloop
  endfacet
  facet normal 3.326643e-01 -1.462788e-01 9.316314e-01
    outer loop
      vertex   -6.833799e+01 -6.354312e+00 1.742245e+01
      vertex   -6.813955e+01 -6.422000e+00 1.734097e+01
      vertex   -6.804069e+01 -6.376875e+00 1.731275e+01
    endloop
  endfacet
  facet normal 1.793990e-01 2.081597e-01 9.615017e-01
    outer loop
      vertex   -6.804069e+01 -6.376875e+00 1.731275e+01
      vertex   -6.813955e+01 -6.422000e+00 1.734097e+01
      vertex   -6.777786e+01 -6.422000e+00 1.727348e+01
    endloop
  endfacet
  facet normal 1.150130e-01 -1.802397e-01 9.768755e-01
    outer loop
      vertex   -6.804069e+01 -6.376875e+00 1.731275e+01
      vertex   -6.777786e+01 -6.422000e+00 1.727348e+01
      vertex   -6.772648e+01 -6.399437e+00 1.727160e+01
    endloop
  endfacet
  facet normal -7.256418e-02 2.460182e-01 9.665451e-01
    outer loop
      vertex   -6.772648e+01 -6.399437e+00 1.727160e+01
      vertex   -6.777786e+01 -6.422000e+00 1.727348e+01
      vertex   -6.741096e+01 -6.422000e+00 1.730103e+01
    endloop
  endfacet
  facet normal -2.097090e-01 -8.588102e-01 4.674047e-01
    outer loop
      vertex   -6.716930e+01 -6.422000e+00 1.740945e+01
      vertex   -6.738454e+01 -6.264062e+00 1.760307e+01
      vertex   -6.741096e+01 -6.422000e+00 1.730103e+01
    endloop
  endfacet
  facet normal -1.590168e-01 -8.691115e-01 4.683575e-01
    outer loop
      vertex   -6.741096e+01 -6.422000e+00 1.730103e+01
      vertex   -6.738454e+01 -6.264062e+00 1.760307e+01
      vertex   -6.763384e+01 -6.241500e+00 1.756030e+01
    endloop
  endfacet
  facet normal -1.082673e-01 -8.571089e-01 5.036293e-01
    outer loop
      vertex   -6.741096e+01 -6.422000e+00 1.730103e+01
      vertex   -6.763384e+01 -6.241500e+00 1.756030e+01
      vertex   -6.772648e+01 -6.399437e+00 1.727160e+01
    endloop
  endfacet
  facet normal -5.137558e-02 -8.691115e-01 4.919407e-01
    outer loop
      vertex   -6.772648e+01 -6.399437e+00 1.727160e+01
      vertex   -6.763384e+01 -6.241500e+00 1.756030e+01
      vertex   -6.788643e+01 -6.218937e+00 1.757378e+01
    endloop
  endfacet
  facet normal 5.923632e-03 -8.571089e-01 5.151012e-01
    outer loop
      vertex   -6.772648e+01 -6.399437e+00 1.727160e+01
      vertex   -6.788643e+01 -6.218937e+00 1.757378e+01
      vertex   -6.804069e+01 -6.376875e+00 1.731275e+01
    endloop
  endfacet
  facet normal 5.881562e-02 -8.691115e-01 4.911068e-01
    outer loop
      vertex   -6.804069e+01 -6.376875e+00 1.731275e+01
      vertex   -6.788643e+01 -6.218937e+00 1.757378e+01
      vertex   -6.812977e+01 -6.196375e+00 1.764285e+01
    endloop
  endfacet
  facet normal 1.198206e-01 -8.571089e-01 5.010063e-01
    outer loop
      vertex   -6.804069e+01 -6.376875e+00 1.731275e+01
      vertex   -6.812977e+01 -6.196375e+00 1.764285e+01
      vertex   -6.833799e+01 -6.354312e+00 1.742245e+01
    endloop
  endfacet
  facet normal 1.660876e-01 -8.691115e-01 4.658970e-01
    outer loop
      vertex   -6.833799e+01 -6.354312e+00 1.742245e+01
      vertex   -6.812977e+01 -6.196375e+00 1.764285e+01
      vertex   -6.835177e+01 -6.173812e+00 1.776408e+01
    endloop
  endfacet
  facet normal 2.277703e-01 -8.571089e-01 4.620444e-01
    outer loop
      vertex   -6.833799e+01 -6.354312e+00 1.742245e+01
      vertex   -6.835177e+01 -6.173812e+00 1.776408e+01
      vertex   -6.860362e+01 -6.331750e+00 1.759526e+01
    endloop
  endfacet
  facet normal 2.651158e-01 -8.691115e-01 4.175628e-01
    outer loop
      vertex   -6.860362e+01 -6.331750e+00 1.759526e+01
      vertex   -6.835177e+01 -6.173812e+00 1.776408e+01
      vertex   -6.854143e+01 -6.151250e+00 1.793146e+01
    endloop
  endfacet
  facet normal 3.244148e-01 -8.571089e-01 4.001491e-01
    outer loop
      vertex   -6.860362e+01 -6.331750e+00 1.759526e+01
      vertex   -6.854143e+01 -6.151250e+00 1.793146e+01
      vertex   -6.882440e+01 -6.309187e+00 1.782258e+01
    endloop
  endfacet
  facet normal 3.509853e-01 -8.691115e-01 3.485032e-01
    outer loop
      vertex   -6.882440e+01 -6.309187e+00 1.782258e+01
      vertex   -6.854143e+01 -6.151250e+00 1.793146e+01
      vertex   -6.868932e+01 -6.128687e+00 1.813667e+01
    endloop
  endfacet
  facet normal 4.049572e-01 -8.571089e-01 3.183928e-01
    outer loop
      vertex   -6.882440e+01 -6.309187e+00 1.782258e+01
      vertex   -6.868932e+01 -6.128687e+00 1.813667e+01
      vertex   -6.898938e+01 -6.286625e+00 1.809314e+01
    endloop
  endfacet
  facet normal 4.194338e-01 -8.691115e-01 2.621458e-01
    outer loop
      vertex   -6.898938e+01 -6.286625e+00 1.809314e+01
      vertex   -6.868932e+01 -6.128687e+00 1.813667e+01
      vertex   -6.878810e+01 -6.106125e+00 1.836953e+01
    endloop
  endfacet
  facet normal 4.653998e-01 -8.571089e-01 2.208332e-01
    outer loop
      vertex   -6.898938e+01 -6.286625e+00 1.809314e+01
      vertex   -6.878810e+01 -6.106125e+00 1.836953e+01
      vertex   -6.909035e+01 -6.264062e+00 1.839352e+01
    endloop
  endfacet
  facet normal 4.670640e-01 -8.691115e-01 1.627770e-01
    outer loop
      vertex   -6.909035e+01 -6.264062e+00 1.839352e+01
      vertex   -6.878810e+01 -6.106125e+00 1.836953e+01
      vertex   -6.883288e+01 -6.083562e+00 1.861848e+01
    endloop
  endfacet
  facet normal 5.027427e-01 -8.571089e-01 1.123127e-01
    outer loop
      vertex   -6.909035e+01 -6.264062e+00 1.839352e+01
      vertex   -6.883288e+01 -6.083562e+00 1.861848e+01
      vertex   -6.912232e+01 -6.241500e+00 1.870880e+01
    endloop
  endfacet
  facet normal 4.915118e-01 -8.691115e-01 5.532884e-02
    outer loop
      vertex   -6.912232e+01 -6.241500e+00 1.870880e+01
      vertex   -6.883288e+01 -6.083562e+00 1.861848e+01
      vertex   -6.882143e+01 -6.061000e+00 1.887117e+01
    endloop
  endfacet
  facet normal 5.151322e-01 -8.571089e-01 -1.782325e-03
    outer loop
      vertex   -6.912232e+01 -6.241500e+00 1.870880e+01
      vertex   -6.882143e+01 -6.061000e+00 1.887117e+01
      vertex   -6.908369e+01 -6.218937e+00 1.902333e+01
    endloop
  endfacet
  facet normal 4.915637e-01 -8.691115e-01 -5.486551e-02
    outer loop
      vertex   -6.908369e+01 -6.218937e+00 1.902333e+01
      vertex   -6.882143e+01 -6.061000e+00 1.887117e+01
      vertex   -6.875432e+01 -6.038437e+00 1.911506e+01
    endloop
  endfacet
  facet normal 5.019534e-01 -8.571089e-01 -1.157889e-01
    outer loop
      vertex   -6.908369e+01 -6.218937e+00 1.902333e+01
      vertex   -6.875432e+01 -6.038437e+00 1.911506e+01
      vertex   -6.897638e+01 -6.196375e+00 1.932150e+01
    endloop
  endfacet
  facet normal 4.672172e-01 -8.691115e-01 -1.623366e-01
    outer loop
      vertex   -6.897638e+01 -6.196375e+00 1.932150e+01
      vertex   -6.875432e+01 -6.038437e+00 1.911506e+01
      vertex   -6.863488e+01 -6.015875e+00 1.933803e+01
    endloop
  endfacet
  facet normal 4.638606e-01 -8.571089e-01 -2.240484e-01
    outer loop
      vertex   -6.897638e+01 -6.196375e+00 1.932150e+01
      vertex   -6.863488e+01 -6.015875e+00 1.933803e+01
      vertex   -6.880572e+01 -6.173812e+00 1.958851e+01
    endloop
  endfacet
  facet normal 4.196807e-01 -8.691115e-01 -2.617503e-01
    outer loop
      vertex   -6.880572e+01 -6.173812e+00 1.958851e+01
      vertex   -6.863488e+01 -6.015875e+00 1.933803e+01
      vertex   -6.846903e+01 -5.993312e+00 1.952902e+01
    endloop
  endfacet
  facet normal 4.027443e-01 -8.571089e-01 -3.211874e-01
    outer loop
      vertex   -6.880572e+01 -6.173812e+00 1.958851e+01
      vertex   -6.846903e+01 -5.993312e+00 1.952902e+01
      vertex   -6.858018e+01 -6.151250e+00 1.981111e+01
    endloop
  endfacet
  facet normal 3.513136e-01 -8.691115e-01 -3.481722e-01
    outer loop
      vertex   -6.858018e+01 -6.151250e+00 1.981111e+01
      vertex   -6.846903e+01 -5.993312e+00 1.952902e+01
      vertex   -6.826502e+01 -5.970750e+00 1.967856e+01
    endloop
  endfacet
  facet normal 3.216381e-01 -8.571089e-01 -4.023844e-01
    outer loop
      vertex   -6.858018e+01 -6.151250e+00 1.981111e+01
      vertex   -6.826502e+01 -5.970750e+00 1.967856e+01
      vertex   -6.831095e+01 -6.128687e+00 1.997826e+01
    endloop
  endfacet
  facet normal 2.655093e-01 -8.691115e-01 -4.173127e-01
    outer loop
      vertex   -6.831095e+01 -6.128687e+00 1.997826e+01
      vertex   -6.826502e+01 -5.970750e+00 1.967856e+01
      vertex   -6.803296e+01 -5.948187e+00 1.977921e+01
    endloop
  endfacet
  facet normal 2.245676e-01 -8.571089e-01 -4.636094e-01
    outer loop
      vertex   -6.831095e+01 -6.128687e+00 1.997826e+01
      vertex   -6.803296e+01 -5.948187e+00 1.977921e+01
      vertex   -6.801140e+01 -6.106125e+00 2.008165e+01
    endloop
  endfacet
  facet normal 1.665266e-01 -8.691115e-01 -4.657403e-01
    outer loop
      vertex   -6.801140e+01 -6.106125e+00 2.008165e+01
      vertex   -6.803296e+01 -5.948187e+00 1.977921e+01
      vertex   -6.778437e+01 -5.925625e+00 1.982599e+01
    endloop
  endfacet
  facet normal 1.163509e-01 -8.571089e-01 -5.018235e-01
    outer loop
      vertex   -6.801140e+01 -6.106125e+00 2.008165e+01
      vertex   -6.778437e+01 -5.925625e+00 1.982599e+01
      vertex   -6.769639e+01 -6.083562e+00 2.011615e+01
    endloop
  endfacet
  facet normal 5.927852e-02 -8.691115e-01 -4.910511e-01
    outer loop
      vertex   -6.769639e+01 -6.083562e+00 2.011615e+01
      vertex   -6.778437e+01 -5.925625e+00 1.982599e+01
      vertex   -6.753160e+01 -5.903062e+00 1.981657e+01
    endloop
  endfacet
  facet normal 2.359098e-03 -8.571089e-01 -5.151298e-01
    outer loop
      vertex   -6.769639e+01 -6.083562e+00 2.011615e+01
      vertex   -6.753160e+01 -5.903062e+00 1.981657e+01
      vertex   -6.738156e+01 -6.061000e+00 2.008005e+01
    endloop
  endfacet
  facet normal -5.091185e-02 -8.691115e-01 -4.919889e-01
    outer loop
      vertex   -6.738156e+01 -6.061000e+00 2.008005e+01
      vertex   -6.753160e+01 -5.903062e+00 1.981657e+01
      vertex   -6.728718e+01 -5.880500e+00 1.975142e+01
    endloop
  endfacet
  facet normal -1.117498e-01 -8.571089e-01 -5.028681e-01
    outer loop
      vertex   -6.738156e+01 -6.061000e+00 2.008005e+01
      vertex   -6.728718e+01 -5.880500e+00 1.975142e+01
      vertex   -6.708253e+01 -6.038437e+00 1.997514e+01
    endloop
  endfacet
  facet normal -1.585752e-01 -8.691115e-01 -4.685072e-01
    outer loop
      vertex   -6.708253e+01 -6.038437e+00 1.997514e+01
      vertex   -6.728718e+01 -5.880500e+00 1.975142e+01
      vertex   -6.706326e+01 -5.857937e+00 1.963378e+01
    endloop
  endfacet
  facet normal -2.203120e-01 -8.571089e-01 -4.656468e-01
    outer loop
      vertex   -6.708253e+01 -6.038437e+00 1.997514e+01
      vertex   -6.706326e+01 -5.857937e+00 1.963378e+01
      vertex   -6.681416e+01 -6.015875e+00 1.980663e+01
    endloop
  endfacet
  facet normal -2.583679e-01 -8.691115e-01 -4.217715e-01
    outer loop
      vertex   -6.681416e+01 -6.015875e+00 1.980663e+01
      vertex   -6.706326e+01 -5.857937e+00 1.963378e+01
      vertex   -6.687094e+01 -5.835375e+00 1.946947e+01
    endloop
  endfacet
  facet normal -3.179392e-01 -8.571089e-01 -4.053135e-01
    outer loop
      vertex   -6.681416e+01 -6.015875e+00 1.980663e+01
      vertex   -6.687094e+01 -5.835375e+00 1.946947e+01
      vertex   -6.658975e+01 -5.993312e+00 1.958289e+01
    endloop
  endfacet
  facet normal -3.453366e-01 -8.691115e-01 -3.541014e-01
    outer loop
      vertex   -6.658975e+01 -5.993312e+00 1.958289e+01
      vertex   -6.687094e+01 -5.835375e+00 1.946947e+01
      vertex   -6.671977e+01 -5.812812e+00 1.926666e+01
    endloop
  endfacet
  facet normal -3.997857e-01 -8.571089e-01 -3.248627e-01
    outer loop
      vertex   -6.658975e+01 -5.993312e+00 1.958289e+01
      vertex   -6.671977e+01 -5.812812e+00 1.926666e+01
      vertex   -6.642045e+01 -5.970750e+00 1.931501e+01
    endloop
  endfacet
  facet normal -4.151647e-01 -8.691115e-01 -2.688557e-01
    outer loop
      vertex   -6.642045e+01 -5.970750e+00 1.931501e+01
      vertex   -6.671977e+01 -5.812812e+00 1.926666e+01
      vertex   -6.661725e+01 -5.790250e+00 1.903542e+01
    endloop
  endfacet
  facet normal -4.617891e-01 -8.571089e-01 -2.282875e-01
    outer loop
      vertex   -6.642045e+01 -5.970750e+00 1.931501e+01
      vertex   -6.661725e+01 -5.790250e+00 1.903542e+01
      vertex   -6.631465e+01 -5.948187e+00 1.901630e+01
    endloop
  endfacet
  facet normal -4.643864e-01 -8.691115e-01 -1.702655e-01
    outer loop
      vertex   -6.631465e+01 -5.948187e+00 1.901630e+01
      vertex   -6.661725e+01 -5.790250e+00 1.903542e+01
      vertex   -6.656847e+01 -5.767687e+00 1.878722e+01
    endloop
  endfacet
  facet normal -5.008719e-01 -8.571089e-01 -1.203815e-01
    outer loop
      vertex   -6.631465e+01 -5.948187e+00 1.901630e+01
      vertex   -6.656847e+01 -5.767687e+00 1.878722e+01
      vertex   -6.627762e+01 -5.925625e+00 1.870157e+01
    endloop
  endfacet
  facet normal -4.905587e-01 -8.691115e-01 -6.322437e-02
    outer loop
      vertex   -6.627762e+01 -5.925625e+00 1.870157e+01
      vertex   -6.656847e+01 -5.767687e+00 1.878722e+01
      vertex   -6.657586e+01 -5.745125e+00 1.853438e+01
    endloop
  endfacet
  facet normal -5.150942e-01 -8.571089e-01 -6.500368e-03
    outer loop
      vertex   -6.627762e+01 -5.925625e+00 1.870157e+01
      vertex   -6.657586e+01 -5.745125e+00 1.853438e+01
      vertex   -6.631119e+01 -5.903062e+00 1.838646e+01
    endloop
  endfacet
  facet normal -4.923823e-01 -8.691115e-01 4.695489e-02
    outer loop
      vertex   -6.631119e+01 -5.903062e+00 1.838646e+01
      vertex   -6.657586e+01 -5.745125e+00 1.853438e+01
      vertex   -6.663904e+01 -5.722562e+00 1.828945e+01
    endloop
  endfacet
  facet normal -5.037502e-01 -8.571089e-01 1.077034e-01
    outer loop
      vertex   -6.631119e+01 -5.903062e+00 1.838646e+01
      vertex   -6.663904e+01 -5.722562e+00 1.828945e+01
      vertex   -6.641369e+01 -5.880500e+00 1.808661e+01
    endloop
  endfacet
  facet normal -4.697669e-01 -8.691115e-01 1.548036e-01
    outer loop
      vertex   -6.641369e+01 -5.880500e+00 1.808661e+01
      vertex   -6.663904e+01 -5.722562e+00 1.828945e+01
      vertex   -6.675489e+01 -5.700000e+00 1.806459e+01
    endloop
  endfacet
  facet normal -4.674029e-01 -8.571089e-01 2.165613e-01
    outer loop
      vertex   -6.641369e+01 -5.880500e+00 1.808661e+01
      vertex   -6.675489e+01 -5.700000e+00 1.806459e+01
      vertex   -6.658003e+01 -5.857937e+00 1.781688e+01
    endloop
  endfacet
  facet normal -4.202063e-01 -8.699578e-01 2.580698e-01
    outer loop
      vertex   -6.658003e+01 -5.857937e+00 1.781688e+01
      vertex   -6.675489e+01 -5.700000e+00 1.806459e+01
      vertex   -6.689298e+01 -5.700000e+00 1.783973e+01
    endloop
  endfacet
  facet normal -4.089995e-01 -8.561146e-01 3.158911e-01
    outer loop
      vertex   -6.658003e+01 -5.857937e+00 1.781688e+01
      vertex   -6.689298e+01 -5.700000e+00 1.783973e+01
      vertex   -6.680197e+01 -5.835375e+00 1.759068e+01
    endloop
  endfacet
  facet normal -3.502228e-01 -8.706968e-01 3.452986e-01
    outer loop
      vertex   -6.680197e+01 -5.835375e+00 1.759068e+01
      vertex   -6.689298e+01 -5.700000e+00 1.783973e+01
      vertex   -6.707834e+01 -5.700000e+00 1.765173e+01
    endloop
  endfacet
  facet normal -3.301340e-01 -8.546658e-01 4.006968e-01
    outer loop
      vertex   -6.680197e+01 -5.835375e+00 1.759068e+01
      vertex   -6.707834e+01 -5.700000e+00 1.765173e+01
      vertex   -6.706847e+01 -5.812812e+00 1.741923e+01
    endloop
  endfacet
  facet normal -2.652852e-01 -8.718188e-01 4.117714e-01
    outer loop
      vertex   -6.706847e+01 -5.812812e+00 1.741923e+01
      vertex   -6.707834e+01 -5.700000e+00 1.765173e+01
      vertex   -6.730012e+01 -5.700000e+00 1.750884e+01
    endloop
  endfacet
  facet normal -2.343386e-01 -8.524372e-01 4.673716e-01
    outer loop
      vertex   -6.706847e+01 -5.812812e+00 1.741923e+01
      vertex   -6.730012e+01 -5.700000e+00 1.750884e+01
      vertex   -6.736633e+01 -5.790250e+00 1.731104e+01
    endloop
  endfacet
  facet normal -1.709881e-01 -8.735121e-01 4.557846e-01
    outer loop
      vertex   -6.736633e+01 -5.790250e+00 1.731104e+01
      vertex   -6.730012e+01 -5.700000e+00 1.750884e+01
      vertex   -6.754712e+01 -5.700000e+00 1.741618e+01
    endloop
  endfacet
  facet normal -1.254908e-01 -8.491173e-01 5.130807e-01
    outer loop
      vertex   -6.736633e+01 -5.790250e+00 1.731104e+01
      vertex   -6.754712e+01 -5.700000e+00 1.741618e+01
      vertex   -6.768074e+01 -5.767687e+00 1.727148e+01
    endloop
  endfacet
  facet normal -7.286294e-02 -8.758775e-01 4.770007e-01
    outer loop
      vertex   -6.768074e+01 -5.767687e+00 1.727148e+01
      vertex   -6.754712e+01 -5.700000e+00 1.741618e+01
      vertex   -6.780814e+01 -5.700000e+00 1.737631e+01
    endloop
  endfacet
  facet normal -7.677072e-03 -8.442913e-01 5.358294e-01
    outer loop
      vertex   -6.768074e+01 -5.767687e+00 1.727148e+01
      vertex   -6.780814e+01 -5.700000e+00 1.737631e+01
      vertex   -6.799611e+01 -5.745125e+00 1.730251e+01
    endloop
  endfacet
  facet normal 2.400246e-02 -8.789414e-01 4.763254e-01
    outer loop
      vertex   -6.799611e+01 -5.745125e+00 1.730251e+01
      vertex   -6.780814e+01 -5.700000e+00 1.737631e+01
      vertex   -6.807208e+01 -5.700000e+00 1.738961e+01
    endloop
  endfacet
  facet normal 1.149758e-01 -8.375004e-01 5.342038e-01
    outer loop
      vertex   -6.799611e+01 -5.745125e+00 1.730251e+01
      vertex   -6.807208e+01 -5.700000e+00 1.738961e+01
      vertex   -6.829678e+01 -5.722562e+00 1.740260e+01
    endloop
  endfacet
  facet normal 1.149738e-01 -8.826482e-01 4.557555e-01
    outer loop
      vertex   -6.829678e+01 -5.722562e+00 1.740260e+01
      vertex   -6.807208e+01 -5.700000e+00 1.738961e+01
      vertex   -6.832837e+01 -5.700000e+00 1.745426e+01
    endloop
  endfacet
  facet normal 2.383834e-01 -8.280903e-01 5.073853e-01
    outer loop
      vertex   -6.829678e+01 -5.722562e+00 1.740260e+01
      vertex   -6.832837e+01 -5.700000e+00 1.745426e+01
      vertex   -6.856784e+01 -5.700000e+00 1.756677e+01
    endloop
  endfacet
  facet normal -2.587171e-01 -8.691913e-01 4.213929e-01
    outer loop
      vertex   -6.738454e+01 -6.264062e+00 1.760307e+01
      vertex   -6.716930e+01 -6.422000e+00 1.740945e+01
      vertex   -6.715089e+01 -6.286625e+00 1.769999e+01
    endloop
  endfacet
  facet normal -2.953091e-01 -8.587068e-01 4.188260e-01
    outer loop
      vertex   -6.715089e+01 -6.286625e+00 1.769999e+01
      vertex   -6.716930e+01 -6.422000e+00 1.740945e+01
      vertex   -6.695283e+01 -6.422000e+00 1.756208e+01
    endloop
  endfacet
  facet normal -3.463988e-01 -8.683542e-01 3.549209e-01
    outer loop
      vertex   -6.715089e+01 -6.286625e+00 1.769999e+01
      vertex   -6.695283e+01 -6.422000e+00 1.756208e+01
      vertex   -6.694450e+01 -6.309187e+00 1.784622e+01
    endloop
  endfacet
  facet normal -3.708106e-01 -8.593848e-01 3.520756e-01
    outer loop
      vertex   -6.694450e+01 -6.309187e+00 1.784622e+01
      vertex   -6.695283e+01 -6.422000e+00 1.756208e+01
      vertex   -6.677057e+01 -6.422000e+00 1.775404e+01
    endloop
  endfacet
  facet normal -4.183697e-01 -8.667836e-01 2.713907e-01
    outer loop
      vertex   -6.694450e+01 -6.309187e+00 1.784622e+01
      vertex   -6.677057e+01 -6.422000e+00 1.775404e+01
      vertex   -6.677560e+01 -6.331750e+00 1.803452e+01
    endloop
  endfacet
  facet normal -4.318260e-01 -8.608360e-01 2.692353e-01
    outer loop
      vertex   -6.677560e+01 -6.331750e+00 1.803452e+01
      vertex   -6.677057e+01 -6.422000e+00 1.775404e+01
      vertex   -6.663100e+01 -6.422000e+00 1.797789e+01
    endloop
  endfacet
  facet normal -4.714035e-01 -8.645606e-01 1.741085e-01
    outer loop
      vertex   -6.677560e+01 -6.331750e+00 1.803452e+01
      vertex   -6.663100e+01 -6.422000e+00 1.797789e+01
      vertex   -6.665259e+01 -6.354312e+00 1.825555e+01
    endloop
  endfacet
  facet normal -4.749383e-01 -8.627672e-01 1.733964e-01
    outer loop
      vertex   -6.665259e+01 -6.354312e+00 1.825555e+01
      vertex   -6.663100e+01 -6.422000e+00 1.797789e+01
      vertex   -6.654040e+01 -6.422000e+00 1.822606e+01
    endloop
  endfacet
  facet normal -5.019807e-01 -8.621195e-01 6.903176e-02
    outer loop
      vertex   -6.665259e+01 -6.354312e+00 1.825555e+01
      vertex   -6.654040e+01 -6.422000e+00 1.822606e+01
      vertex   -6.650451e+01 -6.422000e+00 1.848703e+01
    endloop
  endfacet
  facet normal -4.971511e-01 -8.652232e-01 6.503462e-02
    outer loop
      vertex   -6.665259e+01 -6.354312e+00 1.825555e+01
      vertex   -6.650451e+01 -6.422000e+00 1.848703e+01
      vertex   -6.658157e+01 -6.376875e+00 1.849832e+01
    endloop
  endfacet
  facet normal -5.095090e-01 -8.594146e-01 -4.251168e-02
    outer loop
      vertex   -6.658157e+01 -6.376875e+00 1.849832e+01
      vertex   -6.650451e+01 -6.422000e+00 1.848703e+01
      vertex   -6.652644e+01 -6.422000e+00 1.874983e+01
    endloop
  endfacet
  facet normal -4.951992e-01 -8.675018e-01 -4.709934e-02
    outer loop
      vertex   -6.658157e+01 -6.376875e+00 1.849832e+01
      vertex   -6.652644e+01 -6.422000e+00 1.874983e+01
      vertex   -6.656605e+01 -6.399437e+00 1.875079e+01
    endloop
  endfacet
  facet normal -4.915882e-01 -8.564319e-01 -1.576880e-01
    outer loop
      vertex   -6.656605e+01 -6.399437e+00 1.875079e+01
      vertex   -6.652644e+01 -6.422000e+00 1.874983e+01
      vertex   -6.660682e+01 -6.422000e+00 1.900043e+01
    endloop
  endfacet
  facet normal 6.412549e-01 1.295282e-01 7.563165e-01
    outer loop
      vertex   6.692817e+01 -6.422000e+00 1.749897e+01
      vertex   6.679638e+01 -6.331750e+00 1.759526e+01
      vertex   6.664754e+01 -6.422000e+00 1.773691e+01
    endloop
  endfacet
  facet normal 7.114119e-01 -7.682183e-02 6.985639e-01
    outer loop
      vertex   6.664754e+01 -6.422000e+00 1.773691e+01
      vertex   6.679638e+01 -6.331750e+00 1.759526e+01
      vertex   6.657560e+01 -6.309187e+00 1.782258e+01
    endloop
  endfacet
  facet normal 8.110485e-01 7.682183e-02 5.799128e-01
    outer loop
      vertex   6.664754e+01 -6.422000e+00 1.773691e+01
      vertex   6.657560e+01 -6.309187e+00 1.782258e+01
      vertex   6.646181e+01 -6.399437e+00 1.799367e+01
    endloop
  endfacet
  facet normal 8.484194e-01 -7.682183e-02 5.237202e-01
    outer loop
      vertex   6.646181e+01 -6.399437e+00 1.799367e+01
      vertex   6.657560e+01 -6.309187e+00 1.782258e+01
      vertex   6.641062e+01 -6.286625e+00 1.809314e+01
    endloop
  endfacet
  facet normal 9.193138e-01 7.682183e-02 3.859540e-01
    outer loop
      vertex   6.646181e+01 -6.399437e+00 1.799367e+01
      vertex   6.641062e+01 -6.286625e+00 1.809314e+01
      vertex   6.633754e+01 -6.376875e+00 1.828518e+01
    endloop
  endfacet
  facet normal 9.433163e-01 -7.682183e-02 3.228820e-01
    outer loop
      vertex   6.633754e+01 -6.376875e+00 1.828518e+01
      vertex   6.641062e+01 -6.286625e+00 1.809314e+01
      vertex   6.630965e+01 -6.264062e+00 1.839352e+01
    endloop
  endfacet
  facet normal 9.819497e-01 7.682183e-02 1.728386e-01
    outer loop
      vertex   6.633754e+01 -6.376875e+00 1.828518e+01
      vertex   6.630965e+01 -6.264062e+00 1.839352e+01
      vertex   6.628090e+01 -6.354312e+00 1.859697e+01
    endloop
  endfacet
  facet normal 9.913923e-01 -7.682183e-02 1.060177e-01
    outer loop
      vertex   6.628090e+01 -6.354312e+00 1.859697e+01
      vertex   6.630965e+01 -6.264062e+00 1.839352e+01
      vertex   6.627768e+01 -6.241500e+00 1.870880e+01
    endloop
  endfacet
  facet normal 9.958472e-01 7.682183e-02 -4.885549e-02
    outer loop
      vertex   6.628090e+01 -6.354312e+00 1.859697e+01
      vertex   6.627768e+01 -6.241500e+00 1.870880e+01
      vertex   6.629469e+01 -6.331750e+00 1.891356e+01
    endloop
  endfacet
  facet normal 9.902612e-01 -7.682183e-02 -1.161087e-01
    outer loop
      vertex   6.629469e+01 -6.331750e+00 1.891356e+01
      vertex   6.627768e+01 -6.241500e+00 1.870880e+01
      vertex   6.631631e+01 -6.218937e+00 1.902333e+01
    endloop
  endfacet
  facet normal 9.603164e-01 7.682183e-02 -2.681247e-01
    outer loop
      vertex   6.629469e+01 -6.331750e+00 1.891356e+01
      vertex   6.631631e+01 -6.218937e+00 1.902333e+01
      vertex   6.637823e+01 -6.309187e+00 1.921925e+01
    endloop
  endfacet
  facet normal 9.399791e-01 -7.682183e-02 -3.324721e-01
    outer loop
      vertex   6.637823e+01 -6.309187e+00 1.921925e+01
      vertex   6.631631e+01 -6.218937e+00 1.902333e+01
      vertex   6.642362e+01 -6.196375e+00 1.932150e+01
    endloop
  endfacet
  facet normal 8.771210e-01 7.682183e-02 -4.740857e-01
    outer loop
      vertex   6.637823e+01 -6.309187e+00 1.921925e+01
      vertex   6.642362e+01 -6.196375e+00 1.932150e+01
      vertex   6.652738e+01 -6.286625e+00 1.949885e+01
    endloop
  endfacet
  facet normal 8.430418e-01 -7.682183e-02 -5.323335e-01
    outer loop
      vertex   6.652738e+01 -6.286625e+00 1.949885e+01
      vertex   6.642362e+01 -6.196375e+00 1.932150e+01
      vertex   6.659428e+01 -6.173812e+00 1.958851e+01
    endloop
  endfacet
  facet normal 7.503902e-01 7.682183e-02 -6.565157e-01
    outer loop
      vertex   6.652738e+01 -6.286625e+00 1.949885e+01
      vertex   6.659428e+01 -6.173812e+00 1.958851e+01
      vertex   6.673473e+01 -6.264062e+00 1.973849e+01
    endloop
  endfacet
  facet normal 7.042607e-01 -7.682183e-02 -7.057728e-01
    outer loop
      vertex   6.673473e+01 -6.264062e+00 1.973849e+01
      vertex   6.659428e+01 -6.173812e+00 1.958851e+01
      vertex   6.681982e+01 -6.151250e+00 1.981111e+01
    endloop
  endfacet
  facet normal 5.864144e-01 7.682183e-02 -8.063601e-01
    outer loop
      vertex   6.673473e+01 -6.264062e+00 1.973849e+01
      vertex   6.681982e+01 -6.151250e+00 1.981111e+01
      vertex   6.698999e+01 -6.241500e+00 1.992627e+01
    endloop
  endfacet
  facet normal 5.305241e-01 -7.682183e-02 -8.441816e-01
    outer loop
      vertex   6.698999e+01 -6.241500e+00 1.992627e+01
      vertex   6.681982e+01 -6.151250e+00 1.981111e+01
      vertex   6.708905e+01 -6.128687e+00 1.997826e+01
    endloop
  endfacet
  facet normal 3.933322e-01 7.682183e-02 -9.161813e-01
    outer loop
      vertex   6.698999e+01 -6.241500e+00 1.992627e+01
      vertex   6.708905e+01 -6.128687e+00 1.997826e+01
      vertex   6.728049e+01 -6.218937e+00 2.005288e+01
    endloop
  endfacet
  facet normal 3.304553e-01 -7.682183e-02 -9.406900e-01
    outer loop
      vertex   6.728049e+01 -6.218937e+00 2.005288e+01
      vertex   6.708905e+01 -6.128687e+00 1.997826e+01
      vertex   6.738860e+01 -6.106125e+00 2.008165e+01
    endloop
  endfacet
  facet normal 1.807273e-01 7.682183e-02 -9.805285e-01
    outer loop
      vertex   6.728049e+01 -6.218937e+00 2.005288e+01
      vertex   6.738860e+01 -6.106125e+00 2.008165e+01
      vertex   6.759182e+01 -6.196375e+00 2.011203e+01
    endloop
  endfacet
  facet normal 1.139845e-01 -7.682183e-02 -9.905079e-01
    outer loop
      vertex   6.759182e+01 -6.196375e+00 2.011203e+01
      vertex   6.738860e+01 -6.106125e+00 2.008165e+01
      vertex   6.770361e+01 -6.083562e+00 2.011615e+01
    endloop
  endfacet
  facet normal -4.084788e-02 7.682183e-02 -9.962077e-01
    outer loop
      vertex   6.759182e+01 -6.196375e+00 2.011203e+01
      vertex   6.770361e+01 -6.083562e+00 2.011615e+01
      vertex   6.790851e+01 -6.173812e+00 2.010078e+01
    endloop
  endfacet
  facet normal -1.081438e-01 -7.682183e-02 -9.911626e-01
    outer loop
      vertex   6.790851e+01 -6.173812e+00 2.010078e+01
      vertex   6.770361e+01 -6.083562e+00 2.011615e+01
      vertex   6.801844e+01 -6.061000e+00 2.008005e+01
    endloop
  endfacet
  facet normal -2.603956e-01 7.682183e-02 -9.624409e-01
    outer loop
      vertex   6.790851e+01 -6.173812e+00 2.010078e+01
      vertex   6.801844e+01 -6.061000e+00 2.008005e+01
      vertex   6.821485e+01 -6.151250e+00 2.001970e+01
    endloop
  endfacet
  facet normal -3.249044e-01 -7.682183e-02 -9.426216e-01
    outer loop
      vertex   6.821485e+01 -6.151250e+00 2.001970e+01
      vertex   6.801844e+01 -6.061000e+00 2.008005e+01
      vertex   6.831747e+01 -6.038437e+00 1.997514e+01
    endloop
  endfacet
  facet normal -4.670188e-01 7.682183e-02 -8.809040e-01
    outer loop
      vertex   6.821485e+01 -6.151250e+00 2.001970e+01
      vertex   6.831747e+01 -6.038437e+00 1.997514e+01
      vertex   6.849564e+01 -6.128687e+00 1.987281e+01
    endloop
  endfacet
  facet normal -5.255387e-01 -7.682183e-02 -8.472942e-01
    outer loop
      vertex   6.849564e+01 -6.128687e+00 1.987281e+01
      vertex   6.831747e+01 -6.038437e+00 1.997514e+01
      vertex   6.858584e+01 -6.015875e+00 1.980663e+01
    endloop
  endfacet
  facet normal -6.504618e-01 7.682183e-02 -7.556440e-01
    outer loop
      vertex   6.849564e+01 -6.128687e+00 1.987281e+01
      vertex   6.858584e+01 -6.015875e+00 1.980663e+01
      vertex   6.873694e+01 -6.106125e+00 1.966739e+01
    endloop
  endfacet
  facet normal -7.000882e-01 -7.682183e-02 -7.099119e-01
    outer loop
      vertex   6.873694e+01 -6.106125e+00 1.966739e+01
      vertex   6.858584e+01 -6.015875e+00 1.980663e+01
      vertex   6.881025e+01 -5.993312e+00 1.958289e+01
    endloop
  endfacet
  facet normal -8.016196e-01 7.682183e-02 -5.928781e-01
    outer loop
      vertex   6.873694e+01 -6.106125e+00 1.966739e+01
      vertex   6.881025e+01 -5.993312e+00 1.958289e+01
      vertex   6.892677e+01 -6.083562e+00 1.941365e+01
    endloop
  endfacet
  facet normal -8.398892e-01 -7.682183e-02 -5.372937e-01
    outer loop
      vertex   6.892677e+01 -6.083562e+00 1.941365e+01
      vertex   6.881025e+01 -5.993312e+00 1.958289e+01
      vertex   6.897955e+01 -5.970750e+00 1.931501e+01
    endloop
  endfacet
  facet normal -9.129895e-01 7.682183e-02 -4.006851e-01
    outer loop
      vertex   6.892677e+01 -6.083562e+00 1.941365e+01
      vertex   6.897955e+01 -5.970750e+00 1.931501e+01
      vertex   6.905571e+01 -6.061000e+00 1.912417e+01
    endloop
  endfacet
  facet normal -9.380030e-01 -7.682183e-02 -3.380072e-01
    outer loop
      vertex   6.905571e+01 -6.061000e+00 1.912417e+01
      vertex   6.897955e+01 -5.970750e+00 1.931501e+01
      vertex   6.908535e+01 -5.948187e+00 1.901630e+01
    endloop
  endfacet
  facet normal -9.790438e-01 7.682183e-02 -1.886044e-01
    outer loop
      vertex   6.905571e+01 -6.061000e+00 1.912417e+01
      vertex   6.908535e+01 -5.948187e+00 1.901630e+01
      vertex   6.911736e+01 -6.038437e+00 1.881333e+01
    endloop
  endfacet
  facet normal -9.895595e-01 -7.682183e-02 -1.219439e-01
    outer loop
      vertex   6.911736e+01 -6.038437e+00 1.881333e+01
      vertex   6.908535e+01 -5.948187e+00 1.901630e+01
      vertex   6.912238e+01 -5.925625e+00 1.870157e+01
    endloop
  endfacet
  facet normal -9.965039e-01 7.682183e-02 3.283762e-02
    outer loop
      vertex   6.911736e+01 -6.038437e+00 1.881333e+01
      vertex   6.912238e+01 -5.925625e+00 1.870157e+01
      vertex   6.910867e+01 -6.015875e+00 1.849656e+01
    endloop
  endfacet
  facet normal -9.920000e-01 -7.682183e-02 1.001719e-01
    outer loop
      vertex   6.910867e+01 -6.015875e+00 1.849656e+01
      vertex   6.912238e+01 -5.925625e+00 1.870157e+01
      vertex   6.908881e+01 -5.903062e+00 1.838646e+01
    endloop
  endfacet
  facet normal -9.645032e-01 7.682183e-02 2.526497e-01
    outer loop
      vertex   6.910867e+01 -6.015875e+00 1.849656e+01
      vertex   6.908881e+01 -5.903062e+00 1.838646e+01
      vertex   6.903005e+01 -5.993312e+00 1.818957e+01
    endloop
  endfacet
  facet normal -9.452032e-01 -7.682183e-02 3.173158e-01
    outer loop
      vertex   6.903005e+01 -5.993312e+00 1.818957e+01
      vertex   6.908881e+01 -5.903062e+00 1.838646e+01
      vertex   6.898631e+01 -5.880500e+00 1.808661e+01
    endloop
  endfacet
  facet normal -8.846301e-01 7.682183e-02 4.599217e-01
    outer loop
      vertex   6.903005e+01 -5.993312e+00 1.818957e+01
      vertex   6.898631e+01 -5.880500e+00 1.808661e+01
      vertex   6.888541e+01 -5.970750e+00 1.790761e+01
    endloop
  endfacet
  facet normal -8.514919e-01 -7.682183e-02 5.187099e-01
    outer loop
      vertex   6.888541e+01 -5.970750e+00 1.790761e+01
      vertex   6.898631e+01 -5.880500e+00 1.808661e+01
      vertex   6.881997e+01 -5.857937e+00 1.781688e+01
    endloop
  endfacet
  facet normal -7.608489e-01 7.682183e-02 6.443659e-01
    outer loop
      vertex   6.888541e+01 -5.970750e+00 1.790761e+01
      vertex   6.881997e+01 -5.857937e+00 1.781688e+01
      vertex   6.868194e+01 -5.948187e+00 1.766467e+01
    endloop
  endfacet
  facet normal -7.155173e-01 -7.682183e-02 6.943583e-01
    outer loop
      vertex   6.868194e+01 -5.948187e+00 1.766467e+01
      vertex   6.881997e+01 -5.857937e+00 1.781688e+01
      vertex   6.859803e+01 -5.835375e+00 1.759068e+01
    endloop
  endfacet
  facet normal -5.993035e-01 7.682183e-02 7.968273e-01
    outer loop
      vertex   6.868194e+01 -5.948187e+00 1.766467e+01
      vertex   6.859803e+01 -5.835375e+00 1.759068e+01
      vertex   6.842973e+01 -5.925625e+00 1.747280e+01
    endloop
  endfacet
  facet normal -5.440285e-01 -7.682183e-02 8.355426e-01
    outer loop
      vertex   6.842973e+01 -5.925625e+00 1.747280e+01
      vertex   6.859803e+01 -5.835375e+00 1.759068e+01
      vertex   6.833153e+01 -5.812812e+00 1.741923e+01
    endloop
  endfacet
  facet normal -4.080121e-01 7.682183e-02 9.097387e-01
    outer loop
      vertex   6.842973e+01 -5.925625e+00 1.747280e+01
      vertex   6.833153e+01 -5.812812e+00 1.741923e+01
      vertex   6.814131e+01 -5.903062e+00 1.734154e+01
    endloop
  endfacet
  facet normal -3.455373e-01 -7.682183e-02 9.352553e-01
    outer loop
      vertex   6.814131e+01 -5.903062e+00 1.734154e+01
      vertex   6.833153e+01 -5.812812e+00 1.741923e+01
      vertex   6.803367e+01 -5.790250e+00 1.731104e+01
    endloop
  endfacet
  facet normal -1.964692e-01 7.682183e-02 9.774959e-01
    outer loop
      vertex   6.814131e+01 -5.903062e+00 1.734154e+01
      vertex   6.803367e+01 -5.790250e+00 1.731104e+01
      vertex   6.783097e+01 -5.880500e+00 1.727739e+01
    endloop
  endfacet
  facet normal -1.298955e-01 -7.682183e-02 9.885472e-01
    outer loop
      vertex   6.783097e+01 -5.880500e+00 1.727739e+01
      vertex   6.803367e+01 -5.790250e+00 1.731104e+01
      vertex   6.771926e+01 -5.767687e+00 1.727148e+01
    endloop
  endfacet
  facet normal 2.482525e-02 7.682183e-02 9.967357e-01
    outer loop
      vertex   6.783097e+01 -5.880500e+00 1.727739e+01
      vertex   6.771926e+01 -5.767687e+00 1.727148e+01
      vertex   6.751414e+01 -5.857937e+00 1.728355e+01
    endloop
  endfacet
  facet normal 9.219358e-02 -7.682183e-02 9.927733e-01
    outer loop
      vertex   6.751414e+01 -5.857937e+00 1.728355e+01
      vertex   6.771926e+01 -5.767687e+00 1.727148e+01
      vertex   6.740389e+01 -5.745125e+00 1.730251e+01
    endloop
  endfacet
  facet normal 2.448875e-01 7.682183e-02 9.665032e-01
    outer loop
      vertex   6.751414e+01 -5.857937e+00 1.728355e+01
      vertex   6.740389e+01 -5.745125e+00 1.730251e+01
      vertex   6.720653e+01 -5.835375e+00 1.735969e+01
    endloop
  endfacet
  facet normal 3.097067e-01 -7.682183e-02 9.477237e-01
    outer loop
      vertex   6.720653e+01 -5.835375e+00 1.735969e+01
      vertex   6.740389e+01 -5.745125e+00 1.730251e+01
      vertex   6.710322e+01 -5.722562e+00 1.740260e+01
    endloop
  endfacet
  facet normal 4.527950e-01 7.682183e-02 8.882990e-01
    outer loop
      vertex   6.720653e+01 -5.835375e+00 1.735969e+01
      vertex   6.710322e+01 -5.722562e+00 1.740260e+01
      vertex   6.692342e+01 -5.812812e+00 1.750205e+01
    endloop
  endfacet
  facet normal 5.118477e-01 -7.682183e-02 8.556345e-01
    outer loop
      vertex   6.692342e+01 -5.812812e+00 1.750205e+01
      vertex   6.710322e+01 -5.722562e+00 1.740260e+01
      vertex   6.683216e+01 -5.700000e+00 1.756677e+01
    endloop
  endfacet
  facet normal 6.382282e-01 7.682183e-02 7.660046e-01
    outer loop
      vertex   6.692342e+01 -5.812812e+00 1.750205e+01
      vertex   6.683216e+01 -5.700000e+00 1.756677e+01
      vertex   6.667885e+01 -5.790250e+00 1.770356e+01
    endloop
  endfacet
  facet normal 7.015091e-01 -1.295282e-01 7.007905e-01
    outer loop
      vertex   6.667885e+01 -5.790250e+00 1.770356e+01
      vertex   6.683216e+01 -5.700000e+00 1.756677e+01
      vertex   6.657213e+01 -5.700000e+00 1.782707e+01
    endloop
  endfacet
  facet normal 7.908742e-01 1.117619e-01 6.016870e-01
    outer loop
      vertex   6.667885e+01 -5.790250e+00 1.770356e+01
      vertex   6.657213e+01 -5.700000e+00 1.782707e+01
      vertex   6.648496e+01 -5.767687e+00 1.795422e+01
    endloop
  endfacet
  facet normal 8.525951e-01 -1.692707e-01 4.943976e-01
    outer loop
      vertex   6.648496e+01 -5.767687e+00 1.795422e+01
      vertex   6.657213e+01 -5.700000e+00 1.782707e+01
      vertex   6.638756e+01 -5.700000e+00 1.814536e+01
    endloop
  endfacet
  facet normal 9.014031e-01 1.462788e-01 4.075229e-01
    outer loop
      vertex   6.648496e+01 -5.767687e+00 1.795422e+01
      vertex   6.638756e+01 -5.700000e+00 1.814536e+01
      vertex   6.635138e+01 -5.745125e+00 1.824159e+01
    endloop
  endfacet
  facet normal 9.436714e-01 -2.081597e-01 2.572037e-01
    outer loop
      vertex   6.635138e+01 -5.745125e+00 1.824159e+01
      vertex   6.638756e+01 -5.700000e+00 1.814536e+01
      vertex   6.629081e+01 -5.700000e+00 1.850034e+01
    endloop
  endfacet
  facet normal 9.642441e-01 1.802397e-01 1.942857e-01
    outer loop
      vertex   6.635138e+01 -5.745125e+00 1.824159e+01
      vertex   6.629081e+01 -5.700000e+00 1.850034e+01
      vertex   6.628474e+01 -5.722562e+00 1.855139e+01
    endloop
  endfacet
  facet normal 9.692435e-01 -2.460182e-01 6.490809e-03
    outer loop
      vertex   6.628474e+01 -5.722562e+00 1.855139e+01
      vertex   6.629081e+01 -5.700000e+00 1.850034e+01
      vertex   6.628835e+01 -5.700000e+00 1.886827e+01
    endloop
  endfacet
  facet normal 5.351945e-01 -1.117619e-01 8.373029e-01
    outer loop
      vertex   6.679638e+01 -6.331750e+00 1.759526e+01
      vertex   6.692817e+01 -6.422000e+00 1.749897e+01
      vertex   6.706201e+01 -6.354312e+00 1.742245e+01
    endloop
  endfacet
  facet normal 4.232295e-01 1.692707e-01 8.900698e-01
    outer loop
      vertex   6.706201e+01 -6.354312e+00 1.742245e+01
      vertex   6.692817e+01 -6.422000e+00 1.749897e+01
      vertex   6.726045e+01 -6.422000e+00 1.734097e+01
    endloop
  endfacet
  facet normal 3.326643e-01 -1.462788e-01 9.316314e-01
    outer loop
      vertex   6.706201e+01 -6.354312e+00 1.742245e+01
      vertex   6.726045e+01 -6.422000e+00 1.734097e+01
      vertex   6.735931e+01 -6.376875e+00 1.731275e+01
    endloop
  endfacet
  facet normal 1.793990e-01 2.081597e-01 9.615017e-01
    outer loop
      vertex   6.735931e+01 -6.376875e+00 1.731275e+01
      vertex   6.726045e+01 -6.422000e+00 1.734097e+01
      vertex   6.762214e+01 -6.422000e+00 1.727348e+01
    endloop
  endfacet
  facet normal 1.150130e-01 -1.802397e-01 9.768755e-01
    outer loop
      vertex   6.735931e+01 -6.376875e+00 1.731275e+01
      vertex   6.762214e+01 -6.422000e+00 1.727348e+01
      vertex   6.767352e+01 -6.399437e+00 1.727160e+01
    endloop
  endfacet
  facet normal -7.256418e-02 2.460182e-01 9.665451e-01
    outer loop
      vertex   6.767352e+01 -6.399437e+00 1.727160e+01
      vertex   6.762214e+01 -6.422000e+00 1.727348e+01
      vertex   6.798904e+01 -6.422000e+00 1.730103e+01
    endloop
  endfacet
  facet normal -2.097090e-01 -8.588102e-01 4.674047e-01
    outer loop
      vertex   6.823070e+01 -6.422000e+00 1.740945e+01
      vertex   6.801546e+01 -6.264062e+00 1.760307e+01
      vertex   6.798904e+01 -6.422000e+00 1.730103e+01
    endloop
  endfacet
  facet normal -1.590168e-01 -8.691115e-01 4.683575e-01
    outer loop
      vertex   6.798904e+01 -6.422000e+00 1.730103e+01
      vertex   6.801546e+01 -6.264062e+00 1.760307e+01
      vertex   6.776616e+01 -6.241500e+00 1.756030e+01
    endloop
  endfacet
  facet normal -1.082673e-01 -8.571089e-01 5.036293e-01
    outer loop
      vertex   6.798904e+01 -6.422000e+00 1.730103e+01
      vertex   6.776616e+01 -6.241500e+00 1.756030e+01
      vertex   6.767352e+01 -6.399437e+00 1.727160e+01
    endloop
  endfacet
  facet normal -5.137558e-02 -8.691115e-01 4.919407e-01
    outer loop
      vertex   6.767352e+01 -6.399437e+00 1.727160e+01
      vertex   6.776616e+01 -6.241500e+00 1.756030e+01
      vertex   6.751357e+01 -6.218937e+00 1.757378e+01
    endloop
  endfacet
  facet normal 5.923632e-03 -8.571089e-01 5.151012e-01
    outer loop
      vertex   6.767352e+01 -6.399437e+00 1.727160e+01
      vertex   6.751357e+01 -6.218937e+00 1.757378e+01
      vertex   6.735931e+01 -6.376875e+00 1.731275e+01
    endloop
  endfacet
  facet normal 5.881562e-02 -8.691115e-01 4.911068e-01
    outer loop
      vertex   6.735931e+01 -6.376875e+00 1.731275e+01
      vertex   6.751357e+01 -6.218937e+00 1.757378e+01
      vertex   6.727023e+01 -6.196375e+00 1.764285e+01
    endloop
  endfacet
  facet normal 1.198206e-01 -8.571089e-01 5.010063e-01
    outer loop
      vertex   6.735931e+01 -6.376875e+00 1.731275e+01
      vertex   6.727023e+01 -6.196375e+00 1.764285e+01
      vertex   6.706201e+01 -6.354312e+00 1.742245e+01
    endloop
  endfacet
  facet normal 1.660876e-01 -8.691115e-01 4.658970e-01
    outer loop
      vertex   6.706201e+01 -6.354312e+00 1.742245e+01
      vertex   6.727023e+01 -6.196375e+00 1.764285e+01
      vertex   6.704823e+01 -6.173812e+00 1.776408e+01
    endloop
  endfacet
  facet normal 2.277703e-01 -8.571089e-01 4.620444e-01
    outer loop
      vertex   6.706201e+01 -6.354312e+00 1.742245e+01
      vertex   6.704823e+01 -6.173812e+00 1.776408e+01
      vertex   6.679638e+01 -6.331750e+00 1.759526e+01
    endloop
  endfacet
  facet normal 2.651158e-01 -8.691115e-01 4.175628e-01
    outer loop
      vertex   6.679638e+01 -6.331750e+00 1.759526e+01
      vertex   6.704823e+01 -6.173812e+00 1.776408e+01
      vertex   6.685857e+01 -6.151250e+00 1.793146e+01
    endloop
  endfacet
  facet normal 3.244148e-01 -8.571089e-01 4.001491e-01
    outer loop
      vertex   6.679638e+01 -6.331750e+00 1.759526e+01
      vertex   6.685857e+01 -6.151250e+00 1.793146e+01
      vertex   6.657560e+01 -6.309187e+00 1.782258e+01
    endloop
  endfacet
  facet normal 3.509853e-01 -8.691115e-01 3.485032e-01
    outer loop
      vertex   6.657560e+01 -6.309187e+00 1.782258e+01
      vertex   6.685857e+01 -6.151250e+00 1.793146e+01
      vertex   6.671068e+01 -6.128687e+00 1.813667e+01
    endloop
  endfacet
  facet normal 4.049572e-01 -8.571089e-01 3.183928e-01
    outer loop
      vertex   6.657560e+01 -6.309187e+00 1.782258e+01
      vertex   6.671068e+01 -6.128687e+00 1.813667e+01
      vertex   6.641062e+01 -6.286625e+00 1.809314e+01
    endloop
  endfacet
  facet normal 4.194338e-01 -8.691115e-01 2.621458e-01
    outer loop
      vertex   6.641062e+01 -6.286625e+00 1.809314e+01
      vertex   6.671068e+01 -6.128687e+00 1.813667e+01
      vertex   6.661190e+01 -6.106125e+00 1.836953e+01
    endloop
  endfacet
  facet normal 4.653998e-01 -8.571089e-01 2.208332e-01
    outer loop
      vertex   6.641062e+01 -6.286625e+00 1.809314e+01
      vertex   6.661190e+01 -6.106125e+00 1.836953e+01
      vertex   6.630965e+01 -6.264062e+00 1.839352e+01
    endloop
  endfacet
  facet normal 4.670640e-01 -8.691115e-01 1.627770e-01
    outer loop
      vertex   6.630965e+01 -6.264062e+00 1.839352e+01
      vertex   6.661190e+01 -6.106125e+00 1.836953e+01
      vertex   6.656712e+01 -6.083562e+00 1.861848e+01
    endloop
  endfacet
  facet normal 5.027427e-01 -8.571089e-01 1.123127e-01
    outer loop
      vertex   6.630965e+01 -6.264062e+00 1.839352e+01
      vertex   6.656712e+01 -6.083562e+00 1.861848e+01
      vertex   6.627768e+01 -6.241500e+00 1.870880e+01
    endloop
  endfacet
  facet normal 4.915118e-01 -8.691115e-01 5.532884e-02
    outer loop
      vertex   6.627768e+01 -6.241500e+00 1.870880e+01
      vertex   6.656712e+01 -6.083562e+00 1.861848e+01
      vertex   6.657857e+01 -6.061000e+00 1.887117e+01
    endloop
  endfacet
  facet normal 5.151322e-01 -8.571089e-01 -1.782325e-03
    outer loop
      vertex   6.627768e+01 -6.241500e+00 1.870880e+01
      vertex   6.657857e+01 -6.061000e+00 1.887117e+01
      vertex   6.631631e+01 -6.218937e+00 1.902333e+01
    endloop
  endfacet
  facet normal 4.915637e-01 -8.691115e-01 -5.486551e-02
    outer loop
      vertex   6.631631e+01 -6.218937e+00 1.902333e+01
      vertex   6.657857e+01 -6.061000e+00 1.887117e+01
      vertex   6.664568e+01 -6.038437e+00 1.911506e+01
    endloop
  endfacet
  facet normal 5.019534e-01 -8.571089e-01 -1.157889e-01
    outer loop
      vertex   6.631631e+01 -6.218937e+00 1.902333e+01
      vertex   6.664568e+01 -6.038437e+00 1.911506e+01
      vertex   6.642362e+01 -6.196375e+00 1.932150e+01
    endloop
  endfacet
  facet normal 4.672172e-01 -8.691115e-01 -1.623366e-01
    outer loop
      vertex   6.642362e+01 -6.196375e+00 1.932150e+01
      vertex   6.664568e+01 -6.038437e+00 1.911506e+01
      vertex   6.676512e+01 -6.015875e+00 1.933803e+01
    endloop
  endfacet
  facet normal 4.638606e-01 -8.571089e-01 -2.240484e-01
    outer loop
      vertex   6.642362e+01 -6.196375e+00 1.932150e+01
      vertex   6.676512e+01 -6.015875e+00 1.933803e+01
      vertex   6.659428e+01 -6.173812e+00 1.958851e+01
    endloop
  endfacet
  facet normal 4.196807e-01 -8.691115e-01 -2.617503e-01
    outer loop
      vertex   6.659428e+01 -6.173812e+00 1.958851e+01
      vertex   6.676512e+01 -6.015875e+00 1.933803e+01
      vertex   6.693097e+01 -5.993312e+00 1.952902e+01
    endloop
  endfacet
  facet normal 4.027443e-01 -8.571089e-01 -3.211874e-01
    outer loop
      vertex   6.659428e+01 -6.173812e+00 1.958851e+01
      vertex   6.693097e+01 -5.993312e+00 1.952902e+01
      vertex   6.681982e+01 -6.151250e+00 1.981111e+01
    endloop
  endfacet
  facet normal 3.513136e-01 -8.691115e-01 -3.481722e-01
    outer loop
      vertex   6.681982e+01 -6.151250e+00 1.981111e+01
      vertex   6.693097e+01 -5.993312e+00 1.952902e+01
      vertex   6.713498e+01 -5.970750e+00 1.967856e+01
    endloop
  endfacet
  facet normal 3.216381e-01 -8.571089e-01 -4.023844e-01
    outer loop
      vertex   6.681982e+01 -6.151250e+00 1.981111e+01
      vertex   6.713498e+01 -5.970750e+00 1.967856e+01
      vertex   6.708905e+01 -6.128687e+00 1.997826e+01
    endloop
  endfacet
  facet normal 2.655093e-01 -8.691115e-01 -4.173127e-01
    outer loop
      vertex   6.708905e+01 -6.128687e+00 1.997826e+01
      vertex   6.713498e+01 -5.970750e+00 1.967856e+01
      vertex   6.736704e+01 -5.948187e+00 1.977921e+01
    endloop
  endfacet
  facet normal 2.245676e-01 -8.571089e-01 -4.636094e-01
    outer loop
      vertex   6.708905e+01 -6.128687e+00 1.997826e+01
      vertex   6.736704e+01 -5.948187e+00 1.977921e+01
      vertex   6.738860e+01 -6.106125e+00 2.008165e+01
    endloop
  endfacet
  facet normal 1.665266e-01 -8.691115e-01 -4.657403e-01
    outer loop
      vertex   6.738860e+01 -6.106125e+00 2.008165e+01
      vertex   6.736704e+01 -5.948187e+00 1.977921e+01
      vertex   6.761563e+01 -5.925625e+00 1.982599e+01
    endloop
  endfacet
  facet normal 1.163509e-01 -8.571089e-01 -5.018235e-01
    outer loop
      vertex   6.738860e+01 -6.106125e+00 2.008165e+01
      vertex   6.761563e+01 -5.925625e+00 1.982599e+01
      vertex   6.770361e+01 -6.083562e+00 2.011615e+01
    endloop
  endfacet
  facet normal 5.927852e-02 -8.691115e-01 -4.910511e-01
    outer loop
      vertex   6.770361e+01 -6.083562e+00 2.011615e+01
      vertex   6.761563e+01 -5.925625e+00 1.982599e+01
      vertex   6.786840e+01 -5.903062e+00 1.981657e+01
    endloop
  endfacet
  facet normal 2.359098e-03 -8.571089e-01 -5.151298e-01
    outer loop
      vertex   6.770361e+01 -6.083562e+00 2.011615e+01
      vertex   6.786840e+01 -5.903062e+00 1.981657e+01
      vertex   6.801844e+01 -6.061000e+00 2.008005e+01
    endloop
  endfacet
  facet normal -5.091185e-02 -8.691115e-01 -4.919889e-01
    outer loop
      vertex   6.801844e+01 -6.061000e+00 2.008005e+01
      vertex   6.786840e+01 -5.903062e+00 1.981657e+01
      vertex   6.811282e+01 -5.880500e+00 1.975142e+01
    endloop
  endfacet
  facet normal -1.117498e-01 -8.571089e-01 -5.028681e-01
    outer loop
      vertex   6.801844e+01 -6.061000e+00 2.008005e+01
      vertex   6.811282e+01 -5.880500e+00 1.975142e+01
      vertex   6.831747e+01 -6.038437e+00 1.997514e+01
    endloop
  endfacet
  facet normal -1.585752e-01 -8.691115e-01 -4.685072e-01
    outer loop
      vertex   6.831747e+01 -6.038437e+00 1.997514e+01
      vertex   6.811282e+01 -5.880500e+00 1.975142e+01
      vertex   6.833674e+01 -5.857937e+00 1.963378e+01
    endloop
  endfacet
  facet normal -2.203120e-01 -8.571089e-01 -4.656468e-01
    outer loop
      vertex   6.831747e+01 -6.038437e+00 1.997514e+01
      vertex   6.833674e+01 -5.857937e+00 1.963378e+01
      vertex   6.858584e+01 -6.015875e+00 1.980663e+01
    endloop
  endfacet
  facet normal -2.583679e-01 -8.691115e-01 -4.217715e-01
    outer loop
      vertex   6.858584e+01 -6.015875e+00 1.980663e+01
      vertex   6.833674e+01 -5.857937e+00 1.963378e+01
      vertex   6.852906e+01 -5.835375e+00 1.946947e+01
    endloop
  endfacet
  facet normal -3.179392e-01 -8.571089e-01 -4.053135e-01
    outer loop
      vertex   6.858584e+01 -6.015875e+00 1.980663e+01
      vertex   6.852906e+01 -5.835375e+00 1.946947e+01
      vertex   6.881025e+01 -5.993312e+00 1.958289e+01
    endloop
  endfacet
  facet normal -3.453366e-01 -8.691115e-01 -3.541014e-01
    outer loop
      vertex   6.881025e+01 -5.993312e+00 1.958289e+01
      vertex   6.852906e+01 -5.835375e+00 1.946947e+01
      vertex   6.868023e+01 -5.812812e+00 1.926666e+01
    endloop
  endfacet
  facet normal -3.997857e-01 -8.571089e-01 -3.248627e-01
    outer loop
      vertex   6.881025e+01 -5.993312e+00 1.958289e+01
      vertex   6.868023e+01 -5.812812e+00 1.926666e+01
      vertex   6.897955e+01 -5.970750e+00 1.931501e+01
    endloop
  endfacet
  facet normal -4.151647e-01 -8.691115e-01 -2.688557e-01
    outer loop
      vertex   6.897955e+01 -5.970750e+00 1.931501e+01
      vertex   6.868023e+01 -5.812812e+00 1.926666e+01
      vertex   6.878275e+01 -5.790250e+00 1.903542e+01
    endloop
  endfacet
  facet normal -4.617891e-01 -8.571089e-01 -2.282875e-01
    outer loop
      vertex   6.897955e+01 -5.970750e+00 1.931501e+01
      vertex   6.878275e+01 -5.790250e+00 1.903542e+01
      vertex   6.908535e+01 -5.948187e+00 1.901630e+01
    endloop
  endfacet
  facet normal -4.643864e-01 -8.691115e-01 -1.702655e-01
    outer loop
      vertex   6.908535e+01 -5.948187e+00 1.901630e+01
      vertex   6.878275e+01 -5.790250e+00 1.903542e+01
      vertex   6.883153e+01 -5.767687e+00 1.878722e+01
    endloop
  endfacet
  facet normal -5.008719e-01 -8.571089e-01 -1.203815e-01
    outer loop
      vertex   6.908535e+01 -5.948187e+00 1.901630e+01
      vertex   6.883153e+01 -5.767687e+00 1.878722e+01
      vertex   6.912238e+01 -5.925625e+00 1.870157e+01
    endloop
  endfacet
  facet normal -4.905587e-01 -8.691115e-01 -6.322437e-02
    outer loop
      vertex   6.912238e+01 -5.925625e+00 1.870157e+01
      vertex   6.883153e+01 -5.767687e+00 1.878722e+01
      vertex   6.882414e+01 -5.745125e+00 1.853438e+01
    endloop
  endfacet
  facet normal -5.150942e-01 -8.571089e-01 -6.500368e-03
    outer loop
      vertex   6.912238e+01 -5.925625e+00 1.870157e+01
      vertex   6.882414e+01 -5.745125e+00 1.853438e+01
      vertex   6.908881e+01 -5.903062e+00 1.838646e+01
    endloop
  endfacet
  facet normal -4.923823e-01 -8.691115e-01 4.695489e-02
    outer loop
      vertex   6.908881e+01 -5.903062e+00 1.838646e+01
      vertex   6.882414e+01 -5.745125e+00 1.853438e+01
      vertex   6.876096e+01 -5.722562e+00 1.828945e+01
    endloop
  endfacet
  facet normal -5.037502e-01 -8.571089e-01 1.077034e-01
    outer loop
      vertex   6.908881e+01 -5.903062e+00 1.838646e+01
      vertex   6.876096e+01 -5.722562e+00 1.828945e+01
      vertex   6.898631e+01 -5.880500e+00 1.808661e+01
    endloop
  endfacet
  facet normal -4.697669e-01 -8.691115e-01 1.548036e-01
    outer loop
      vertex   6.898631e+01 -5.880500e+00 1.808661e+01
      vertex   6.876096e+01 -5.722562e+00 1.828945e+01
      vertex   6.864511e+01 -5.700000e+00 1.806459e+01
    endloop
  endfacet
  facet normal -4.674029e-01 -8.571089e-01 2.165613e-01
    outer loop
      vertex   6.898631e+01 -5.880500e+00 1.808661e+01
      vertex   6.864511e+01 -5.700000e+00 1.806459e+01
      vertex   6.881997e+01 -5.857937e+00 1.781688e+01
    endloop
  endfacet
  facet normal -4.202063e-01 -8.699578e-01 2.580698e-01
    outer loop
      vertex   6.881997e+01 -5.857937e+00 1.781688e+01
      vertex   6.864511e+01 -5.700000e+00 1.806459e+01
      vertex   6.850702e+01 -5.700000e+00 1.783973e+01
    endloop
  endfacet
  facet normal -4.089995e-01 -8.561146e-01 3.158911e-01
    outer loop
      vertex   6.881997e+01 -5.857937e+00 1.781688e+01
      vertex   6.850702e+01 -5.700000e+00 1.783973e+01
      vertex   6.859803e+01 -5.835375e+00 1.759068e+01
    endloop
  endfacet
  facet normal -3.502228e-01 -8.706968e-01 3.452986e-01
    outer loop
      vertex   6.859803e+01 -5.835375e+00 1.759068e+01
      vertex   6.850702e+01 -5.700000e+00 1.783973e+01
      vertex   6.832166e+01 -5.700000e+00 1.765173e+01
    endloop
  endfacet
  facet normal -3.301340e-01 -8.546658e-01 4.006968e-01
    outer loop
      vertex   6.859803e+01 -5.835375e+00 1.759068e+01
      vertex   6.832166e+01 -5.700000e+00 1.765173e+01
      vertex   6.833153e+01 -5.812812e+00 1.741923e+01
    endloop
  endfacet
  facet normal -2.652852e-01 -8.718188e-01 4.117714e-01
    outer loop
      vertex   6.833153e+01 -5.812812e+00 1.741923e+01
      vertex   6.832166e+01 -5.700000e+00 1.765173e+01
      vertex   6.809988e+01 -5.700000e+00 1.750884e+01
    endloop
  endfacet
  facet normal -2.343386e-01 -8.524372e-01 4.673716e-01
    outer loop
      vertex   6.833153e+01 -5.812812e+00 1.741923e+01
      vertex   6.809988e+01 -5.700000e+00 1.750884e+01
      vertex   6.803367e+01 -5.790250e+00 1.731104e+01
    endloop
  endfacet
  facet normal -1.709881e-01 -8.735121e-01 4.557846e-01
    outer loop
      vertex   6.803367e+01 -5.790250e+00 1.731104e+01
      vertex   6.809988e+01 -5.700000e+00 1.750884e+01
      vertex   6.785288e+01 -5.700000e+00 1.741618e+01
    endloop
  endfacet
  facet normal -1.254908e-01 -8.491173e-01 5.130807e-01
    outer loop
      vertex   6.803367e+01 -5.790250e+00 1.731104e+01
      vertex   6.785288e+01 -5.700000e+00 1.741618e+01
      vertex   6.771926e+01 -5.767687e+00 1.727148e+01
    endloop
  endfacet
  facet normal -7.286294e-02 -8.758775e-01 4.770007e-01
    outer loop
      vertex   6.771926e+01 -5.767687e+00 1.727148e+01
      vertex   6.785288e+01 -5.700000e+00 1.741618e+01
      vertex   6.759186e+01 -5.700000e+00 1.737631e+01
    endloop
  endfacet
  facet normal -7.677072e-03 -8.442913e-01 5.358294e-01
    outer loop
      vertex   6.771926e+01 -5.767687e+00 1.727148e+01
      vertex   6.759186e+01 -5.700000e+00 1.737631e+01
      vertex   6.740389e+01 -5.745125e+00 1.730251e+01
    endloop
  endfacet
  facet normal 2.400246e-02 -8.789414e-01 4.763254e-01
    outer loop
      vertex   6.740389e+01 -5.745125e+00 1.730251e+01
      vertex   6.759186e+01 -5.700000e+00 1.737631e+01
      vertex   6.732792e+01 -5.700000e+00 1.738961e+01
    endloop
  endfacet
  facet normal 1.149758e-01 -8.375004e-01 5.342038e-01
    outer loop
      vertex   6.740389e+01 -5.745125e+00 1.730251e+01
      vertex   6.732792e+01 -5.700000e+00 1.738961e+01
      vertex   6.710322e+01 -5.722562e+00 1.740260e+01
    endloop
  endfacet
  facet normal 1.149738e-01 -8.826482e-01 4.557555e-01
    outer loop
      vertex   6.710322e+01 -5.722562e+00 1.740260e+01
      vertex   6.732792e+01 -5.700000e+00 1.738961e+01
      vertex   6.707163e+01 -5.700000e+00 1.745426e+01
    endloop
  endfacet
  facet normal 2.383834e-01 -8.280903e-01 5.073853e-01
    outer loop
      vertex   6.710322e+01 -5.722562e+00 1.740260e+01
      vertex   6.707163e+01 -5.700000e+00 1.745426e+01
      vertex   6.683216e+01 -5.700000e+00 1.756677e+01
    endloop
  endfacet
  facet normal -2.587171e-01 -8.691913e-01 4.213929e-01
    outer loop
      vertex   6.801546e+01 -6.264062e+00 1.760307e+01
      vertex   6.823070e+01 -6.422000e+00 1.740945e+01
      vertex   6.824911e+01 -6.286625e+00 1.769999e+01
    endloop
  endfacet
  facet normal -2.953091e-01 -8.587068e-01 4.188260e-01
    outer loop
      vertex   6.824911e+01 -6.286625e+00 1.769999e+01
      vertex   6.823070e+01 -6.422000e+00 1.740945e+01
      vertex   6.844717e+01 -6.422000e+00 1.756208e+01
    endloop
  endfacet
  facet normal -3.463988e-01 -8.683542e-01 3.549209e-01
    outer loop
      vertex   6.824911e+01 -6.286625e+00 1.769999e+01
      vertex   6.844717e+01 -6.422000e+00 1.756208e+01
      vertex   6.845550e+01 -6.309187e+00 1.784622e+01
    endloop
  endfacet
  facet normal -3.708106e-01 -8.593848e-01 3.520756e-01
    outer loop
      vertex   6.845550e+01 -6.309187e+00 1.784622e+01
      vertex   6.844717e+01 -6.422000e+00 1.756208e+01
      vertex   6.862943e+01 -6.422000e+00 1.775404e+01
    endloop
  endfacet
  facet normal -4.183697e-01 -8.667836e-01 2.713907e-01
    outer loop
      vertex   6.845550e+01 -6.309187e+00 1.784622e+01
      vertex   6.862943e+01 -6.422000e+00 1.775404e+01
      vertex   6.862440e+01 -6.331750e+00 1.803452e+01
    endloop
  endfacet
  facet normal -4.318260e-01 -8.608360e-01 2.692353e-01
    outer loop
      vertex   6.862440e+01 -6.331750e+00 1.803452e+01
      vertex   6.862943e+01 -6.422000e+00 1.775404e+01
      vertex   6.876900e+01 -6.422000e+00 1.797789e+01
    endloop
  endfacet
  facet normal -4.714035e-01 -8.645606e-01 1.741085e-01
    outer loop
      vertex   6.862440e+01 -6.331750e+00 1.803452e+01
      vertex   6.876900e+01 -6.422000e+00 1.797789e+01
      vertex   6.874741e+01 -6.354312e+00 1.825555e+01
    endloop
  endfacet
  facet normal -4.749383e-01 -8.627672e-01 1.733964e-01
    outer loop
      vertex   6.874741e+01 -6.354312e+00 1.825555e+01
      vertex   6.876900e+01 -6.422000e+00 1.797789e+01
      vertex   6.885960e+01 -6.422000e+00 1.822606e+01
    endloop
  endfacet
  facet normal -5.019807e-01 -8.621195e-01 6.903176e-02
    outer loop
      vertex   6.874741e+01 -6.354312e+00 1.825555e+01
      vertex   6.885960e+01 -6.422000e+00 1.822606e+01
      vertex   6.889549e+01 -6.422000e+00 1.848703e+01
    endloop
  endfacet
  facet normal -4.971511e-01 -8.652232e-01 6.503462e-02
    outer loop
      vertex   6.874741e+01 -6.354312e+00 1.825555e+01
      vertex   6.889549e+01 -6.422000e+00 1.848703e+01
      vertex   6.881843e+01 -6.376875e+00 1.849832e+01
    endloop
  endfacet
  facet normal -5.095090e-01 -8.594146e-01 -4.251168e-02
    outer loop
      vertex   6.881843e+01 -6.376875e+00 1.849832e+01
      vertex   6.889549e+01 -6.422000e+00 1.848703e+01
      vertex   6.887356e+01 -6.422000e+00 1.874983e+01
    endloop
  endfacet
  facet normal -4.951992e-01 -8.675018e-01 -4.709934e-02
    outer loop
      vertex   6.881843e+01 -6.376875e+00 1.849832e+01
      vertex   6.887356e+01 -6.422000e+00 1.874983e+01
      vertex   6.883395e+01 -6.399437e+00 1.875079e+01
    endloop
  endfacet
  facet normal -4.915882e-01 -8.564319e-01 -1.576880e-01
    outer loop
      vertex   6.883395e+01 -6.399437e+00 1.875079e+01
      vertex   6.887356e+01 -6.422000e+00 1.874983e+01
      vertex   6.879318e+01 -6.422000e+00 1.900043e+01
    endloop
  endfacet
  facet normal -0.000000e+00 1.000000e+00 0.000000e+00
    outer loop
      vertex   8.388919e+01 4.440892e-15 2.640791e+01
      vertex   8.489821e+01 4.440892e-15 2.642315e+01
      vertex   8.400000e+01 4.440892e-15 2.500000e+01
    endloop
  endfacet
  facet normal -0.000000e+00 1.000000e+00 0.000000e+00
    outer loop
      vertex   8.400000e+01 4.440892e-15 2.500000e+01
      vertex   8.489821e+01 4.440892e-15 2.642315e+01
      vertex   8.500000e+01 4.440892e-15 2.500000e+01
    endloop
  endfacet
  facet normal 0.000000e+00 1.000000e+00 0.000000e+00
    outer loop
      vertex   8.400000e+01 4.440892e-15 2.500000e+01
      vertex   8.500000e+01 4.440892e-15 2.500000e+01
      vertex   8.500000e+01 4.440892e-15 -2.500000e+01
    endloop
  endfacet
  facet normal 0.000000e+00 1.000000e+00 0.000000e+00
    outer loop
      vertex   8.489821e+01 4.440892e-15 2.642315e+01
      vertex   8.388919e+01 4.440892e-15 2.640791e+01
      vertex   8.459493e+01 4.440892e-15 2.781733e+01
    endloop
  endfacet
  facet normal 0.000000e+00 1.000000e+00 0.000000e+00
    outer loop
      vertex   8.459493e+01 4.440892e-15 2.781733e+01
      vertex   8.388919e+01 4.440892e-15 2.640791e+01
      vertex   8.355951e+01 4.440892e-15 2.778115e+01
    endloop
  endfacet
  facet normal 0.000000e+00 1.000000e+00 0.000000e+00
    outer loop
      vertex   8.459493e+01 4.440892e-15 2.781733e+01
      vertex   8.355951e+01 4.440892e-15 2.778115e+01
      vertex   8.409632e+01 4.440892e-15 2.915415e+01
    endloop
  endfacet
  facet normal 0.000000e+00 1.000000e+00 0.000000e+00
    outer loop
      vertex   8.409632e+01 4.440892e-15 2.915415e+01
      vertex   8.355951e+01 4.440892e-15 2.778115e+01
      vertex   8.301906e+01 4.440892e-15 2.908591e+01
    endloop
  endfacet
  facet normal 0.000000e+00 1.000000e+00 0.000000e+00
    outer loop
      vertex   8.409632e+01 4.440892e-15 2.915415e+01
      vertex   8.301906e+01 4.440892e-15 2.908591e+01
      vertex   8.341254e+01 4.440892e-15 3.040641e+01
    endloop
  endfacet
  facet normal 0.000000e+00 1.000000e+00 0.000000e+00
    outer loop
      vertex   8.341254e+01 4.440892e-15 3.040641e+01
      vertex   8.301906e+01 4.440892e-15 2.908591e+01
      vertex   8.228115e+01 4.440892e-15 3.029007e+01
    endloop
  endfacet
  facet normal 0.000000e+00 1.000000e+00 0.000000e+00
    outer loop
      vertex   8.341254e+01 4.440892e-15 3.040641e+01
      vertex   8.228115e+01 4.440892e-15 3.029007e+01
      vertex   8.255750e+01 4.440892e-15 3.154861e+01
    endloop
  endfacet
  facet normal 0.000000e+00 1.000000e+00 0.000000e+00
    outer loop
      vertex   8.255750e+01 4.440892e-15 3.154861e+01
      vertex   8.228115e+01 4.440892e-15 3.029007e+01
      vertex   8.136396e+01 4.440892e-15 3.136396e+01
    endloop
  endfacet
  facet normal 0.000000e+00 1.000000e+00 0.000000e+00
    outer loop
      vertex   8.255750e+01 4.440892e-15 3.154861e+01
      vertex   8.136396e+01 4.440892e-15 3.136396e+01
      vertex   8.154861e+01 4.440892e-15 3.255750e+01
    endloop
  endfacet
  facet normal 0.000000e+00 1.000000e+00 0.000000e+00
    outer loop
      vertex   8.154861e+01 4.440892e-15 3.255750e+01
      vertex   8.136396e+01 4.440892e-15 3.136396e+01
      vertex   8.029007e+01 4.440892e-15 3.228115e+01
    endloop
  endfacet
  facet normal 0.000000e+00 1.000000e+00 0.000000e+00
    outer loop
      vertex   8.154861e+01 4.440892e-15 3.255750e+01
      vertex   8.029007e+01 4.440892e-15 3.228115e+01
      vertex   8.040641e+01 4.440892e-15 3.341254e+01
    endloop
  endfacet
  facet normal 0.000000e+00 1.000000e+00 0.000000e+00
    outer loop
      vertex   8.040641e+01 4.440892e-15 3.341254e+01
      vertex   8.029007e+01 4.440892e-15 3.228115e+01
      vertex   7.908591e+01 4.440892e-15 3.301906e+01
    endloop
  endfacet
  facet normal 0.000000e+00 1.000000e+00 0.000000e+00
    outer loop
      vertex   8.040641e+01 4.440892e-15 3.341254e+01
      vertex   7.908591e+01 4.440892e-15 3.301906e+01
      vertex   7.915415e+01 4.440892e-15 3.409632e+01
    endloop
  endfacet
  facet normal 0.000000e+00 1.000000e+00 0.000000e+00
    outer loop
      vertex   7.915415e+01 4.440892e-15 3.409632e+01
      vertex   7.908591e+01 4.440892e-15 3.301906e+01
      vertex   7.778115e+01 4.440892e-15 3.355951e+01
    endloop
  endfacet
  facet normal 0.000000e+00 1.000000e+00 0.000000e+00
    outer loop
      vertex   7.915415e+01 4.440892e-15 3.409632e+01
      vertex   7.778115e+01 4.440892e-15 3.355951e+01
      vertex   7.781733e+01 4.440892e-15 3.459493e+01
    endloop
  endfacet
  facet normal 0.000000e+00 1.000000e+00 0.000000e+00
    outer loop
      vertex   7.781733e+01 4.440892e-15 3.459493e+01
      vertex   7.778115e+01 4.440892e-15 3.355951e+01
      vertex   7.640791e+01 4.440892e-15 3.388919e+01
    endloop
  endfacet
  facet normal 0.000000e+00 1.000000e+00 0.000000e+00
    outer loop
      vertex   7.781733e+01 4.440892e-15 3.459493e+01
      vertex   7.640791e+01 4.440892e-15 3.388919e+01
      vertex   7.642315e+01 4.440892e-15 3.489821e+01
    endloop
  endfacet
  facet normal 0.000000e+00 1.000000e+00 0.000000e+00
    outer loop
      vertex   7.642315e+01 4.440892e-15 3.489821e+01
      vertex   7.640791e+01 4.440892e-15 3.388919e+01
      vertex   7.500000e+01 4.440892e-15 3.400000e+01
    endloop
  endfacet
  facet normal 0.000000e+00 1.000000e+00 0.000000e+00
    outer loop
      vertex   7.642315e+01 4.440892e-15 3.489821e+01
      vertex   7.500000e+01 4.440892e-15 3.400000e+01
      vertex   7.500000e+01 4.440892e-15 3.500000e+01
    endloop
  endfacet
  facet normal 0.000000e+00 1.000000e+00 0.000000e+00
    outer loop
      vertex   7.500000e+01 4.440892e-15 3.500000e+01
      vertex   7.500000e+01 4.440892e-15 3.400000e+01
      vertex   -7.500000e+01 4.440892e-15 3.500000e+01
    endloop
  endfacet
  facet normal 0.000000e+00 1.000000e+00 0.000000e+00
    outer loop
      vertex   -7.500000e+01 4.440892e-15 3.500000e+01
      vertex   7.500000e+01 4.440892e-15 3.400000e+01
      vertex   -7.500000e+01 4.440892e-15 3.400000e+01
    endloop
  endfacet
  facet normal 0.000000e+00 1.000000e+00 0.000000e+00
    outer loop
      vertex   -7.500000e+01 4.440892e-15 3.500000e+01
      vertex   -7.500000e+01 4.440892e-15 3.400000e+01
      vertex   -7.642315e+01 4.440892e-15 3.489821e+01
    endloop
  endfacet
  facet normal 0.000000e+00 1.000000e+00 0.000000e+00
    outer loop
      vertex   -7.642315e+01 4.440892e-15 3.489821e+01
      vertex   -7.500000e+01 4.440892e-15 3.400000e+01
      vertex   -7.640791e+01 4.440892e-15 3.388919e+01
    endloop
  endfacet
  facet normal 0.000000e+00 1.000000e+00 0.000000e+00
    outer loop
      vertex   -7.642315e+01 4.440892e-15 3.489821e+01
      vertex   -7.640791e+01 4.440892e-15 3.388919e+01
      vertex   -7.781733e+01 4.440892e-15 3.459493e+01
    endloop
  endfacet
  facet normal 0.000000e+00 1.000000e+00 0.000000e+00
    outer loop
      vertex   -7.781733e+01 4.440892e-15 3.459493e+01
      vertex   -7.640791e+01 4.440892e-15 3.388919e+01
      vertex   -7.778115e+01 4.440892e-15 3.355951e+01
    endloop
  endfacet
  facet normal 0.000000e+00 1.000000e+00 0.000000e+00
    outer loop
      vertex   -7.781733e+01 4.440892e-15 3.459493e+01
      vertex   -7.778115e+01 4.440892e-15 3.355951e+01
      vertex   -7.915415e+01 4.440892e-15 3.409632e+01
    endloop
  endfacet
  facet normal 0.000000e+00 1.000000e+00 0.000000e+00
    outer loop
      vertex   -7.915415e+01 4.440892e-15 3.409632e+01
      vertex   -7.778115e+01 4.440892e-15 3.355951e+01
      vertex   -7.908591e+01 4.440892e-15 3.301906e+01
    endloop
  endfacet
  facet normal 0.000000e+00 1.000000e+00 0.000000e+00
    outer loop
      vertex   -7.915415e+01 4.440892e-15 3.409632e+01
      vertex   -7.908591e+01 4.440892e-15 3.301906e+01
      vertex   -8.040641e+01 4.440892e-15 3.341254e+01
    endloop
  endfacet
  facet normal 0.000000e+00 1.000000e+00 0.000000e+00
    outer loop
      vertex   -8.040641e+01 4.440892e-15 3.341254e+01
      vertex   -7.908591e+01 4.440892e-15 3.301906e+01
      vertex   -8.029007e+01 4.440892e-15 3.228115e+01
    endloop
  endfacet
  facet normal 0.000000e+00 1.000000e+00 0.000000e+00
    outer loop
      vertex   -8.040641e+01 4.440892e-15 3.341254e+01
      vertex   -8.029007e+01 4.440892e-15 3.228115e+01
      vertex   -8.154861e+01 4.440892e-15 3.255750e+01
    endloop
  endfacet
  facet normal 0.000000e+00 1.000000e+00 0.000000e+00
    outer loop
      vertex   -8.154861e+01 4.440892e-15 3.255750e+01
      vertex   -8.029007e+01 4.440892e-15 3.228115e+01
      vertex   -8.136396e+01 4.440892e-15 3.136396e+01
    endloop
  endfacet
  facet normal 0.000000e+00 1.000000e+00 0.000000e+00
    outer loop
      vertex   -8.154861e+01 4.440892e-15 3.255750e+01
      vertex   -8.136396e+01 4.440892e-15 3.136396e+01
      vertex   -8.255750e+01 4.440892e-15 3.154861e+01
    endloop
  endfacet
  facet normal 0.000000e+00 1.000000e+00 0.000000e+00
    outer loop
      vertex   -8.255750e+01 4.440892e-15 3.154861e+01
      vertex   -8.136396e+01 4.440892e-15 3.136396e+01
      vertex   -8.228115e+01 4.440892e-15 3.029007e+01
    endloop
  endfacet
  facet normal 0.000000e+00 1.000000e+00 0.000000e+00
    outer loop
      vertex   -8.255750e+01 4.440892e-15 3.154861e+01
      vertex   -8.228115e+01 4.440892e-15 3.029007e+01
      vertex   -8.341254e+01 4.440892e-15 3.040641e+01
    endloop
  endfacet
  facet normal 0.000000e+00 1.000000e+00 0.000000e+00
    outer loop
      vertex   -8.341254e+01 4.440892e-15 3.040641e+01
      vertex   -8.228115e+01 4.440892e-15 3.029007e+01
      vertex   -8.301906e+01 4.440892e-15 2.908591e+01
    endloop
  endfacet
  facet normal 0.000000e+00 1.000000e+00 0.000000e+00
    outer loop
      vertex   -8.341254e+01 4.440892e-15 3.040641e+01
      vertex   -8.301906e+01 4.440892e-15 2.908591e+01
      vertex   -8.409632e+01 4.440892e-15 2.915415e+01
    endloop
  endfacet
  facet normal 0.000000e+00 1.000000e+00 0.000000e+00
    outer loop
      vertex   -8.409632e+01 4.440892e-15 2.915415e+01
      vertex   -8.301906e+01 4.440892e-15 2.908591e+01
      vertex   -8.355951e+01 4.440892e-15 2.778115e+01
    endloop
  endfacet
  facet normal 0.000000e+00 1.000000e+00 0.000000e+00
    outer loop
      vertex   -8.409632e+01 4.440892e-15 2.915415e+01
      vertex   -8.355951e+01 4.440892e-15 2.778115e+01
      vertex   -8.459493e+01 4.440892e-15 2.781733e+01
    endloop
  endfacet
  facet normal 0.000000e+00 1.000000e+00 0.000000e+00
    outer loop
      vertex   -8.459493e+01 4.440892e-15 2.781733e+01
      vertex   -8.355951e+01 4.440892e-15 2.778115e+01
      vertex   -8.388919e+01 4.440892e-15 2.640791e+01
    endloop
  endfacet
  facet normal 0.000000e+00 1.000000e+00 0.000000e+00
    outer loop
      vertex   -8.459493e+01 4.440892e-15 2.781733e+01
      vertex   -8.388919e+01 4.440892e-15 2.640791e+01
      vertex   -8.489821e+01 4.440892e-15 2.642315e+01
    endloop
  endfacet
  facet normal 0.000000e+00 1.000000e+00 0.000000e+00
    outer loop
      vertex   -8.489821e+01 4.440892e-15 2.642315e+01
      vertex   -8.388919e+01 4.440892e-15 2.640791e+01
      vertex   -8.400000e+01 4.440892e-15 2.500000e+01
    endloop
  endfacet
  facet normal 0.000000e+00 1.000000e+00 0.000000e+00
    outer loop
      vertex   -8.489821e+01 4.440892e-15 2.642315e+01
      vertex   -8.400000e+01 4.440892e-15 2.500000e+01
      vertex   -8.500000e+01 4.440892e-15 2.500000e+01
    endloop
  endfacet
  facet normal 0.000000e+00 1.000000e+00 0.000000e+00
    outer loop
      vertex   -8.500000e+01 4.440892e-15 2.500000e+01
      vertex   -8.400000e+01 4.440892e-15 2.500000e+01
      vertex   -8.400000e+01 4.440892e-15 -2.500000e+01
    endloop
  endfacet
  facet normal 0.000000e+00 1.000000e+00 0.000000e+00
    outer loop
      vertex   -8.500000e+01 4.440892e-15 2.500000e+01
      vertex   -8.400000e+01 4.440892e-15 -2.500000e+01
      vertex   -8.500000e+01 4.440892e-15 -2.500000e+01
    endloop
  endfacet
  facet normal 0.000000e+00 1.000000e+00 0.000000e+00
    outer loop
      vertex   -8.500000e+01 4.440892e-15 -2.500000e+01
      vertex   -8.400000e+01 4.440892e-15 -2.500000e+01
      vertex   -8.489821e+01 4.440892e-15 -2.642315e+01
    endloop
  endfacet
  facet normal 0.000000e+00 1.000000e+00 0.000000e+00
    outer loop
      vertex   -8.489821e+01 4.440892e-15 -2.642315e+01
      vertex   -8.400000e+01 4.440892e-15 -2.500000e+01
      vertex   -8.388919e+01 4.440892e-15 -2.640791e+01
    endloop
  endfacet
  facet normal -0.000000e+00 1.000000e+00 0.000000e+00
    outer loop
      vertex   -8.489821e+01 4.440892e-15 -2.642315e+01
      vertex   -8.388919e+01 4.440892e-15 -2.640791e+01
      vertex   -8.459493e+01 4.440892e-15 -2.781733e+01
    endloop
  endfacet
  facet normal 0.000000e+00 1.000000e+00 0.000000e+00
    outer loop
      vertex   -8.459493e+01 4.440892e-15 -2.781733e+01
      vertex   -8.388919e+01 4.440892e-15 -2.640791e+01
      vertex   -8.355951e+01 4.440892e-15 -2.778115e+01
    endloop
  endfacet
  facet normal -0.000000e+00 1.000000e+00 0.000000e+00
    outer loop
      vertex   -8.459493e+01 4.440892e-15 -2.781733e+01
      vertex   -8.355951e+01 4.440892e-15 -2.778115e+01
      vertex   -8.409632e+01 4.440892e-15 -2.915415e+01
    endloop
  endfacet
  facet normal 0.000000e+00 1.000000e+00 0.000000e+00
    outer loop
      vertex   -8.409632e+01 4.440892e-15 -2.915415e+01
      vertex   -8.355951e+01 4.440892e-15 -2.778115e+01
      vertex   -8.301906e+01 4.440892e-15 -2.908591e+01
    endloop
  endfacet
  facet normal -0.000000e+00 1.000000e+00 0.000000e+00
    outer loop
      vertex   -8.409632e+01 4.440892e-15 -2.915415e+01
      vertex   -8.301906e+01 4.440892e-15 -2.908591e+01
      vertex   -8.341254e+01 4.440892e-15 -3.040641e+01
    endloop
  endfacet
  facet normal 0.000000e+00 1.000000e+00 0.000000e+00
    outer loop
      vertex   -8.341254e+01 4.440892e-15 -3.040641e+01
      vertex   -8.301906e+01 4.440892e-15 -2.908591e+01
      vertex   -8.228115e+01 4.440892e-15 -3.029007e+01
    endloop
  endfacet
  facet normal -0.000000e+00 1.000000e+00 0.000000e+00
    outer loop
      vertex   -8.341254e+01 4.440892e-15 -3.040641e+01
      vertex   -8.228115e+01 4.440892e-15 -3.029007e+01
      vertex   -8.255750e+01 4.440892e-15 -3.154861e+01
    endloop
  endfacet
  facet normal 0.000000e+00 1.000000e+00 0.000000e+00
    outer loop
      vertex   -8.255750e+01 4.440892e-15 -3.154861e+01
      vertex   -8.228115e+01 4.440892e-15 -3.029007e+01
      vertex   -8.136396e+01 4.440892e-15 -3.136396e+01
    endloop
  endfacet
  facet normal -0.000000e+00 1.000000e+00 0.000000e+00
    outer loop
      vertex   -8.255750e+01 4.440892e-15 -3.154861e+01
      vertex   -8.136396e+01 4.440892e-15 -3.136396e+01
      vertex   -8.154861e+01 4.440892e-15 -3.255750e+01
    endloop
  endfacet
  facet normal 0.000000e+00 1.000000e+00 0.000000e+00
    outer loop
      vertex   -8.154861e+01 4.440892e-15 -3.255750e+01
      vertex   -8.136396e+01 4.440892e-15 -3.136396e+01
      vertex   -8.029007e+01 4.440892e-15 -3.228115e+01
    endloop
  endfacet
  facet normal -0.000000e+00 1.000000e+00 0.000000e+00
    outer loop
      vertex   -8.154861e+01 4.440892e-15 -3.255750e+01
      vertex   -8.029007e+01 4.440892e-15 -3.228115e+01
      vertex   -8.040641e+01 4.440892e-15 -3.341254e+01
    endloop
  endfacet
  facet normal 0.000000e+00 1.000000e+00 0.000000e+00
    outer loop
      vertex   -8.040641e+01 4.440892e-15 -3.341254e+01
      vertex   -8.029007e+01 4.440892e-15 -3.228115e+01
      vertex   -7.908591e+01 4.440892e-15 -3.301906e+01
    endloop
  endfacet
  facet normal -0.000000e+00 1.000000e+00 0.000000e+00
    outer loop
      vertex   -8.040641e+01 4.440892e-15 -3.341254e+01
      vertex   -7.908591e+01 4.440892e-15 -3.301906e+01
      vertex   -7.915415e+01 4.440892e-15 -3.409632e+01
    endloop
  endfacet
  facet normal 0.000000e+00 1.000000e+00 0.000000e+00
    outer loop
      vertex   -7.915415e+01 4.440892e-15 -3.409632e+01
      vertex   -7.908591e+01 4.440892e-15 -3.301906e+01
      vertex   -7.778115e+01 4.440892e-15 -3.355951e+01
    endloop
  endfacet
  facet normal -0.000000e+00 1.000000e+00 0.000000e+00
    outer loop
      vertex   -7.915415e+01 4.440892e-15 -3.409632e+01
      vertex   -7.778115e+01 4.440892e-15 -3.355951e+01
      vertex   -7.781733e+01 4.440892e-15 -3.459493e+01
    endloop
  endfacet
  facet normal 0.000000e+00 1.000000e+00 0.000000e+00
    outer loop
      vertex   -7.781733e+01 4.440892e-15 -3.459493e+01
      vertex   -7.778115e+01 4.440892e-15 -3.355951e+01
      vertex   -7.640791e+01 4.440892e-15 -3.388919e+01
    endloop
  endfacet
  facet normal -0.000000e+00 1.000000e+00 0.000000e+00
    outer loop
      vertex   -7.781733e+01 4.440892e-15 -3.459493e+01
      vertex   -7.640791e+01 4.440892e-15 -3.388919e+01
      vertex   -7.642315e+01 4.440892e-15 -3.489821e+01
    endloop
  endfacet
  facet normal 0.000000e+00 1.000000e+00 0.000000e+00
    outer loop
      vertex   -7.642315e+01 4.440892e-15 -3.489821e+01
      vertex   -7.640791e+01 4.440892e-15 -3.388919e+01
      vertex   -7.500000e+01 4.440892e-15 -3.400000e+01
    endloop
  endfacet
  facet normal -0.000000e+00 1.000000e+00 0.000000e+00
    outer loop
      vertex   -7.642315e+01 4.440892e-15 -3.489821e+01
      vertex   -7.500000e+01 4.440892e-15 -3.400000e+01
      vertex   -7.500000e+01 4.440892e-15 -3.500000e+01
    endloop
  endfacet
  facet normal 0.000000e+00 1.000000e+00 0.000000e+00
    outer loop
      vertex   -7.500000e+01 4.440892e-15 -3.500000e+01
      vertex   -7.500000e+01 4.440892e-15 -3.400000e+01
      vertex   7.500000e+01 4.440892e-15 -3.500000e+01
    endloop
  endfacet
  facet normal 0.000000e+00 1.000000e+00 -0.000000e+00
    outer loop
      vertex   7.500000e+01 4.440892e-15 -3.500000e+01
      vertex   -7.500000e+01 4.440892e-15 -3.400000e+01
      vertex   7.500000e+01 4.440892e-15 -3.400000e+01
    endloop
  endfacet
  facet normal 0.000000e+00 1.000000e+00 0.000000e+00
    outer loop
      vertex   7.500000e+01 4.440892e-15 -3.500000e+01
      vertex   7.500000e+01 4.440892e-15 -3.400000e+01
      vertex   7.642315e+01 4.440892e-15 -3.489821e+01
    endloop
  endfacet
  facet normal 0.000000e+00 1.000000e+00 0.000000e+00
    outer loop
      vertex   7.642315e+01 4.440892e-15 -3.489821e+01
      vertex   7.500000e+01 4.440892e-15 -3.400000e+01
      vertex   7.640791e+01 4.440892e-15 -3.388919e+01
    endloop
  endfacet
  facet normal 0.000000e+00 1.000000e+00 -0.000000e+00
    outer loop
      vertex   7.642315e+01 4.440892e-15 -3.489821e+01
      vertex   7.640791e+01 4.440892e-15 -3.388919e+01
      vertex   7.781733e+01 4.440892e-15 -3.459493e+01
    endloop
  endfacet
  facet normal 0.000000e+00 1.000000e+00 0.000000e+00
    outer loop
      vertex   7.781733e+01 4.440892e-15 -3.459493e+01
      vertex   7.640791e+01 4.440892e-15 -3.388919e+01
      vertex   7.778115e+01 4.440892e-15 -3.355951e+01
    endloop
  endfacet
  facet normal 0.000000e+00 1.000000e+00 -0.000000e+00
    outer loop
      vertex   7.781733e+01 4.440892e-15 -3.459493e+01
      vertex   7.778115e+01 4.440892e-15 -3.355951e+01
      vertex   7.915415e+01 4.440892e-15 -3.409632e+01
    endloop
  endfacet
  facet normal 0.000000e+00 1.000000e+00 0.000000e+00
    outer loop
      vertex   7.915415e+01 4.440892e-15 -3.409632e+01
      vertex   7.778115e+01 4.440892e-15 -3.355951e+01
      vertex   7.908591e+01 4.440892e-15 -3.301906e+01
    endloop
  endfacet
  facet normal 0.000000e+00 1.000000e+00 -0.000000e+00
    outer loop
      vertex   7.915415e+01 4.440892e-15 -3.409632e+01
      vertex   7.908591e+01 4.440892e-15 -3.301906e+01
      vertex   8.040641e+01 4.440892e-15 -3.341254e+01
    endloop
  endfacet
  facet normal 0.000000e+00 1.000000e+00 0.000000e+00
    outer loop
      vertex   8.040641e+01 4.440892e-15 -3.341254e+01
      vertex   7.908591e+01 4.440892e-15 -3.301906e+01
      vertex   8.029007e+01 4.440892e-15 -3.228115e+01
    endloop
  endfacet
  facet normal 0.000000e+00 1.000000e+00 -0.000000e+00
    outer loop
      vertex   8.040641e+01 4.440892e-15 -3.341254e+01
      vertex   8.029007e+01 4.440892e-15 -3.228115e+01
      vertex   8.154861e+01 4.440892e-15 -3.255750e+01
    endloop
  endfacet
  facet normal 0.000000e+00 1.000000e+00 0.000000e+00
    outer loop
      vertex   8.154861e+01 4.440892e-15 -3.255750e+01
      vertex   8.029007e+01 4.440892e-15 -3.228115e+01
      vertex   8.136396e+01 4.440892e-15 -3.136396e+01
    endloop
  endfacet
  facet normal 0.000000e+00 1.000000e+00 -0.000000e+00
    outer loop
      vertex   8.154861e+01 4.440892e-15 -3.255750e+01
      vertex   8.136396e+01 4.440892e-15 -3.136396e+01
      vertex   8.255750e+01 4.440892e-15 -3.154861e+01
    endloop
  endfacet
  facet normal 0.000000e+00 1.000000e+00 0.000000e+00
    outer loop
      vertex   8.255750e+01 4.440892e-15 -3.154861e+01
      vertex   8.136396e+01 4.440892e-15 -3.136396e+01
      vertex   8.228115e+01 4.440892e-15 -3.029007e+01
    endloop
  endfacet
  facet normal 0.000000e+00 1.000000e+00 -0.000000e+00
    outer loop
      vertex   8.255750e+01 4.440892e-15 -3.154861e+01
      vertex   8.228115e+01 4.440892e-15 -3.029007e+01
      vertex   8.341254e+01 4.440892e-15 -3.040641e+01
    endloop
  endfacet
  facet normal 0.000000e+00 1.000000e+00 0.000000e+00
    outer loop
      vertex   8.341254e+01 4.440892e-15 -3.040641e+01
      vertex   8.228115e+01 4.440892e-15 -3.029007e+01
      vertex   8.301906e+01 4.440892e-15 -2.908591e+01
    endloop
  endfacet
  facet normal 0.000000e+00 1.000000e+00 -0.000000e+00
    outer loop
      vertex   8.341254e+01 4.440892e-15 -3.040641e+01
      vertex   8.301906e+01 4.440892e-15 -2.908591e+01
      vertex   8.409632e+01 4.440892e-15 -2.915415e+01
    endloop
  endfacet
  facet normal 0.000000e+00 1.000000e+00 0.000000e+00
    outer loop
      vertex   8.409632e+01 4.440892e-15 -2.915415e+01
      vertex   8.301906e+01 4.440892e-15 -2.908591e+01
      vertex   8.355951e+01 4.440892e-15 -2.778115e+01
    endloop
  endfacet
  facet normal 0.000000e+00 1.000000e+00 -0.000000e+00
    outer loop
      vertex   8.409632e+01 4.440892e-15 -2.915415e+01
      vertex   8.355951e+01 4.440892e-15 -2.778115e+01
      vertex   8.459493e+01 4.440892e-15 -2.781733e+01
    endloop
  endfacet
  facet normal 0.000000e+00 1.000000e+00 0.000000e+00
    outer loop
      vertex   8.459493e+01 4.440892e-15 -2.781733e+01
      vertex   8.355951e+01 4.440892e-15 -2.778115e+01
      vertex   8.388919e+01 4.440892e-15 -2.640791e+01
    endloop
  endfacet
  facet normal 0.000000e+00 1.000000e+00 -0.000000e+00
    outer loop
      vertex   8.459493e+01 4.440892e-15 -2.781733e+01
      vertex   8.388919e+01 4.440892e-15 -2.640791e+01
      vertex   8.489821e+01 4.440892e-15 -2.642315e+01
    endloop
  endfacet
  facet normal 0.000000e+00 1.000000e+00 0.000000e+00
    outer loop
      vertex   8.489821e+01 4.440892e-15 -2.642315e+01
      vertex   8.388919e+01 4.440892e-15 -2.640791e+01
      vertex   8.400000e+01 4.440892e-15 -2.500000e+01
    endloop
  endfacet
  facet normal 0.000000e+00 1.000000e+00 -0.000000e+00
    outer loop
      vertex   8.489821e+01 4.440892e-15 -2.642315e+01
      vertex   8.400000e+01 4.440892e-15 -2.500000e+01
      vertex   8.500000e+01 4.440892e-15 -2.500000e+01
    endloop
  endfacet
  facet normal 0.000000e+00 1.000000e+00 0.000000e+00
    outer loop
      vertex   8.500000e+01 4.440892e-15 -2.500000e+01
      vertex   8.400000e+01 4.440892e-15 -2.500000e+01
      vertex   8.400000e+01 4.440892e-15 2.500000e+01
    endloop
  endfacet
  facet normal 0.000000e+00 1.000000e+00 0.000000e+00
    outer loop
      vertex   8.340500e+01 -3.799999e+00 -2.633122e+01
      vertex   8.350977e+01 -3.799999e+00 -2.500000e+01
      vertex   8.400000e+01 -3.799999e+00 -2.500000e+01
    endloop
  endfacet
  facet normal 0.000000e+00 1.000000e+00 0.000000e+00
    outer loop
      vertex   8.400000e+01 -3.799999e+00 -2.500000e+01
      vertex   8.350977e+01 -3.799999e+00 -2.500000e+01
      vertex   8.350977e+01 -3.799999e+00 2.500000e+01
    endloop
  endfacet
  facet normal 0.000000e+00 1.000000e+00 -0.000000e+00
    outer loop
      vertex   8.400000e+01 -3.799999e+00 -2.500000e+01
      vertex   8.350977e+01 -3.799999e+00 2.500000e+01
      vertex   8.400000e+01 -3.799999e+00 2.500000e+01
    endloop
  endfacet
  facet normal 0.000000e+00 1.000000e+00 0.000000e+00
    outer loop
      vertex   8.400000e+01 -3.799999e+00 2.500000e+01
      vertex   8.350977e+01 -3.799999e+00 2.500000e+01
      vertex   8.340500e+01 -3.799999e+00 2.633122e+01
    endloop
  endfacet
  facet normal 0.000000e+00 1.000000e+00 0.000000e+00
    outer loop
      vertex   8.400000e+01 -3.799999e+00 2.500000e+01
      vertex   8.340500e+01 -3.799999e+00 2.633122e+01
      vertex   8.388919e+01 -3.799999e+00 2.640791e+01
    endloop
  endfacet
  facet normal 0.000000e+00 1.000000e+00 0.000000e+00
    outer loop
      vertex   8.388919e+01 -3.799999e+00 2.640791e+01
      vertex   8.340500e+01 -3.799999e+00 2.633122e+01
      vertex   8.309328e+01 -3.799999e+00 2.762966e+01
    endloop
  endfacet
  facet normal 0.000000e+00 1.000000e+00 0.000000e+00
    outer loop
      vertex   8.388919e+01 -3.799999e+00 2.640791e+01
      vertex   8.309328e+01 -3.799999e+00 2.762966e+01
      vertex   8.355951e+01 -3.799999e+00 2.778115e+01
    endloop
  endfacet
  facet normal 0.000000e+00 1.000000e+00 0.000000e+00
    outer loop
      vertex   8.355951e+01 -3.799999e+00 2.778115e+01
      vertex   8.309328e+01 -3.799999e+00 2.762966e+01
      vertex   8.258226e+01 -3.799999e+00 2.886336e+01
    endloop
  endfacet
  facet normal 0.000000e+00 1.000000e+00 0.000000e+00
    outer loop
      vertex   8.355951e+01 -3.799999e+00 2.778115e+01
      vertex   8.258226e+01 -3.799999e+00 2.886336e+01
      vertex   8.301906e+01 -3.799999e+00 2.908591e+01
    endloop
  endfacet
  facet normal 0.000000e+00 1.000000e+00 0.000000e+00
    outer loop
      vertex   8.301906e+01 -3.799999e+00 2.908591e+01
      vertex   8.258226e+01 -3.799999e+00 2.886336e+01
      vertex   8.188455e+01 -3.799999e+00 3.000192e+01
    endloop
  endfacet
  facet normal 0.000000e+00 1.000000e+00 0.000000e+00
    outer loop
      vertex   8.301906e+01 -3.799999e+00 2.908591e+01
      vertex   8.188455e+01 -3.799999e+00 3.000192e+01
      vertex   8.228115e+01 -3.799999e+00 3.029007e+01
    endloop
  endfacet
  facet normal 0.000000e+00 1.000000e+00 0.000000e+00
    outer loop
      vertex   8.228115e+01 -3.799999e+00 3.029007e+01
      vertex   8.188455e+01 -3.799999e+00 3.000192e+01
      vertex   8.101732e+01 -3.799999e+00 3.101732e+01
    endloop
  endfacet
  facet normal 0.000000e+00 1.000000e+00 0.000000e+00
    outer loop
      vertex   8.228115e+01 -3.799999e+00 3.029007e+01
      vertex   8.101732e+01 -3.799999e+00 3.101732e+01
      vertex   8.136396e+01 -3.799999e+00 3.136396e+01
    endloop
  endfacet
  facet normal 0.000000e+00 1.000000e+00 0.000000e+00
    outer loop
      vertex   8.136396e+01 -3.799999e+00 3.136396e+01
      vertex   8.101732e+01 -3.799999e+00 3.101732e+01
      vertex   8.000192e+01 -3.799999e+00 3.188455e+01
    endloop
  endfacet
  facet normal 0.000000e+00 1.000000e+00 0.000000e+00
    outer loop
      vertex   8.136396e+01 -3.799999e+00 3.136396e+01
      vertex   8.000192e+01 -3.799999e+00 3.188455e+01
      vertex   8.029007e+01 -3.799999e+00 3.228115e+01
    endloop
  endfacet
  facet normal 0.000000e+00 1.000000e+00 0.000000e+00
    outer loop
      vertex   8.029007e+01 -3.799999e+00 3.228115e+01
      vertex   8.000192e+01 -3.799999e+00 3.188455e+01
      vertex   7.886336e+01 -3.799999e+00 3.258226e+01
    endloop
  endfacet
  facet normal 0.000000e+00 1.000000e+00 0.000000e+00
    outer loop
      vertex   8.029007e+01 -3.799999e+00 3.228115e+01
      vertex   7.886336e+01 -3.799999e+00 3.258226e+01
      vertex   7.908591e+01 -3.799999e+00 3.301906e+01
    endloop
  endfacet
  facet normal 0.000000e+00 1.000000e+00 0.000000e+00
    outer loop
      vertex   7.908591e+01 -3.799999e+00 3.301906e+01
      vertex   7.886336e+01 -3.799999e+00 3.258226e+01
      vertex   7.762966e+01 -3.799999e+00 3.309328e+01
    endloop
  endfacet
  facet normal 0.000000e+00 1.000000e+00 0.000000e+00
    outer loop
      vertex   7.908591e+01 -3.799999e+00 3.301906e+01
      vertex   7.762966e+01 -3.799999e+00 3.309328e+01
      vertex   7.778115e+01 -3.799999e+00 3.355951e+01
    endloop
  endfacet
  facet normal 0.000000e+00 1.000000e+00 0.000000e+00
    outer loop
      vertex   7.778115e+01 -3.799999e+00 3.355951e+01
      vertex   7.762966e+01 -3.799999e+00 3.309328e+01
      vertex   7.633122e+01 -3.799999e+00 3.340500e+01
    endloop
  endfacet
  facet normal 0.000000e+00 1.000000e+00 0.000000e+00
    outer loop
      vertex   7.778115e+01 -3.799999e+00 3.355951e+01
      vertex   7.633122e+01 -3.799999e+00 3.340500e+01
      vertex   7.640791e+01 -3.799999e+00 3.388919e+01
    endloop
  endfacet
  facet normal 0.000000e+00 1.000000e+00 0.000000e+00
    outer loop
      vertex   7.640791e+01 -3.799999e+00 3.388919e+01
      vertex   7.633122e+01 -3.799999e+00 3.340500e+01
      vertex   7.500000e+01 -3.799999e+00 3.350977e+01
    endloop
  endfacet
  facet normal 0.000000e+00 1.000000e+00 0.000000e+00
    outer loop
      vertex   7.640791e+01 -3.799999e+00 3.388919e+01
      vertex   7.500000e+01 -3.799999e+00 3.350977e+01
      vertex   7.500000e+01 -3.799999e+00 3.400000e+01
    endloop
  endfacet
  facet normal 0.000000e+00 1.000000e+00 0.000000e+00
    outer loop
      vertex   7.500000e+01 -3.799999e+00 3.400000e+01
      vertex   7.500000e+01 -3.799999e+00 3.350977e+01
      vertex   -7.500000e+01 -3.799999e+00 3.400000e+01
    endloop
  endfacet
  facet normal 0.000000e+00 1.000000e+00 0.000000e+00
    outer loop
      vertex   -7.500000e+01 -3.799999e+00 3.400000e+01
      vertex   7.500000e+01 -3.799999e+00 3.350977e+01
      vertex   -7.500000e+01 -3.799999e+00 3.350977e+01
    endloop
  endfacet
  facet normal 0.000000e+00 1.000000e+00 0.000000e+00
    outer loop
      vertex   -7.500000e+01 -3.799999e+00 3.400000e+01
      vertex   -7.500000e+01 -3.799999e+00 3.350977e+01
      vertex   -7.640791e+01 -3.799999e+00 3.388919e+01
    endloop
  endfacet
  facet normal 0.000000e+00 1.000000e+00 0.000000e+00
    outer loop
      vertex   -7.640791e+01 -3.799999e+00 3.388919e+01
      vertex   -7.500000e+01 -3.799999e+00 3.350977e+01
      vertex   -7.633122e+01 -3.799999e+00 3.340500e+01
    endloop
  endfacet
  facet normal 0.000000e+00 1.000000e+00 0.000000e+00
    outer loop
      vertex   -7.640791e+01 -3.799999e+00 3.388919e+01
      vertex   -7.633122e+01 -3.799999e+00 3.340500e+01
      vertex   -7.778115e+01 -3.799999e+00 3.355951e+01
    endloop
  endfacet
  facet normal 0.000000e+00 1.000000e+00 0.000000e+00
    outer loop
      vertex   -7.778115e+01 -3.799999e+00 3.355951e+01
      vertex   -7.633122e+01 -3.799999e+00 3.340500e+01
      vertex   -7.762966e+01 -3.799999e+00 3.309328e+01
    endloop
  endfacet
  facet normal 0.000000e+00 1.000000e+00 0.000000e+00
    outer loop
      vertex   -7.778115e+01 -3.799999e+00 3.355951e+01
      vertex   -7.762966e+01 -3.799999e+00 3.309328e+01
      vertex   -7.908591e+01 -3.799999e+00 3.301906e+01
    endloop
  endfacet
  facet normal -0.000000e+00 1.000000e+00 0.000000e+00
    outer loop
      vertex   -7.908591e+01 -3.799999e+00 3.301906e+01
      vertex   -7.762966e+01 -3.799999e+00 3.309328e+01
      vertex   -7.886336e+01 -3.799999e+00 3.258226e+01
    endloop
  endfacet
  facet normal 0.000000e+00 1.000000e+00 0.000000e+00
    outer loop
      vertex   -7.908591e+01 -3.799999e+00 3.301906e+01
      vertex   -7.886336e+01 -3.799999e+00 3.258226e+01
      vertex   -8.029007e+01 -3.799999e+00 3.228115e+01
    endloop
  endfacet
  facet normal -0.000000e+00 1.000000e+00 0.000000e+00
    outer loop
      vertex   -8.029007e+01 -3.799999e+00 3.228115e+01
      vertex   -7.886336e+01 -3.799999e+00 3.258226e+01
      vertex   -8.000192e+01 -3.799999e+00 3.188455e+01
    endloop
  endfacet
  facet normal 0.000000e+00 1.000000e+00 0.000000e+00
    outer loop
      vertex   -8.029007e+01 -3.799999e+00 3.228115e+01
      vertex   -8.000192e+01 -3.799999e+00 3.188455e+01
      vertex   -8.136396e+01 -3.799999e+00 3.136396e+01
    endloop
  endfacet
  facet normal -0.000000e+00 1.000000e+00 0.000000e+00
    outer loop
      vertex   -8.136396e+01 -3.799999e+00 3.136396e+01
      vertex   -8.000192e+01 -3.799999e+00 3.188455e+01
      vertex   -8.101732e+01 -3.799999e+00 3.101732e+01
    endloop
  endfacet
  facet normal 0.000000e+00 1.000000e+00 0.000000e+00
    outer loop
      vertex   -8.136396e+01 -3.799999e+00 3.136396e+01
      vertex   -8.101732e+01 -3.799999e+00 3.101732e+01
      vertex   -8.228115e+01 -3.799999e+00 3.029007e+01
    endloop
  endfacet
  facet normal -0.000000e+00 1.000000e+00 0.000000e+00
    outer loop
      vertex   -8.228115e+01 -3.799999e+00 3.029007e+01
      vertex   -8.101732e+01 -3.799999e+00 3.101732e+01
      vertex   -8.188455e+01 -3.799999e+00 3.000192e+01
    endloop
  endfacet
  facet normal 0.000000e+00 1.000000e+00 0.000000e+00
    outer loop
      vertex   -8.228115e+01 -3.799999e+00 3.029007e+01
      vertex   -8.188455e+01 -3.799999e+00 3.000192e+01
      vertex   -8.301906e+01 -3.799999e+00 2.908591e+01
    endloop
  endfacet
  facet normal -0.000000e+00 1.000000e+00 0.000000e+00
    outer loop
      vertex   -8.301906e+01 -3.799999e+00 2.908591e+01
      vertex   -8.188455e+01 -3.799999e+00 3.000192e+01
      vertex   -8.258226e+01 -3.799999e+00 2.886336e+01
    endloop
  endfacet
  facet normal 0.000000e+00 1.000000e+00 0.000000e+00
    outer loop
      vertex   -8.301906e+01 -3.799999e+00 2.908591e+01
      vertex   -8.258226e+01 -3.799999e+00 2.886336e+01
      vertex   -8.355951e+01 -3.799999e+00 2.778115e+01
    endloop
  endfacet
  facet normal -0.000000e+00 1.000000e+00 0.000000e+00
    outer loop
      vertex   -8.355951e+01 -3.799999e+00 2.778115e+01
      vertex   -8.258226e+01 -3.799999e+00 2.886336e+01
      vertex   -8.309328e+01 -3.799999e+00 2.762966e+01
    endloop
  endfacet
  facet normal 0.000000e+00 1.000000e+00 0.000000e+00
    outer loop
      vertex   -8.355951e+01 -3.799999e+00 2.778115e+01
      vertex   -8.309328e+01 -3.799999e+00 2.762966e+01
      vertex   -8.388919e+01 -3.799999e+00 2.640791e+01
    endloop
  endfacet
  facet normal -0.000000e+00 1.000000e+00 0.000000e+00
    outer loop
      vertex   -8.388919e+01 -3.799999e+00 2.640791e+01
      vertex   -8.309328e+01 -3.799999e+00 2.762966e+01
      vertex   -8.340500e+01 -3.799999e+00 2.633122e+01
    endloop
  endfacet
  facet normal 0.000000e+00 1.000000e+00 0.000000e+00
    outer loop
      vertex   -8.388919e+01 -3.799999e+00 2.640791e+01
      vertex   -8.340500e+01 -3.799999e+00 2.633122e+01
      vertex   -8.400000e+01 -3.799999e+00 2.500000e+01
    endloop
  endfacet
  facet normal 0.000000e+00 1.000000e+00 0.000000e+00
    outer loop
      vertex   -8.400000e+01 -3.799999e+00 2.500000e+01
      vertex   -8.340500e+01 -3.799999e+00 2.633122e+01
      vertex   -8.350977e+01 -3.799999e+00 2.500000e+01
    endloop
  endfacet
  facet normal -0.000000e+00 1.000000e+00 0.000000e+00
    outer loop
      vertex   -8.400000e+01 -3.799999e+00 2.500000e+01
      vertex   -8.350977e+01 -3.799999e+00 2.500000e+01
      vertex   -8.350977e+01 -3.799999e+00 -2.500000e+01
    endloop
  endfacet
  facet normal 0.000000e+00 1.000000e+00 0.000000e+00
    outer loop
      vertex   -8.400000e+01 -3.799999e+00 2.500000e+01
      vertex   -8.350977e+01 -3.799999e+00 -2.500000e+01
      vertex   -8.400000e+01 -3.799999e+00 -2.500000e+01
    endloop
  endfacet
  facet normal -0.000000e+00 1.000000e+00 0.000000e+00
    outer loop
      vertex   -8.400000e+01 -3.799999e+00 -2.500000e+01
      vertex   -8.350977e+01 -3.799999e+00 -2.500000e+01
      vertex   -8.340500e+01 -3.799999e+00 -2.633122e+01
    endloop
  endfacet
  facet normal 0.000000e+00 1.000000e+00 0.000000e+00
    outer loop
      vertex   -8.400000e+01 -3.799999e+00 -2.500000e+01
      vertex   -8.340500e+01 -3.799999e+00 -2.633122e+01
      vertex   -8.388919e+01 -3.799999e+00 -2.640791e+01
    endloop
  endfacet
  facet normal -0.000000e+00 1.000000e+00 0.000000e+00
    outer loop
      vertex   -8.388919e+01 -3.799999e+00 -2.640791e+01
      vertex   -8.340500e+01 -3.799999e+00 -2.633122e+01
      vertex   -8.309328e+01 -3.799999e+00 -2.762966e+01
    endloop
  endfacet
  facet normal 0.000000e+00 1.000000e+00 0.000000e+00
    outer loop
      vertex   -8.388919e+01 -3.799999e+00 -2.640791e+01
      vertex   -8.309328e+01 -3.799999e+00 -2.762966e+01
      vertex   -8.355951e+01 -3.799999e+00 -2.778115e+01
    endloop
  endfacet
  facet normal -0.000000e+00 1.000000e+00 0.000000e+00
    outer loop
      vertex   -8.355951e+01 -3.799999e+00 -2.778115e+01
      vertex   -8.309328e+01 -3.799999e+00 -2.762966e+01
      vertex   -8.258226e+01 -3.799999e+00 -2.886336e+01
    endloop
  endfacet
  facet normal 0.000000e+00 1.000000e+00 0.000000e+00
    outer loop
      vertex   -8.355951e+01 -3.799999e+00 -2.778115e+01
      vertex   -8.258226e+01 -3.799999e+00 -2.886336e+01
      vertex   -8.301906e+01 -3.799999e+00 -2.908591e+01
    endloop
  endfacet
  facet normal -0.000000e+00 1.000000e+00 0.000000e+00
    outer loop
      vertex   -8.301906e+01 -3.799999e+00 -2.908591e+01
      vertex   -8.258226e+01 -3.799999e+00 -2.886336e+01
      vertex   -8.188455e+01 -3.799999e+00 -3.000192e+01
    endloop
  endfacet
  facet normal 0.000000e+00 1.000000e+00 0.000000e+00
    outer loop
      vertex   -8.301906e+01 -3.799999e+00 -2.908591e+01
      vertex   -8.188455e+01 -3.799999e+00 -3.000192e+01
      vertex   -8.228115e+01 -3.799999e+00 -3.029007e+01
    endloop
  endfacet
  facet normal -0.000000e+00 1.000000e+00 0.000000e+00
    outer loop
      vertex   -8.228115e+01 -3.799999e+00 -3.029007e+01
      vertex   -8.188455e+01 -3.799999e+00 -3.000192e+01
      vertex   -8.101732e+01 -3.799999e+00 -3.101732e+01
    endloop
  endfacet
  facet normal 0.000000e+00 1.000000e+00 0.000000e+00
    outer loop
      vertex   -8.228115e+01 -3.799999e+00 -3.029007e+01
      vertex   -8.101732e+01 -3.799999e+00 -3.101732e+01
      vertex   -8.136396e+01 -3.799999e+00 -3.136396e+01
    endloop
  endfacet
  facet normal -0.000000e+00 1.000000e+00 0.000000e+00
    outer loop
      vertex   -8.136396e+01 -3.799999e+00 -3.136396e+01
      vertex   -8.101732e+01 -3.799999e+00 -3.101732e+01
      vertex   -8.000192e+01 -3.799999e+00 -3.188455e+01
    endloop
  endfacet
  facet normal 0.000000e+00 1.000000e+00 0.000000e+00
    outer loop
      vertex   -8.136396e+01 -3.799999e+00 -3.136396e+01
      vertex   -8.000192e+01 -3.799999e+00 -3.188455e+01
      vertex   -8.029007e+01 -3.799999e+00 -3.228115e+01
    endloop
  endfacet
  facet normal -0.000000e+00 1.000000e+00 0.000000e+00
    outer loop
      vertex   -8.029007e+01 -3.799999e+00 -3.228115e+01
      vertex   -8.000192e+01 -3.799999e+00 -3.188455e+01
      vertex   -7.886336e+01 -3.799999e+00 -3.258226e+01
    endloop
  endfacet
  facet normal 0.000000e+00 1.000000e+00 0.000000e+00
    outer loop
      vertex   -8.029007e+01 -3.799999e+00 -3.228115e+01
      vertex   -7.886336e+01 -3.799999e+00 -3.258226e+01
      vertex   -7.908591e+01 -3.799999e+00 -3.301906e+01
    endloop
  endfacet
  facet normal -0.000000e+00 1.000000e+00 0.000000e+00
    outer loop
      vertex   -7.908591e+01 -3.799999e+00 -3.301906e+01
      vertex   -7.886336e+01 -3.799999e+00 -3.258226e+01
      vertex   -7.762966e+01 -3.799999e+00 -3.309328e+01
    endloop
  endfacet
  facet normal 0.000000e+00 1.000000e+00 0.000000e+00
    outer loop
      vertex   -7.908591e+01 -3.799999e+00 -3.301906e+01
      vertex   -7.762966e+01 -3.799999e+00 -3.309328e+01
      vertex   -7.778115e+01 -3.799999e+00 -3.355951e+01
    endloop
  endfacet
  facet normal 0.000000e+00 1.000000e+00 0.000000e+00
    outer loop
      vertex   -7.778115e+01 -3.799999e+00 -3.355951e+01
      vertex   -7.762966e+01 -3.799999e+00 -3.309328e+01
      vertex   -7.633122e+01 -3.799999e+00 -3.340500e+01
    endloop
  endfacet
  facet normal -0.000000e+00 1.000000e+00 0.000000e+00
    outer loop
      vertex   -7.778115e+01 -3.799999e+00 -3.355951e+01
      vertex   -7.633122e+01 -3.799999e+00 -3.340500e+01
      vertex   -7.640791e+01 -3.799999e+00 -3.388919e+01
    endloop
  endfacet
  facet normal 0.000000e+00 1.000000e+00 0.000000e+00
    outer loop
      vertex   -7.640791e+01 -3.799999e+00 -3.388919e+01
      vertex   -7.633122e+01 -3.799999e+00 -3.340500e+01
      vertex   -7.500000e+01 -3.799999e+00 -3.350977e+01
    endloop
  endfacet
  facet normal -0.000000e+00 1.000000e+00 0.000000e+00
    outer loop
      vertex   -7.640791e+01 -3.799999e+00 -3.388919e+01
      vertex   -7.500000e+01 -3.799999e+00 -3.350977e+01
      vertex   -7.500000e+01 -3.799999e+00 -3.400000e+01
    endloop
  endfacet
  facet normal -0.000000e+00 1.000000e+00 -0.000000e+00
    outer loop
      vertex   -7.500000e+01 -3.799999e+00 -3.400000e+01
      vertex   -7.500000e+01 -3.799999e+00 -3.350977e+01
      vertex   7.500000e+01 -3.799999e+00 -3.400000e+01
    endloop
  endfacet
  facet normal 0.000000e+00 1.000000e+00 0.000000e+00
    outer loop
      vertex   7.500000e+01 -3.799999e+00 -3.400000e+01
      vertex   -7.500000e+01 -3.799999e+00 -3.350977e+01
      vertex   7.500000e+01 -3.799999e+00 -3.350977e+01
    endloop
  endfacet
  facet normal 0.000000e+00 1.000000e+00 -0.000000e+00
    outer loop
      vertex   7.500000e+01 -3.799999e+00 -3.400000e+01
      vertex   7.500000e+01 -3.799999e+00 -3.350977e+01
      vertex   7.640791e+01 -3.799999e+00 -3.388919e+01
    endloop
  endfacet
  facet normal 0.000000e+00 1.000000e+00 0.000000e+00
    outer loop
      vertex   7.640791e+01 -3.799999e+00 -3.388919e+01
      vertex   7.500000e+01 -3.799999e+00 -3.350977e+01
      vertex   7.633122e+01 -3.799999e+00 -3.340500e+01
    endloop
  endfacet
  facet normal 0.000000e+00 1.000000e+00 -0.000000e+00
    outer loop
      vertex   7.640791e+01 -3.799999e+00 -3.388919e+01
      vertex   7.633122e+01 -3.799999e+00 -3.340500e+01
      vertex   7.778115e+01 -3.799999e+00 -3.355951e+01
    endloop
  endfacet
  facet normal 0.000000e+00 1.000000e+00 0.000000e+00
    outer loop
      vertex   7.778115e+01 -3.799999e+00 -3.355951e+01
      vertex   7.633122e+01 -3.799999e+00 -3.340500e+01
      vertex   7.762966e+01 -3.799999e+00 -3.309328e+01
    endloop
  endfacet
  facet normal 0.000000e+00 1.000000e+00 -0.000000e+00
    outer loop
      vertex   7.778115e+01 -3.799999e+00 -3.355951e+01
      vertex   7.762966e+01 -3.799999e+00 -3.309328e+01
      vertex   7.908591e+01 -3.799999e+00 -3.301906e+01
    endloop
  endfacet
  facet normal 0.000000e+00 1.000000e+00 0.000000e+00
    outer loop
      vertex   7.908591e+01 -3.799999e+00 -3.301906e+01
      vertex   7.762966e+01 -3.799999e+00 -3.309328e+01
      vertex   7.886336e+01 -3.799999e+00 -3.258226e+01
    endloop
  endfacet
  facet normal 0.000000e+00 1.000000e+00 -0.000000e+00
    outer loop
      vertex   7.908591e+01 -3.799999e+00 -3.301906e+01
      vertex   7.886336e+01 -3.799999e+00 -3.258226e+01
      vertex   8.029007e+01 -3.799999e+00 -3.228115e+01
    endloop
  endfacet
  facet normal 0.000000e+00 1.000000e+00 0.000000e+00
    outer loop
      vertex   8.029007e+01 -3.799999e+00 -3.228115e+01
      vertex   7.886336e+01 -3.799999e+00 -3.258226e+01
      vertex   8.000192e+01 -3.799999e+00 -3.188455e+01
    endloop
  endfacet
  facet normal 0.000000e+00 1.000000e+00 -0.000000e+00
    outer loop
      vertex   8.029007e+01 -3.799999e+00 -3.228115e+01
      vertex   8.000192e+01 -3.799999e+00 -3.188455e+01
      vertex   8.136396e+01 -3.799999e+00 -3.136396e+01
    endloop
  endfacet
  facet normal 0.000000e+00 1.000000e+00 0.000000e+00
    outer loop
      vertex   8.136396e+01 -3.799999e+00 -3.136396e+01
      vertex   8.000192e+01 -3.799999e+00 -3.188455e+01
      vertex   8.101732e+01 -3.799999e+00 -3.101732e+01
    endloop
  endfacet
  facet normal 0.000000e+00 1.000000e+00 -0.000000e+00
    outer loop
      vertex   8.136396e+01 -3.799999e+00 -3.136396e+01
      vertex   8.101732e+01 -3.799999e+00 -3.101732e+01
      vertex   8.228115e+01 -3.799999e+00 -3.029007e+01
    endloop
  endfacet
  facet normal 0.000000e+00 1.000000e+00 0.000000e+00
    outer loop
      vertex   8.228115e+01 -3.799999e+00 -3.029007e+01
      vertex   8.101732e+01 -3.799999e+00 -3.101732e+01
      vertex   8.188455e+01 -3.799999e+00 -3.000192e+01
    endloop
  endfacet
  facet normal 0.000000e+00 1.000000e+00 -0.000000e+00
    outer loop
      vertex   8.228115e+01 -3.799999e+00 -3.029007e+01
      vertex   8.188455e+01 -3.799999e+00 -3.000192e+01
      vertex   8.301906e+01 -3.799999e+00 -2.908591e+01
    endloop
  endfacet
  facet normal 0.000000e+00 1.000000e+00 0.000000e+00
    outer loop
      vertex   8.301906e+01 -3.799999e+00 -2.908591e+01
      vertex   8.188455e+01 -3.799999e+00 -3.000192e+01
      vertex   8.258226e+01 -3.799999e+00 -2.886336e+01
    endloop
  endfacet
  facet normal 0.000000e+00 1.000000e+00 -0.000000e+00
    outer loop
      vertex   8.301906e+01 -3.799999e+00 -2.908591e+01
      vertex   8.258226e+01 -3.799999e+00 -2.886336e+01
      vertex   8.355951e+01 -3.799999e+00 -2.778115e+01
    endloop
  endfacet
  facet normal 0.000000e+00 1.000000e+00 0.000000e+00
    outer loop
      vertex   8.355951e+01 -3.799999e+00 -2.778115e+01
      vertex   8.258226e+01 -3.799999e+00 -2.886336e+01
      vertex   8.309328e+01 -3.799999e+00 -2.762966e+01
    endloop
  endfacet
  facet normal 0.000000e+00 1.000000e+00 -0.000000e+00
    outer loop
      vertex   8.355951e+01 -3.799999e+00 -2.778115e+01
      vertex   8.309328e+01 -3.799999e+00 -2.762966e+01
      vertex   8.388919e+01 -3.799999e+00 -2.640791e+01
    endloop
  endfacet
  facet normal 0.000000e+00 1.000000e+00 0.000000e+00
    outer loop
      vertex   8.388919e+01 -3.799999e+00 -2.640791e+01
      vertex   8.309328e+01 -3.799999e+00 -2.762966e+01
      vertex   8.340500e+01 -3.799999e+00 -2.633122e+01
    endloop
  endfacet
  facet normal 0.000000e+00 1.000000e+00 -0.000000e+00
    outer loop
      vertex   8.388919e+01 -3.799999e+00 -2.640791e+01
      vertex   8.340500e+01 -3.799999e+00 -2.633122e+01
      vertex   8.400000e+01 -3.799999e+00 -2.500000e+01
    endloop
  endfacet
  facet normal 1.647461e-01 9.863360e-01 1.217415e-15
    outer loop
      vertex   -8.350977e+01 -3.799999e+00 2.500000e+01
      vertex   -8.304628e+01 -3.877416e+00 -5.000000e+00
      vertex   -8.350977e+01 -3.799999e+00 -2.500000e+01
    endloop
  endfacet
  facet normal 1.647461e-01 9.863360e-01 -8.461055e-16
    outer loop
      vertex   -8.350977e+01 -3.799999e+00 -2.500000e+01
      vertex   -8.304628e+01 -3.877416e+00 -5.000000e+00
      vertex   -8.304628e+01 -3.877416e+00 -1.500000e+01
    endloop
  endfacet
  facet normal 1.647461e-01 9.863360e-01 -9.465159e-16
    outer loop
      vertex   -8.350977e+01 -3.799999e+00 -2.500000e+01
      vertex   -8.304628e+01 -3.877416e+00 -1.500000e+01
      vertex   -8.304628e+01 -3.877416e+00 -2.500000e+01
    endloop
  endfacet
  facet normal 4.017798e-01 9.157363e-01 5.351790e-16
    outer loop
      vertex   -8.304628e+01 -3.877416e+00 -2.500000e+01
      vertex   -8.304628e+01 -3.877416e+00 -1.500000e+01
      vertex   -8.261596e+01 -4.066219e+00 -2.500000e+01
    endloop
  endfacet
  facet normal 4.017798e-01 9.157363e-01 -1.218378e-15
    outer loop
      vertex   -8.261596e+01 -4.066219e+00 -2.500000e+01
      vertex   -8.304628e+01 -3.877416e+00 -1.500000e+01
      vertex   -8.261596e+01 -4.066219e+00 -1.500000e+01
    endloop
  endfacet
  facet normal 6.142370e-01 7.891216e-01 -6.690546e-16
    outer loop
      vertex   -8.261596e+01 -4.066219e+00 -2.500000e+01
      vertex   -8.261596e+01 -4.066219e+00 -1.500000e+01
      vertex   -8.224514e+01 -4.354859e+00 -2.500000e+01
    endloop
  endfacet
  facet normal 6.142370e-01 7.891216e-01 -3.839222e-17
    outer loop
      vertex   -8.224514e+01 -4.354859e+00 -2.500000e+01
      vertex   -8.261596e+01 -4.066219e+00 -1.500000e+01
      vertex   -8.261596e+01 -4.066219e+00 -5.000000e+00
    endloop
  endfacet
  facet normal 6.142370e-01 7.891216e-01 7.648912e-16
    outer loop
      vertex   -8.224514e+01 -4.354859e+00 -2.500000e+01
      vertex   -8.261596e+01 -4.066219e+00 -5.000000e+00
      vertex   -8.261596e+01 -4.066219e+00 5.000000e+00
    endloop
  endfacet
  facet normal 4.017798e-01 9.157363e-01 3.254911e-18
    outer loop
      vertex   -8.261596e+01 -4.066219e+00 5.000000e+00
      vertex   -8.261596e+01 -4.066219e+00 -5.000000e+00
      vertex   -8.304628e+01 -3.877416e+00 5.000000e+00
    endloop
  endfacet
  facet normal 4.017798e-01 9.157363e-01 -1.181299e-16
    outer loop
      vertex   -8.261596e+01 -4.066219e+00 5.000000e+00
      vertex   -8.304628e+01 -3.877416e+00 5.000000e+00
      vertex   -8.304628e+01 -3.877416e+00 1.500000e+01
    endloop
  endfacet
  facet normal 1.647461e-01 9.863360e-01 -8.896289e-16
    outer loop
      vertex   -8.304628e+01 -3.877416e+00 1.500000e+01
      vertex   -8.304628e+01 -3.877416e+00 5.000000e+00
      vertex   -8.350977e+01 -3.799999e+00 2.500000e+01
    endloop
  endfacet
  facet normal 1.647461e-01 9.863360e-01 1.155484e-15
    outer loop
      vertex   -8.304628e+01 -3.877416e+00 1.500000e+01
      vertex   -8.350977e+01 -3.799999e+00 2.500000e+01
      vertex   -8.304628e+01 -3.877416e+00 2.500000e+01
    endloop
  endfacet
  facet normal 4.017798e-01 9.157363e-01 2.487188e-15
    outer loop
      vertex   -8.304628e+01 -3.877416e+00 1.500000e+01
      vertex   -8.304628e+01 -3.877416e+00 2.500000e+01
      vertex   -8.261596e+01 -4.066219e+00 1.500000e+01
    endloop
  endfacet
  facet normal 4.017798e-01 9.157363e-01 1.223261e-15
    outer loop
      vertex   -8.261596e+01 -4.066219e+00 1.500000e+01
      vertex   -8.304628e+01 -3.877416e+00 2.500000e+01
      vertex   -8.261596e+01 -4.066219e+00 2.500000e+01
    endloop
  endfacet
  facet normal 6.142370e-01 7.891216e-01 1.815855e-15
    outer loop
      vertex   -8.261596e+01 -4.066219e+00 1.500000e+01
      vertex   -8.261596e+01 -4.066219e+00 2.500000e+01
      vertex   -8.224514e+01 -4.354859e+00 2.500000e+01
    endloop
  endfacet
  facet normal 6.142370e-01 7.891216e-01 -1.083499e-16
    outer loop
      vertex   -8.261596e+01 -4.066219e+00 1.500000e+01
      vertex   -8.224514e+01 -4.354859e+00 2.500000e+01
      vertex   -8.261596e+01 -4.066219e+00 5.000000e+00
    endloop
  endfacet
  facet normal 6.142370e-01 7.891216e-01 0.000000e+00
    outer loop
      vertex   -8.261596e+01 -4.066219e+00 5.000000e+00
      vertex   -8.224514e+01 -4.354859e+00 2.500000e+01
      vertex   -8.224514e+01 -4.354859e+00 -2.500000e+01
    endloop
  endfacet
  facet normal 1.647461e-01 9.863360e-01 -3.775901e-16
    outer loop
      vertex   -8.304628e+01 -3.877416e+00 -5.000000e+00
      vertex   -8.350977e+01 -3.799999e+00 2.500000e+01
      vertex   -8.304628e+01 -3.877416e+00 5.000000e+00
    endloop
  endfacet
  facet normal 4.017798e-01 9.157363e-01 -5.677086e-16
    outer loop
      vertex   -8.261596e+01 -4.066219e+00 5.000000e+00
      vertex   -8.304628e+01 -3.877416e+00 1.500000e+01
      vertex   -8.261596e+01 -4.066219e+00 1.500000e+01
    endloop
  endfacet
  facet normal 4.017798e-01 9.157363e-01 -7.678444e-17
    outer loop
      vertex   -8.261596e+01 -4.066219e+00 -1.500000e+01
      vertex   -8.304628e+01 -3.877416e+00 -1.500000e+01
      vertex   -8.304628e+01 -3.877416e+00 -5.000000e+00
    endloop
  endfacet
  facet normal 4.017798e-01 9.157363e-01 -4.863749e-16
    outer loop
      vertex   -8.261596e+01 -4.066219e+00 -1.500000e+01
      vertex   -8.304628e+01 -3.877416e+00 -5.000000e+00
      vertex   -8.261596e+01 -4.066219e+00 -5.000000e+00
    endloop
  endfacet
  facet normal 4.017798e-01 9.157363e-01 1.066122e-15
    outer loop
      vertex   -8.261596e+01 -4.066219e+00 -5.000000e+00
      vertex   -8.304628e+01 -3.877416e+00 -5.000000e+00
      vertex   -8.304628e+01 -3.877416e+00 5.000000e+00
    endloop
  endfacet
  facet normal 1.178206e-02 9.862675e-01 1.647347e-01
    outer loop
      vertex   -7.500000e+01 -3.877416e+00 -3.304628e+01
      vertex   -7.500000e+01 -3.799999e+00 -3.350977e+01
      vertex   -7.614510e+01 -3.877416e+00 -3.296438e+01
    endloop
  endfacet
  facet normal 1.319229e-02 9.857627e-01 1.676240e-01
    outer loop
      vertex   -7.614510e+01 -3.877416e+00 -3.296438e+01
      vertex   -7.500000e+01 -3.799999e+00 -3.350977e+01
      vertex   -7.633122e+01 -3.799999e+00 -3.340500e+01
    endloop
  endfacet
  facet normal 3.453912e-02 9.867107e-01 1.587738e-01
    outer loop
      vertex   -7.614510e+01 -3.877416e+00 -3.296438e+01
      vertex   -7.633122e+01 -3.799999e+00 -3.340500e+01
      vertex   -7.726690e+01 -3.877416e+00 -3.272035e+01
    endloop
  endfacet
  facet normal 3.981102e-02 9.853513e-01 1.658248e-01
    outer loop
      vertex   -7.726690e+01 -3.877416e+00 -3.272035e+01
      vertex   -7.633122e+01 -3.799999e+00 -3.340500e+01
      vertex   -7.762966e+01 -3.799999e+00 -3.309328e+01
    endloop
  endfacet
  facet normal 5.607825e-02 9.870408e-01 1.503516e-01
    outer loop
      vertex   -7.726690e+01 -3.877416e+00 -3.272035e+01
      vertex   -7.762966e+01 -3.799999e+00 -3.309328e+01
      vertex   -7.834255e+01 -3.877416e+00 -3.231915e+01
    endloop
  endfacet
  facet normal 6.596606e-02 9.850309e-01 1.592562e-01
    outer loop
      vertex   -7.834255e+01 -3.877416e+00 -3.231915e+01
      vertex   -7.762966e+01 -3.799999e+00 -3.309328e+01
      vertex   -7.886336e+01 -3.799999e+00 -3.258226e+01
    endloop
  endfacet
  facet normal 7.622820e-02 9.872693e-01 1.396015e-01
    outer loop
      vertex   -7.834255e+01 -3.877416e+00 -3.231915e+01
      vertex   -7.886336e+01 -3.799999e+00 -3.258226e+01
      vertex   -7.935015e+01 -3.877416e+00 -3.176896e+01
    endloop
  endfacet
  facet normal 9.071984e-02 9.848115e-01 1.480413e-01
    outer loop
      vertex   -7.935015e+01 -3.877416e+00 -3.176896e+01
      vertex   -7.886336e+01 -3.799999e+00 -3.258226e+01
      vertex   -8.000192e+01 -3.799999e+00 -3.188455e+01
    endloop
  endfacet
  facet normal 9.481906e-02 9.874035e-01 1.266634e-01
    outer loop
      vertex   -7.935015e+01 -3.877416e+00 -3.176896e+01
      vertex   -8.000192e+01 -3.799999e+00 -3.188455e+01
      vertex   -8.026919e+01 -3.877416e+00 -3.108097e+01
    endloop
  endfacet
  facet normal 1.131718e-01 9.847000e-01 1.325071e-01
    outer loop
      vertex   -8.026919e+01 -3.877416e+00 -3.108097e+01
      vertex   -8.000192e+01 -3.799999e+00 -3.188455e+01
      vertex   -8.101732e+01 -3.799999e+00 -3.101732e+01
    endloop
  endfacet
  facet normal 1.116845e-01 9.874478e-01 1.116845e-01
    outer loop
      vertex   -8.026919e+01 -3.877416e+00 -3.108097e+01
      vertex   -8.101732e+01 -3.799999e+00 -3.101732e+01
      vertex   -8.108097e+01 -3.877416e+00 -3.026919e+01
    endloop
  endfacet
  facet normal 1.325071e-01 9.847000e-01 1.131718e-01
    outer loop
      vertex   -8.108097e+01 -3.877416e+00 -3.026919e+01
      vertex   -8.101732e+01 -3.799999e+00 -3.101732e+01
      vertex   -8.188455e+01 -3.799999e+00 -3.000192e+01
    endloop
  endfacet
  facet normal 1.266634e-01 9.874035e-01 9.481906e-02
    outer loop
      vertex   -8.108097e+01 -3.877416e+00 -3.026919e+01
      vertex   -8.188455e+01 -3.799999e+00 -3.000192e+01
      vertex   -8.176896e+01 -3.877416e+00 -2.935015e+01
    endloop
  endfacet
  facet normal 1.480413e-01 9.848115e-01 9.071984e-02
    outer loop
      vertex   -8.176896e+01 -3.877416e+00 -2.935015e+01
      vertex   -8.188455e+01 -3.799999e+00 -3.000192e+01
      vertex   -8.258226e+01 -3.799999e+00 -2.886336e+01
    endloop
  endfacet
  facet normal 1.396015e-01 9.872693e-01 7.622820e-02
    outer loop
      vertex   -8.176896e+01 -3.877416e+00 -2.935015e+01
      vertex   -8.258226e+01 -3.799999e+00 -2.886336e+01
      vertex   -8.231915e+01 -3.877416e+00 -2.834255e+01
    endloop
  endfacet
  facet normal 1.592562e-01 9.850309e-01 6.596606e-02
    outer loop
      vertex   -8.231915e+01 -3.877416e+00 -2.834255e+01
      vertex   -8.258226e+01 -3.799999e+00 -2.886336e+01
      vertex   -8.309328e+01 -3.799999e+00 -2.762966e+01
    endloop
  endfacet
  facet normal 1.503516e-01 9.870408e-01 5.607825e-02
    outer loop
      vertex   -8.231915e+01 -3.877416e+00 -2.834255e+01
      vertex   -8.309328e+01 -3.799999e+00 -2.762966e+01
      vertex   -8.272035e+01 -3.877416e+00 -2.726690e+01
    endloop
  endfacet
  facet normal 1.658248e-01 9.853513e-01 3.981102e-02
    outer loop
      vertex   -8.272035e+01 -3.877416e+00 -2.726690e+01
      vertex   -8.309328e+01 -3.799999e+00 -2.762966e+01
      vertex   -8.340500e+01 -3.799999e+00 -2.633122e+01
    endloop
  endfacet
  facet normal 1.587738e-01 9.867107e-01 3.453912e-02
    outer loop
      vertex   -8.272035e+01 -3.877416e+00 -2.726690e+01
      vertex   -8.340500e+01 -3.799999e+00 -2.633122e+01
      vertex   -8.296438e+01 -3.877416e+00 -2.614510e+01
    endloop
  endfacet
  facet normal 1.676240e-01 9.857627e-01 1.319229e-02
    outer loop
      vertex   -8.296438e+01 -3.877416e+00 -2.614510e+01
      vertex   -8.340500e+01 -3.799999e+00 -2.633122e+01
      vertex   -8.350977e+01 -3.799999e+00 -2.500000e+01
    endloop
  endfacet
  facet normal 1.647347e-01 9.862675e-01 1.178206e-02
    outer loop
      vertex   -8.296438e+01 -3.877416e+00 -2.614510e+01
      vertex   -8.350977e+01 -3.799999e+00 -2.500000e+01
      vertex   -8.304628e+01 -3.877416e+00 -2.500000e+01
    endloop
  endfacet
  facet normal 4.016141e-01 9.153584e-01 2.872400e-02
    outer loop
      vertex   -8.304628e+01 -3.877416e+00 -2.500000e+01
      vertex   -8.261596e+01 -4.066219e+00 -2.500000e+01
      vertex   -8.296438e+01 -3.877416e+00 -2.614510e+01
    endloop
  endfacet
  facet normal 4.016141e-01 9.153584e-01 2.872400e-02
    outer loop
      vertex   -8.296438e+01 -3.877416e+00 -2.614510e+01
      vertex   -8.261596e+01 -4.066219e+00 -2.500000e+01
      vertex   -8.253844e+01 -4.066219e+00 -2.608386e+01
    endloop
  endfacet
  facet normal 3.934384e-01 9.153584e-01 8.558728e-02
    outer loop
      vertex   -8.296438e+01 -3.877416e+00 -2.614510e+01
      vertex   -8.253844e+01 -4.066219e+00 -2.608386e+01
      vertex   -8.272035e+01 -3.877416e+00 -2.726690e+01
    endloop
  endfacet
  facet normal 3.934384e-01 9.153584e-01 8.558728e-02
    outer loop
      vertex   -8.272035e+01 -3.877416e+00 -2.726690e+01
      vertex   -8.253844e+01 -4.066219e+00 -2.608386e+01
      vertex   -8.230746e+01 -4.066219e+00 -2.714566e+01
    endloop
  endfacet
  facet normal 3.772534e-01 9.153584e-01 1.407082e-01
    outer loop
      vertex   -8.272035e+01 -3.877416e+00 -2.726690e+01
      vertex   -8.230746e+01 -4.066219e+00 -2.714566e+01
      vertex   -8.231915e+01 -3.877416e+00 -2.834255e+01
    endloop
  endfacet
  facet normal 3.772534e-01 9.153584e-01 1.407082e-01
    outer loop
      vertex   -8.231915e+01 -3.877416e+00 -2.834255e+01
      vertex   -8.230746e+01 -4.066219e+00 -2.714566e+01
      vertex   -8.192772e+01 -4.066219e+00 -2.816378e+01
    endloop
  endfacet
  facet normal 3.533886e-01 9.153584e-01 1.929648e-01
    outer loop
      vertex   -8.231915e+01 -3.877416e+00 -2.834255e+01
      vertex   -8.192772e+01 -4.066219e+00 -2.816378e+01
      vertex   -8.176896e+01 -3.877416e+00 -2.935015e+01
    endloop
  endfacet
  facet normal 3.533886e-01 9.153584e-01 1.929648e-01
    outer loop
      vertex   -8.176896e+01 -3.877416e+00 -2.935015e+01
      vertex   -8.192772e+01 -4.066219e+00 -2.816378e+01
      vertex   -8.140695e+01 -4.066219e+00 -2.911750e+01
    endloop
  endfacet
  facet normal 3.223299e-01 9.153584e-01 2.412931e-01
    outer loop
      vertex   -8.176896e+01 -3.877416e+00 -2.935015e+01
      vertex   -8.140695e+01 -4.066219e+00 -2.911750e+01
      vertex   -8.108097e+01 -3.877416e+00 -3.026919e+01
    endloop
  endfacet
  facet normal 3.223299e-01 9.153584e-01 2.412931e-01
    outer loop
      vertex   -8.108097e+01 -3.877416e+00 -3.026919e+01
      vertex   -8.140695e+01 -4.066219e+00 -2.911750e+01
      vertex   -8.075576e+01 -4.066219e+00 -2.998739e+01
    endloop
  endfacet
  facet normal 2.847094e-01 9.153584e-01 2.847094e-01
    outer loop
      vertex   -8.108097e+01 -3.877416e+00 -3.026919e+01
      vertex   -8.075576e+01 -4.066219e+00 -2.998739e+01
      vertex   -8.026919e+01 -3.877416e+00 -3.108097e+01
    endloop
  endfacet
  facet normal 2.847094e-01 9.153584e-01 2.847094e-01
    outer loop
      vertex   -8.026919e+01 -3.877416e+00 -3.108097e+01
      vertex   -8.075576e+01 -4.066219e+00 -2.998739e+01
      vertex   -7.998739e+01 -4.066219e+00 -3.075576e+01
    endloop
  endfacet
  facet normal 2.412931e-01 9.153584e-01 3.223299e-01
    outer loop
      vertex   -8.026919e+01 -3.877416e+00 -3.108097e+01
      vertex   -7.998739e+01 -4.066219e+00 -3.075576e+01
      vertex   -7.935015e+01 -3.877416e+00 -3.176896e+01
    endloop
  endfacet
  facet normal 2.412931e-01 9.153584e-01 3.223299e-01
    outer loop
      vertex   -7.935015e+01 -3.877416e+00 -3.176896e+01
      vertex   -7.998739e+01 -4.066219e+00 -3.075576e+01
      vertex   -7.911750e+01 -4.066219e+00 -3.140695e+01
    endloop
  endfacet
  facet normal 1.929648e-01 9.153584e-01 3.533886e-01
    outer loop
      vertex   -7.935015e+01 -3.877416e+00 -3.176896e+01
      vertex   -7.911750e+01 -4.066219e+00 -3.140695e+01
      vertex   -7.834255e+01 -3.877416e+00 -3.231915e+01
    endloop
  endfacet
  facet normal 1.929648e-01 9.153584e-01 3.533886e-01
    outer loop
      vertex   -7.834255e+01 -3.877416e+00 -3.231915e+01
      vertex   -7.911750e+01 -4.066219e+00 -3.140695e+01
      vertex   -7.816378e+01 -4.066219e+00 -3.192772e+01
    endloop
  endfacet
  facet normal 1.407082e-01 9.153584e-01 3.772534e-01
    outer loop
      vertex   -7.834255e+01 -3.877416e+00 -3.231915e+01
      vertex   -7.816378e+01 -4.066219e+00 -3.192772e+01
      vertex   -7.726690e+01 -3.877416e+00 -3.272035e+01
    endloop
  endfacet
  facet normal 1.407082e-01 9.153584e-01 3.772534e-01
    outer loop
      vertex   -7.726690e+01 -3.877416e+00 -3.272035e+01
      vertex   -7.816378e+01 -4.066219e+00 -3.192772e+01
      vertex   -7.714566e+01 -4.066219e+00 -3.230746e+01
    endloop
  endfacet
  facet normal 8.558728e-02 9.153584e-01 3.934384e-01
    outer loop
      vertex   -7.726690e+01 -3.877416e+00 -3.272035e+01
      vertex   -7.714566e+01 -4.066219e+00 -3.230746e+01
      vertex   -7.614510e+01 -3.877416e+00 -3.296438e+01
    endloop
  endfacet
  facet normal 8.558728e-02 9.153584e-01 3.934384e-01
    outer loop
      vertex   -7.614510e+01 -3.877416e+00 -3.296438e+01
      vertex   -7.714566e+01 -4.066219e+00 -3.230746e+01
      vertex   -7.608386e+01 -4.066219e+00 -3.253844e+01
    endloop
  endfacet
  facet normal 2.872400e-02 9.153584e-01 4.016141e-01
    outer loop
      vertex   -7.614510e+01 -3.877416e+00 -3.296438e+01
      vertex   -7.608386e+01 -4.066219e+00 -3.253844e+01
      vertex   -7.500000e+01 -3.877416e+00 -3.304628e+01
    endloop
  endfacet
  facet normal 2.872400e-02 9.153584e-01 4.016141e-01
    outer loop
      vertex   -7.500000e+01 -3.877416e+00 -3.304628e+01
      vertex   -7.608386e+01 -4.066219e+00 -3.253844e+01
      vertex   -7.500000e+01 -4.066219e+00 -3.261596e+01
    endloop
  endfacet
  facet normal 4.388876e-02 7.883613e-01 6.136451e-01
    outer loop
      vertex   -7.500000e+01 -4.066219e+00 -3.261596e+01
      vertex   -7.608386e+01 -4.066219e+00 -3.253844e+01
      vertex   -7.500000e+01 -4.354859e+00 -3.224514e+01
    endloop
  endfacet
  facet normal 5.213749e-02 8.013389e-01 5.959342e-01
    outer loop
      vertex   -7.500000e+01 -4.354859e+00 -3.224514e+01
      vertex   -7.608386e+01 -4.066219e+00 -3.253844e+01
      vertex   -7.625811e+01 -4.354859e+00 -3.213507e+01
    endloop
  endfacet
  facet normal 1.336188e-01 7.777278e-01 6.142357e-01
    outer loop
      vertex   -7.625811e+01 -4.354859e+00 -3.213507e+01
      vertex   -7.608386e+01 -4.066219e+00 -3.253844e+01
      vertex   -7.714566e+01 -4.066219e+00 -3.230746e+01
    endloop
  endfacet
  facet normal 1.523922e-01 8.082801e-01 5.687353e-01
    outer loop
      vertex   -7.625811e+01 -4.354859e+00 -3.213507e+01
      vertex   -7.714566e+01 -4.066219e+00 -3.230746e+01
      vertex   -7.747798e+01 -4.354859e+00 -3.180820e+01
    endloop
  endfacet
  facet normal 2.217219e-01 7.729536e-01 5.944595e-01
    outer loop
      vertex   -7.747798e+01 -4.354859e+00 -3.180820e+01
      vertex   -7.714566e+01 -4.066219e+00 -3.230746e+01
      vertex   -7.816378e+01 -4.066219e+00 -3.192772e+01
    endloop
  endfacet
  facet normal 2.480521e-01 8.096296e-01 5.319494e-01
    outer loop
      vertex   -7.747798e+01 -4.354859e+00 -3.180820e+01
      vertex   -7.816378e+01 -4.066219e+00 -3.192772e+01
      vertex   -7.862257e+01 -4.354859e+00 -3.127447e+01
    endloop
  endfacet
  facet normal 3.031252e-01 7.745599e-01 5.551324e-01
    outer loop
      vertex   -7.862257e+01 -4.354859e+00 -3.127447e+01
      vertex   -7.816378e+01 -4.066219e+00 -3.192772e+01
      vertex   -7.911750e+01 -4.066219e+00 -3.140695e+01
    endloop
  endfacet
  facet normal 3.398656e-01 8.055429e-01 4.853783e-01
    outer loop
      vertex   -7.862257e+01 -4.354859e+00 -3.127447e+01
      vertex   -7.911750e+01 -4.066219e+00 -3.140695e+01
      vertex   -7.965709e+01 -4.354859e+00 -3.055010e+01
    endloop
  endfacet
  facet normal 3.732385e-01 7.823700e-01 4.985882e-01
    outer loop
      vertex   -7.965709e+01 -4.354859e+00 -3.055010e+01
      vertex   -7.911750e+01 -4.066219e+00 -3.140695e+01
      vertex   -7.998739e+01 -4.066219e+00 -3.075576e+01
    endloop
  endfacet
  facet normal 4.284324e-01 7.955447e-01 4.284324e-01
    outer loop
      vertex   -7.965709e+01 -4.354859e+00 -3.055010e+01
      vertex   -7.998739e+01 -4.066219e+00 -3.075576e+01
      vertex   -8.075576e+01 -4.066219e+00 -2.998739e+01
    endloop
  endfacet
  facet normal 6.136451e-01 7.883613e-01 4.388876e-02
    outer loop
      vertex   -8.261596e+01 -4.066219e+00 -2.500000e+01
      vertex   -8.224514e+01 -4.354859e+00 -2.500000e+01
      vertex   -8.253844e+01 -4.066219e+00 -2.608386e+01
    endloop
  endfacet
  facet normal 5.959342e-01 8.013389e-01 5.213749e-02
    outer loop
      vertex   -8.253844e+01 -4.066219e+00 -2.608386e+01
      vertex   -8.224514e+01 -4.354859e+00 -2.500000e+01
      vertex   -8.213507e+01 -4.354859e+00 -2.625811e+01
    endloop
  endfacet
  facet normal 6.142357e-01 7.777278e-01 1.336188e-01
    outer loop
      vertex   -8.253844e+01 -4.066219e+00 -2.608386e+01
      vertex   -8.213507e+01 -4.354859e+00 -2.625811e+01
      vertex   -8.230746e+01 -4.066219e+00 -2.714566e+01
    endloop
  endfacet
  facet normal 5.687353e-01 8.082801e-01 1.523922e-01
    outer loop
      vertex   -8.230746e+01 -4.066219e+00 -2.714566e+01
      vertex   -8.213507e+01 -4.354859e+00 -2.625811e+01
      vertex   -8.180820e+01 -4.354859e+00 -2.747798e+01
    endloop
  endfacet
  facet normal 5.944595e-01 7.729536e-01 2.217219e-01
    outer loop
      vertex   -8.230746e+01 -4.066219e+00 -2.714566e+01
      vertex   -8.180820e+01 -4.354859e+00 -2.747798e+01
      vertex   -8.192772e+01 -4.066219e+00 -2.816378e+01
    endloop
  endfacet
  facet normal 5.319494e-01 8.096296e-01 2.480521e-01
    outer loop
      vertex   -8.192772e+01 -4.066219e+00 -2.816378e+01
      vertex   -8.180820e+01 -4.354859e+00 -2.747798e+01
      vertex   -8.127447e+01 -4.354859e+00 -2.862257e+01
    endloop
  endfacet
  facet normal 5.551324e-01 7.745599e-01 3.031252e-01
    outer loop
      vertex   -8.192772e+01 -4.066219e+00 -2.816378e+01
      vertex   -8.127447e+01 -4.354859e+00 -2.862257e+01
      vertex   -8.140695e+01 -4.066219e+00 -2.911750e+01
    endloop
  endfacet
  facet normal 4.853783e-01 8.055429e-01 3.398656e-01
    outer loop
      vertex   -8.140695e+01 -4.066219e+00 -2.911750e+01
      vertex   -8.127447e+01 -4.354859e+00 -2.862257e+01
      vertex   -8.055010e+01 -4.354859e+00 -2.965709e+01
    endloop
  endfacet
  facet normal 4.985882e-01 7.823700e-01 3.732385e-01
    outer loop
      vertex   -8.140695e+01 -4.066219e+00 -2.911750e+01
      vertex   -8.055010e+01 -4.354859e+00 -2.965709e+01
      vertex   -8.075576e+01 -4.066219e+00 -2.998739e+01
    endloop
  endfacet
  facet normal 4.284324e-01 7.955447e-01 4.284324e-01
    outer loop
      vertex   -8.075576e+01 -4.066219e+00 -2.998739e+01
      vertex   -8.055010e+01 -4.354859e+00 -2.965709e+01
      vertex   -7.965709e+01 -4.354859e+00 -3.055010e+01
    endloop
  endfacet
  facet normal 2.575302e-16 9.863360e-01 1.647461e-01
    outer loop
      vertex   -7.500000e+01 -3.799999e+00 -3.350977e+01
      vertex   5.000000e+00 -3.877416e+00 -3.304628e+01
      vertex   7.500000e+01 -3.799999e+00 -3.350977e+01
    endloop
  endfacet
  facet normal -2.953248e-17 9.863360e-01 1.647461e-01
    outer loop
      vertex   7.500000e+01 -3.799999e+00 -3.350977e+01
      vertex   5.000000e+00 -3.877416e+00 -3.304628e+01
      vertex   1.500000e+01 -3.877416e+00 -3.304628e+01
    endloop
  endfacet
  facet normal -1.890079e-16 9.863360e-01 1.647461e-01
    outer loop
      vertex   7.500000e+01 -3.799999e+00 -3.350977e+01
      vertex   1.500000e+01 -3.877416e+00 -3.304628e+01
      vertex   2.500000e+01 -3.877416e+00 -3.304628e+01
    endloop
  endfacet
  facet normal 8.137278e-19 9.157363e-01 4.017798e-01
    outer loop
      vertex   2.500000e+01 -3.877416e+00 -3.304628e+01
      vertex   1.500000e+01 -3.877416e+00 -3.304628e+01
      vertex   2.500000e+01 -4.066219e+00 -3.261596e+01
    endloop
  endfacet
  facet normal -3.839222e-17 9.157363e-01 4.017798e-01
    outer loop
      vertex   2.500000e+01 -3.877416e+00 -3.304628e+01
      vertex   2.500000e+01 -4.066219e+00 -3.261596e+01
      vertex   3.500000e+01 -4.066219e+00 -3.261596e+01
    endloop
  endfacet
  facet normal 1.560893e-16 7.891216e-01 6.142370e-01
    outer loop
      vertex   3.500000e+01 -4.066219e+00 -3.261596e+01
      vertex   2.500000e+01 -4.066219e+00 -3.261596e+01
      vertex   7.500000e+01 -4.354859e+00 -3.224514e+01
    endloop
  endfacet
  facet normal 2.261774e-16 7.891216e-01 6.142370e-01
    outer loop
      vertex   3.500000e+01 -4.066219e+00 -3.261596e+01
      vertex   7.500000e+01 -4.354859e+00 -3.224514e+01
      vertex   4.500000e+01 -4.066219e+00 -3.261596e+01
    endloop
  endfacet
  facet normal 2.261774e-16 7.891216e-01 6.142370e-01
    outer loop
      vertex   4.500000e+01 -4.066219e+00 -3.261596e+01
      vertex   7.500000e+01 -4.354859e+00 -3.224514e+01
      vertex   5.500000e+01 -4.066219e+00 -3.261596e+01
    endloop
  endfacet
  facet normal 4.148059e-17 9.157363e-01 4.017798e-01
    outer loop
      vertex   4.500000e+01 -4.066219e+00 -3.261596e+01
      vertex   5.500000e+01 -4.066219e+00 -3.261596e+01
      vertex   4.500000e+01 -3.877416e+00 -3.304628e+01
    endloop
  endfacet
  facet normal 4.148059e-17 9.157363e-01 4.017798e-01
    outer loop
      vertex   4.500000e+01 -3.877416e+00 -3.304628e+01
      vertex   5.500000e+01 -4.066219e+00 -3.261596e+01
      vertex   5.500000e+01 -3.877416e+00 -3.304628e+01
    endloop
  endfacet
  facet normal -1.457535e-16 9.863360e-01 1.647461e-01
    outer loop
      vertex   4.500000e+01 -3.877416e+00 -3.304628e+01
      vertex   5.500000e+01 -3.877416e+00 -3.304628e+01
      vertex   7.500000e+01 -3.799999e+00 -3.350977e+01
    endloop
  endfacet
  facet normal -1.447091e-16 9.863360e-01 1.647461e-01
    outer loop
      vertex   7.500000e+01 -3.799999e+00 -3.350977e+01
      vertex   5.500000e+01 -3.877416e+00 -3.304628e+01
      vertex   6.500000e+01 -3.877416e+00 -3.304628e+01
    endloop
  endfacet
  facet normal 1.609520e-16 9.863360e-01 1.647461e-01
    outer loop
      vertex   7.500000e+01 -3.799999e+00 -3.350977e+01
      vertex   6.500000e+01 -3.877416e+00 -3.304628e+01
      vertex   7.500000e+01 -3.877416e+00 -3.304628e+01
    endloop
  endfacet
  facet normal 3.261486e-16 9.157363e-01 4.017798e-01
    outer loop
      vertex   7.500000e+01 -3.877416e+00 -3.304628e+01
      vertex   6.500000e+01 -3.877416e+00 -3.304628e+01
      vertex   7.500000e+01 -4.066219e+00 -3.261596e+01
    endloop
  endfacet
  facet normal 3.668155e-16 9.157363e-01 4.017798e-01
    outer loop
      vertex   7.500000e+01 -4.066219e+00 -3.261596e+01
      vertex   6.500000e+01 -3.877416e+00 -3.304628e+01
      vertex   6.500000e+01 -4.066219e+00 -3.261596e+01
    endloop
  endfacet
  facet normal 5.065297e-16 7.891216e-01 6.142370e-01
    outer loop
      vertex   7.500000e+01 -4.066219e+00 -3.261596e+01
      vertex   6.500000e+01 -4.066219e+00 -3.261596e+01
      vertex   7.500000e+01 -4.354859e+00 -3.224514e+01
    endloop
  endfacet
  facet normal 2.244468e-16 7.891216e-01 6.142370e-01
    outer loop
      vertex   7.500000e+01 -4.354859e+00 -3.224514e+01
      vertex   6.500000e+01 -4.066219e+00 -3.261596e+01
      vertex   5.500000e+01 -4.066219e+00 -3.261596e+01
    endloop
  endfacet
  facet normal 4.093268e-16 9.863360e-01 1.647461e-01
    outer loop
      vertex   -7.500000e+01 -3.877416e+00 -3.304628e+01
      vertex   -6.500000e+01 -3.877416e+00 -3.304628e+01
      vertex   -7.500000e+01 -3.799999e+00 -3.350977e+01
    endloop
  endfacet
  facet normal -1.904845e-16 9.863360e-01 1.647461e-01
    outer loop
      vertex   -7.500000e+01 -3.799999e+00 -3.350977e+01
      vertex   -6.500000e+01 -3.877416e+00 -3.304628e+01
      vertex   -5.500000e+01 -3.877416e+00 -3.304628e+01
    endloop
  endfacet
  facet normal -1.461858e-16 9.863360e-01 1.647461e-01
    outer loop
      vertex   -7.500000e+01 -3.799999e+00 -3.350977e+01
      vertex   -5.500000e+01 -3.877416e+00 -3.304628e+01
      vertex   -4.500000e+01 -3.877416e+00 -3.304628e+01
    endloop
  endfacet
  facet normal 4.148059e-17 9.157363e-01 4.017798e-01
    outer loop
      vertex   -4.500000e+01 -3.877416e+00 -3.304628e+01
      vertex   -5.500000e+01 -3.877416e+00 -3.304628e+01
      vertex   -4.500000e+01 -4.066219e+00 -3.261596e+01
    endloop
  endfacet
  facet normal -4.134547e-17 9.157363e-01 4.017798e-01
    outer loop
      vertex   -4.500000e+01 -3.877416e+00 -3.304628e+01
      vertex   -4.500000e+01 -4.066219e+00 -3.261596e+01
      vertex   -3.500000e+01 -4.066219e+00 -3.261596e+01
    endloop
  endfacet
  facet normal 1.560893e-16 7.891216e-01 6.142370e-01
    outer loop
      vertex   -3.500000e+01 -4.066219e+00 -3.261596e+01
      vertex   -4.500000e+01 -4.066219e+00 -3.261596e+01
      vertex   -7.500000e+01 -4.354859e+00 -3.224514e+01
    endloop
  endfacet
  facet normal 1.560893e-16 7.891216e-01 6.142370e-01
    outer loop
      vertex   -3.500000e+01 -4.066219e+00 -3.261596e+01
      vertex   -7.500000e+01 -4.354859e+00 -3.224514e+01
      vertex   -2.500000e+01 -4.066219e+00 -3.261596e+01
    endloop
  endfacet
  facet normal 2.261774e-16 7.891216e-01 6.142370e-01
    outer loop
      vertex   -2.500000e+01 -4.066219e+00 -3.261596e+01
      vertex   -7.500000e+01 -4.354859e+00 -3.224514e+01
      vertex   -1.500000e+01 -4.066219e+00 -3.261596e+01
    endloop
  endfacet
  facet normal 4.148059e-17 9.157363e-01 4.017798e-01
    outer loop
      vertex   -2.500000e+01 -4.066219e+00 -3.261596e+01
      vertex   -1.500000e+01 -4.066219e+00 -3.261596e+01
      vertex   -2.500000e+01 -3.877416e+00 -3.304628e+01
    endloop
  endfacet
  facet normal 4.148059e-17 9.157363e-01 4.017798e-01
    outer loop
      vertex   -2.500000e+01 -3.877416e+00 -3.304628e+01
      vertex   -1.500000e+01 -4.066219e+00 -3.261596e+01
      vertex   -1.500000e+01 -3.877416e+00 -3.304628e+01
    endloop
  endfacet
  facet normal -1.457535e-16 9.863360e-01 1.647461e-01
    outer loop
      vertex   -2.500000e+01 -3.877416e+00 -3.304628e+01
      vertex   -1.500000e+01 -3.877416e+00 -3.304628e+01
      vertex   -7.500000e+01 -3.799999e+00 -3.350977e+01
    endloop
  endfacet
  facet normal -1.890079e-16 9.863360e-01 1.647461e-01
    outer loop
      vertex   -7.500000e+01 -3.799999e+00 -3.350977e+01
      vertex   -1.500000e+01 -3.877416e+00 -3.304628e+01
      vertex   -5.000000e+00 -3.877416e+00 -3.304628e+01
    endloop
  endfacet
  facet normal -1.461858e-16 9.863360e-01 1.647461e-01
    outer loop
      vertex   -7.500000e+01 -3.799999e+00 -3.350977e+01
      vertex   -5.000000e+00 -3.877416e+00 -3.304628e+01
      vertex   5.000000e+00 -3.877416e+00 -3.304628e+01
    endloop
  endfacet
  facet normal 4.148059e-17 9.157363e-01 4.017798e-01
    outer loop
      vertex   5.000000e+00 -3.877416e+00 -3.304628e+01
      vertex   -5.000000e+00 -3.877416e+00 -3.304628e+01
      vertex   5.000000e+00 -4.066219e+00 -3.261596e+01
    endloop
  endfacet
  facet normal -3.839222e-17 9.157363e-01 4.017798e-01
    outer loop
      vertex   5.000000e+00 -3.877416e+00 -3.304628e+01
      vertex   5.000000e+00 -4.066219e+00 -3.261596e+01
      vertex   1.500000e+01 -4.066219e+00 -3.261596e+01
    endloop
  endfacet
  facet normal 1.560893e-16 7.891216e-01 6.142370e-01
    outer loop
      vertex   1.500000e+01 -4.066219e+00 -3.261596e+01
      vertex   5.000000e+00 -4.066219e+00 -3.261596e+01
      vertex   7.500000e+01 -4.354859e+00 -3.224514e+01
    endloop
  endfacet
  facet normal -1.401762e-16 7.891216e-01 6.142370e-01
    outer loop
      vertex   1.500000e+01 -4.066219e+00 -3.261596e+01
      vertex   7.500000e+01 -4.354859e+00 -3.224514e+01
      vertex   2.500000e+01 -4.066219e+00 -3.261596e+01
    endloop
  endfacet
  facet normal 7.336309e-16 9.157363e-01 4.017798e-01
    outer loop
      vertex   -6.500000e+01 -3.877416e+00 -3.304628e+01
      vertex   -7.500000e+01 -3.877416e+00 -3.304628e+01
      vertex   -6.500000e+01 -4.066219e+00 -3.261596e+01
    endloop
  endfacet
  facet normal 8.962984e-16 9.157363e-01 4.017798e-01
    outer loop
      vertex   -6.500000e+01 -4.066219e+00 -3.261596e+01
      vertex   -7.500000e+01 -3.877416e+00 -3.304628e+01
      vertex   -7.500000e+01 -4.066219e+00 -3.261596e+01
    endloop
  endfacet
  facet normal 1.153236e-15 7.891216e-01 6.142370e-01
    outer loop
      vertex   -6.500000e+01 -4.066219e+00 -3.261596e+01
      vertex   -7.500000e+01 -4.066219e+00 -3.261596e+01
      vertex   -7.500000e+01 -4.354859e+00 -3.224514e+01
    endloop
  endfacet
  facet normal -2.102642e-16 7.891216e-01 6.142370e-01
    outer loop
      vertex   -1.500000e+01 -4.066219e+00 -3.261596e+01
      vertex   -7.500000e+01 -4.354859e+00 -3.224514e+01
      vertex   -5.000000e+00 -4.066219e+00 -3.261596e+01
    endloop
  endfacet
  facet normal 4.055794e-17 7.891216e-01 6.142370e-01
    outer loop
      vertex   -5.000000e+00 -4.066219e+00 -3.261596e+01
      vertex   -7.500000e+01 -4.354859e+00 -3.224514e+01
      vertex   7.500000e+01 -4.354859e+00 -3.224514e+01
    endloop
  endfacet
  facet normal 2.261774e-16 7.891216e-01 6.142370e-01
    outer loop
      vertex   -5.000000e+00 -4.066219e+00 -3.261596e+01
      vertex   7.500000e+01 -4.354859e+00 -3.224514e+01
      vertex   5.000000e+00 -4.066219e+00 -3.261596e+01
    endloop
  endfacet
  facet normal 8.137278e-19 9.157363e-01 4.017798e-01
    outer loop
      vertex   -5.500000e+01 -3.877416e+00 -3.304628e+01
      vertex   -6.500000e+01 -3.877416e+00 -3.304628e+01
      vertex   -5.500000e+01 -4.066219e+00 -3.261596e+01
    endloop
  endfacet
  facet normal -2.440012e-16 9.157363e-01 4.017798e-01
    outer loop
      vertex   -5.500000e+01 -4.066219e+00 -3.261596e+01
      vertex   -6.500000e+01 -3.877416e+00 -3.304628e+01
      vertex   -6.500000e+01 -4.066219e+00 -3.261596e+01
    endloop
  endfacet
  facet normal -2.102642e-16 7.891216e-01 6.142370e-01
    outer loop
      vertex   -5.500000e+01 -4.066219e+00 -3.261596e+01
      vertex   -6.500000e+01 -4.066219e+00 -3.261596e+01
      vertex   -7.500000e+01 -4.354859e+00 -3.224514e+01
    endloop
  endfacet
  facet normal -2.869436e-17 9.863360e-01 1.647461e-01
    outer loop
      vertex   -2.500000e+01 -3.877416e+00 -3.304628e+01
      vertex   -7.500000e+01 -3.799999e+00 -3.350977e+01
      vertex   -3.500000e+01 -3.877416e+00 -3.304628e+01
    endloop
  endfacet
  facet normal -2.869436e-17 9.863360e-01 1.647461e-01
    outer loop
      vertex   -3.500000e+01 -3.877416e+00 -3.304628e+01
      vertex   -7.500000e+01 -3.799999e+00 -3.350977e+01
      vertex   -4.500000e+01 -3.877416e+00 -3.304628e+01
    endloop
  endfacet
  facet normal 3.269623e-16 9.157363e-01 4.017798e-01
    outer loop
      vertex   -3.500000e+01 -3.877416e+00 -3.304628e+01
      vertex   -4.500000e+01 -3.877416e+00 -3.304628e+01
      vertex   -3.500000e+01 -4.066219e+00 -3.261596e+01
    endloop
  endfacet
  facet normal 3.278105e-16 9.157363e-01 4.017798e-01
    outer loop
      vertex   -2.500000e+01 -4.066219e+00 -3.261596e+01
      vertex   -2.500000e+01 -3.877416e+00 -3.304628e+01
      vertex   -3.500000e+01 -3.877416e+00 -3.304628e+01
    endloop
  endfacet
  facet normal -3.985313e-17 9.157363e-01 4.017798e-01
    outer loop
      vertex   -2.500000e+01 -4.066219e+00 -3.261596e+01
      vertex   -3.500000e+01 -3.877416e+00 -3.304628e+01
      vertex   -3.500000e+01 -4.066219e+00 -3.261596e+01
    endloop
  endfacet
  facet normal -2.440012e-16 9.157363e-01 4.017798e-01
    outer loop
      vertex   -1.500000e+01 -4.066219e+00 -3.261596e+01
      vertex   -5.000000e+00 -4.066219e+00 -3.261596e+01
      vertex   -1.500000e+01 -3.877416e+00 -3.304628e+01
    endloop
  endfacet
  facet normal 8.137278e-19 9.157363e-01 4.017798e-01
    outer loop
      vertex   -1.500000e+01 -3.877416e+00 -3.304628e+01
      vertex   -5.000000e+00 -4.066219e+00 -3.261596e+01
      vertex   -5.000000e+00 -3.877416e+00 -3.304628e+01
    endloop
  endfacet
  facet normal 4.148059e-17 9.157363e-01 4.017798e-01
    outer loop
      vertex   -5.000000e+00 -4.066219e+00 -3.261596e+01
      vertex   5.000000e+00 -4.066219e+00 -3.261596e+01
      vertex   -5.000000e+00 -3.877416e+00 -3.304628e+01
    endloop
  endfacet
  facet normal -1.626674e-16 9.157363e-01 4.017798e-01
    outer loop
      vertex   2.500000e+01 -4.066219e+00 -3.261596e+01
      vertex   1.500000e+01 -3.877416e+00 -3.304628e+01
      vertex   1.500000e+01 -4.066219e+00 -3.261596e+01
    endloop
  endfacet
  facet normal 3.248573e-16 9.157363e-01 4.017798e-01
    outer loop
      vertex   1.500000e+01 -4.066219e+00 -3.261596e+01
      vertex   1.500000e+01 -3.877416e+00 -3.304628e+01
      vertex   5.000000e+00 -3.877416e+00 -3.304628e+01
    endloop
  endfacet
  facet normal 8.836482e-17 9.863360e-01 1.647461e-01
    outer loop
      vertex   4.500000e+01 -3.877416e+00 -3.304628e+01
      vertex   7.500000e+01 -3.799999e+00 -3.350977e+01
      vertex   3.500000e+01 -3.877416e+00 -3.304628e+01
    endloop
  endfacet
  facet normal -1.457535e-16 9.863360e-01 1.647461e-01
    outer loop
      vertex   3.500000e+01 -3.877416e+00 -3.304628e+01
      vertex   7.500000e+01 -3.799999e+00 -3.350977e+01
      vertex   2.500000e+01 -3.877416e+00 -3.304628e+01
    endloop
  endfacet
  facet normal 4.148059e-17 9.157363e-01 4.017798e-01
    outer loop
      vertex   3.500000e+01 -3.877416e+00 -3.304628e+01
      vertex   2.500000e+01 -3.877416e+00 -3.304628e+01
      vertex   3.500000e+01 -4.066219e+00 -3.261596e+01
    endloop
  endfacet
  facet normal 6.113223e-16 9.157363e-01 4.017798e-01
    outer loop
      vertex   4.500000e+01 -4.066219e+00 -3.261596e+01
      vertex   4.500000e+01 -3.877416e+00 -3.304628e+01
      vertex   3.500000e+01 -3.877416e+00 -3.304628e+01
    endloop
  endfacet
  facet normal 4.148059e-17 9.157363e-01 4.017798e-01
    outer loop
      vertex   4.500000e+01 -4.066219e+00 -3.261596e+01
      vertex   3.500000e+01 -3.877416e+00 -3.304628e+01
      vertex   3.500000e+01 -4.066219e+00 -3.261596e+01
    endloop
  endfacet
  facet normal 4.134547e-17 9.157363e-01 4.017798e-01
    outer loop
      vertex   6.500000e+01 -4.066219e+00 -3.261596e+01
      vertex   6.500000e+01 -3.877416e+00 -3.304628e+01
      vertex   5.500000e+01 -3.877416e+00 -3.304628e+01
    endloop
  endfacet
  facet normal 4.148059e-17 9.157363e-01 4.017798e-01
    outer loop
      vertex   6.500000e+01 -4.066219e+00 -3.261596e+01
      vertex   5.500000e+01 -3.877416e+00 -3.304628e+01
      vertex   5.500000e+01 -4.066219e+00 -3.261596e+01
    endloop
  endfacet
  facet normal 2.274001e-16 7.891216e-01 6.142370e-01
    outer loop
      vertex   -7.500000e+01 -4.354859e+00 -3.224514e+01
      vertex   -4.500000e+01 -4.066219e+00 -3.261596e+01
      vertex   -5.500000e+01 -4.066219e+00 -3.261596e+01
    endloop
  endfacet
  facet normal 4.148059e-17 9.157363e-01 4.017798e-01
    outer loop
      vertex   -5.500000e+01 -4.066219e+00 -3.261596e+01
      vertex   -4.500000e+01 -4.066219e+00 -3.261596e+01
      vertex   -5.500000e+01 -3.877416e+00 -3.304628e+01
    endloop
  endfacet
  facet normal -1.647347e-01 9.862675e-01 1.178206e-02
    outer loop
      vertex   8.304628e+01 -3.877416e+00 -2.500000e+01
      vertex   8.350977e+01 -3.799999e+00 -2.500000e+01
      vertex   8.296438e+01 -3.877416e+00 -2.614510e+01
    endloop
  endfacet
  facet normal -1.676240e-01 9.857627e-01 1.319229e-02
    outer loop
      vertex   8.296438e+01 -3.877416e+00 -2.614510e+01
      vertex   8.350977e+01 -3.799999e+00 -2.500000e+01
      vertex   8.340500e+01 -3.799999e+00 -2.633122e+01
    endloop
  endfacet
  facet normal -1.587738e-01 9.867107e-01 3.453912e-02
    outer loop
      vertex   8.296438e+01 -3.877416e+00 -2.614510e+01
      vertex   8.340500e+01 -3.799999e+00 -2.633122e+01
      vertex   8.272035e+01 -3.877416e+00 -2.726690e+01
    endloop
  endfacet
  facet normal -1.658248e-01 9.853513e-01 3.981102e-02
    outer loop
      vertex   8.272035e+01 -3.877416e+00 -2.726690e+01
      vertex   8.340500e+01 -3.799999e+00 -2.633122e+01
      vertex   8.309328e+01 -3.799999e+00 -2.762966e+01
    endloop
  endfacet
  facet normal -1.503516e-01 9.870408e-01 5.607825e-02
    outer loop
      vertex   8.272035e+01 -3.877416e+00 -2.726690e+01
      vertex   8.309328e+01 -3.799999e+00 -2.762966e+01
      vertex   8.231915e+01 -3.877416e+00 -2.834255e+01
    endloop
  endfacet
  facet normal -1.592562e-01 9.850309e-01 6.596606e-02
    outer loop
      vertex   8.231915e+01 -3.877416e+00 -2.834255e+01
      vertex   8.309328e+01 -3.799999e+00 -2.762966e+01
      vertex   8.258226e+01 -3.799999e+00 -2.886336e+01
    endloop
  endfacet
  facet normal -1.396015e-01 9.872693e-01 7.622820e-02
    outer loop
      vertex   8.231915e+01 -3.877416e+00 -2.834255e+01
      vertex   8.258226e+01 -3.799999e+00 -2.886336e+01
      vertex   8.176896e+01 -3.877416e+00 -2.935015e+01
    endloop
  endfacet
  facet normal -1.480413e-01 9.848115e-01 9.071984e-02
    outer loop
      vertex   8.176896e+01 -3.877416e+00 -2.935015e+01
      vertex   8.258226e+01 -3.799999e+00 -2.886336e+01
      vertex   8.188455e+01 -3.799999e+00 -3.000192e+01
    endloop
  endfacet
  facet normal -1.266634e-01 9.874035e-01 9.481906e-02
    outer loop
      vertex   8.176896e+01 -3.877416e+00 -2.935015e+01
      vertex   8.188455e+01 -3.799999e+00 -3.000192e+01
      vertex   8.108097e+01 -3.877416e+00 -3.026919e+01
    endloop
  endfacet
  facet normal -1.325071e-01 9.847000e-01 1.131718e-01
    outer loop
      vertex   8.108097e+01 -3.877416e+00 -3.026919e+01
      vertex   8.188455e+01 -3.799999e+00 -3.000192e+01
      vertex   8.101732e+01 -3.799999e+00 -3.101732e+01
    endloop
  endfacet
  facet normal -1.116845e-01 9.874478e-01 1.116845e-01
    outer loop
      vertex   8.108097e+01 -3.877416e+00 -3.026919e+01
      vertex   8.101732e+01 -3.799999e+00 -3.101732e+01
      vertex   8.026919e+01 -3.877416e+00 -3.108097e+01
    endloop
  endfacet
  facet normal -1.131718e-01 9.847000e-01 1.325071e-01
    outer loop
      vertex   8.026919e+01 -3.877416e+00 -3.108097e+01
      vertex   8.101732e+01 -3.799999e+00 -3.101732e+01
      vertex   8.000192e+01 -3.799999e+00 -3.188455e+01
    endloop
  endfacet
  facet normal -9.481906e-02 9.874035e-01 1.266634e-01
    outer loop
      vertex   8.026919e+01 -3.877416e+00 -3.108097e+01
      vertex   8.000192e+01 -3.799999e+00 -3.188455e+01
      vertex   7.935015e+01 -3.877416e+00 -3.176896e+01
    endloop
  endfacet
  facet normal -9.071984e-02 9.848115e-01 1.480413e-01
    outer loop
      vertex   7.935015e+01 -3.877416e+00 -3.176896e+01
      vertex   8.000192e+01 -3.799999e+00 -3.188455e+01
      vertex   7.886336e+01 -3.799999e+00 -3.258226e+01
    endloop
  endfacet
  facet normal -7.622820e-02 9.872693e-01 1.396015e-01
    outer loop
      vertex   7.935015e+01 -3.877416e+00 -3.176896e+01
      vertex   7.886336e+01 -3.799999e+00 -3.258226e+01
      vertex   7.834255e+01 -3.877416e+00 -3.231915e+01
    endloop
  endfacet
  facet normal -6.596606e-02 9.850309e-01 1.592562e-01
    outer loop
      vertex   7.834255e+01 -3.877416e+00 -3.231915e+01
      vertex   7.886336e+01 -3.799999e+00 -3.258226e+01
      vertex   7.762966e+01 -3.799999e+00 -3.309328e+01
    endloop
  endfacet
  facet normal -5.607825e-02 9.870408e-01 1.503516e-01
    outer loop
      vertex   7.834255e+01 -3.877416e+00 -3.231915e+01
      vertex   7.762966e+01 -3.799999e+00 -3.309328e+01
      vertex   7.726690e+01 -3.877416e+00 -3.272035e+01
    endloop
  endfacet
  facet normal -3.981102e-02 9.853513e-01 1.658248e-01
    outer loop
      vertex   7.726690e+01 -3.877416e+00 -3.272035e+01
      vertex   7.762966e+01 -3.799999e+00 -3.309328e+01
      vertex   7.633122e+01 -3.799999e+00 -3.340500e+01
    endloop
  endfacet
  facet normal -3.453912e-02 9.867107e-01 1.587738e-01
    outer loop
      vertex   7.726690e+01 -3.877416e+00 -3.272035e+01
      vertex   7.633122e+01 -3.799999e+00 -3.340500e+01
      vertex   7.614510e+01 -3.877416e+00 -3.296438e+01
    endloop
  endfacet
  facet normal -1.319229e-02 9.857627e-01 1.676240e-01
    outer loop
      vertex   7.614510e+01 -3.877416e+00 -3.296438e+01
      vertex   7.633122e+01 -3.799999e+00 -3.340500e+01
      vertex   7.500000e+01 -3.799999e+00 -3.350977e+01
    endloop
  endfacet
  facet normal -1.178206e-02 9.862675e-01 1.647347e-01
    outer loop
      vertex   7.614510e+01 -3.877416e+00 -3.296438e+01
      vertex   7.500000e+01 -3.799999e+00 -3.350977e+01
      vertex   7.500000e+01 -3.877416e+00 -3.304628e+01
    endloop
  endfacet
  facet normal -2.872400e-02 9.153584e-01 4.016141e-01
    outer loop
      vertex   7.500000e+01 -3.877416e+00 -3.304628e+01
      vertex   7.500000e+01 -4.066219e+00 -3.261596e+01
      vertex   7.614510e+01 -3.877416e+00 -3.296438e+01
    endloop
  endfacet
  facet normal -2.872400e-02 9.153584e-01 4.016141e-01
    outer loop
      vertex   7.614510e+01 -3.877416e+00 -3.296438e+01
      vertex   7.500000e+01 -4.066219e+00 -3.261596e+01
      vertex   7.608386e+01 -4.066219e+00 -3.253844e+01
    endloop
  endfacet
  facet normal -8.558728e-02 9.153584e-01 3.934384e-01
    outer loop
      vertex   7.614510e+01 -3.877416e+00 -3.296438e+01
      vertex   7.608386e+01 -4.066219e+00 -3.253844e+01
      vertex   7.726690e+01 -3.877416e+00 -3.272035e+01
    endloop
  endfacet
  facet normal -8.558728e-02 9.153584e-01 3.934384e-01
    outer loop
      vertex   7.726690e+01 -3.877416e+00 -3.272035e+01
      vertex   7.608386e+01 -4.066219e+00 -3.253844e+01
      vertex   7.714566e+01 -4.066219e+00 -3.230746e+01
    endloop
  endfacet
  facet normal -1.407082e-01 9.153584e-01 3.772534e-01
    outer loop
      vertex   7.726690e+01 -3.877416e+00 -3.272035e+01
      vertex   7.714566e+01 -4.066219e+00 -3.230746e+01
      vertex   7.834255e+01 -3.877416e+00 -3.231915e+01
    endloop
  endfacet
  facet normal -1.407082e-01 9.153584e-01 3.772534e-01
    outer loop
      vertex   7.834255e+01 -3.877416e+00 -3.231915e+01
      vertex   7.714566e+01 -4.066219e+00 -3.230746e+01
      vertex   7.816378e+01 -4.066219e+00 -3.192772e+01
    endloop
  endfacet
  facet normal -1.929648e-01 9.153584e-01 3.533886e-01
    outer loop
      vertex   7.834255e+01 -3.877416e+00 -3.231915e+01
      vertex   7.816378e+01 -4.066219e+00 -3.192772e+01
      vertex   7.935015e+01 -3.877416e+00 -3.176896e+01
    endloop
  endfacet
  facet normal -1.929648e-01 9.153584e-01 3.533886e-01
    outer loop
      vertex   7.935015e+01 -3.877416e+00 -3.176896e+01
      vertex   7.816378e+01 -4.066219e+00 -3.192772e+01
      vertex   7.911750e+01 -4.066219e+00 -3.140695e+01
    endloop
  endfacet
  facet normal -2.412931e-01 9.153584e-01 3.223299e-01
    outer loop
      vertex   7.935015e+01 -3.877416e+00 -3.176896e+01
      vertex   7.911750e+01 -4.066219e+00 -3.140695e+01
      vertex   8.026919e+01 -3.877416e+00 -3.108097e+01
    endloop
  endfacet
  facet normal -2.412931e-01 9.153584e-01 3.223299e-01
    outer loop
      vertex   8.026919e+01 -3.877416e+00 -3.108097e+01
      vertex   7.911750e+01 -4.066219e+00 -3.140695e+01
      vertex   7.998739e+01 -4.066219e+00 -3.075576e+01
    endloop
  endfacet
  facet normal -2.847094e-01 9.153584e-01 2.847094e-01
    outer loop
      vertex   8.026919e+01 -3.877416e+00 -3.108097e+01
      vertex   7.998739e+01 -4.066219e+00 -3.075576e+01
      vertex   8.108097e+01 -3.877416e+00 -3.026919e+01
    endloop
  endfacet
  facet normal -2.847094e-01 9.153584e-01 2.847094e-01
    outer loop
      vertex   8.108097e+01 -3.877416e+00 -3.026919e+01
      vertex   7.998739e+01 -4.066219e+00 -3.075576e+01
      vertex   8.075576e+01 -4.066219e+00 -2.998739e+01
    endloop
  endfacet
  facet normal -3.223299e-01 9.153584e-01 2.412931e-01
    outer loop
      vertex   8.108097e+01 -3.877416e+00 -3.026919e+01
      vertex   8.075576e+01 -4.066219e+00 -2.998739e+01
      vertex   8.176896e+01 -3.877416e+00 -2.935015e+01
    endloop
  endfacet
  facet normal -3.223299e-01 9.153584e-01 2.412931e-01
    outer loop
      vertex   8.176896e+01 -3.877416e+00 -2.935015e+01
      vertex   8.075576e+01 -4.066219e+00 -2.998739e+01
      vertex   8.140695e+01 -4.066219e+00 -2.911750e+01
    endloop
  endfacet
  facet normal -3.533886e-01 9.153584e-01 1.929648e-01
    outer loop
      vertex   8.176896e+01 -3.877416e+00 -2.935015e+01
      vertex   8.140695e+01 -4.066219e+00 -2.911750e+01
      vertex   8.231915e+01 -3.877416e+00 -2.834255e+01
    endloop
  endfacet
  facet normal -3.533886e-01 9.153584e-01 1.929648e-01
    outer loop
      vertex   8.231915e+01 -3.877416e+00 -2.834255e+01
      vertex   8.140695e+01 -4.066219e+00 -2.911750e+01
      vertex   8.192772e+01 -4.066219e+00 -2.816378e+01
    endloop
  endfacet
  facet normal -3.772534e-01 9.153584e-01 1.407082e-01
    outer loop
      vertex   8.231915e+01 -3.877416e+00 -2.834255e+01
      vertex   8.192772e+01 -4.066219e+00 -2.816378e+01
      vertex   8.272035e+01 -3.877416e+00 -2.726690e+01
    endloop
  endfacet
  facet normal -3.772534e-01 9.153584e-01 1.407082e-01
    outer loop
      vertex   8.272035e+01 -3.877416e+00 -2.726690e+01
      vertex   8.192772e+01 -4.066219e+00 -2.816378e+01
      vertex   8.230746e+01 -4.066219e+00 -2.714566e+01
    endloop
  endfacet
  facet normal -3.934384e-01 9.153584e-01 8.558728e-02
    outer loop
      vertex   8.272035e+01 -3.877416e+00 -2.726690e+01
      vertex   8.230746e+01 -4.066219e+00 -2.714566e+01
      vertex   8.296438e+01 -3.877416e+00 -2.614510e+01
    endloop
  endfacet
  facet normal -3.934384e-01 9.153584e-01 8.558728e-02
    outer loop
      vertex   8.296438e+01 -3.877416e+00 -2.614510e+01
      vertex   8.230746e+01 -4.066219e+00 -2.714566e+01
      vertex   8.253844e+01 -4.066219e+00 -2.608386e+01
    endloop
  endfacet
  facet normal -4.016141e-01 9.153584e-01 2.872400e-02
    outer loop
      vertex   8.296438e+01 -3.877416e+00 -2.614510e+01
      vertex   8.253844e+01 -4.066219e+00 -2.608386e+01
      vertex   8.304628e+01 -3.877416e+00 -2.500000e+01
    endloop
  endfacet
  facet normal -4.016141e-01 9.153584e-01 2.872400e-02
    outer loop
      vertex   8.304628e+01 -3.877416e+00 -2.500000e+01
      vertex   8.253844e+01 -4.066219e+00 -2.608386e+01
      vertex   8.261596e+01 -4.066219e+00 -2.500000e+01
    endloop
  endfacet
  facet normal -6.136451e-01 7.883613e-01 4.388876e-02
    outer loop
      vertex   8.261596e+01 -4.066219e+00 -2.500000e+01
      vertex   8.253844e+01 -4.066219e+00 -2.608386e+01
      vertex   8.224514e+01 -4.354859e+00 -2.500000e+01
    endloop
  endfacet
  facet normal -5.959342e-01 8.013389e-01 5.213749e-02
    outer loop
      vertex   8.224514e+01 -4.354859e+00 -2.500000e+01
      vertex   8.253844e+01 -4.066219e+00 -2.608386e+01
      vertex   8.213507e+01 -4.354859e+00 -2.625811e+01
    endloop
  endfacet
  facet normal -6.142357e-01 7.777278e-01 1.336188e-01
    outer loop
      vertex   8.213507e+01 -4.354859e+00 -2.625811e+01
      vertex   8.253844e+01 -4.066219e+00 -2.608386e+01
      vertex   8.230746e+01 -4.066219e+00 -2.714566e+01
    endloop
  endfacet
  facet normal -5.687353e-01 8.082801e-01 1.523922e-01
    outer loop
      vertex   8.213507e+01 -4.354859e+00 -2.625811e+01
      vertex   8.230746e+01 -4.066219e+00 -2.714566e+01
      vertex   8.180820e+01 -4.354859e+00 -2.747798e+01
    endloop
  endfacet
  facet normal -5.944595e-01 7.729536e-01 2.217219e-01
    outer loop
      vertex   8.180820e+01 -4.354859e+00 -2.747798e+01
      vertex   8.230746e+01 -4.066219e+00 -2.714566e+01
      vertex   8.192772e+01 -4.066219e+00 -2.816378e+01
    endloop
  endfacet
  facet normal -5.319494e-01 8.096296e-01 2.480521e-01
    outer loop
      vertex   8.180820e+01 -4.354859e+00 -2.747798e+01
      vertex   8.192772e+01 -4.066219e+00 -2.816378e+01
      vertex   8.127447e+01 -4.354859e+00 -2.862257e+01
    endloop
  endfacet
  facet normal -5.551324e-01 7.745599e-01 3.031252e-01
    outer loop
      vertex   8.127447e+01 -4.354859e+00 -2.862257e+01
      vertex   8.192772e+01 -4.066219e+00 -2.816378e+01
      vertex   8.140695e+01 -4.066219e+00 -2.911750e+01
    endloop
  endfacet
  facet normal -4.853783e-01 8.055429e-01 3.398656e-01
    outer loop
      vertex   8.127447e+01 -4.354859e+00 -2.862257e+01
      vertex   8.140695e+01 -4.066219e+00 -2.911750e+01
      vertex   8.055010e+01 -4.354859e+00 -2.965709e+01
    endloop
  endfacet
  facet normal -4.985882e-01 7.823700e-01 3.732385e-01
    outer loop
      vertex   8.055010e+01 -4.354859e+00 -2.965709e+01
      vertex   8.140695e+01 -4.066219e+00 -2.911750e+01
      vertex   8.075576e+01 -4.066219e+00 -2.998739e+01
    endloop
  endfacet
  facet normal -4.284324e-01 7.955447e-01 4.284324e-01
    outer loop
      vertex   8.055010e+01 -4.354859e+00 -2.965709e+01
      vertex   8.075576e+01 -4.066219e+00 -2.998739e+01
      vertex   7.998739e+01 -4.066219e+00 -3.075576e+01
    endloop
  endfacet
  facet normal -4.388876e-02 7.883613e-01 6.136451e-01
    outer loop
      vertex   7.500000e+01 -4.066219e+00 -3.261596e+01
      vertex   7.500000e+01 -4.354859e+00 -3.224514e+01
      vertex   7.608386e+01 -4.066219e+00 -3.253844e+01
    endloop
  endfacet
  facet normal -5.213749e-02 8.013389e-01 5.959342e-01
    outer loop
      vertex   7.608386e+01 -4.066219e+00 -3.253844e+01
      vertex   7.500000e+01 -4.354859e+00 -3.224514e+01
      vertex   7.625811e+01 -4.354859e+00 -3.213507e+01
    endloop
  endfacet
  facet normal -1.336188e-01 7.777278e-01 6.142357e-01
    outer loop
      vertex   7.608386e+01 -4.066219e+00 -3.253844e+01
      vertex   7.625811e+01 -4.354859e+00 -3.213507e+01
      vertex   7.714566e+01 -4.066219e+00 -3.230746e+01
    endloop
  endfacet
  facet normal -1.523922e-01 8.082801e-01 5.687353e-01
    outer loop
      vertex   7.714566e+01 -4.066219e+00 -3.230746e+01
      vertex   7.625811e+01 -4.354859e+00 -3.213507e+01
      vertex   7.747798e+01 -4.354859e+00 -3.180820e+01
    endloop
  endfacet
  facet normal -2.217219e-01 7.729536e-01 5.944595e-01
    outer loop
      vertex   7.714566e+01 -4.066219e+00 -3.230746e+01
      vertex   7.747798e+01 -4.354859e+00 -3.180820e+01
      vertex   7.816378e+01 -4.066219e+00 -3.192772e+01
    endloop
  endfacet
  facet normal -2.480521e-01 8.096296e-01 5.319494e-01
    outer loop
      vertex   7.816378e+01 -4.066219e+00 -3.192772e+01
      vertex   7.747798e+01 -4.354859e+00 -3.180820e+01
      vertex   7.862257e+01 -4.354859e+00 -3.127447e+01
    endloop
  endfacet
  facet normal -3.031252e-01 7.745599e-01 5.551324e-01
    outer loop
      vertex   7.816378e+01 -4.066219e+00 -3.192772e+01
      vertex   7.862257e+01 -4.354859e+00 -3.127447e+01
      vertex   7.911750e+01 -4.066219e+00 -3.140695e+01
    endloop
  endfacet
  facet normal -3.398656e-01 8.055429e-01 4.853783e-01
    outer loop
      vertex   7.911750e+01 -4.066219e+00 -3.140695e+01
      vertex   7.862257e+01 -4.354859e+00 -3.127447e+01
      vertex   7.965709e+01 -4.354859e+00 -3.055010e+01
    endloop
  endfacet
  facet normal -3.732385e-01 7.823700e-01 4.985882e-01
    outer loop
      vertex   7.911750e+01 -4.066219e+00 -3.140695e+01
      vertex   7.965709e+01 -4.354859e+00 -3.055010e+01
      vertex   7.998739e+01 -4.066219e+00 -3.075576e+01
    endloop
  endfacet
  facet normal -4.284324e-01 7.955447e-01 4.284324e-01
    outer loop
      vertex   7.998739e+01 -4.066219e+00 -3.075576e+01
      vertex   7.965709e+01 -4.354859e+00 -3.055010e+01
      vertex   8.055010e+01 -4.354859e+00 -2.965709e+01
    endloop
  endfacet
  facet normal 8.715574e-02 -1.316195e-15 9.961947e-01
    outer loop
      vertex   -7.500000e+01 -5.700000e+00 -3.184101e+01
      vertex   -7.500000e+01 -4.758986e+00 -3.184101e+01
      vertex   -7.618793e+01 -5.700000e+00 -3.173708e+01
    endloop
  endfacet
  facet normal 8.715574e-02 -0.000000e+00 9.961947e-01
    outer loop
      vertex   -7.618793e+01 -5.700000e+00 -3.173708e+01
      vertex   -7.500000e+01 -4.758986e+00 -3.184101e+01
      vertex   -7.618793e+01 -4.758986e+00 -3.173708e+01
    endloop
  endfacet
  facet normal 2.588190e-01 -0.000000e+00 9.659258e-01
    outer loop
      vertex   -7.618793e+01 -5.700000e+00 -3.173708e+01
      vertex   -7.618793e+01 -4.758986e+00 -3.173708e+01
      vertex   -7.733976e+01 -5.700000e+00 -3.142845e+01
    endloop
  endfacet
  facet normal 2.588190e-01 -0.000000e+00 9.659258e-01
    outer loop
      vertex   -7.733976e+01 -5.700000e+00 -3.142845e+01
      vertex   -7.618793e+01 -4.758986e+00 -3.173708e+01
      vertex   -7.733976e+01 -4.758986e+00 -3.142845e+01
    endloop
  endfacet
  facet normal 4.226183e-01 -0.000000e+00 9.063078e-01
    outer loop
      vertex   -7.733976e+01 -5.700000e+00 -3.142845e+01
      vertex   -7.733976e+01 -4.758986e+00 -3.142845e+01
      vertex   -7.842051e+01 -5.700000e+00 -3.092449e+01
    endloop
  endfacet
  facet normal 4.226183e-01 -0.000000e+00 9.063078e-01
    outer loop
      vertex   -7.842051e+01 -5.700000e+00 -3.092449e+01
      vertex   -7.733976e+01 -4.758986e+00 -3.142845e+01
      vertex   -7.842051e+01 -4.758986e+00 -3.092449e+01
    endloop
  endfacet
  facet normal 5.735764e-01 -0.000000e+00 8.191520e-01
    outer loop
      vertex   -7.842051e+01 -5.700000e+00 -3.092449e+01
      vertex   -7.842051e+01 -4.758986e+00 -3.092449e+01
      vertex   -7.939732e+01 -5.700000e+00 -3.024052e+01
    endloop
  endfacet
  facet normal 5.735764e-01 -0.000000e+00 8.191520e-01
    outer loop
      vertex   -7.939732e+01 -5.700000e+00 -3.024052e+01
      vertex   -7.842051e+01 -4.758986e+00 -3.092449e+01
      vertex   -7.939732e+01 -4.758986e+00 -3.024052e+01
    endloop
  endfacet
  facet normal 7.071068e-01 -0.000000e+00 7.071068e-01
    outer loop
      vertex   -7.939732e+01 -5.700000e+00 -3.024052e+01
      vertex   -7.939732e+01 -4.758986e+00 -3.024052e+01
      vertex   -8.024052e+01 -5.700000e+00 -2.939732e+01
    endloop
  endfacet
  facet normal 7.071068e-01 -0.000000e+00 7.071068e-01
    outer loop
      vertex   -8.024052e+01 -5.700000e+00 -2.939732e+01
      vertex   -7.939732e+01 -4.758986e+00 -3.024052e+01
      vertex   -8.024052e+01 -4.758986e+00 -2.939732e+01
    endloop
  endfacet
  facet normal 8.191520e-01 -0.000000e+00 5.735764e-01
    outer loop
      vertex   -8.024052e+01 -5.700000e+00 -2.939732e+01
      vertex   -8.024052e+01 -4.758986e+00 -2.939732e+01
      vertex   -8.092449e+01 -5.700000e+00 -2.842051e+01
    endloop
  endfacet
  facet normal 8.191520e-01 -0.000000e+00 5.735764e-01
    outer loop
      vertex   -8.092449e+01 -5.700000e+00 -2.842051e+01
      vertex   -8.024052e+01 -4.758986e+00 -2.939732e+01
      vertex   -8.092449e+01 -4.758986e+00 -2.842051e+01
    endloop
  endfacet
  facet normal 9.063078e-01 -0.000000e+00 4.226183e-01
    outer loop
      vertex   -8.092449e+01 -5.700000e+00 -2.842051e+01
      vertex   -8.092449e+01 -4.758986e+00 -2.842051e+01
      vertex   -8.142845e+01 -5.700000e+00 -2.733976e+01
    endloop
  endfacet
  facet normal 9.063078e-01 -0.000000e+00 4.226183e-01
    outer loop
      vertex   -8.142845e+01 -5.700000e+00 -2.733976e+01
      vertex   -8.092449e+01 -4.758986e+00 -2.842051e+01
      vertex   -8.142845e+01 -4.758986e+00 -2.733976e+01
    endloop
  endfacet
  facet normal 9.659258e-01 -0.000000e+00 2.588190e-01
    outer loop
      vertex   -8.142845e+01 -5.700000e+00 -2.733976e+01
      vertex   -8.142845e+01 -4.758986e+00 -2.733976e+01
      vertex   -8.173708e+01 -5.700000e+00 -2.618793e+01
    endloop
  endfacet
  facet normal 9.659258e-01 -0.000000e+00 2.588190e-01
    outer loop
      vertex   -8.173708e+01 -5.700000e+00 -2.618793e+01
      vertex   -8.142845e+01 -4.758986e+00 -2.733976e+01
      vertex   -8.173708e+01 -4.758986e+00 -2.618793e+01
    endloop
  endfacet
  facet normal 9.961947e-01 -0.000000e+00 8.715574e-02
    outer loop
      vertex   -8.173708e+01 -5.700000e+00 -2.618793e+01
      vertex   -8.173708e+01 -4.758986e+00 -2.618793e+01
      vertex   -8.184101e+01 -5.700000e+00 -2.500000e+01
    endloop
  endfacet
  facet normal 9.961947e-01 -0.000000e+00 8.715574e-02
    outer loop
      vertex   -8.184101e+01 -5.700000e+00 -2.500000e+01
      vertex   -8.173708e+01 -4.758986e+00 -2.618793e+01
      vertex   -8.184101e+01 -4.758986e+00 -2.500000e+01
    endloop
  endfacet
  facet normal 1.000000e+00 0.000000e+00 -0.000000e+00
    outer loop
      vertex   -8.184101e+01 -4.758986e+00 -2.500000e+01
      vertex   -8.184101e+01 -4.758986e+00 2.500000e+01
      vertex   -8.184101e+01 -5.700000e+00 -2.500000e+01
    endloop
  endfacet
  facet normal 1.000000e+00 0.000000e+00 0.000000e+00
    outer loop
      vertex   -8.184101e+01 -5.700000e+00 -2.500000e+01
      vertex   -8.184101e+01 -4.758986e+00 2.500000e+01
      vertex   -8.184101e+01 -5.700000e+00 2.500000e+01
    endloop
  endfacet
  facet normal 9.961947e-01 0.000000e+00 -8.715574e-02
    outer loop
      vertex   -8.184101e+01 -5.700000e+00 2.500000e+01
      vertex   -8.184101e+01 -4.758986e+00 2.500000e+01
      vertex   -8.173708e+01 -5.700000e+00 2.618793e+01
    endloop
  endfacet
  facet normal 9.961947e-01 0.000000e+00 -8.715574e-02
    outer loop
      vertex   -8.173708e+01 -5.700000e+00 2.618793e+01
      vertex   -8.184101e+01 -4.758986e+00 2.500000e+01
      vertex   -8.173708e+01 -4.758986e+00 2.618793e+01
    endloop
  endfacet
  facet normal 9.659258e-01 0.000000e+00 -2.588190e-01
    outer loop
      vertex   -8.173708e+01 -5.700000e+00 2.618793e+01
      vertex   -8.173708e+01 -4.758986e+00 2.618793e+01
      vertex   -8.142845e+01 -5.700000e+00 2.733976e+01
    endloop
  endfacet
  facet normal 9.659258e-01 0.000000e+00 -2.588190e-01
    outer loop
      vertex   -8.142845e+01 -5.700000e+00 2.733976e+01
      vertex   -8.173708e+01 -4.758986e+00 2.618793e+01
      vertex   -8.142845e+01 -4.758986e+00 2.733976e+01
    endloop
  endfacet
  facet normal 9.063078e-01 0.000000e+00 -4.226183e-01
    outer loop
      vertex   -8.142845e+01 -5.700000e+00 2.733976e+01
      vertex   -8.142845e+01 -4.758986e+00 2.733976e+01
      vertex   -8.092449e+01 -5.700000e+00 2.842051e+01
    endloop
  endfacet
  facet normal 9.063078e-01 0.000000e+00 -4.226183e-01
    outer loop
      vertex   -8.092449e+01 -5.700000e+00 2.842051e+01
      vertex   -8.142845e+01 -4.758986e+00 2.733976e+01
      vertex   -8.092449e+01 -4.758986e+00 2.842051e+01
    endloop
  endfacet
  facet normal 8.191520e-01 0.000000e+00 -5.735764e-01
    outer loop
      vertex   -8.092449e+01 -5.700000e+00 2.842051e+01
      vertex   -8.092449e+01 -4.758986e+00 2.842051e+01
      vertex   -8.024052e+01 -5.700000e+00 2.939732e+01
    endloop
  endfacet
  facet normal 8.191520e-01 0.000000e+00 -5.735764e-01
    outer loop
      vertex   -8.024052e+01 -5.700000e+00 2.939732e+01
      vertex   -8.092449e+01 -4.758986e+00 2.842051e+01
      vertex   -8.024052e+01 -4.758986e+00 2.939732e+01
    endloop
  endfacet
  facet normal 7.071068e-01 0.000000e+00 -7.071068e-01
    outer loop
      vertex   -8.024052e+01 -5.700000e+00 2.939732e+01
      vertex   -8.024052e+01 -4.758986e+00 2.939732e+01
      vertex   -7.939732e+01 -5.700000e+00 3.024052e+01
    endloop
  endfacet
  facet normal 7.071068e-01 0.000000e+00 -7.071068e-01
    outer loop
      vertex   -7.939732e+01 -5.700000e+00 3.024052e+01
      vertex   -8.024052e+01 -4.758986e+00 2.939732e+01
      vertex   -7.939732e+01 -4.758986e+00 3.024052e+01
    endloop
  endfacet
  facet normal 5.735764e-01 0.000000e+00 -8.191520e-01
    outer loop
      vertex   -7.939732e+01 -5.700000e+00 3.024052e+01
      vertex   -7.939732e+01 -4.758986e+00 3.024052e+01
      vertex   -7.842051e+01 -5.700000e+00 3.092449e+01
    endloop
  endfacet
  facet normal 5.735764e-01 0.000000e+00 -8.191520e-01
    outer loop
      vertex   -7.842051e+01 -5.700000e+00 3.092449e+01
      vertex   -7.939732e+01 -4.758986e+00 3.024052e+01
      vertex   -7.842051e+01 -4.758986e+00 3.092449e+01
    endloop
  endfacet
  facet normal 4.226183e-01 0.000000e+00 -9.063078e-01
    outer loop
      vertex   -7.842051e+01 -5.700000e+00 3.092449e+01
      vertex   -7.842051e+01 -4.758986e+00 3.092449e+01
      vertex   -7.733976e+01 -5.700000e+00 3.142845e+01
    endloop
  endfacet
  facet normal 4.226183e-01 0.000000e+00 -9.063078e-01
    outer loop
      vertex   -7.733976e+01 -5.700000e+00 3.142845e+01
      vertex   -7.842051e+01 -4.758986e+00 3.092449e+01
      vertex   -7.733976e+01 -4.758986e+00 3.142845e+01
    endloop
  endfacet
  facet normal 2.588190e-01 0.000000e+00 -9.659258e-01
    outer loop
      vertex   -7.733976e+01 -5.700000e+00 3.142845e+01
      vertex   -7.733976e+01 -4.758986e+00 3.142845e+01
      vertex   -7.618793e+01 -5.700000e+00 3.173708e+01
    endloop
  endfacet
  facet normal 2.588190e-01 0.000000e+00 -9.659258e-01
    outer loop
      vertex   -7.618793e+01 -5.700000e+00 3.173708e+01
      vertex   -7.733976e+01 -4.758986e+00 3.142845e+01
      vertex   -7.618793e+01 -4.758986e+00 3.173708e+01
    endloop
  endfacet
  facet normal 8.715574e-02 0.000000e+00 -9.961947e-01
    outer loop
      vertex   -7.618793e+01 -5.700000e+00 3.173708e+01
      vertex   -7.618793e+01 -4.758986e+00 3.173708e+01
      vertex   -7.500000e+01 -5.700000e+00 3.184101e+01
    endloop
  endfacet
  facet normal 8.715574e-02 0.000000e+00 -9.961947e-01
    outer loop
      vertex   -7.500000e+01 -5.700000e+00 3.184101e+01
      vertex   -7.618793e+01 -4.758986e+00 3.173708e+01
      vertex   -7.500000e+01 -4.758986e+00 3.184101e+01
    endloop
  endfacet
  facet normal -4.736952e-17 -0.000000e+00 -1.000000e+00
    outer loop
      vertex   -7.500000e+01 -4.758986e+00 3.184101e+01
      vertex   7.500000e+01 -4.758986e+00 3.184101e+01
      vertex   -7.500000e+01 -5.700000e+00 3.184101e+01
    endloop
  endfacet
  facet normal -7.105427e-17 3.775410e-15 -1.000000e+00
    outer loop
      vertex   -7.500000e+01 -5.700000e+00 3.184101e+01
      vertex   7.500000e+01 -4.758986e+00 3.184101e+01
      vertex   7.500000e+01 -5.700000e+00 3.184101e+01
    endloop
  endfacet
  facet normal -8.715574e-02 3.761043e-15 -9.961947e-01
    outer loop
      vertex   7.500000e+01 -5.700000e+00 3.184101e+01
      vertex   7.500000e+01 -4.758986e+00 3.184101e+01
      vertex   7.618793e+01 -5.700000e+00 3.173708e+01
    endloop
  endfacet
  facet normal -8.715574e-02 0.000000e+00 -9.961947e-01
    outer loop
      vertex   7.618793e+01 -5.700000e+00 3.173708e+01
      vertex   7.500000e+01 -4.758986e+00 3.184101e+01
      vertex   7.618793e+01 -4.758986e+00 3.173708e+01
    endloop
  endfacet
  facet normal -2.588190e-01 0.000000e+00 -9.659258e-01
    outer loop
      vertex   7.618793e+01 -5.700000e+00 3.173708e+01
      vertex   7.618793e+01 -4.758986e+00 3.173708e+01
      vertex   7.733976e+01 -5.700000e+00 3.142845e+01
    endloop
  endfacet
  facet normal -2.588190e-01 0.000000e+00 -9.659258e-01
    outer loop
      vertex   7.733976e+01 -5.700000e+00 3.142845e+01
      vertex   7.618793e+01 -4.758986e+00 3.173708e+01
      vertex   7.733976e+01 -4.758986e+00 3.142845e+01
    endloop
  endfacet
  facet normal -4.226183e-01 0.000000e+00 -9.063078e-01
    outer loop
      vertex   7.733976e+01 -5.700000e+00 3.142845e+01
      vertex   7.733976e+01 -4.758986e+00 3.142845e+01
      vertex   7.842051e+01 -5.700000e+00 3.092449e+01
    endloop
  endfacet
  facet normal -4.226183e-01 0.000000e+00 -9.063078e-01
    outer loop
      vertex   7.842051e+01 -5.700000e+00 3.092449e+01
      vertex   7.733976e+01 -4.758986e+00 3.142845e+01
      vertex   7.842051e+01 -4.758986e+00 3.092449e+01
    endloop
  endfacet
  facet normal -5.735764e-01 0.000000e+00 -8.191520e-01
    outer loop
      vertex   7.842051e+01 -5.700000e+00 3.092449e+01
      vertex   7.842051e+01 -4.758986e+00 3.092449e+01
      vertex   7.939732e+01 -5.700000e+00 3.024052e+01
    endloop
  endfacet
  facet normal -5.735764e-01 0.000000e+00 -8.191520e-01
    outer loop
      vertex   7.939732e+01 -5.700000e+00 3.024052e+01
      vertex   7.842051e+01 -4.758986e+00 3.092449e+01
      vertex   7.939732e+01 -4.758986e+00 3.024052e+01
    endloop
  endfacet
  facet normal -7.071068e-01 0.000000e+00 -7.071068e-01
    outer loop
      vertex   7.939732e+01 -5.700000e+00 3.024052e+01
      vertex   7.939732e+01 -4.758986e+00 3.024052e+01
      vertex   8.024052e+01 -5.700000e+00 2.939732e+01
    endloop
  endfacet
  facet normal -7.071068e-01 0.000000e+00 -7.071068e-01
    outer loop
      vertex   8.024052e+01 -5.700000e+00 2.939732e+01
      vertex   7.939732e+01 -4.758986e+00 3.024052e+01
      vertex   8.024052e+01 -4.758986e+00 2.939732e+01
    endloop
  endfacet
  facet normal -8.191520e-01 0.000000e+00 -5.735764e-01
    outer loop
      vertex   8.024052e+01 -5.700000e+00 2.939732e+01
      vertex   8.024052e+01 -4.758986e+00 2.939732e+01
      vertex   8.092449e+01 -5.700000e+00 2.842051e+01
    endloop
  endfacet
  facet normal -8.191520e-01 0.000000e+00 -5.735764e-01
    outer loop
      vertex   8.092449e+01 -5.700000e+00 2.842051e+01
      vertex   8.024052e+01 -4.758986e+00 2.939732e+01
      vertex   8.092449e+01 -4.758986e+00 2.842051e+01
    endloop
  endfacet
  facet normal -9.063078e-01 0.000000e+00 -4.226183e-01
    outer loop
      vertex   8.092449e+01 -5.700000e+00 2.842051e+01
      vertex   8.092449e+01 -4.758986e+00 2.842051e+01
      vertex   8.142845e+01 -5.700000e+00 2.733976e+01
    endloop
  endfacet
  facet normal -9.063078e-01 0.000000e+00 -4.226183e-01
    outer loop
      vertex   8.142845e+01 -5.700000e+00 2.733976e+01
      vertex   8.092449e+01 -4.758986e+00 2.842051e+01
      vertex   8.142845e+01 -4.758986e+00 2.733976e+01
    endloop
  endfacet
  facet normal -9.659258e-01 0.000000e+00 -2.588190e-01
    outer loop
      vertex   8.142845e+01 -5.700000e+00 2.733976e+01
      vertex   8.142845e+01 -4.758986e+00 2.733976e+01
      vertex   8.173708e+01 -5.700000e+00 2.618793e+01
    endloop
  endfacet
  facet normal -9.659258e-01 0.000000e+00 -2.588190e-01
    outer loop
      vertex   8.173708e+01 -5.700000e+00 2.618793e+01
      vertex   8.142845e+01 -4.758986e+00 2.733976e+01
      vertex   8.173708e+01 -4.758986e+00 2.618793e+01
    endloop
  endfacet
  facet normal -9.961947e-01 0.000000e+00 -8.715574e-02
    outer loop
      vertex   8.173708e+01 -5.700000e+00 2.618793e+01
      vertex   8.173708e+01 -4.758986e+00 2.618793e+01
      vertex   8.184101e+01 -5.700000e+00 2.500000e+01
    endloop
  endfacet
  facet normal -9.961947e-01 0.000000e+00 -8.715574e-02
    outer loop
      vertex   8.184101e+01 -5.700000e+00 2.500000e+01
      vertex   8.173708e+01 -4.758986e+00 2.618793e+01
      vertex   8.184101e+01 -4.758986e+00 2.500000e+01
    endloop
  endfacet
  facet normal 7.105427e-17 0.000000e+00 1.000000e+00
    outer loop
      vertex   7.500000e+01 -4.758986e+00 -3.184101e+01
      vertex   -7.500000e+01 -4.758986e+00 -3.184101e+01
      vertex   7.500000e+01 -5.700000e+00 -3.184101e+01
    endloop
  endfacet
  facet normal 7.105427e-17 0.000000e+00 1.000000e+00
    outer loop
      vertex   7.500000e+01 -5.700000e+00 -3.184101e+01
      vertex   -7.500000e+01 -4.758986e+00 -3.184101e+01
      vertex   -7.500000e+01 -5.700000e+00 -3.184101e+01
    endloop
  endfacet
  facet normal -9.961947e-01 0.000000e+00 8.715574e-02
    outer loop
      vertex   8.184101e+01 -5.700000e+00 -2.500000e+01
      vertex   8.184101e+01 -4.758986e+00 -2.500000e+01
      vertex   8.173708e+01 -5.700000e+00 -2.618793e+01
    endloop
  endfacet
  facet normal -9.961947e-01 0.000000e+00 8.715574e-02
    outer loop
      vertex   8.173708e+01 -5.700000e+00 -2.618793e+01
      vertex   8.184101e+01 -4.758986e+00 -2.500000e+01
      vertex   8.173708e+01 -4.758986e+00 -2.618793e+01
    endloop
  endfacet
  facet normal -9.659258e-01 0.000000e+00 2.588190e-01
    outer loop
      vertex   8.173708e+01 -5.700000e+00 -2.618793e+01
      vertex   8.173708e+01 -4.758986e+00 -2.618793e+01
      vertex   8.142845e+01 -5.700000e+00 -2.733976e+01
    endloop
  endfacet
  facet normal -9.659258e-01 0.000000e+00 2.588190e-01
    outer loop
      vertex   8.142845e+01 -5.700000e+00 -2.733976e+01
      vertex   8.173708e+01 -4.758986e+00 -2.618793e+01
      vertex   8.142845e+01 -4.758986e+00 -2.733976e+01
    endloop
  endfacet
  facet normal -9.063078e-01 0.000000e+00 4.226183e-01
    outer loop
      vertex   8.142845e+01 -5.700000e+00 -2.733976e+01
      vertex   8.142845e+01 -4.758986e+00 -2.733976e+01
      vertex   8.092449e+01 -5.700000e+00 -2.842051e+01
    endloop
  endfacet
  facet normal -9.063078e-01 0.000000e+00 4.226183e-01
    outer loop
      vertex   8.092449e+01 -5.700000e+00 -2.842051e+01
      vertex   8.142845e+01 -4.758986e+00 -2.733976e+01
      vertex   8.092449e+01 -4.758986e+00 -2.842051e+01
    endloop
  endfacet
  facet normal -8.191520e-01 0.000000e+00 5.735764e-01
    outer loop
      vertex   8.092449e+01 -5.700000e+00 -2.842051e+01
      vertex   8.092449e+01 -4.758986e+00 -2.842051e+01
      vertex   8.024052e+01 -5.700000e+00 -2.939732e+01
    endloop
  endfacet
  facet normal -8.191520e-01 0.000000e+00 5.735764e-01
    outer loop
      vertex   8.024052e+01 -5.700000e+00 -2.939732e+01
      vertex   8.092449e+01 -4.758986e+00 -2.842051e+01
      vertex   8.024052e+01 -4.758986e+00 -2.939732e+01
    endloop
  endfacet
  facet normal -7.071068e-01 0.000000e+00 7.071068e-01
    outer loop
      vertex   8.024052e+01 -5.700000e+00 -2.939732e+01
      vertex   8.024052e+01 -4.758986e+00 -2.939732e+01
      vertex   7.939732e+01 -5.700000e+00 -3.024052e+01
    endloop
  endfacet
  facet normal -7.071068e-01 0.000000e+00 7.071068e-01
    outer loop
      vertex   7.939732e+01 -5.700000e+00 -3.024052e+01
      vertex   8.024052e+01 -4.758986e+00 -2.939732e+01
      vertex   7.939732e+01 -4.758986e+00 -3.024052e+01
    endloop
  endfacet
  facet normal -5.735764e-01 0.000000e+00 8.191520e-01
    outer loop
      vertex   7.939732e+01 -5.700000e+00 -3.024052e+01
      vertex   7.939732e+01 -4.758986e+00 -3.024052e+01
      vertex   7.842051e+01 -5.700000e+00 -3.092449e+01
    endloop
  endfacet
  facet normal -5.735764e-01 0.000000e+00 8.191520e-01
    outer loop
      vertex   7.842051e+01 -5.700000e+00 -3.092449e+01
      vertex   7.939732e+01 -4.758986e+00 -3.024052e+01
      vertex   7.842051e+01 -4.758986e+00 -3.092449e+01
    endloop
  endfacet
  facet normal -4.226183e-01 0.000000e+00 9.063078e-01
    outer loop
      vertex   7.842051e+01 -5.700000e+00 -3.092449e+01
      vertex   7.842051e+01 -4.758986e+00 -3.092449e+01
      vertex   7.733976e+01 -5.700000e+00 -3.142845e+01
    endloop
  endfacet
  facet normal -4.226183e-01 0.000000e+00 9.063078e-01
    outer loop
      vertex   7.733976e+01 -5.700000e+00 -3.142845e+01
      vertex   7.842051e+01 -4.758986e+00 -3.092449e+01
      vertex   7.733976e+01 -4.758986e+00 -3.142845e+01
    endloop
  endfacet
  facet normal -2.588190e-01 0.000000e+00 9.659258e-01
    outer loop
      vertex   7.733976e+01 -5.700000e+00 -3.142845e+01
      vertex   7.733976e+01 -4.758986e+00 -3.142845e+01
      vertex   7.618793e+01 -5.700000e+00 -3.173708e+01
    endloop
  endfacet
  facet normal -2.588190e-01 0.000000e+00 9.659258e-01
    outer loop
      vertex   7.618793e+01 -5.700000e+00 -3.173708e+01
      vertex   7.733976e+01 -4.758986e+00 -3.142845e+01
      vertex   7.618793e+01 -4.758986e+00 -3.173708e+01
    endloop
  endfacet
  facet normal -8.715574e-02 0.000000e+00 9.961947e-01
    outer loop
      vertex   7.618793e+01 -5.700000e+00 -3.173708e+01
      vertex   7.618793e+01 -4.758986e+00 -3.173708e+01
      vertex   7.500000e+01 -5.700000e+00 -3.184101e+01
    endloop
  endfacet
  facet normal -8.715574e-02 0.000000e+00 9.961947e-01
    outer loop
      vertex   7.500000e+01 -5.700000e+00 -3.184101e+01
      vertex   7.618793e+01 -4.758986e+00 -3.173708e+01
      vertex   7.500000e+01 -4.758986e+00 -3.184101e+01
    endloop
  endfacet
  facet normal -1.000000e+00 -0.000000e+00 -0.000000e+00
    outer loop
      vertex   8.184101e+01 -4.758986e+00 2.500000e+01
      vertex   8.184101e+01 -4.758986e+00 -2.500000e+01
      vertex   8.184101e+01 -5.700000e+00 2.500000e+01
    endloop
  endfacet
  facet normal -1.000000e+00 0.000000e+00 0.000000e+00
    outer loop
      vertex   8.184101e+01 -5.700000e+00 2.500000e+01
      vertex   8.184101e+01 -4.758986e+00 -2.500000e+01
      vertex   8.184101e+01 -5.700000e+00 -2.500000e+01
    endloop
  endfacet
  facet normal -1.483270e-14 1.000000e+00 -7.887048e-15
    outer loop
      vertex   6.707163e+01 -5.700000e+00 -1.659276e+01
      vertex   7.500000e+01 -5.700000e+00 -3.184101e+01
      vertex   6.683216e+01 -5.700000e+00 -1.648025e+01
    endloop
  endfacet
  facet normal 0.000000e+00 1.000000e+00 0.000000e+00
    outer loop
      vertex   6.683216e+01 -5.700000e+00 -1.648025e+01
      vertex   7.500000e+01 -5.700000e+00 -3.184101e+01
      vertex   -7.500000e+01 -5.700000e+00 -3.184101e+01
    endloop
  endfacet
  facet normal 0.000000e+00 1.000000e+00 0.000000e+00
    outer loop
      vertex   6.683216e+01 -5.700000e+00 -1.648025e+01
      vertex   -7.500000e+01 -5.700000e+00 -3.184101e+01
      vertex   -6.707834e+01 -5.700000e+00 -1.639529e+01
    endloop
  endfacet
  facet normal 0.000000e+00 1.000000e+00 0.000000e+00
    outer loop
      vertex   -6.707834e+01 -5.700000e+00 -1.639529e+01
      vertex   -7.500000e+01 -5.700000e+00 -3.184101e+01
      vertex   -6.730012e+01 -5.700000e+00 -1.653818e+01
    endloop
  endfacet
  facet normal 0.000000e+00 1.000000e+00 0.000000e+00
    outer loop
      vertex   -6.730012e+01 -5.700000e+00 -1.653818e+01
      vertex   -7.500000e+01 -5.700000e+00 -3.184101e+01
      vertex   -6.754712e+01 -5.700000e+00 -1.663084e+01
    endloop
  endfacet
  facet normal 0.000000e+00 1.000000e+00 0.000000e+00
    outer loop
      vertex   -6.754712e+01 -5.700000e+00 -1.663084e+01
      vertex   -7.500000e+01 -5.700000e+00 -3.184101e+01
      vertex   -8.173708e+01 -5.700000e+00 -2.618793e+01
    endloop
  endfacet
  facet normal 0.000000e+00 1.000000e+00 0.000000e+00
    outer loop
      vertex   -6.754712e+01 -5.700000e+00 -1.663084e+01
      vertex   -8.173708e+01 -5.700000e+00 -2.618793e+01
      vertex   -8.184101e+01 -5.700000e+00 -2.500000e+01
    endloop
  endfacet
  facet normal -5.073796e-17 1.000000e+00 -2.011250e-16
    outer loop
      vertex   6.707163e+01 -5.700000e+00 -1.659276e+01
      vertex   6.732792e+01 -5.700000e+00 -1.665741e+01
      vertex   7.500000e+01 -5.700000e+00 -3.184101e+01
    endloop
  endfacet
  facet normal 1.034081e-16 1.000000e+00 -1.232370e-16
    outer loop
      vertex   7.500000e+01 -5.700000e+00 -3.184101e+01
      vertex   6.732792e+01 -5.700000e+00 -1.665741e+01
      vertex   8.173708e+01 -5.700000e+00 -2.618793e+01
    endloop
  endfacet
  facet normal 0.000000e+00 1.000000e+00 0.000000e+00
    outer loop
      vertex   7.500000e+01 -5.700000e+00 -3.184101e+01
      vertex   8.173708e+01 -5.700000e+00 -2.618793e+01
      vertex   8.142845e+01 -5.700000e+00 -2.733976e+01
    endloop
  endfacet
  facet normal 1.748042e-16 1.000000e+00 -1.529339e-17
    outer loop
      vertex   8.173708e+01 -5.700000e+00 -2.618793e+01
      vertex   6.732792e+01 -5.700000e+00 -1.665741e+01
      vertex   8.184101e+01 -5.700000e+00 -2.500000e+01
    endloop
  endfacet
  facet normal -1.764075e-17 1.000000e+00 -3.500781e-16
    outer loop
      vertex   8.184101e+01 -5.700000e+00 -2.500000e+01
      vertex   6.732792e+01 -5.700000e+00 -1.665741e+01
      vertex   6.759186e+01 -5.700000e+00 -1.667071e+01
    endloop
  endfacet
  facet normal 5.434194e-15 1.000000e+00 8.976535e-15
    outer loop
      vertex   8.184101e+01 -5.700000e+00 -2.500000e+01
      vertex   6.759186e+01 -5.700000e+00 -1.667071e+01
      vertex   6.785288e+01 -5.700000e+00 -1.663084e+01
    endloop
  endfacet
  facet normal 2.446982e-17 1.000000e+00 -6.522655e-17
    outer loop
      vertex   6.785288e+01 -5.700000e+00 -1.663084e+01
      vertex   6.809988e+01 -5.700000e+00 -1.653818e+01
      vertex   8.184101e+01 -5.700000e+00 -2.500000e+01
    endloop
  endfacet
  facet normal 3.304796e-17 1.000000e+00 -5.129651e-17
    outer loop
      vertex   8.184101e+01 -5.700000e+00 -2.500000e+01
      vertex   6.809988e+01 -5.700000e+00 -1.653818e+01
      vertex   6.832166e+01 -5.700000e+00 -1.639529e+01
    endloop
  endfacet
  facet normal 4.036611e-17 1.000000e+00 -3.979855e-17
    outer loop
      vertex   8.184101e+01 -5.700000e+00 -2.500000e+01
      vertex   6.832166e+01 -5.700000e+00 -1.639529e+01
      vertex   6.850702e+01 -5.700000e+00 -1.620730e+01
    endloop
  endfacet
  facet normal 1.901276e-15 1.000000e+00 2.782241e-15
    outer loop
      vertex   6.850702e+01 -5.700000e+00 -1.620730e+01
      vertex   6.864511e+01 -5.700000e+00 -1.598243e+01
      vertex   8.184101e+01 -5.700000e+00 -2.500000e+01
    endloop
  endfacet
  facet normal 0.000000e+00 1.000000e+00 0.000000e+00
    outer loop
      vertex   8.184101e+01 -5.700000e+00 -2.500000e+01
      vertex   6.864511e+01 -5.700000e+00 -1.598243e+01
      vertex   6.876980e+01 -5.700000e+00 -1.573357e+01
    endloop
  endfacet
  facet normal 0.000000e+00 1.000000e+00 0.000000e+00
    outer loop
      vertex   8.184101e+01 -5.700000e+00 -2.500000e+01
      vertex   6.876980e+01 -5.700000e+00 -1.573357e+01
      vertex   6.883018e+01 -5.700000e+00 -1.546184e+01
    endloop
  endfacet
  facet normal -0.000000e+00 1.000000e+00 -0.000000e+00
    outer loop
      vertex   6.883018e+01 -5.700000e+00 -1.546184e+01
      vertex   6.882263e+01 -5.700000e+00 -1.518359e+01
      vertex   8.184101e+01 -5.700000e+00 -2.500000e+01
    endloop
  endfacet
  facet normal 0.000000e+00 1.000000e+00 0.000000e+00
    outer loop
      vertex   8.184101e+01 -5.700000e+00 -2.500000e+01
      vertex   6.882263e+01 -5.700000e+00 -1.518359e+01
      vertex   6.874761e+01 -5.700000e+00 -1.491554e+01
    endloop
  endfacet
  facet normal 0.000000e+00 1.000000e+00 0.000000e+00
    outer loop
      vertex   8.184101e+01 -5.700000e+00 -2.500000e+01
      vertex   6.874761e+01 -5.700000e+00 -1.491554e+01
      vertex   6.860962e+01 -5.700000e+00 -1.467380e+01
    endloop
  endfacet
  facet normal 0.000000e+00 1.000000e+00 -0.000000e+00
    outer loop
      vertex   8.184101e+01 -5.700000e+00 -2.500000e+01
      vertex   6.860962e+01 -5.700000e+00 -1.467380e+01
      vertex   8.184101e+01 -5.700000e+00 2.500000e+01
    endloop
  endfacet
  facet normal 0.000000e+00 1.000000e+00 0.000000e+00
    outer loop
      vertex   8.184101e+01 -5.700000e+00 2.500000e+01
      vertex   6.860962e+01 -5.700000e+00 -1.467380e+01
      vertex   6.841695e+01 -5.700000e+00 -1.447289e+01
    endloop
  endfacet
  facet normal 0.000000e+00 1.000000e+00 0.000000e+00
    outer loop
      vertex   8.184101e+01 -5.700000e+00 2.500000e+01
      vertex   6.841695e+01 -5.700000e+00 -1.447289e+01
      vertex   6.832166e+01 -5.700000e+00 1.765173e+01
    endloop
  endfacet
  facet normal 0.000000e+00 1.000000e+00 0.000000e+00
    outer loop
      vertex   6.832166e+01 -5.700000e+00 1.765173e+01
      vertex   6.841695e+01 -5.700000e+00 -1.447289e+01
      vertex   6.809988e+01 -5.700000e+00 1.750884e+01
    endloop
  endfacet
  facet normal 0.000000e+00 1.000000e+00 0.000000e+00
    outer loop
      vertex   6.809988e+01 -5.700000e+00 1.750884e+01
      vertex   6.841695e+01 -5.700000e+00 -1.447289e+01
      vertex   6.818120e+01 -5.700000e+00 -1.432491e+01
    endloop
  endfacet
  facet normal 0.000000e+00 1.000000e+00 0.000000e+00
    outer loop
      vertex   6.809988e+01 -5.700000e+00 1.750884e+01
      vertex   6.818120e+01 -5.700000e+00 -1.432491e+01
      vertex   6.785288e+01 -5.700000e+00 1.741618e+01
    endloop
  endfacet
  facet normal 0.000000e+00 1.000000e+00 0.000000e+00
    outer loop
      vertex   6.785288e+01 -5.700000e+00 1.741618e+01
      vertex   6.818120e+01 -5.700000e+00 -1.432491e+01
      vertex   6.791652e+01 -5.700000e+00 -1.423873e+01
    endloop
  endfacet
  facet normal 3.466649e-15 1.000000e+00 6.969832e-18
    outer loop
      vertex   6.785288e+01 -5.700000e+00 1.741618e+01
      vertex   6.791652e+01 -5.700000e+00 -1.423873e+01
      vertex   6.766020e+01 -5.700000e+00 -1.417904e+01
    endloop
  endfacet
  facet normal -4.298048e-18 1.000000e+00 2.813737e-17
    outer loop
      vertex   6.785288e+01 -5.700000e+00 1.741618e+01
      vertex   6.766020e+01 -5.700000e+00 -1.417904e+01
      vertex   6.759186e+01 -5.700000e+00 1.737631e+01
    endloop
  endfacet
  facet normal 4.536762e-20 1.000000e+00 2.814678e-17
    outer loop
      vertex   6.759186e+01 -5.700000e+00 1.737631e+01
      vertex   6.766020e+01 -5.700000e+00 -1.417904e+01
      vertex   6.739648e+01 -5.700000e+00 -1.417862e+01
    endloop
  endfacet
  facet normal 1.417913e-18 1.000000e+00 2.813828e-17
    outer loop
      vertex   6.759186e+01 -5.700000e+00 1.737631e+01
      vertex   6.739648e+01 -5.700000e+00 -1.417862e+01
      vertex   6.732792e+01 -5.700000e+00 1.738961e+01
    endloop
  endfacet
  facet normal -6.238178e-18 1.000000e+00 2.812165e-17
    outer loop
      vertex   6.732792e+01 -5.700000e+00 1.738961e+01
      vertex   6.739648e+01 -5.700000e+00 -1.417862e+01
      vertex   6.713931e+01 -5.700000e+00 -1.423567e+01
    endloop
  endfacet
  facet normal 7.074244e-18 1.000000e+00 2.804226e-17
    outer loop
      vertex   6.732792e+01 -5.700000e+00 1.738961e+01
      vertex   6.713931e+01 -5.700000e+00 -1.423567e+01
      vertex   6.707163e+01 -5.700000e+00 1.745426e+01
    endloop
  endfacet
  facet normal -1.289847e-17 1.000000e+00 2.799960e-17
    outer loop
      vertex   6.707163e+01 -5.700000e+00 1.745426e+01
      vertex   6.713931e+01 -5.700000e+00 -1.423567e+01
      vertex   6.689936e+01 -5.700000e+00 -1.434620e+01
    endloop
  endfacet
  facet normal 1.308884e-17 1.000000e+00 2.785883e-17
    outer loop
      vertex   6.707163e+01 -5.700000e+00 1.745426e+01
      vertex   6.689936e+01 -5.700000e+00 -1.434620e+01
      vertex   6.683216e+01 -5.700000e+00 1.756677e+01
    endloop
  endfacet
  facet normal 6.609634e-18 1.000000e+00 2.784518e-17
    outer loop
      vertex   6.683216e+01 -5.700000e+00 1.756677e+01
      vertex   6.689936e+01 -5.700000e+00 -1.434620e+01
      vertex   -6.730012e+01 -5.700000e+00 1.750884e+01
    endloop
  endfacet
  facet normal 6.626102e-18 1.000000e+00 -1.028493e-17
    outer loop
      vertex   6.683216e+01 -5.700000e+00 1.756677e+01
      vertex   -6.730012e+01 -5.700000e+00 1.750884e+01
      vertex   -6.707834e+01 -5.700000e+00 1.765173e+01
    endloop
  endfacet
  facet normal -6.607677e-18 1.000000e+00 -2.783694e-17
    outer loop
      vertex   -6.730012e+01 -5.700000e+00 1.750884e+01
      vertex   6.689936e+01 -5.700000e+00 -1.434620e+01
      vertex   -6.698305e+01 -5.700000e+00 -1.447289e+01
    endloop
  endfacet
  facet normal -6.642476e-18 1.000000e+00 8.937611e-18
    outer loop
      vertex   -6.698305e+01 -5.700000e+00 -1.447289e+01
      vertex   6.689936e+01 -5.700000e+00 -1.434620e+01
      vertex   6.668764e+01 -5.700000e+00 -1.450356e+01
    endloop
  endfacet
  facet normal -6.645989e-18 1.000000e+00 -6.373389e-18
    outer loop
      vertex   -6.698305e+01 -5.700000e+00 -1.447289e+01
      vertex   6.668764e+01 -5.700000e+00 -1.450356e+01
      vertex   -6.679038e+01 -5.700000e+00 -1.467380e+01
    endloop
  endfacet
  facet normal -1.815716e-17 1.000000e+00 9.019114e-15
    outer loop
      vertex   -6.679038e+01 -5.700000e+00 -1.467380e+01
      vertex   6.668764e+01 -5.700000e+00 -1.450356e+01
      vertex   6.651117e+01 -5.700000e+00 -1.470087e+01
    endloop
  endfacet
  facet normal -2.235742e-17 1.000000e+00 -1.166349e-14
    outer loop
      vertex   -6.679038e+01 -5.700000e+00 -1.467380e+01
      vertex   6.651117e+01 -5.700000e+00 -1.470087e+01
      vertex   6.637670e+01 -5.700000e+00 -1.492906e+01
    endloop
  endfacet
  facet normal 0.000000e+00 1.000000e+00 0.000000e+00
    outer loop
      vertex   -6.679038e+01 -5.700000e+00 -1.467380e+01
      vertex   6.637670e+01 -5.700000e+00 -1.492906e+01
      vertex   -6.665239e+01 -5.700000e+00 -1.491554e+01
    endloop
  endfacet
  facet normal 0.000000e+00 1.000000e+00 0.000000e+00
    outer loop
      vertex   -6.665239e+01 -5.700000e+00 -1.491554e+01
      vertex   6.637670e+01 -5.700000e+00 -1.492906e+01
      vertex   6.628835e+01 -5.700000e+00 -1.517875e+01
    endloop
  endfacet
  facet normal 0.000000e+00 1.000000e+00 0.000000e+00
    outer loop
      vertex   -6.665239e+01 -5.700000e+00 -1.491554e+01
      vertex   6.628835e+01 -5.700000e+00 -1.517875e+01
      vertex   -6.657737e+01 -5.700000e+00 -1.518359e+01
    endloop
  endfacet
  facet normal -0.000000e+00 1.000000e+00 0.000000e+00
    outer loop
      vertex   -6.657737e+01 -5.700000e+00 -1.518359e+01
      vertex   6.628835e+01 -5.700000e+00 -1.517875e+01
      vertex   -6.656982e+01 -5.700000e+00 -1.546184e+01
    endloop
  endfacet
  facet normal -0.000000e+00 1.000000e+00 0.000000e+00
    outer loop
      vertex   -6.656982e+01 -5.700000e+00 -1.546184e+01
      vertex   6.628835e+01 -5.700000e+00 -1.517875e+01
      vertex   6.629081e+01 -5.700000e+00 -1.554668e+01
    endloop
  endfacet
  facet normal 0.000000e+00 1.000000e+00 0.000000e+00
    outer loop
      vertex   -6.656982e+01 -5.700000e+00 -1.546184e+01
      vertex   6.629081e+01 -5.700000e+00 -1.554668e+01
      vertex   -6.663020e+01 -5.700000e+00 -1.573357e+01
    endloop
  endfacet
  facet normal -0.000000e+00 1.000000e+00 0.000000e+00
    outer loop
      vertex   -6.663020e+01 -5.700000e+00 -1.573357e+01
      vertex   6.629081e+01 -5.700000e+00 -1.554668e+01
      vertex   6.638756e+01 -5.700000e+00 -1.590166e+01
    endloop
  endfacet
  facet normal 0.000000e+00 1.000000e+00 0.000000e+00
    outer loop
      vertex   -6.663020e+01 -5.700000e+00 -1.573357e+01
      vertex   6.638756e+01 -5.700000e+00 -1.590166e+01
      vertex   -6.675489e+01 -5.700000e+00 -1.598243e+01
    endloop
  endfacet
  facet normal -0.000000e+00 1.000000e+00 0.000000e+00
    outer loop
      vertex   -6.675489e+01 -5.700000e+00 -1.598243e+01
      vertex   6.638756e+01 -5.700000e+00 -1.590166e+01
      vertex   6.657213e+01 -5.700000e+00 -1.621995e+01
    endloop
  endfacet
  facet normal 0.000000e+00 1.000000e+00 0.000000e+00
    outer loop
      vertex   -6.675489e+01 -5.700000e+00 -1.598243e+01
      vertex   6.657213e+01 -5.700000e+00 -1.621995e+01
      vertex   -6.689298e+01 -5.700000e+00 -1.620730e+01
    endloop
  endfacet
  facet normal 0.000000e+00 1.000000e+00 0.000000e+00
    outer loop
      vertex   -6.689298e+01 -5.700000e+00 -1.620730e+01
      vertex   6.657213e+01 -5.700000e+00 -1.621995e+01
      vertex   -6.707834e+01 -5.700000e+00 -1.639529e+01
    endloop
  endfacet
  facet normal -0.000000e+00 1.000000e+00 0.000000e+00
    outer loop
      vertex   -6.707834e+01 -5.700000e+00 -1.639529e+01
      vertex   6.657213e+01 -5.700000e+00 -1.621995e+01
      vertex   6.683216e+01 -5.700000e+00 -1.648025e+01
    endloop
  endfacet
  facet normal 0.000000e+00 1.000000e+00 0.000000e+00
    outer loop
      vertex   -6.882787e+01 -5.700000e+00 -1.621995e+01
      vertex   -6.856784e+01 -5.700000e+00 -1.648025e+01
      vertex   -8.184101e+01 -5.700000e+00 -2.500000e+01
    endloop
  endfacet
  facet normal 0.000000e+00 1.000000e+00 0.000000e+00
    outer loop
      vertex   -8.184101e+01 -5.700000e+00 -2.500000e+01
      vertex   -6.856784e+01 -5.700000e+00 -1.648025e+01
      vertex   -6.832837e+01 -5.700000e+00 -1.659276e+01
    endloop
  endfacet
  facet normal 7.397088e-15 1.000000e+00 -1.188906e-14
    outer loop
      vertex   -8.184101e+01 -5.700000e+00 -2.500000e+01
      vertex   -6.832837e+01 -5.700000e+00 -1.659276e+01
      vertex   -6.807208e+01 -5.700000e+00 -1.665741e+01
    endloop
  endfacet
  facet normal -9.305469e-15 1.000000e+00 1.567750e-14
    outer loop
      vertex   -6.807208e+01 -5.700000e+00 -1.665741e+01
      vertex   -6.780814e+01 -5.700000e+00 -1.667071e+01
      vertex   -8.184101e+01 -5.700000e+00 -2.500000e+01
    endloop
  endfacet
  facet normal 0.000000e+00 1.000000e+00 0.000000e+00
    outer loop
      vertex   -8.184101e+01 -5.700000e+00 -2.500000e+01
      vertex   -6.780814e+01 -5.700000e+00 -1.667071e+01
      vertex   -6.754712e+01 -5.700000e+00 -1.663084e+01
    endloop
  endfacet
  facet normal -1.754181e-17 1.000000e+00 -2.794534e-17
    outer loop
      vertex   -6.698305e+01 -5.700000e+00 -1.447289e+01
      vertex   -6.721880e+01 -5.700000e+00 -1.432491e+01
      vertex   -6.730012e+01 -5.700000e+00 1.750884e+01
    endloop
  endfacet
  facet normal 1.045689e-17 1.000000e+00 -2.787382e-17
    outer loop
      vertex   -6.730012e+01 -5.700000e+00 1.750884e+01
      vertex   -6.721880e+01 -5.700000e+00 -1.432491e+01
      vertex   -6.754712e+01 -5.700000e+00 1.741618e+01
    endloop
  endfacet
  facet normal -9.141596e-18 1.000000e+00 -2.807654e-17
    outer loop
      vertex   -6.754712e+01 -5.700000e+00 1.741618e+01
      vertex   -6.721880e+01 -5.700000e+00 -1.432491e+01
      vertex   -6.748348e+01 -5.700000e+00 -1.423873e+01
    endloop
  endfacet
  facet normal 3.460113e-15 1.000000e+00 -2.110147e-17
    outer loop
      vertex   -6.754712e+01 -5.700000e+00 1.741618e+01
      vertex   -6.748348e+01 -5.700000e+00 -1.423873e+01
      vertex   -6.773980e+01 -5.700000e+00 -1.417904e+01
    endloop
  endfacet
  facet normal -3.405863e-15 1.000000e+00 2.077063e-17
    outer loop
      vertex   -6.754712e+01 -5.700000e+00 1.741618e+01
      vertex   -6.773980e+01 -5.700000e+00 -1.417904e+01
      vertex   -6.780814e+01 -5.700000e+00 1.737631e+01
    endloop
  endfacet
  facet normal 4.536762e-20 1.000000e+00 2.814678e-17
    outer loop
      vertex   -6.780814e+01 -5.700000e+00 1.737631e+01
      vertex   -6.773980e+01 -5.700000e+00 -1.417904e+01
      vertex   -6.800352e+01 -5.700000e+00 -1.417862e+01
    endloop
  endfacet
  facet normal 1.009374e-14 1.000000e+00 -3.434851e-17
    outer loop
      vertex   -6.780814e+01 -5.700000e+00 1.737631e+01
      vertex   -6.800352e+01 -5.700000e+00 -1.417862e+01
      vertex   -6.807208e+01 -5.700000e+00 1.738961e+01
    endloop
  endfacet
  facet normal 1.247636e-17 1.000000e+00 -5.624331e-17
    outer loop
      vertex   -6.807208e+01 -5.700000e+00 1.738961e+01
      vertex   -6.800352e+01 -5.700000e+00 -1.417862e+01
      vertex   -6.826069e+01 -5.700000e+00 -1.423567e+01
    endloop
  endfacet
  facet normal -1.414849e-17 1.000000e+00 -5.608452e-17
    outer loop
      vertex   -6.807208e+01 -5.700000e+00 1.738961e+01
      vertex   -6.826069e+01 -5.700000e+00 -1.423567e+01
      vertex   -6.832837e+01 -5.700000e+00 1.745426e+01
    endloop
  endfacet
  facet normal 2.579694e-17 1.000000e+00 -5.599920e-17
    outer loop
      vertex   -6.832837e+01 -5.700000e+00 1.745426e+01
      vertex   -6.826069e+01 -5.700000e+00 -1.423567e+01
      vertex   -6.850064e+01 -5.700000e+00 -1.434620e+01
    endloop
  endfacet
  facet normal -1.112508e-14 1.000000e+00 4.406330e-18
    outer loop
      vertex   -6.832837e+01 -5.700000e+00 1.745426e+01
      vertex   -6.850064e+01 -5.700000e+00 -1.434620e+01
      vertex   -6.856784e+01 -5.700000e+00 1.756677e+01
    endloop
  endfacet
  facet normal -2.065202e-17 1.000000e+00 2.778778e-17
    outer loop
      vertex   -6.856784e+01 -5.700000e+00 1.756677e+01
      vertex   -6.850064e+01 -5.700000e+00 -1.434620e+01
      vertex   -6.871236e+01 -5.700000e+00 -1.450356e+01
    endloop
  endfacet
  facet normal 1.547052e-17 1.000000e+00 2.762499e-17
    outer loop
      vertex   -6.856784e+01 -5.700000e+00 1.756677e+01
      vertex   -6.871236e+01 -5.700000e+00 -1.450356e+01
      vertex   -8.184101e+01 -5.700000e+00 2.500000e+01
    endloop
  endfacet
  facet normal 7.320907e-15 1.000000e+00 2.455520e-15
    outer loop
      vertex   -8.184101e+01 -5.700000e+00 2.500000e+01
      vertex   -6.871236e+01 -5.700000e+00 -1.450356e+01
      vertex   -6.888883e+01 -5.700000e+00 -1.470087e+01
    endloop
  endfacet
  facet normal -2.057209e-16 1.000000e+00 0.000000e+00
    outer loop
      vertex   -8.184101e+01 -5.700000e+00 2.500000e+01
      vertex   -6.888883e+01 -5.700000e+00 -1.470087e+01
      vertex   -8.184101e+01 -5.700000e+00 -2.500000e+01
    endloop
  endfacet
  facet normal 1.708458e-14 1.000000e+00 -2.174428e-14
    outer loop
      vertex   -8.184101e+01 -5.700000e+00 -2.500000e+01
      vertex   -6.888883e+01 -5.700000e+00 -1.470087e+01
      vertex   -6.902330e+01 -5.700000e+00 -1.492906e+01
    endloop
  endfacet
  facet normal 0.000000e+00 1.000000e+00 0.000000e+00
    outer loop
      vertex   -8.184101e+01 -5.700000e+00 -2.500000e+01
      vertex   -6.902330e+01 -5.700000e+00 -1.492906e+01
      vertex   -6.911165e+01 -5.700000e+00 -1.517875e+01
    endloop
  endfacet
  facet normal 0.000000e+00 1.000000e+00 0.000000e+00
    outer loop
      vertex   -6.911165e+01 -5.700000e+00 -1.517875e+01
      vertex   -6.910919e+01 -5.700000e+00 -1.554668e+01
      vertex   -8.184101e+01 -5.700000e+00 -2.500000e+01
    endloop
  endfacet
  facet normal 0.000000e+00 1.000000e+00 0.000000e+00
    outer loop
      vertex   -8.184101e+01 -5.700000e+00 -2.500000e+01
      vertex   -6.910919e+01 -5.700000e+00 -1.554668e+01
      vertex   -6.901244e+01 -5.700000e+00 -1.590166e+01
    endloop
  endfacet
  facet normal 0.000000e+00 1.000000e+00 0.000000e+00
    outer loop
      vertex   -8.184101e+01 -5.700000e+00 -2.500000e+01
      vertex   -6.901244e+01 -5.700000e+00 -1.590166e+01
      vertex   -6.882787e+01 -5.700000e+00 -1.621995e+01
    endloop
  endfacet
  facet normal 6.636833e-18 1.000000e+00 6.630035e-18
    outer loop
      vertex   6.683216e+01 -5.700000e+00 1.756677e+01
      vertex   -6.707834e+01 -5.700000e+00 1.765173e+01
      vertex   6.657213e+01 -5.700000e+00 1.782707e+01
    endloop
  endfacet
  facet normal 6.654139e-18 1.000000e+00 -6.560580e-18
    outer loop
      vertex   6.657213e+01 -5.700000e+00 1.782707e+01
      vertex   -6.707834e+01 -5.700000e+00 1.765173e+01
      vertex   -6.689298e+01 -5.700000e+00 1.783973e+01
    endloop
  endfacet
  facet normal 7.028887e-18 1.000000e+00 3.945592e-15
    outer loop
      vertex   6.657213e+01 -5.700000e+00 1.782707e+01
      vertex   -6.689298e+01 -5.700000e+00 1.783973e+01
      vertex   -6.675489e+01 -5.700000e+00 1.806459e+01
    endloop
  endfacet
  facet normal 0.000000e+00 1.000000e+00 0.000000e+00
    outer loop
      vertex   6.657213e+01 -5.700000e+00 1.782707e+01
      vertex   -6.675489e+01 -5.700000e+00 1.806459e+01
      vertex   6.638756e+01 -5.700000e+00 1.814536e+01
    endloop
  endfacet
  facet normal 0.000000e+00 1.000000e+00 0.000000e+00
    outer loop
      vertex   6.638756e+01 -5.700000e+00 1.814536e+01
      vertex   -6.675489e+01 -5.700000e+00 1.806459e+01
      vertex   -6.663020e+01 -5.700000e+00 1.831345e+01
    endloop
  endfacet
  facet normal 0.000000e+00 1.000000e+00 0.000000e+00
    outer loop
      vertex   6.638756e+01 -5.700000e+00 1.814536e+01
      vertex   -6.663020e+01 -5.700000e+00 1.831345e+01
      vertex   6.629081e+01 -5.700000e+00 1.850034e+01
    endloop
  endfacet
  facet normal 0.000000e+00 1.000000e+00 0.000000e+00
    outer loop
      vertex   6.629081e+01 -5.700000e+00 1.850034e+01
      vertex   -6.663020e+01 -5.700000e+00 1.831345e+01
      vertex   -6.656982e+01 -5.700000e+00 1.858518e+01
    endloop
  endfacet
  facet normal 0.000000e+00 1.000000e+00 0.000000e+00
    outer loop
      vertex   6.629081e+01 -5.700000e+00 1.850034e+01
      vertex   -6.656982e+01 -5.700000e+00 1.858518e+01
      vertex   6.628835e+01 -5.700000e+00 1.886827e+01
    endloop
  endfacet
  facet normal 0.000000e+00 1.000000e+00 0.000000e+00
    outer loop
      vertex   6.628835e+01 -5.700000e+00 1.886827e+01
      vertex   -6.656982e+01 -5.700000e+00 1.858518e+01
      vertex   -6.657737e+01 -5.700000e+00 1.886343e+01
    endloop
  endfacet
  facet normal 0.000000e+00 1.000000e+00 0.000000e+00
    outer loop
      vertex   6.628835e+01 -5.700000e+00 1.886827e+01
      vertex   -6.657737e+01 -5.700000e+00 1.886343e+01
      vertex   -6.665239e+01 -5.700000e+00 1.913148e+01
    endloop
  endfacet
  facet normal 0.000000e+00 1.000000e+00 -0.000000e+00
    outer loop
      vertex   6.628835e+01 -5.700000e+00 1.886827e+01
      vertex   -6.665239e+01 -5.700000e+00 1.913148e+01
      vertex   6.637670e+01 -5.700000e+00 1.911796e+01
    endloop
  endfacet
  facet normal 0.000000e+00 1.000000e+00 0.000000e+00
    outer loop
      vertex   6.637670e+01 -5.700000e+00 1.911796e+01
      vertex   -6.665239e+01 -5.700000e+00 1.913148e+01
      vertex   -6.679038e+01 -5.700000e+00 1.937323e+01
    endloop
  endfacet
  facet normal 0.000000e+00 1.000000e+00 -0.000000e+00
    outer loop
      vertex   6.637670e+01 -5.700000e+00 1.911796e+01
      vertex   -6.679038e+01 -5.700000e+00 1.937323e+01
      vertex   6.651117e+01 -5.700000e+00 1.934615e+01
    endloop
  endfacet
  facet normal 0.000000e+00 1.000000e+00 -0.000000e+00
    outer loop
      vertex   6.651117e+01 -5.700000e+00 1.934615e+01
      vertex   -6.679038e+01 -5.700000e+00 1.937323e+01
      vertex   6.668764e+01 -5.700000e+00 1.954346e+01
    endloop
  endfacet
  facet normal 0.000000e+00 1.000000e+00 0.000000e+00
    outer loop
      vertex   6.668764e+01 -5.700000e+00 1.954346e+01
      vertex   -6.679038e+01 -5.700000e+00 1.937323e+01
      vertex   -6.698305e+01 -5.700000e+00 1.957413e+01
    endloop
  endfacet
  facet normal 0.000000e+00 1.000000e+00 -0.000000e+00
    outer loop
      vertex   6.668764e+01 -5.700000e+00 1.954346e+01
      vertex   -6.698305e+01 -5.700000e+00 1.957413e+01
      vertex   7.500000e+01 -5.700000e+00 3.184101e+01
    endloop
  endfacet
  facet normal 0.000000e+00 1.000000e+00 0.000000e+00
    outer loop
      vertex   7.500000e+01 -5.700000e+00 3.184101e+01
      vertex   -6.698305e+01 -5.700000e+00 1.957413e+01
      vertex   -7.500000e+01 -5.700000e+00 3.184101e+01
    endloop
  endfacet
  facet normal 0.000000e+00 1.000000e+00 0.000000e+00
    outer loop
      vertex   -7.500000e+01 -5.700000e+00 3.184101e+01
      vertex   -6.698305e+01 -5.700000e+00 1.957413e+01
      vertex   -6.721880e+01 -5.700000e+00 1.972212e+01
    endloop
  endfacet
  facet normal 0.000000e+00 1.000000e+00 0.000000e+00
    outer loop
      vertex   -7.500000e+01 -5.700000e+00 3.184101e+01
      vertex   -6.721880e+01 -5.700000e+00 1.972212e+01
      vertex   -6.748348e+01 -5.700000e+00 1.980829e+01
    endloop
  endfacet
  facet normal 4.054815e-15 1.000000e+00 2.532936e-15
    outer loop
      vertex   -6.748348e+01 -5.700000e+00 1.980829e+01
      vertex   -6.773980e+01 -5.700000e+00 1.986798e+01
      vertex   -7.500000e+01 -5.700000e+00 3.184101e+01
    endloop
  endfacet
  facet normal -3.646134e-17 1.000000e+00 5.207218e-17
    outer loop
      vertex   -7.500000e+01 -5.700000e+00 3.184101e+01
      vertex   -6.773980e+01 -5.700000e+00 1.986798e+01
      vertex   -8.142845e+01 -5.700000e+00 2.733976e+01
    endloop
  endfacet
  facet normal 0.000000e+00 1.000000e+00 0.000000e+00
    outer loop
      vertex   -7.500000e+01 -5.700000e+00 3.184101e+01
      vertex   -8.142845e+01 -5.700000e+00 2.733976e+01
      vertex   -8.092449e+01 -5.700000e+00 2.842051e+01
    endloop
  endfacet
  facet normal 2.801926e-19 1.000000e+00 1.738359e-16
    outer loop
      vertex   -6.800352e+01 -5.700000e+00 1.986840e+01
      vertex   -8.184101e+01 -5.700000e+00 2.500000e+01
      vertex   -6.773980e+01 -5.700000e+00 1.986798e+01
    endloop
  endfacet
  facet normal -6.104235e-17 1.000000e+00 5.340514e-18
    outer loop
      vertex   -6.773980e+01 -5.700000e+00 1.986798e+01
      vertex   -8.184101e+01 -5.700000e+00 2.500000e+01
      vertex   -8.173708e+01 -5.700000e+00 2.618793e+01
    endloop
  endfacet
  facet normal -5.660540e-17 1.000000e+00 1.516737e-17
    outer loop
      vertex   -6.773980e+01 -5.700000e+00 1.986798e+01
      vertex   -8.173708e+01 -5.700000e+00 2.618793e+01
      vertex   -8.142845e+01 -5.700000e+00 2.733976e+01
    endloop
  endfacet
  facet normal -2.402385e-17 1.000000e+00 1.082993e-16
    outer loop
      vertex   -6.800352e+01 -5.700000e+00 1.986840e+01
      vertex   -6.826069e+01 -5.700000e+00 1.981135e+01
      vertex   -8.184101e+01 -5.700000e+00 2.500000e+01
    endloop
  endfacet
  facet normal -3.575069e-17 1.000000e+00 7.760650e-17
    outer loop
      vertex   -8.184101e+01 -5.700000e+00 2.500000e+01
      vertex   -6.826069e+01 -5.700000e+00 1.981135e+01
      vertex   -6.850064e+01 -5.700000e+00 1.970082e+01
    endloop
  endfacet
  facet normal -4.338811e-17 1.000000e+00 5.837974e-17
    outer loop
      vertex   -8.184101e+01 -5.700000e+00 2.500000e+01
      vertex   -6.850064e+01 -5.700000e+00 1.970082e+01
      vertex   -6.871236e+01 -5.700000e+00 1.954346e+01
    endloop
  endfacet
  facet normal 2.678513e-15 1.000000e+00 6.607383e-15
    outer loop
      vertex   -6.871236e+01 -5.700000e+00 1.954346e+01
      vertex   -6.888883e+01 -5.700000e+00 1.934615e+01
      vertex   -8.184101e+01 -5.700000e+00 2.500000e+01
    endloop
  endfacet
  facet normal -1.636302e-16 1.000000e+00 9.642412e-17
    outer loop
      vertex   -8.184101e+01 -5.700000e+00 2.500000e+01
      vertex   -6.888883e+01 -5.700000e+00 1.934615e+01
      vertex   -6.902330e+01 -5.700000e+00 1.911796e+01
    endloop
  endfacet
  facet normal -4.391721e-15 1.000000e+00 -9.117127e-15
    outer loop
      vertex   -8.184101e+01 -5.700000e+00 2.500000e+01
      vertex   -6.902330e+01 -5.700000e+00 1.911796e+01
      vertex   -6.911165e+01 -5.700000e+00 1.886827e+01
    endloop
  endfacet
  facet normal 0.000000e+00 1.000000e+00 0.000000e+00
    outer loop
      vertex   -6.911165e+01 -5.700000e+00 1.886827e+01
      vertex   -6.910919e+01 -5.700000e+00 1.850034e+01
      vertex   -8.184101e+01 -5.700000e+00 2.500000e+01
    endloop
  endfacet
  facet normal 0.000000e+00 1.000000e+00 0.000000e+00
    outer loop
      vertex   -8.184101e+01 -5.700000e+00 2.500000e+01
      vertex   -6.910919e+01 -5.700000e+00 1.850034e+01
      vertex   -6.901244e+01 -5.700000e+00 1.814536e+01
    endloop
  endfacet
  facet normal 0.000000e+00 1.000000e+00 0.000000e+00
    outer loop
      vertex   -8.184101e+01 -5.700000e+00 2.500000e+01
      vertex   -6.901244e+01 -5.700000e+00 1.814536e+01
      vertex   -6.882787e+01 -5.700000e+00 1.782707e+01
    endloop
  endfacet
  facet normal 0.000000e+00 1.000000e+00 0.000000e+00
    outer loop
      vertex   -6.882787e+01 -5.700000e+00 1.782707e+01
      vertex   -6.856784e+01 -5.700000e+00 1.756677e+01
      vertex   -8.184101e+01 -5.700000e+00 2.500000e+01
    endloop
  endfacet
  facet normal 0.000000e+00 1.000000e+00 0.000000e+00
    outer loop
      vertex   6.832166e+01 -5.700000e+00 1.765173e+01
      vertex   6.850702e+01 -5.700000e+00 1.783973e+01
      vertex   8.184101e+01 -5.700000e+00 2.500000e+01
    endloop
  endfacet
  facet normal 0.000000e+00 1.000000e+00 0.000000e+00
    outer loop
      vertex   8.184101e+01 -5.700000e+00 2.500000e+01
      vertex   6.850702e+01 -5.700000e+00 1.783973e+01
      vertex   6.864511e+01 -5.700000e+00 1.806459e+01
    endloop
  endfacet
  facet normal 0.000000e+00 1.000000e+00 0.000000e+00
    outer loop
      vertex   8.184101e+01 -5.700000e+00 2.500000e+01
      vertex   6.864511e+01 -5.700000e+00 1.806459e+01
      vertex   6.876980e+01 -5.700000e+00 1.831345e+01
    endloop
  endfacet
  facet normal 0.000000e+00 1.000000e+00 0.000000e+00
    outer loop
      vertex   6.876980e+01 -5.700000e+00 1.831345e+01
      vertex   6.883018e+01 -5.700000e+00 1.858518e+01
      vertex   8.184101e+01 -5.700000e+00 2.500000e+01
    endloop
  endfacet
  facet normal 0.000000e+00 1.000000e+00 0.000000e+00
    outer loop
      vertex   8.184101e+01 -5.700000e+00 2.500000e+01
      vertex   6.883018e+01 -5.700000e+00 1.858518e+01
      vertex   6.882263e+01 -5.700000e+00 1.886343e+01
    endloop
  endfacet
  facet normal 0.000000e+00 1.000000e+00 0.000000e+00
    outer loop
      vertex   8.184101e+01 -5.700000e+00 2.500000e+01
      vertex   6.882263e+01 -5.700000e+00 1.886343e+01
      vertex   6.874761e+01 -5.700000e+00 1.913148e+01
    endloop
  endfacet
  facet normal 0.000000e+00 1.000000e+00 -0.000000e+00
    outer loop
      vertex   6.874761e+01 -5.700000e+00 1.913148e+01
      vertex   6.860962e+01 -5.700000e+00 1.937323e+01
      vertex   8.184101e+01 -5.700000e+00 2.500000e+01
    endloop
  endfacet
  facet normal 0.000000e+00 1.000000e+00 0.000000e+00
    outer loop
      vertex   8.184101e+01 -5.700000e+00 2.500000e+01
      vertex   6.860962e+01 -5.700000e+00 1.937323e+01
      vertex   6.841695e+01 -5.700000e+00 1.957413e+01
    endloop
  endfacet
  facet normal 0.000000e+00 1.000000e+00 0.000000e+00
    outer loop
      vertex   8.184101e+01 -5.700000e+00 2.500000e+01
      vertex   6.841695e+01 -5.700000e+00 1.957413e+01
      vertex   6.818120e+01 -5.700000e+00 1.972212e+01
    endloop
  endfacet
  facet normal 0.000000e+00 1.000000e+00 -0.000000e+00
    outer loop
      vertex   6.818120e+01 -5.700000e+00 1.972212e+01
      vertex   6.791652e+01 -5.700000e+00 1.980829e+01
      vertex   8.184101e+01 -5.700000e+00 2.500000e+01
    endloop
  endfacet
  facet normal 0.000000e+00 1.000000e+00 0.000000e+00
    outer loop
      vertex   8.184101e+01 -5.700000e+00 2.500000e+01
      vertex   6.791652e+01 -5.700000e+00 1.980829e+01
      vertex   6.766020e+01 -5.700000e+00 1.986798e+01
    endloop
  endfacet
  facet normal 0.000000e+00 1.000000e+00 0.000000e+00
    outer loop
      vertex   8.184101e+01 -5.700000e+00 2.500000e+01
      vertex   6.766020e+01 -5.700000e+00 1.986798e+01
      vertex   8.173708e+01 -5.700000e+00 2.618793e+01
    endloop
  endfacet
  facet normal 0.000000e+00 1.000000e+00 0.000000e+00
    outer loop
      vertex   8.173708e+01 -5.700000e+00 2.618793e+01
      vertex   6.766020e+01 -5.700000e+00 1.986798e+01
      vertex   6.739648e+01 -5.700000e+00 1.986840e+01
    endloop
  endfacet
  facet normal 0.000000e+00 1.000000e+00 0.000000e+00
    outer loop
      vertex   8.173708e+01 -5.700000e+00 2.618793e+01
      vertex   6.739648e+01 -5.700000e+00 1.986840e+01
      vertex   8.142845e+01 -5.700000e+00 2.733976e+01
    endloop
  endfacet
  facet normal 0.000000e+00 1.000000e+00 0.000000e+00
    outer loop
      vertex   8.142845e+01 -5.700000e+00 2.733976e+01
      vertex   6.739648e+01 -5.700000e+00 1.986840e+01
      vertex   7.500000e+01 -5.700000e+00 3.184101e+01
    endloop
  endfacet
  facet normal 0.000000e+00 1.000000e+00 0.000000e+00
    outer loop
      vertex   8.142845e+01 -5.700000e+00 2.733976e+01
      vertex   7.500000e+01 -5.700000e+00 3.184101e+01
      vertex   8.092449e+01 -5.700000e+00 2.842051e+01
    endloop
  endfacet
  facet normal 0.000000e+00 1.000000e+00 0.000000e+00
    outer loop
      vertex   8.092449e+01 -5.700000e+00 2.842051e+01
      vertex   7.500000e+01 -5.700000e+00 3.184101e+01
      vertex   8.024052e+01 -5.700000e+00 2.939732e+01
    endloop
  endfacet
  facet normal 0.000000e+00 1.000000e+00 0.000000e+00
    outer loop
      vertex   8.024052e+01 -5.700000e+00 2.939732e+01
      vertex   7.500000e+01 -5.700000e+00 3.184101e+01
      vertex   7.939732e+01 -5.700000e+00 3.024052e+01
    endloop
  endfacet
  facet normal 0.000000e+00 1.000000e+00 0.000000e+00
    outer loop
      vertex   7.939732e+01 -5.700000e+00 3.024052e+01
      vertex   7.500000e+01 -5.700000e+00 3.184101e+01
      vertex   7.842051e+01 -5.700000e+00 3.092449e+01
    endloop
  endfacet
  facet normal 0.000000e+00 1.000000e+00 0.000000e+00
    outer loop
      vertex   7.842051e+01 -5.700000e+00 3.092449e+01
      vertex   7.500000e+01 -5.700000e+00 3.184101e+01
      vertex   7.733976e+01 -5.700000e+00 3.142845e+01
    endloop
  endfacet
  facet normal 0.000000e+00 1.000000e+00 0.000000e+00
    outer loop
      vertex   7.733976e+01 -5.700000e+00 3.142845e+01
      vertex   7.500000e+01 -5.700000e+00 3.184101e+01
      vertex   7.618793e+01 -5.700000e+00 3.173708e+01
    endloop
  endfacet
  facet normal 0.000000e+00 1.000000e+00 -0.000000e+00
    outer loop
      vertex   6.739648e+01 -5.700000e+00 1.986840e+01
      vertex   6.713931e+01 -5.700000e+00 1.981135e+01
      vertex   7.500000e+01 -5.700000e+00 3.184101e+01
    endloop
  endfacet
  facet normal 0.000000e+00 1.000000e+00 0.000000e+00
    outer loop
      vertex   7.500000e+01 -5.700000e+00 3.184101e+01
      vertex   6.713931e+01 -5.700000e+00 1.981135e+01
      vertex   6.689936e+01 -5.700000e+00 1.970082e+01
    endloop
  endfacet
  facet normal 0.000000e+00 1.000000e+00 0.000000e+00
    outer loop
      vertex   7.500000e+01 -5.700000e+00 3.184101e+01
      vertex   6.689936e+01 -5.700000e+00 1.970082e+01
      vertex   6.668764e+01 -5.700000e+00 1.954346e+01
    endloop
  endfacet
  facet normal 0.000000e+00 1.000000e+00 0.000000e+00
    outer loop
      vertex   8.142845e+01 -5.700000e+00 -2.733976e+01
      vertex   8.092449e+01 -5.700000e+00 -2.842051e+01
      vertex   7.500000e+01 -5.700000e+00 -3.184101e+01
    endloop
  endfacet
  facet normal 0.000000e+00 1.000000e+00 0.000000e+00
    outer loop
      vertex   7.500000e+01 -5.700000e+00 -3.184101e+01
      vertex   8.092449e+01 -5.700000e+00 -2.842051e+01
      vertex   8.024052e+01 -5.700000e+00 -2.939732e+01
    endloop
  endfacet
  facet normal 0.000000e+00 1.000000e+00 0.000000e+00
    outer loop
      vertex   7.500000e+01 -5.700000e+00 -3.184101e+01
      vertex   8.024052e+01 -5.700000e+00 -2.939732e+01
      vertex   7.939732e+01 -5.700000e+00 -3.024052e+01
    endloop
  endfacet
  facet normal 0.000000e+00 1.000000e+00 0.000000e+00
    outer loop
      vertex   7.939732e+01 -5.700000e+00 -3.024052e+01
      vertex   7.842051e+01 -5.700000e+00 -3.092449e+01
      vertex   7.500000e+01 -5.700000e+00 -3.184101e+01
    endloop
  endfacet
  facet normal 0.000000e+00 1.000000e+00 0.000000e+00
    outer loop
      vertex   7.500000e+01 -5.700000e+00 -3.184101e+01
      vertex   7.842051e+01 -5.700000e+00 -3.092449e+01
      vertex   7.733976e+01 -5.700000e+00 -3.142845e+01
    endloop
  endfacet
  facet normal 0.000000e+00 1.000000e+00 0.000000e+00
    outer loop
      vertex   7.500000e+01 -5.700000e+00 -3.184101e+01
      vertex   7.733976e+01 -5.700000e+00 -3.142845e+01
      vertex   7.618793e+01 -5.700000e+00 -3.173708e+01
    endloop
  endfacet
  facet normal -0.000000e+00 1.000000e+00 -0.000000e+00
    outer loop
      vertex   -7.618793e+01 -5.700000e+00 -3.173708e+01
      vertex   -7.733976e+01 -5.700000e+00 -3.142845e+01
      vertex   -7.500000e+01 -5.700000e+00 -3.184101e+01
    endloop
  endfacet
  facet normal 0.000000e+00 1.000000e+00 0.000000e+00
    outer loop
      vertex   -7.500000e+01 -5.700000e+00 -3.184101e+01
      vertex   -7.733976e+01 -5.700000e+00 -3.142845e+01
      vertex   -7.842051e+01 -5.700000e+00 -3.092449e+01
    endloop
  endfacet
  facet normal 0.000000e+00 1.000000e+00 0.000000e+00
    outer loop
      vertex   -7.500000e+01 -5.700000e+00 -3.184101e+01
      vertex   -7.842051e+01 -5.700000e+00 -3.092449e+01
      vertex   -7.939732e+01 -5.700000e+00 -3.024052e+01
    endloop
  endfacet
  facet normal -0.000000e+00 1.000000e+00 -0.000000e+00
    outer loop
      vertex   -7.939732e+01 -5.700000e+00 -3.024052e+01
      vertex   -8.024052e+01 -5.700000e+00 -2.939732e+01
      vertex   -7.500000e+01 -5.700000e+00 -3.184101e+01
    endloop
  endfacet
  facet normal 0.000000e+00 1.000000e+00 0.000000e+00
    outer loop
      vertex   -7.500000e+01 -5.700000e+00 -3.184101e+01
      vertex   -8.024052e+01 -5.700000e+00 -2.939732e+01
      vertex   -8.092449e+01 -5.700000e+00 -2.842051e+01
    endloop
  endfacet
  facet normal 0.000000e+00 1.000000e+00 0.000000e+00
    outer loop
      vertex   -7.500000e+01 -5.700000e+00 -3.184101e+01
      vertex   -8.092449e+01 -5.700000e+00 -2.842051e+01
      vertex   -8.142845e+01 -5.700000e+00 -2.733976e+01
    endloop
  endfacet
  facet normal -0.000000e+00 1.000000e+00 -0.000000e+00
    outer loop
      vertex   -8.142845e+01 -5.700000e+00 -2.733976e+01
      vertex   -8.173708e+01 -5.700000e+00 -2.618793e+01
      vertex   -7.500000e+01 -5.700000e+00 -3.184101e+01
    endloop
  endfacet
  facet normal 0.000000e+00 1.000000e+00 0.000000e+00
    outer loop
      vertex   -8.092449e+01 -5.700000e+00 2.842051e+01
      vertex   -8.024052e+01 -5.700000e+00 2.939732e+01
      vertex   -7.500000e+01 -5.700000e+00 3.184101e+01
    endloop
  endfacet
  facet normal 0.000000e+00 1.000000e+00 0.000000e+00
    outer loop
      vertex   -7.500000e+01 -5.700000e+00 3.184101e+01
      vertex   -8.024052e+01 -5.700000e+00 2.939732e+01
      vertex   -7.939732e+01 -5.700000e+00 3.024052e+01
    endloop
  endfacet
  facet normal 0.000000e+00 1.000000e+00 0.000000e+00
    outer loop
      vertex   -7.500000e+01 -5.700000e+00 3.184101e+01
      vertex   -7.939732e+01 -5.700000e+00 3.024052e+01
      vertex   -7.842051e+01 -5.700000e+00 3.092449e+01
    endloop
  endfacet
  facet normal 0.000000e+00 1.000000e+00 0.000000e+00
    outer loop
      vertex   -7.842051e+01 -5.700000e+00 3.092449e+01
      vertex   -7.733976e+01 -5.700000e+00 3.142845e+01
      vertex   -7.500000e+01 -5.700000e+00 3.184101e+01
    endloop
  endfacet
  facet normal 0.000000e+00 1.000000e+00 0.000000e+00
    outer loop
      vertex   -7.500000e+01 -5.700000e+00 3.184101e+01
      vertex   -7.733976e+01 -5.700000e+00 3.142845e+01
      vertex   -7.618793e+01 -5.700000e+00 3.173708e+01
    endloop
  endfacet
  facet normal 7.057576e-01 7.057576e-01 6.174579e-02
    outer loop
      vertex   -8.224514e+01 -4.354859e+00 -2.500000e+01
      vertex   -8.184101e+01 -4.758986e+00 -2.500000e+01
      vertex   -8.213507e+01 -4.354859e+00 -2.625811e+01
    endloop
  endfacet
  facet normal 7.057576e-01 7.057576e-01 6.174579e-02
    outer loop
      vertex   -8.213507e+01 -4.354859e+00 -2.625811e+01
      vertex   -8.184101e+01 -4.758986e+00 -2.500000e+01
      vertex   -8.173708e+01 -4.758986e+00 -2.618793e+01
    endloop
  endfacet
  facet normal 6.843135e-01 7.057576e-01 1.833612e-01
    outer loop
      vertex   -8.213507e+01 -4.354859e+00 -2.625811e+01
      vertex   -8.173708e+01 -4.758986e+00 -2.618793e+01
      vertex   -8.180820e+01 -4.354859e+00 -2.747798e+01
    endloop
  endfacet
  facet normal 6.843135e-01 7.057576e-01 1.833612e-01
    outer loop
      vertex   -8.180820e+01 -4.354859e+00 -2.747798e+01
      vertex   -8.173708e+01 -4.758986e+00 -2.618793e+01
      vertex   -8.142845e+01 -4.758986e+00 -2.733976e+01
    endloop
  endfacet
  facet normal 6.420769e-01 7.057576e-01 2.994054e-01
    outer loop
      vertex   -8.180820e+01 -4.354859e+00 -2.747798e+01
      vertex   -8.142845e+01 -4.758986e+00 -2.733976e+01
      vertex   -8.127447e+01 -4.354859e+00 -2.862257e+01
    endloop
  endfacet
  facet normal 6.420769e-01 7.057576e-01 2.994054e-01
    outer loop
      vertex   -8.127447e+01 -4.354859e+00 -2.862257e+01
      vertex   -8.142845e+01 -4.758986e+00 -2.733976e+01
      vertex   -8.092449e+01 -4.758986e+00 -2.842051e+01
    endloop
  endfacet
  facet normal 5.803311e-01 7.057576e-01 4.063522e-01
    outer loop
      vertex   -8.127447e+01 -4.354859e+00 -2.862257e+01
      vertex   -8.092449e+01 -4.758986e+00 -2.842051e+01
      vertex   -8.055010e+01 -4.354859e+00 -2.965709e+01
    endloop
  endfacet
  facet normal 5.803311e-01 7.057576e-01 4.063522e-01
    outer loop
      vertex   -8.055010e+01 -4.354859e+00 -2.965709e+01
      vertex   -8.092449e+01 -4.758986e+00 -2.842051e+01
      vertex   -8.024052e+01 -4.758986e+00 -2.939732e+01
    endloop
  endfacet
  facet normal 5.009522e-01 7.057576e-01 5.009522e-01
    outer loop
      vertex   -8.055010e+01 -4.354859e+00 -2.965709e+01
      vertex   -8.024052e+01 -4.758986e+00 -2.939732e+01
      vertex   -7.965709e+01 -4.354859e+00 -3.055010e+01
    endloop
  endfacet
  facet normal 5.009522e-01 7.057576e-01 5.009522e-01
    outer loop
      vertex   -7.965709e+01 -4.354859e+00 -3.055010e+01
      vertex   -8.024052e+01 -4.758986e+00 -2.939732e+01
      vertex   -7.939732e+01 -4.758986e+00 -3.024052e+01
    endloop
  endfacet
  facet normal 4.063522e-01 7.057576e-01 5.803311e-01
    outer loop
      vertex   -7.965709e+01 -4.354859e+00 -3.055010e+01
      vertex   -7.939732e+01 -4.758986e+00 -3.024052e+01
      vertex   -7.862257e+01 -4.354859e+00 -3.127447e+01
    endloop
  endfacet
  facet normal 4.063522e-01 7.057576e-01 5.803311e-01
    outer loop
      vertex   -7.862257e+01 -4.354859e+00 -3.127447e+01
      vertex   -7.939732e+01 -4.758986e+00 -3.024052e+01
      vertex   -7.842051e+01 -4.758986e+00 -3.092449e+01
    endloop
  endfacet
  facet normal 2.994054e-01 7.057576e-01 6.420769e-01
    outer loop
      vertex   -7.862257e+01 -4.354859e+00 -3.127447e+01
      vertex   -7.842051e+01 -4.758986e+00 -3.092449e+01
      vertex   -7.747798e+01 -4.354859e+00 -3.180820e+01
    endloop
  endfacet
  facet normal 2.994054e-01 7.057576e-01 6.420769e-01
    outer loop
      vertex   -7.747798e+01 -4.354859e+00 -3.180820e+01
      vertex   -7.842051e+01 -4.758986e+00 -3.092449e+01
      vertex   -7.733976e+01 -4.758986e+00 -3.142845e+01
    endloop
  endfacet
  facet normal 1.833612e-01 7.057576e-01 6.843135e-01
    outer loop
      vertex   -7.747798e+01 -4.354859e+00 -3.180820e+01
      vertex   -7.733976e+01 -4.758986e+00 -3.142845e+01
      vertex   -7.625811e+01 -4.354859e+00 -3.213507e+01
    endloop
  endfacet
  facet normal 1.833612e-01 7.057576e-01 6.843135e-01
    outer loop
      vertex   -7.625811e+01 -4.354859e+00 -3.213507e+01
      vertex   -7.733976e+01 -4.758986e+00 -3.142845e+01
      vertex   -7.618793e+01 -4.758986e+00 -3.173708e+01
    endloop
  endfacet
  facet normal 6.174579e-02 7.057576e-01 7.057576e-01
    outer loop
      vertex   -7.625811e+01 -4.354859e+00 -3.213507e+01
      vertex   -7.618793e+01 -4.758986e+00 -3.173708e+01
      vertex   -7.500000e+01 -4.354859e+00 -3.224514e+01
    endloop
  endfacet
  facet normal 6.174579e-02 7.057576e-01 7.057576e-01
    outer loop
      vertex   -7.500000e+01 -4.354859e+00 -3.224514e+01
      vertex   -7.618793e+01 -4.758986e+00 -3.173708e+01
      vertex   -7.500000e+01 -4.758986e+00 -3.184101e+01
    endloop
  endfacet
  facet normal 7.071068e-01 7.071068e-01 -0.000000e+00
    outer loop
      vertex   -8.184101e+01 -4.758986e+00 -2.500000e+01
      vertex   -8.224514e+01 -4.354859e+00 -2.500000e+01
      vertex   -8.184101e+01 -4.758986e+00 2.500000e+01
    endloop
  endfacet
  facet normal 7.071068e-01 7.071068e-01 0.000000e+00
    outer loop
      vertex   -8.184101e+01 -4.758986e+00 2.500000e+01
      vertex   -8.224514e+01 -4.354859e+00 -2.500000e+01
      vertex   -8.224514e+01 -4.354859e+00 2.500000e+01
    endloop
  endfacet
  facet normal 6.174579e-02 7.057576e-01 -7.057576e-01
    outer loop
      vertex   -7.500000e+01 -4.354859e+00 3.224514e+01
      vertex   -7.500000e+01 -4.758986e+00 3.184101e+01
      vertex   -7.625811e+01 -4.354859e+00 3.213507e+01
    endloop
  endfacet
  facet normal 6.174579e-02 7.057576e-01 -7.057576e-01
    outer loop
      vertex   -7.625811e+01 -4.354859e+00 3.213507e+01
      vertex   -7.500000e+01 -4.758986e+00 3.184101e+01
      vertex   -7.618793e+01 -4.758986e+00 3.173708e+01
    endloop
  endfacet
  facet normal 1.833612e-01 7.057576e-01 -6.843135e-01
    outer loop
      vertex   -7.625811e+01 -4.354859e+00 3.213507e+01
      vertex   -7.618793e+01 -4.758986e+00 3.173708e+01
      vertex   -7.747798e+01 -4.354859e+00 3.180820e+01
    endloop
  endfacet
  facet normal 1.833612e-01 7.057576e-01 -6.843135e-01
    outer loop
      vertex   -7.747798e+01 -4.354859e+00 3.180820e+01
      vertex   -7.618793e+01 -4.758986e+00 3.173708e+01
      vertex   -7.733976e+01 -4.758986e+00 3.142845e+01
    endloop
  endfacet
  facet normal 2.994054e-01 7.057576e-01 -6.420769e-01
    outer loop
      vertex   -7.747798e+01 -4.354859e+00 3.180820e+01
      vertex   -7.733976e+01 -4.758986e+00 3.142845e+01
      vertex   -7.862257e+01 -4.354859e+00 3.127447e+01
    endloop
  endfacet
  facet normal 2.994054e-01 7.057576e-01 -6.420769e-01
    outer loop
      vertex   -7.862257e+01 -4.354859e+00 3.127447e+01
      vertex   -7.733976e+01 -4.758986e+00 3.142845e+01
      vertex   -7.842051e+01 -4.758986e+00 3.092449e+01
    endloop
  endfacet
  facet normal 4.063522e-01 7.057576e-01 -5.803311e-01
    outer loop
      vertex   -7.862257e+01 -4.354859e+00 3.127447e+01
      vertex   -7.842051e+01 -4.758986e+00 3.092449e+01
      vertex   -7.965709e+01 -4.354859e+00 3.055010e+01
    endloop
  endfacet
  facet normal 4.063522e-01 7.057576e-01 -5.803311e-01
    outer loop
      vertex   -7.965709e+01 -4.354859e+00 3.055010e+01
      vertex   -7.842051e+01 -4.758986e+00 3.092449e+01
      vertex   -7.939732e+01 -4.758986e+00 3.024052e+01
    endloop
  endfacet
  facet normal 5.009522e-01 7.057576e-01 -5.009522e-01
    outer loop
      vertex   -7.965709e+01 -4.354859e+00 3.055010e+01
      vertex   -7.939732e+01 -4.758986e+00 3.024052e+01
      vertex   -8.055010e+01 -4.354859e+00 2.965709e+01
    endloop
  endfacet
  facet normal 5.009522e-01 7.057576e-01 -5.009522e-01
    outer loop
      vertex   -8.055010e+01 -4.354859e+00 2.965709e+01
      vertex   -7.939732e+01 -4.758986e+00 3.024052e+01
      vertex   -8.024052e+01 -4.758986e+00 2.939732e+01
    endloop
  endfacet
  facet normal 5.803311e-01 7.057576e-01 -4.063522e-01
    outer loop
      vertex   -8.055010e+01 -4.354859e+00 2.965709e+01
      vertex   -8.024052e+01 -4.758986e+00 2.939732e+01
      vertex   -8.127447e+01 -4.354859e+00 2.862257e+01
    endloop
  endfacet
  facet normal 5.803311e-01 7.057576e-01 -4.063522e-01
    outer loop
      vertex   -8.127447e+01 -4.354859e+00 2.862257e+01
      vertex   -8.024052e+01 -4.758986e+00 2.939732e+01
      vertex   -8.092449e+01 -4.758986e+00 2.842051e+01
    endloop
  endfacet
  facet normal 6.420769e-01 7.057576e-01 -2.994054e-01
    outer loop
      vertex   -8.127447e+01 -4.354859e+00 2.862257e+01
      vertex   -8.092449e+01 -4.758986e+00 2.842051e+01
      vertex   -8.180820e+01 -4.354859e+00 2.747798e+01
    endloop
  endfacet
  facet normal 6.420769e-01 7.057576e-01 -2.994054e-01
    outer loop
      vertex   -8.180820e+01 -4.354859e+00 2.747798e+01
      vertex   -8.092449e+01 -4.758986e+00 2.842051e+01
      vertex   -8.142845e+01 -4.758986e+00 2.733976e+01
    endloop
  endfacet
  facet normal 6.843135e-01 7.057576e-01 -1.833612e-01
    outer loop
      vertex   -8.180820e+01 -4.354859e+00 2.747798e+01
      vertex   -8.142845e+01 -4.758986e+00 2.733976e+01
      vertex   -8.213507e+01 -4.354859e+00 2.625811e+01
    endloop
  endfacet
  facet normal 6.843135e-01 7.057576e-01 -1.833612e-01
    outer loop
      vertex   -8.213507e+01 -4.354859e+00 2.625811e+01
      vertex   -8.142845e+01 -4.758986e+00 2.733976e+01
      vertex   -8.173708e+01 -4.758986e+00 2.618793e+01
    endloop
  endfacet
  facet normal 7.057576e-01 7.057576e-01 -6.174579e-02
    outer loop
      vertex   -8.213507e+01 -4.354859e+00 2.625811e+01
      vertex   -8.173708e+01 -4.758986e+00 2.618793e+01
      vertex   -8.224514e+01 -4.354859e+00 2.500000e+01
    endloop
  endfacet
  facet normal 7.057576e-01 7.057576e-01 -6.174579e-02
    outer loop
      vertex   -8.224514e+01 -4.354859e+00 2.500000e+01
      vertex   -8.173708e+01 -4.758986e+00 2.618793e+01
      vertex   -8.184101e+01 -4.758986e+00 2.500000e+01
    endloop
  endfacet
  facet normal -3.349531e-17 7.071068e-01 -7.071068e-01
    outer loop
      vertex   -7.500000e+01 -4.758986e+00 3.184101e+01
      vertex   -7.500000e+01 -4.354859e+00 3.224514e+01
      vertex   7.500000e+01 -4.758986e+00 3.184101e+01
    endloop
  endfacet
  facet normal -8.417810e-18 7.071068e-01 -7.071068e-01
    outer loop
      vertex   7.500000e+01 -4.758986e+00 3.184101e+01
      vertex   -7.500000e+01 -4.354859e+00 3.224514e+01
      vertex   7.500000e+01 -4.354859e+00 3.224514e+01
    endloop
  endfacet
  facet normal 9.211209e-17 7.071068e-01 7.071068e-01
    outer loop
      vertex   7.500000e+01 -4.758986e+00 -3.184101e+01
      vertex   7.500000e+01 -4.354859e+00 -3.224514e+01
      vertex   -7.500000e+01 -4.758986e+00 -3.184101e+01
    endloop
  endfacet
  facet normal 5.860090e-17 7.071068e-01 7.071068e-01
    outer loop
      vertex   -7.500000e+01 -4.758986e+00 -3.184101e+01
      vertex   7.500000e+01 -4.354859e+00 -3.224514e+01
      vertex   -7.500000e+01 -4.354859e+00 -3.224514e+01
    endloop
  endfacet
  facet normal -6.174579e-02 7.057576e-01 7.057576e-01
    outer loop
      vertex   7.500000e+01 -4.354859e+00 -3.224514e+01
      vertex   7.500000e+01 -4.758986e+00 -3.184101e+01
      vertex   7.625811e+01 -4.354859e+00 -3.213507e+01
    endloop
  endfacet
  facet normal -6.174579e-02 7.057576e-01 7.057576e-01
    outer loop
      vertex   7.625811e+01 -4.354859e+00 -3.213507e+01
      vertex   7.500000e+01 -4.758986e+00 -3.184101e+01
      vertex   7.618793e+01 -4.758986e+00 -3.173708e+01
    endloop
  endfacet
  facet normal -1.833612e-01 7.057576e-01 6.843135e-01
    outer loop
      vertex   7.625811e+01 -4.354859e+00 -3.213507e+01
      vertex   7.618793e+01 -4.758986e+00 -3.173708e+01
      vertex   7.747798e+01 -4.354859e+00 -3.180820e+01
    endloop
  endfacet
  facet normal -1.833612e-01 7.057576e-01 6.843135e-01
    outer loop
      vertex   7.747798e+01 -4.354859e+00 -3.180820e+01
      vertex   7.618793e+01 -4.758986e+00 -3.173708e+01
      vertex   7.733976e+01 -4.758986e+00 -3.142845e+01
    endloop
  endfacet
  facet normal -2.994054e-01 7.057576e-01 6.420769e-01
    outer loop
      vertex   7.747798e+01 -4.354859e+00 -3.180820e+01
      vertex   7.733976e+01 -4.758986e+00 -3.142845e+01
      vertex   7.862257e+01 -4.354859e+00 -3.127447e+01
    endloop
  endfacet
  facet normal -2.994054e-01 7.057576e-01 6.420769e-01
    outer loop
      vertex   7.862257e+01 -4.354859e+00 -3.127447e+01
      vertex   7.733976e+01 -4.758986e+00 -3.142845e+01
      vertex   7.842051e+01 -4.758986e+00 -3.092449e+01
    endloop
  endfacet
  facet normal -4.063522e-01 7.057576e-01 5.803311e-01
    outer loop
      vertex   7.862257e+01 -4.354859e+00 -3.127447e+01
      vertex   7.842051e+01 -4.758986e+00 -3.092449e+01
      vertex   7.965709e+01 -4.354859e+00 -3.055010e+01
    endloop
  endfacet
  facet normal -4.063522e-01 7.057576e-01 5.803311e-01
    outer loop
      vertex   7.965709e+01 -4.354859e+00 -3.055010e+01
      vertex   7.842051e+01 -4.758986e+00 -3.092449e+01
      vertex   7.939732e+01 -4.758986e+00 -3.024052e+01
    endloop
  endfacet
  facet normal -5.009522e-01 7.057576e-01 5.009522e-01
    outer loop
      vertex   7.965709e+01 -4.354859e+00 -3.055010e+01
      vertex   7.939732e+01 -4.758986e+00 -3.024052e+01
      vertex   8.055010e+01 -4.354859e+00 -2.965709e+01
    endloop
  endfacet
  facet normal -5.009522e-01 7.057576e-01 5.009522e-01
    outer loop
      vertex   8.055010e+01 -4.354859e+00 -2.965709e+01
      vertex   7.939732e+01 -4.758986e+00 -3.024052e+01
      vertex   8.024052e+01 -4.758986e+00 -2.939732e+01
    endloop
  endfacet
  facet normal -5.803311e-01 7.057576e-01 4.063522e-01
    outer loop
      vertex   8.055010e+01 -4.354859e+00 -2.965709e+01
      vertex   8.024052e+01 -4.758986e+00 -2.939732e+01
      vertex   8.127447e+01 -4.354859e+00 -2.862257e+01
    endloop
  endfacet
  facet normal -5.803311e-01 7.057576e-01 4.063522e-01
    outer loop
      vertex   8.127447e+01 -4.354859e+00 -2.862257e+01
      vertex   8.024052e+01 -4.758986e+00 -2.939732e+01
      vertex   8.092449e+01 -4.758986e+00 -2.842051e+01
    endloop
  endfacet
  facet normal -6.420769e-01 7.057576e-01 2.994054e-01
    outer loop
      vertex   8.127447e+01 -4.354859e+00 -2.862257e+01
      vertex   8.092449e+01 -4.758986e+00 -2.842051e+01
      vertex   8.180820e+01 -4.354859e+00 -2.747798e+01
    endloop
  endfacet
  facet normal -6.420769e-01 7.057576e-01 2.994054e-01
    outer loop
      vertex   8.180820e+01 -4.354859e+00 -2.747798e+01
      vertex   8.092449e+01 -4.758986e+00 -2.842051e+01
      vertex   8.142845e+01 -4.758986e+00 -2.733976e+01
    endloop
  endfacet
  facet normal -6.843135e-01 7.057576e-01 1.833612e-01
    outer loop
      vertex   8.180820e+01 -4.354859e+00 -2.747798e+01
      vertex   8.142845e+01 -4.758986e+00 -2.733976e+01
      vertex   8.213507e+01 -4.354859e+00 -2.625811e+01
    endloop
  endfacet
  facet normal -6.843135e-01 7.057576e-01 1.833612e-01
    outer loop
      vertex   8.213507e+01 -4.354859e+00 -2.625811e+01
      vertex   8.142845e+01 -4.758986e+00 -2.733976e+01
      vertex   8.173708e+01 -4.758986e+00 -2.618793e+01
    endloop
  endfacet
  facet normal -7.057576e-01 7.057576e-01 6.174579e-02
    outer loop
      vertex   8.213507e+01 -4.354859e+00 -2.625811e+01
      vertex   8.173708e+01 -4.758986e+00 -2.618793e+01
      vertex   8.224514e+01 -4.354859e+00 -2.500000e+01
    endloop
  endfacet
  facet normal -7.057576e-01 7.057576e-01 6.174579e-02
    outer loop
      vertex   8.224514e+01 -4.354859e+00 -2.500000e+01
      vertex   8.173708e+01 -4.758986e+00 -2.618793e+01
      vertex   8.184101e+01 -4.758986e+00 -2.500000e+01
    endloop
  endfacet
  facet normal -7.071068e-01 7.071068e-01 0.000000e+00
    outer loop
      vertex   8.184101e+01 -4.758986e+00 2.500000e+01
      vertex   8.224514e+01 -4.354859e+00 2.500000e+01
      vertex   8.184101e+01 -4.758986e+00 -2.500000e+01
    endloop
  endfacet
  facet normal -7.071068e-01 7.071068e-01 0.000000e+00
    outer loop
      vertex   8.184101e+01 -4.758986e+00 -2.500000e+01
      vertex   8.224514e+01 -4.354859e+00 2.500000e+01
      vertex   8.224514e+01 -4.354859e+00 -2.500000e+01
    endloop
  endfacet
  facet normal -1.647461e-01 9.863360e-01 9.364734e-17
    outer loop
      vertex   8.350977e+01 -3.799999e+00 -2.500000e+01
      vertex   8.304628e+01 -3.877416e+00 5.000000e+00
      vertex   8.350977e+01 -3.799999e+00 2.500000e+01
    endloop
  endfacet
  facet normal -1.647461e-01 9.863360e-01 1.461858e-16
    outer loop
      vertex   8.350977e+01 -3.799999e+00 2.500000e+01
      vertex   8.304628e+01 -3.877416e+00 5.000000e+00
      vertex   8.304628e+01 -3.877416e+00 1.500000e+01
    endloop
  endfacet
  facet normal -1.647461e-01 9.863360e-01 5.685002e-16
    outer loop
      vertex   8.350977e+01 -3.799999e+00 2.500000e+01
      vertex   8.304628e+01 -3.877416e+00 1.500000e+01
      vertex   8.304628e+01 -3.877416e+00 2.500000e+01
    endloop
  endfacet
  facet normal -4.017798e-01 9.157363e-01 5.286692e-16
    outer loop
      vertex   8.304628e+01 -3.877416e+00 2.500000e+01
      vertex   8.304628e+01 -3.877416e+00 1.500000e+01
      vertex   8.261596e+01 -4.066219e+00 2.500000e+01
    endloop
  endfacet
  facet normal -4.017798e-01 9.157363e-01 4.066686e-16
    outer loop
      vertex   8.261596e+01 -4.066219e+00 2.500000e+01
      vertex   8.304628e+01 -3.877416e+00 1.500000e+01
      vertex   8.261596e+01 -4.066219e+00 1.500000e+01
    endloop
  endfacet
  facet normal -6.142370e-01 7.891216e-01 3.504404e-16
    outer loop
      vertex   8.261596e+01 -4.066219e+00 2.500000e+01
      vertex   8.261596e+01 -4.066219e+00 1.500000e+01
      vertex   8.224514e+01 -4.354859e+00 2.500000e+01
    endloop
  endfacet
  facet normal -6.142370e-01 7.891216e-01 0.000000e+00
    outer loop
      vertex   8.224514e+01 -4.354859e+00 2.500000e+01
      vertex   8.261596e+01 -4.066219e+00 1.500000e+01
      vertex   8.261596e+01 -4.066219e+00 5.000000e+00
    endloop
  endfacet
  facet normal -6.142370e-01 7.891216e-01 0.000000e+00
    outer loop
      vertex   8.224514e+01 -4.354859e+00 2.500000e+01
      vertex   8.261596e+01 -4.066219e+00 5.000000e+00
      vertex   8.261596e+01 -4.066219e+00 -5.000000e+00
    endloop
  endfacet
  facet normal -4.017798e-01 9.157363e-01 0.000000e+00
    outer loop
      vertex   8.261596e+01 -4.066219e+00 -5.000000e+00
      vertex   8.261596e+01 -4.066219e+00 5.000000e+00
      vertex   8.304628e+01 -3.877416e+00 -5.000000e+00
    endloop
  endfacet
  facet normal -4.017798e-01 9.157363e-01 -8.269094e-17
    outer loop
      vertex   8.261596e+01 -4.066219e+00 -5.000000e+00
      vertex   8.304628e+01 -3.877416e+00 -5.000000e+00
      vertex   8.304628e+01 -3.877416e+00 -1.500000e+01
    endloop
  endfacet
  facet normal -1.647461e-01 9.863360e-01 -8.760424e-17
    outer loop
      vertex   8.304628e+01 -3.877416e+00 -1.500000e+01
      vertex   8.304628e+01 -3.877416e+00 -5.000000e+00
      vertex   8.350977e+01 -3.799999e+00 -2.500000e+01
    endloop
  endfacet
  facet normal -1.647461e-01 9.863360e-01 -6.132296e-16
    outer loop
      vertex   8.304628e+01 -3.877416e+00 -1.500000e+01
      vertex   8.350977e+01 -3.799999e+00 -2.500000e+01
      vertex   8.304628e+01 -3.877416e+00 -2.500000e+01
    endloop
  endfacet
  facet normal -4.017798e-01 9.157363e-01 -5.693360e-16
    outer loop
      vertex   8.304628e+01 -3.877416e+00 -1.500000e+01
      vertex   8.304628e+01 -3.877416e+00 -2.500000e+01
      vertex   8.261596e+01 -4.066219e+00 -1.500000e+01
    endloop
  endfacet
  facet normal -4.017798e-01 9.157363e-01 -5.693360e-16
    outer loop
      vertex   8.261596e+01 -4.066219e+00 -1.500000e+01
      vertex   8.304628e+01 -3.877416e+00 -2.500000e+01
      vertex   8.261596e+01 -4.066219e+00 -2.500000e+01
    endloop
  endfacet
  facet normal -6.142370e-01 7.891216e-01 -4.906166e-16
    outer loop
      vertex   8.261596e+01 -4.066219e+00 -1.500000e+01
      vertex   8.261596e+01 -4.066219e+00 -2.500000e+01
      vertex   8.224514e+01 -4.354859e+00 -2.500000e+01
    endloop
  endfacet
  facet normal -6.142370e-01 7.891216e-01 -7.008808e-17
    outer loop
      vertex   8.261596e+01 -4.066219e+00 -1.500000e+01
      vertex   8.224514e+01 -4.354859e+00 -2.500000e+01
      vertex   8.261596e+01 -4.066219e+00 -5.000000e+00
    endloop
  endfacet
  facet normal -6.142370e-01 7.891216e-01 0.000000e+00
    outer loop
      vertex   8.261596e+01 -4.066219e+00 -5.000000e+00
      vertex   8.224514e+01 -4.354859e+00 -2.500000e+01
      vertex   8.224514e+01 -4.354859e+00 2.500000e+01
    endloop
  endfacet
  facet normal -1.647461e-01 9.863360e-01 -8.760424e-17
    outer loop
      vertex   8.304628e+01 -3.877416e+00 5.000000e+00
      vertex   8.350977e+01 -3.799999e+00 -2.500000e+01
      vertex   8.304628e+01 -3.877416e+00 -5.000000e+00
    endloop
  endfacet
  facet normal -4.017798e-01 9.157363e-01 -8.133372e-17
    outer loop
      vertex   8.261596e+01 -4.066219e+00 -5.000000e+00
      vertex   8.304628e+01 -3.877416e+00 -1.500000e+01
      vertex   8.261596e+01 -4.066219e+00 -1.500000e+01
    endloop
  endfacet
  facet normal -4.017798e-01 9.157363e-01 4.902391e-16
    outer loop
      vertex   8.261596e+01 -4.066219e+00 1.500000e+01
      vertex   8.304628e+01 -3.877416e+00 1.500000e+01
      vertex   8.304628e+01 -3.877416e+00 5.000000e+00
    endloop
  endfacet
  facet normal -4.017798e-01 9.157363e-01 0.000000e+00
    outer loop
      vertex   8.261596e+01 -4.066219e+00 1.500000e+01
      vertex   8.304628e+01 -3.877416e+00 5.000000e+00
      vertex   8.261596e+01 -4.066219e+00 5.000000e+00
    endloop
  endfacet
  facet normal -4.017798e-01 9.157363e-01 -7.973769e-17
    outer loop
      vertex   8.261596e+01 -4.066219e+00 5.000000e+00
      vertex   8.304628e+01 -3.877416e+00 5.000000e+00
      vertex   8.304628e+01 -3.877416e+00 -5.000000e+00
    endloop
  endfacet
  facet normal -1.178206e-02 9.862675e-01 -1.647347e-01
    outer loop
      vertex   7.500000e+01 -3.877416e+00 3.304628e+01
      vertex   7.500000e+01 -3.799999e+00 3.350977e+01
      vertex   7.614510e+01 -3.877416e+00 3.296438e+01
    endloop
  endfacet
  facet normal -1.319229e-02 9.857627e-01 -1.676240e-01
    outer loop
      vertex   7.614510e+01 -3.877416e+00 3.296438e+01
      vertex   7.500000e+01 -3.799999e+00 3.350977e+01
      vertex   7.633122e+01 -3.799999e+00 3.340500e+01
    endloop
  endfacet
  facet normal -3.453912e-02 9.867107e-01 -1.587738e-01
    outer loop
      vertex   7.614510e+01 -3.877416e+00 3.296438e+01
      vertex   7.633122e+01 -3.799999e+00 3.340500e+01
      vertex   7.726690e+01 -3.877416e+00 3.272035e+01
    endloop
  endfacet
  facet normal -3.981102e-02 9.853513e-01 -1.658248e-01
    outer loop
      vertex   7.726690e+01 -3.877416e+00 3.272035e+01
      vertex   7.633122e+01 -3.799999e+00 3.340500e+01
      vertex   7.762966e+01 -3.799999e+00 3.309328e+01
    endloop
  endfacet
  facet normal -5.607825e-02 9.870408e-01 -1.503516e-01
    outer loop
      vertex   7.726690e+01 -3.877416e+00 3.272035e+01
      vertex   7.762966e+01 -3.799999e+00 3.309328e+01
      vertex   7.834255e+01 -3.877416e+00 3.231915e+01
    endloop
  endfacet
  facet normal -6.596606e-02 9.850309e-01 -1.592562e-01
    outer loop
      vertex   7.834255e+01 -3.877416e+00 3.231915e+01
      vertex   7.762966e+01 -3.799999e+00 3.309328e+01
      vertex   7.886336e+01 -3.799999e+00 3.258226e+01
    endloop
  endfacet
  facet normal -7.622820e-02 9.872693e-01 -1.396015e-01
    outer loop
      vertex   7.834255e+01 -3.877416e+00 3.231915e+01
      vertex   7.886336e+01 -3.799999e+00 3.258226e+01
      vertex   7.935015e+01 -3.877416e+00 3.176896e+01
    endloop
  endfacet
  facet normal -9.071984e-02 9.848115e-01 -1.480413e-01
    outer loop
      vertex   7.935015e+01 -3.877416e+00 3.176896e+01
      vertex   7.886336e+01 -3.799999e+00 3.258226e+01
      vertex   8.000192e+01 -3.799999e+00 3.188455e+01
    endloop
  endfacet
  facet normal -9.481906e-02 9.874035e-01 -1.266634e-01
    outer loop
      vertex   7.935015e+01 -3.877416e+00 3.176896e+01
      vertex   8.000192e+01 -3.799999e+00 3.188455e+01
      vertex   8.026919e+01 -3.877416e+00 3.108097e+01
    endloop
  endfacet
  facet normal -1.131718e-01 9.847000e-01 -1.325071e-01
    outer loop
      vertex   8.026919e+01 -3.877416e+00 3.108097e+01
      vertex   8.000192e+01 -3.799999e+00 3.188455e+01
      vertex   8.101732e+01 -3.799999e+00 3.101732e+01
    endloop
  endfacet
  facet normal -1.116845e-01 9.874478e-01 -1.116845e-01
    outer loop
      vertex   8.026919e+01 -3.877416e+00 3.108097e+01
      vertex   8.101732e+01 -3.799999e+00 3.101732e+01
      vertex   8.108097e+01 -3.877416e+00 3.026919e+01
    endloop
  endfacet
  facet normal -1.325071e-01 9.847000e-01 -1.131718e-01
    outer loop
      vertex   8.108097e+01 -3.877416e+00 3.026919e+01
      vertex   8.101732e+01 -3.799999e+00 3.101732e+01
      vertex   8.188455e+01 -3.799999e+00 3.000192e+01
    endloop
  endfacet
  facet normal -1.266634e-01 9.874035e-01 -9.481906e-02
    outer loop
      vertex   8.108097e+01 -3.877416e+00 3.026919e+01
      vertex   8.188455e+01 -3.799999e+00 3.000192e+01
      vertex   8.176896e+01 -3.877416e+00 2.935015e+01
    endloop
  endfacet
  facet normal -1.480413e-01 9.848115e-01 -9.071984e-02
    outer loop
      vertex   8.176896e+01 -3.877416e+00 2.935015e+01
      vertex   8.188455e+01 -3.799999e+00 3.000192e+01
      vertex   8.258226e+01 -3.799999e+00 2.886336e+01
    endloop
  endfacet
  facet normal -1.396015e-01 9.872693e-01 -7.622820e-02
    outer loop
      vertex   8.176896e+01 -3.877416e+00 2.935015e+01
      vertex   8.258226e+01 -3.799999e+00 2.886336e+01
      vertex   8.231915e+01 -3.877416e+00 2.834255e+01
    endloop
  endfacet
  facet normal -1.592562e-01 9.850309e-01 -6.596606e-02
    outer loop
      vertex   8.231915e+01 -3.877416e+00 2.834255e+01
      vertex   8.258226e+01 -3.799999e+00 2.886336e+01
      vertex   8.309328e+01 -3.799999e+00 2.762966e+01
    endloop
  endfacet
  facet normal -1.503516e-01 9.870408e-01 -5.607825e-02
    outer loop
      vertex   8.231915e+01 -3.877416e+00 2.834255e+01
      vertex   8.309328e+01 -3.799999e+00 2.762966e+01
      vertex   8.272035e+01 -3.877416e+00 2.726690e+01
    endloop
  endfacet
  facet normal -1.658248e-01 9.853513e-01 -3.981102e-02
    outer loop
      vertex   8.272035e+01 -3.877416e+00 2.726690e+01
      vertex   8.309328e+01 -3.799999e+00 2.762966e+01
      vertex   8.340500e+01 -3.799999e+00 2.633122e+01
    endloop
  endfacet
  facet normal -1.587738e-01 9.867107e-01 -3.453912e-02
    outer loop
      vertex   8.272035e+01 -3.877416e+00 2.726690e+01
      vertex   8.340500e+01 -3.799999e+00 2.633122e+01
      vertex   8.296438e+01 -3.877416e+00 2.614510e+01
    endloop
  endfacet
  facet normal -1.676240e-01 9.857627e-01 -1.319229e-02
    outer loop
      vertex   8.296438e+01 -3.877416e+00 2.614510e+01
      vertex   8.340500e+01 -3.799999e+00 2.633122e+01
      vertex   8.350977e+01 -3.799999e+00 2.500000e+01
    endloop
  endfacet
  facet normal -1.647347e-01 9.862675e-01 -1.178206e-02
    outer loop
      vertex   8.296438e+01 -3.877416e+00 2.614510e+01
      vertex   8.350977e+01 -3.799999e+00 2.500000e+01
      vertex   8.304628e+01 -3.877416e+00 2.500000e+01
    endloop
  endfacet
  facet normal -4.016141e-01 9.153584e-01 -2.872400e-02
    outer loop
      vertex   8.304628e+01 -3.877416e+00 2.500000e+01
      vertex   8.261596e+01 -4.066219e+00 2.500000e+01
      vertex   8.296438e+01 -3.877416e+00 2.614510e+01
    endloop
  endfacet
  facet normal -4.016141e-01 9.153584e-01 -2.872400e-02
    outer loop
      vertex   8.296438e+01 -3.877416e+00 2.614510e+01
      vertex   8.261596e+01 -4.066219e+00 2.500000e+01
      vertex   8.253844e+01 -4.066219e+00 2.608386e+01
    endloop
  endfacet
  facet normal -3.934384e-01 9.153584e-01 -8.558728e-02
    outer loop
      vertex   8.296438e+01 -3.877416e+00 2.614510e+01
      vertex   8.253844e+01 -4.066219e+00 2.608386e+01
      vertex   8.272035e+01 -3.877416e+00 2.726690e+01
    endloop
  endfacet
  facet normal -3.934384e-01 9.153584e-01 -8.558728e-02
    outer loop
      vertex   8.272035e+01 -3.877416e+00 2.726690e+01
      vertex   8.253844e+01 -4.066219e+00 2.608386e+01
      vertex   8.230746e+01 -4.066219e+00 2.714566e+01
    endloop
  endfacet
  facet normal -3.772534e-01 9.153584e-01 -1.407082e-01
    outer loop
      vertex   8.272035e+01 -3.877416e+00 2.726690e+01
      vertex   8.230746e+01 -4.066219e+00 2.714566e+01
      vertex   8.231915e+01 -3.877416e+00 2.834255e+01
    endloop
  endfacet
  facet normal -3.772534e-01 9.153584e-01 -1.407082e-01
    outer loop
      vertex   8.231915e+01 -3.877416e+00 2.834255e+01
      vertex   8.230746e+01 -4.066219e+00 2.714566e+01
      vertex   8.192772e+01 -4.066219e+00 2.816378e+01
    endloop
  endfacet
  facet normal -3.533886e-01 9.153584e-01 -1.929648e-01
    outer loop
      vertex   8.231915e+01 -3.877416e+00 2.834255e+01
      vertex   8.192772e+01 -4.066219e+00 2.816378e+01
      vertex   8.176896e+01 -3.877416e+00 2.935015e+01
    endloop
  endfacet
  facet normal -3.533886e-01 9.153584e-01 -1.929648e-01
    outer loop
      vertex   8.176896e+01 -3.877416e+00 2.935015e+01
      vertex   8.192772e+01 -4.066219e+00 2.816378e+01
      vertex   8.140695e+01 -4.066219e+00 2.911750e+01
    endloop
  endfacet
  facet normal -3.223299e-01 9.153584e-01 -2.412931e-01
    outer loop
      vertex   8.176896e+01 -3.877416e+00 2.935015e+01
      vertex   8.140695e+01 -4.066219e+00 2.911750e+01
      vertex   8.108097e+01 -3.877416e+00 3.026919e+01
    endloop
  endfacet
  facet normal -3.223299e-01 9.153584e-01 -2.412931e-01
    outer loop
      vertex   8.108097e+01 -3.877416e+00 3.026919e+01
      vertex   8.140695e+01 -4.066219e+00 2.911750e+01
      vertex   8.075576e+01 -4.066219e+00 2.998739e+01
    endloop
  endfacet
  facet normal -2.847094e-01 9.153584e-01 -2.847094e-01
    outer loop
      vertex   8.108097e+01 -3.877416e+00 3.026919e+01
      vertex   8.075576e+01 -4.066219e+00 2.998739e+01
      vertex   8.026919e+01 -3.877416e+00 3.108097e+01
    endloop
  endfacet
  facet normal -2.847094e-01 9.153584e-01 -2.847094e-01
    outer loop
      vertex   8.026919e+01 -3.877416e+00 3.108097e+01
      vertex   8.075576e+01 -4.066219e+00 2.998739e+01
      vertex   7.998739e+01 -4.066219e+00 3.075576e+01
    endloop
  endfacet
  facet normal -2.412931e-01 9.153584e-01 -3.223299e-01
    outer loop
      vertex   8.026919e+01 -3.877416e+00 3.108097e+01
      vertex   7.998739e+01 -4.066219e+00 3.075576e+01
      vertex   7.935015e+01 -3.877416e+00 3.176896e+01
    endloop
  endfacet
  facet normal -2.412931e-01 9.153584e-01 -3.223299e-01
    outer loop
      vertex   7.935015e+01 -3.877416e+00 3.176896e+01
      vertex   7.998739e+01 -4.066219e+00 3.075576e+01
      vertex   7.911750e+01 -4.066219e+00 3.140695e+01
    endloop
  endfacet
  facet normal -1.929648e-01 9.153584e-01 -3.533886e-01
    outer loop
      vertex   7.935015e+01 -3.877416e+00 3.176896e+01
      vertex   7.911750e+01 -4.066219e+00 3.140695e+01
      vertex   7.834255e+01 -3.877416e+00 3.231915e+01
    endloop
  endfacet
  facet normal -1.929648e-01 9.153584e-01 -3.533886e-01
    outer loop
      vertex   7.834255e+01 -3.877416e+00 3.231915e+01
      vertex   7.911750e+01 -4.066219e+00 3.140695e+01
      vertex   7.816378e+01 -4.066219e+00 3.192772e+01
    endloop
  endfacet
  facet normal -1.407082e-01 9.153584e-01 -3.772534e-01
    outer loop
      vertex   7.834255e+01 -3.877416e+00 3.231915e+01
      vertex   7.816378e+01 -4.066219e+00 3.192772e+01
      vertex   7.726690e+01 -3.877416e+00 3.272035e+01
    endloop
  endfacet
  facet normal -1.407082e-01 9.153584e-01 -3.772534e-01
    outer loop
      vertex   7.726690e+01 -3.877416e+00 3.272035e+01
      vertex   7.816378e+01 -4.066219e+00 3.192772e+01
      vertex   7.714566e+01 -4.066219e+00 3.230746e+01
    endloop
  endfacet
  facet normal -8.558728e-02 9.153584e-01 -3.934384e-01
    outer loop
      vertex   7.726690e+01 -3.877416e+00 3.272035e+01
      vertex   7.714566e+01 -4.066219e+00 3.230746e+01
      vertex   7.614510e+01 -3.877416e+00 3.296438e+01
    endloop
  endfacet
  facet normal -8.558728e-02 9.153584e-01 -3.934384e-01
    outer loop
      vertex   7.614510e+01 -3.877416e+00 3.296438e+01
      vertex   7.714566e+01 -4.066219e+00 3.230746e+01
      vertex   7.608386e+01 -4.066219e+00 3.253844e+01
    endloop
  endfacet
  facet normal -2.872400e-02 9.153584e-01 -4.016141e-01
    outer loop
      vertex   7.614510e+01 -3.877416e+00 3.296438e+01
      vertex   7.608386e+01 -4.066219e+00 3.253844e+01
      vertex   7.500000e+01 -3.877416e+00 3.304628e+01
    endloop
  endfacet
  facet normal -2.872400e-02 9.153584e-01 -4.016141e-01
    outer loop
      vertex   7.500000e+01 -3.877416e+00 3.304628e+01
      vertex   7.608386e+01 -4.066219e+00 3.253844e+01
      vertex   7.500000e+01 -4.066219e+00 3.261596e+01
    endloop
  endfacet
  facet normal -4.388876e-02 7.883613e-01 -6.136451e-01
    outer loop
      vertex   7.500000e+01 -4.066219e+00 3.261596e+01
      vertex   7.608386e+01 -4.066219e+00 3.253844e+01
      vertex   7.500000e+01 -4.354859e+00 3.224514e+01
    endloop
  endfacet
  facet normal -5.213749e-02 8.013389e-01 -5.959342e-01
    outer loop
      vertex   7.500000e+01 -4.354859e+00 3.224514e+01
      vertex   7.608386e+01 -4.066219e+00 3.253844e+01
      vertex   7.625811e+01 -4.354859e+00 3.213507e+01
    endloop
  endfacet
  facet normal -1.336188e-01 7.777278e-01 -6.142357e-01
    outer loop
      vertex   7.625811e+01 -4.354859e+00 3.213507e+01
      vertex   7.608386e+01 -4.066219e+00 3.253844e+01
      vertex   7.714566e+01 -4.066219e+00 3.230746e+01
    endloop
  endfacet
  facet normal -1.523922e-01 8.082801e-01 -5.687353e-01
    outer loop
      vertex   7.625811e+01 -4.354859e+00 3.213507e+01
      vertex   7.714566e+01 -4.066219e+00 3.230746e+01
      vertex   7.747798e+01 -4.354859e+00 3.180820e+01
    endloop
  endfacet
  facet normal -2.217219e-01 7.729536e-01 -5.944595e-01
    outer loop
      vertex   7.747798e+01 -4.354859e+00 3.180820e+01
      vertex   7.714566e+01 -4.066219e+00 3.230746e+01
      vertex   7.816378e+01 -4.066219e+00 3.192772e+01
    endloop
  endfacet
  facet normal -2.480521e-01 8.096296e-01 -5.319494e-01
    outer loop
      vertex   7.747798e+01 -4.354859e+00 3.180820e+01
      vertex   7.816378e+01 -4.066219e+00 3.192772e+01
      vertex   7.862257e+01 -4.354859e+00 3.127447e+01
    endloop
  endfacet
  facet normal -3.031252e-01 7.745599e-01 -5.551324e-01
    outer loop
      vertex   7.862257e+01 -4.354859e+00 3.127447e+01
      vertex   7.816378e+01 -4.066219e+00 3.192772e+01
      vertex   7.911750e+01 -4.066219e+00 3.140695e+01
    endloop
  endfacet
  facet normal -3.398656e-01 8.055429e-01 -4.853783e-01
    outer loop
      vertex   7.862257e+01 -4.354859e+00 3.127447e+01
      vertex   7.911750e+01 -4.066219e+00 3.140695e+01
      vertex   7.965709e+01 -4.354859e+00 3.055010e+01
    endloop
  endfacet
  facet normal -3.732385e-01 7.823700e-01 -4.985882e-01
    outer loop
      vertex   7.965709e+01 -4.354859e+00 3.055010e+01
      vertex   7.911750e+01 -4.066219e+00 3.140695e+01
      vertex   7.998739e+01 -4.066219e+00 3.075576e+01
    endloop
  endfacet
  facet normal -4.284324e-01 7.955447e-01 -4.284324e-01
    outer loop
      vertex   7.965709e+01 -4.354859e+00 3.055010e+01
      vertex   7.998739e+01 -4.066219e+00 3.075576e+01
      vertex   8.075576e+01 -4.066219e+00 2.998739e+01
    endloop
  endfacet
  facet normal -6.136451e-01 7.883613e-01 -4.388876e-02
    outer loop
      vertex   8.261596e+01 -4.066219e+00 2.500000e+01
      vertex   8.224514e+01 -4.354859e+00 2.500000e+01
      vertex   8.253844e+01 -4.066219e+00 2.608386e+01
    endloop
  endfacet
  facet normal -5.959342e-01 8.013389e-01 -5.213749e-02
    outer loop
      vertex   8.253844e+01 -4.066219e+00 2.608386e+01
      vertex   8.224514e+01 -4.354859e+00 2.500000e+01
      vertex   8.213507e+01 -4.354859e+00 2.625811e+01
    endloop
  endfacet
  facet normal -6.142357e-01 7.777278e-01 -1.336188e-01
    outer loop
      vertex   8.253844e+01 -4.066219e+00 2.608386e+01
      vertex   8.213507e+01 -4.354859e+00 2.625811e+01
      vertex   8.230746e+01 -4.066219e+00 2.714566e+01
    endloop
  endfacet
  facet normal -5.687353e-01 8.082801e-01 -1.523922e-01
    outer loop
      vertex   8.230746e+01 -4.066219e+00 2.714566e+01
      vertex   8.213507e+01 -4.354859e+00 2.625811e+01
      vertex   8.180820e+01 -4.354859e+00 2.747798e+01
    endloop
  endfacet
  facet normal -5.944595e-01 7.729536e-01 -2.217219e-01
    outer loop
      vertex   8.230746e+01 -4.066219e+00 2.714566e+01
      vertex   8.180820e+01 -4.354859e+00 2.747798e+01
      vertex   8.192772e+01 -4.066219e+00 2.816378e+01
    endloop
  endfacet
  facet normal -5.319494e-01 8.096296e-01 -2.480521e-01
    outer loop
      vertex   8.192772e+01 -4.066219e+00 2.816378e+01
      vertex   8.180820e+01 -4.354859e+00 2.747798e+01
      vertex   8.127447e+01 -4.354859e+00 2.862257e+01
    endloop
  endfacet
  facet normal -5.551324e-01 7.745599e-01 -3.031252e-01
    outer loop
      vertex   8.192772e+01 -4.066219e+00 2.816378e+01
      vertex   8.127447e+01 -4.354859e+00 2.862257e+01
      vertex   8.140695e+01 -4.066219e+00 2.911750e+01
    endloop
  endfacet
  facet normal -4.853783e-01 8.055429e-01 -3.398656e-01
    outer loop
      vertex   8.140695e+01 -4.066219e+00 2.911750e+01
      vertex   8.127447e+01 -4.354859e+00 2.862257e+01
      vertex   8.055010e+01 -4.354859e+00 2.965709e+01
    endloop
  endfacet
  facet normal -4.985882e-01 7.823700e-01 -3.732385e-01
    outer loop
      vertex   8.140695e+01 -4.066219e+00 2.911750e+01
      vertex   8.055010e+01 -4.354859e+00 2.965709e+01
      vertex   8.075576e+01 -4.066219e+00 2.998739e+01
    endloop
  endfacet
  facet normal -4.284324e-01 7.955447e-01 -4.284324e-01
    outer loop
      vertex   8.075576e+01 -4.066219e+00 2.998739e+01
      vertex   8.055010e+01 -4.354859e+00 2.965709e+01
      vertex   7.965709e+01 -4.354859e+00 3.055010e+01
    endloop
  endfacet
  facet normal -7.803945e-18 9.863360e-01 -1.647461e-01
    outer loop
      vertex   7.500000e+01 -3.799999e+00 3.350977e+01
      vertex   -5.000000e+00 -3.877416e+00 3.304628e+01
      vertex   -7.500000e+01 -3.799999e+00 3.350977e+01
    endloop
  endfacet
  facet normal 0.000000e+00 9.863360e-01 -1.647461e-01
    outer loop
      vertex   -7.500000e+01 -3.799999e+00 3.350977e+01
      vertex   -5.000000e+00 -3.877416e+00 3.304628e+01
      vertex   -1.500000e+01 -3.877416e+00 3.304628e+01
    endloop
  endfacet
  facet normal 0.000000e+00 9.863360e-01 -1.647461e-01
    outer loop
      vertex   -7.500000e+01 -3.799999e+00 3.350977e+01
      vertex   -1.500000e+01 -3.877416e+00 3.304628e+01
      vertex   -2.500000e+01 -3.877416e+00 3.304628e+01
    endloop
  endfacet
  facet normal 0.000000e+00 9.157363e-01 -4.017798e-01
    outer loop
      vertex   -2.500000e+01 -3.877416e+00 3.304628e+01
      vertex   -1.500000e+01 -3.877416e+00 3.304628e+01
      vertex   -2.500000e+01 -4.066219e+00 3.261596e+01
    endloop
  endfacet
  facet normal 0.000000e+00 9.157363e-01 -4.017798e-01
    outer loop
      vertex   -2.500000e+01 -3.877416e+00 3.304628e+01
      vertex   -2.500000e+01 -4.066219e+00 3.261596e+01
      vertex   -3.500000e+01 -4.066219e+00 3.261596e+01
    endloop
  endfacet
  facet normal 0.000000e+00 7.891216e-01 -6.142370e-01
    outer loop
      vertex   -3.500000e+01 -4.066219e+00 3.261596e+01
      vertex   -2.500000e+01 -4.066219e+00 3.261596e+01
      vertex   -7.500000e+01 -4.354859e+00 3.224514e+01
    endloop
  endfacet
  facet normal 0.000000e+00 7.891216e-01 -6.142370e-01
    outer loop
      vertex   -3.500000e+01 -4.066219e+00 3.261596e+01
      vertex   -7.500000e+01 -4.354859e+00 3.224514e+01
      vertex   -4.500000e+01 -4.066219e+00 3.261596e+01
    endloop
  endfacet
  facet normal 0.000000e+00 7.891216e-01 -6.142370e-01
    outer loop
      vertex   -4.500000e+01 -4.066219e+00 3.261596e+01
      vertex   -7.500000e+01 -4.354859e+00 3.224514e+01
      vertex   -5.500000e+01 -4.066219e+00 3.261596e+01
    endloop
  endfacet
  facet normal 0.000000e+00 9.157363e-01 -4.017798e-01
    outer loop
      vertex   -4.500000e+01 -4.066219e+00 3.261596e+01
      vertex   -5.500000e+01 -4.066219e+00 3.261596e+01
      vertex   -4.500000e+01 -3.877416e+00 3.304628e+01
    endloop
  endfacet
  facet normal 0.000000e+00 9.157363e-01 -4.017798e-01
    outer loop
      vertex   -4.500000e+01 -3.877416e+00 3.304628e+01
      vertex   -5.500000e+01 -4.066219e+00 3.261596e+01
      vertex   -5.500000e+01 -3.877416e+00 3.304628e+01
    endloop
  endfacet
  facet normal 0.000000e+00 9.863360e-01 -1.647461e-01
    outer loop
      vertex   -4.500000e+01 -3.877416e+00 3.304628e+01
      vertex   -5.500000e+01 -3.877416e+00 3.304628e+01
      vertex   -7.500000e+01 -3.799999e+00 3.350977e+01
    endloop
  endfacet
  facet normal 0.000000e+00 9.863360e-01 -1.647461e-01
    outer loop
      vertex   -7.500000e+01 -3.799999e+00 3.350977e+01
      vertex   -5.500000e+01 -3.877416e+00 3.304628e+01
      vertex   -6.500000e+01 -3.877416e+00 3.304628e+01
    endloop
  endfacet
  facet normal 0.000000e+00 9.863360e-01 -1.647461e-01
    outer loop
      vertex   -7.500000e+01 -3.799999e+00 3.350977e+01
      vertex   -6.500000e+01 -3.877416e+00 3.304628e+01
      vertex   -7.500000e+01 -3.877416e+00 3.304628e+01
    endloop
  endfacet
  facet normal 0.000000e+00 9.157363e-01 -4.017798e-01
    outer loop
      vertex   -7.500000e+01 -3.877416e+00 3.304628e+01
      vertex   -6.500000e+01 -3.877416e+00 3.304628e+01
      vertex   -7.500000e+01 -4.066219e+00 3.261596e+01
    endloop
  endfacet
  facet normal -8.133372e-17 9.157363e-01 -4.017798e-01
    outer loop
      vertex   -7.500000e+01 -4.066219e+00 3.261596e+01
      vertex   -6.500000e+01 -3.877416e+00 3.304628e+01
      vertex   -6.500000e+01 -4.066219e+00 3.261596e+01
    endloop
  endfacet
  facet normal -7.008808e-17 7.891216e-01 -6.142370e-01
    outer loop
      vertex   -7.500000e+01 -4.066219e+00 3.261596e+01
      vertex   -6.500000e+01 -4.066219e+00 3.261596e+01
      vertex   -7.500000e+01 -4.354859e+00 3.224514e+01
    endloop
  endfacet
  facet normal 0.000000e+00 7.891216e-01 -6.142370e-01
    outer loop
      vertex   -7.500000e+01 -4.354859e+00 3.224514e+01
      vertex   -6.500000e+01 -4.066219e+00 3.261596e+01
      vertex   -5.500000e+01 -4.066219e+00 3.261596e+01
    endloop
  endfacet
  facet normal -8.760424e-17 9.863360e-01 -1.647461e-01
    outer loop
      vertex   7.500000e+01 -3.877416e+00 3.304628e+01
      vertex   6.500000e+01 -3.877416e+00 3.304628e+01
      vertex   7.500000e+01 -3.799999e+00 3.350977e+01
    endloop
  endfacet
  facet normal 0.000000e+00 9.863360e-01 -1.647461e-01
    outer loop
      vertex   7.500000e+01 -3.799999e+00 3.350977e+01
      vertex   6.500000e+01 -3.877416e+00 3.304628e+01
      vertex   5.500000e+01 -3.877416e+00 3.304628e+01
    endloop
  endfacet
  facet normal 0.000000e+00 9.863360e-01 -1.647461e-01
    outer loop
      vertex   7.500000e+01 -3.799999e+00 3.350977e+01
      vertex   5.500000e+01 -3.877416e+00 3.304628e+01
      vertex   4.500000e+01 -3.877416e+00 3.304628e+01
    endloop
  endfacet
  facet normal 0.000000e+00 9.157363e-01 -4.017798e-01
    outer loop
      vertex   4.500000e+01 -3.877416e+00 3.304628e+01
      vertex   5.500000e+01 -3.877416e+00 3.304628e+01
      vertex   4.500000e+01 -4.066219e+00 3.261596e+01
    endloop
  endfacet
  facet normal 0.000000e+00 9.157363e-01 -4.017798e-01
    outer loop
      vertex   4.500000e+01 -3.877416e+00 3.304628e+01
      vertex   4.500000e+01 -4.066219e+00 3.261596e+01
      vertex   3.500000e+01 -4.066219e+00 3.261596e+01
    endloop
  endfacet
  facet normal 0.000000e+00 7.891216e-01 -6.142370e-01
    outer loop
      vertex   3.500000e+01 -4.066219e+00 3.261596e+01
      vertex   4.500000e+01 -4.066219e+00 3.261596e+01
      vertex   7.500000e+01 -4.354859e+00 3.224514e+01
    endloop
  endfacet
  facet normal 0.000000e+00 7.891216e-01 -6.142370e-01
    outer loop
      vertex   3.500000e+01 -4.066219e+00 3.261596e+01
      vertex   7.500000e+01 -4.354859e+00 3.224514e+01
      vertex   2.500000e+01 -4.066219e+00 3.261596e+01
    endloop
  endfacet
  facet normal 0.000000e+00 7.891216e-01 -6.142370e-01
    outer loop
      vertex   2.500000e+01 -4.066219e+00 3.261596e+01
      vertex   7.500000e+01 -4.354859e+00 3.224514e+01
      vertex   1.500000e+01 -4.066219e+00 3.261596e+01
    endloop
  endfacet
  facet normal 0.000000e+00 9.157363e-01 -4.017798e-01
    outer loop
      vertex   2.500000e+01 -4.066219e+00 3.261596e+01
      vertex   1.500000e+01 -4.066219e+00 3.261596e+01
      vertex   2.500000e+01 -3.877416e+00 3.304628e+01
    endloop
  endfacet
  facet normal 0.000000e+00 9.157363e-01 -4.017798e-01
    outer loop
      vertex   2.500000e+01 -3.877416e+00 3.304628e+01
      vertex   1.500000e+01 -4.066219e+00 3.261596e+01
      vertex   1.500000e+01 -3.877416e+00 3.304628e+01
    endloop
  endfacet
  facet normal 0.000000e+00 9.863360e-01 -1.647461e-01
    outer loop
      vertex   2.500000e+01 -3.877416e+00 3.304628e+01
      vertex   1.500000e+01 -3.877416e+00 3.304628e+01
      vertex   7.500000e+01 -3.799999e+00 3.350977e+01
    endloop
  endfacet
  facet normal 0.000000e+00 9.863360e-01 -1.647461e-01
    outer loop
      vertex   7.500000e+01 -3.799999e+00 3.350977e+01
      vertex   1.500000e+01 -3.877416e+00 3.304628e+01
      vertex   5.000000e+00 -3.877416e+00 3.304628e+01
    endloop
  endfacet
  facet normal 0.000000e+00 9.863360e-01 -1.647461e-01
    outer loop
      vertex   7.500000e+01 -3.799999e+00 3.350977e+01
      vertex   5.000000e+00 -3.877416e+00 3.304628e+01
      vertex   -5.000000e+00 -3.877416e+00 3.304628e+01
    endloop
  endfacet
  facet normal 0.000000e+00 9.157363e-01 -4.017798e-01
    outer loop
      vertex   -5.000000e+00 -3.877416e+00 3.304628e+01
      vertex   5.000000e+00 -3.877416e+00 3.304628e+01
      vertex   -5.000000e+00 -4.066219e+00 3.261596e+01
    endloop
  endfacet
  facet normal 0.000000e+00 9.157363e-01 -4.017798e-01
    outer loop
      vertex   -5.000000e+00 -3.877416e+00 3.304628e+01
      vertex   -5.000000e+00 -4.066219e+00 3.261596e+01
      vertex   -1.500000e+01 -4.066219e+00 3.261596e+01
    endloop
  endfacet
  facet normal 0.000000e+00 7.891216e-01 -6.142370e-01
    outer loop
      vertex   -1.500000e+01 -4.066219e+00 3.261596e+01
      vertex   -5.000000e+00 -4.066219e+00 3.261596e+01
      vertex   -7.500000e+01 -4.354859e+00 3.224514e+01
    endloop
  endfacet
  facet normal 0.000000e+00 7.891216e-01 -6.142370e-01
    outer loop
      vertex   -1.500000e+01 -4.066219e+00 3.261596e+01
      vertex   -7.500000e+01 -4.354859e+00 3.224514e+01
      vertex   -2.500000e+01 -4.066219e+00 3.261596e+01
    endloop
  endfacet
  facet normal -8.133372e-17 9.157363e-01 -4.017798e-01
    outer loop
      vertex   6.500000e+01 -3.877416e+00 3.304628e+01
      vertex   7.500000e+01 -3.877416e+00 3.304628e+01
      vertex   6.500000e+01 -4.066219e+00 3.261596e+01
    endloop
  endfacet
  facet normal -2.440012e-16 9.157363e-01 -4.017798e-01
    outer loop
      vertex   6.500000e+01 -4.066219e+00 3.261596e+01
      vertex   7.500000e+01 -3.877416e+00 3.304628e+01
      vertex   7.500000e+01 -4.066219e+00 3.261596e+01
    endloop
  endfacet
  facet normal -2.102642e-16 7.891216e-01 -6.142370e-01
    outer loop
      vertex   6.500000e+01 -4.066219e+00 3.261596e+01
      vertex   7.500000e+01 -4.066219e+00 3.261596e+01
      vertex   7.500000e+01 -4.354859e+00 3.224514e+01
    endloop
  endfacet
  facet normal 0.000000e+00 7.891216e-01 -6.142370e-01
    outer loop
      vertex   1.500000e+01 -4.066219e+00 3.261596e+01
      vertex   7.500000e+01 -4.354859e+00 3.224514e+01
      vertex   5.000000e+00 -4.066219e+00 3.261596e+01
    endloop
  endfacet
  facet normal -1.771949e-17 7.891216e-01 -6.142370e-01
    outer loop
      vertex   5.000000e+00 -4.066219e+00 3.261596e+01
      vertex   7.500000e+01 -4.354859e+00 3.224514e+01
      vertex   -7.500000e+01 -4.354859e+00 3.224514e+01
    endloop
  endfacet
  facet normal 0.000000e+00 7.891216e-01 -6.142370e-01
    outer loop
      vertex   5.000000e+00 -4.066219e+00 3.261596e+01
      vertex   -7.500000e+01 -4.354859e+00 3.224514e+01
      vertex   -5.000000e+00 -4.066219e+00 3.261596e+01
    endloop
  endfacet
  facet normal 0.000000e+00 9.157363e-01 -4.017798e-01
    outer loop
      vertex   5.500000e+01 -3.877416e+00 3.304628e+01
      vertex   6.500000e+01 -3.877416e+00 3.304628e+01
      vertex   5.500000e+01 -4.066219e+00 3.261596e+01
    endloop
  endfacet
  facet normal 0.000000e+00 9.157363e-01 -4.017798e-01
    outer loop
      vertex   5.500000e+01 -4.066219e+00 3.261596e+01
      vertex   6.500000e+01 -3.877416e+00 3.304628e+01
      vertex   6.500000e+01 -4.066219e+00 3.261596e+01
    endloop
  endfacet
  facet normal 0.000000e+00 7.891216e-01 -6.142370e-01
    outer loop
      vertex   5.500000e+01 -4.066219e+00 3.261596e+01
      vertex   6.500000e+01 -4.066219e+00 3.261596e+01
      vertex   7.500000e+01 -4.354859e+00 3.224514e+01
    endloop
  endfacet
  facet normal 0.000000e+00 9.863360e-01 -1.647461e-01
    outer loop
      vertex   2.500000e+01 -3.877416e+00 3.304628e+01
      vertex   7.500000e+01 -3.799999e+00 3.350977e+01
      vertex   3.500000e+01 -3.877416e+00 3.304628e+01
    endloop
  endfacet
  facet normal 0.000000e+00 9.863360e-01 -1.647461e-01
    outer loop
      vertex   3.500000e+01 -3.877416e+00 3.304628e+01
      vertex   7.500000e+01 -3.799999e+00 3.350977e+01
      vertex   4.500000e+01 -3.877416e+00 3.304628e+01
    endloop
  endfacet
  facet normal 0.000000e+00 9.157363e-01 -4.017798e-01
    outer loop
      vertex   3.500000e+01 -3.877416e+00 3.304628e+01
      vertex   4.500000e+01 -3.877416e+00 3.304628e+01
      vertex   3.500000e+01 -4.066219e+00 3.261596e+01
    endloop
  endfacet
  facet normal 0.000000e+00 9.157363e-01 -4.017798e-01
    outer loop
      vertex   2.500000e+01 -4.066219e+00 3.261596e+01
      vertex   2.500000e+01 -3.877416e+00 3.304628e+01
      vertex   3.500000e+01 -3.877416e+00 3.304628e+01
    endloop
  endfacet
  facet normal 0.000000e+00 9.157363e-01 -4.017798e-01
    outer loop
      vertex   2.500000e+01 -4.066219e+00 3.261596e+01
      vertex   3.500000e+01 -3.877416e+00 3.304628e+01
      vertex   3.500000e+01 -4.066219e+00 3.261596e+01
    endloop
  endfacet
  facet normal 0.000000e+00 9.157363e-01 -4.017798e-01
    outer loop
      vertex   1.500000e+01 -4.066219e+00 3.261596e+01
      vertex   5.000000e+00 -4.066219e+00 3.261596e+01
      vertex   1.500000e+01 -3.877416e+00 3.304628e+01
    endloop
  endfacet
  facet normal 0.000000e+00 9.157363e-01 -4.017798e-01
    outer loop
      vertex   1.500000e+01 -3.877416e+00 3.304628e+01
      vertex   5.000000e+00 -4.066219e+00 3.261596e+01
      vertex   5.000000e+00 -3.877416e+00 3.304628e+01
    endloop
  endfacet
  facet normal 0.000000e+00 9.157363e-01 -4.017798e-01
    outer loop
      vertex   5.000000e+00 -4.066219e+00 3.261596e+01
      vertex   -5.000000e+00 -4.066219e+00 3.261596e+01
      vertex   5.000000e+00 -3.877416e+00 3.304628e+01
    endloop
  endfacet
  facet normal 0.000000e+00 9.157363e-01 -4.017798e-01
    outer loop
      vertex   -2.500000e+01 -4.066219e+00 3.261596e+01
      vertex   -1.500000e+01 -3.877416e+00 3.304628e+01
      vertex   -1.500000e+01 -4.066219e+00 3.261596e+01
    endloop
  endfacet
  facet normal 0.000000e+00 9.157363e-01 -4.017798e-01
    outer loop
      vertex   -1.500000e+01 -4.066219e+00 3.261596e+01
      vertex   -1.500000e+01 -3.877416e+00 3.304628e+01
      vertex   -5.000000e+00 -3.877416e+00 3.304628e+01
    endloop
  endfacet
  facet normal 0.000000e+00 9.863360e-01 -1.647461e-01
    outer loop
      vertex   -4.500000e+01 -3.877416e+00 3.304628e+01
      vertex   -7.500000e+01 -3.799999e+00 3.350977e+01
      vertex   -3.500000e+01 -3.877416e+00 3.304628e+01
    endloop
  endfacet
  facet normal 0.000000e+00 9.863360e-01 -1.647461e-01
    outer loop
      vertex   -3.500000e+01 -3.877416e+00 3.304628e+01
      vertex   -7.500000e+01 -3.799999e+00 3.350977e+01
      vertex   -2.500000e+01 -3.877416e+00 3.304628e+01
    endloop
  endfacet
  facet normal 0.000000e+00 9.157363e-01 -4.017798e-01
    outer loop
      vertex   -3.500000e+01 -3.877416e+00 3.304628e+01
      vertex   -2.500000e+01 -3.877416e+00 3.304628e+01
      vertex   -3.500000e+01 -4.066219e+00 3.261596e+01
    endloop
  endfacet
  facet normal 0.000000e+00 9.157363e-01 -4.017798e-01
    outer loop
      vertex   -4.500000e+01 -4.066219e+00 3.261596e+01
      vertex   -4.500000e+01 -3.877416e+00 3.304628e+01
      vertex   -3.500000e+01 -3.877416e+00 3.304628e+01
    endloop
  endfacet
  facet normal 0.000000e+00 9.157363e-01 -4.017798e-01
    outer loop
      vertex   -4.500000e+01 -4.066219e+00 3.261596e+01
      vertex   -3.500000e+01 -3.877416e+00 3.304628e+01
      vertex   -3.500000e+01 -4.066219e+00 3.261596e+01
    endloop
  endfacet
  facet normal 0.000000e+00 9.157363e-01 -4.017798e-01
    outer loop
      vertex   -6.500000e+01 -4.066219e+00 3.261596e+01
      vertex   -6.500000e+01 -3.877416e+00 3.304628e+01
      vertex   -5.500000e+01 -3.877416e+00 3.304628e+01
    endloop
  endfacet
  facet normal 0.000000e+00 9.157363e-01 -4.017798e-01
    outer loop
      vertex   -6.500000e+01 -4.066219e+00 3.261596e+01
      vertex   -5.500000e+01 -3.877416e+00 3.304628e+01
      vertex   -5.500000e+01 -4.066219e+00 3.261596e+01
    endloop
  endfacet
  facet normal 0.000000e+00 7.891216e-01 -6.142370e-01
    outer loop
      vertex   7.500000e+01 -4.354859e+00 3.224514e+01
      vertex   4.500000e+01 -4.066219e+00 3.261596e+01
      vertex   5.500000e+01 -4.066219e+00 3.261596e+01
    endloop
  endfacet
  facet normal 0.000000e+00 9.157363e-01 -4.017798e-01
    outer loop
      vertex   5.500000e+01 -4.066219e+00 3.261596e+01
      vertex   4.500000e+01 -4.066219e+00 3.261596e+01
      vertex   5.500000e+01 -3.877416e+00 3.304628e+01
    endloop
  endfacet
  facet normal 1.647347e-01 9.862675e-01 -1.178206e-02
    outer loop
      vertex   -8.304628e+01 -3.877416e+00 2.500000e+01
      vertex   -8.350977e+01 -3.799999e+00 2.500000e+01
      vertex   -8.296438e+01 -3.877416e+00 2.614510e+01
    endloop
  endfacet
  facet normal 1.676240e-01 9.857627e-01 -1.319229e-02
    outer loop
      vertex   -8.296438e+01 -3.877416e+00 2.614510e+01
      vertex   -8.350977e+01 -3.799999e+00 2.500000e+01
      vertex   -8.340500e+01 -3.799999e+00 2.633122e+01
    endloop
  endfacet
  facet normal 1.587738e-01 9.867107e-01 -3.453912e-02
    outer loop
      vertex   -8.296438e+01 -3.877416e+00 2.614510e+01
      vertex   -8.340500e+01 -3.799999e+00 2.633122e+01
      vertex   -8.272035e+01 -3.877416e+00 2.726690e+01
    endloop
  endfacet
  facet normal 1.658248e-01 9.853513e-01 -3.981102e-02
    outer loop
      vertex   -8.272035e+01 -3.877416e+00 2.726690e+01
      vertex   -8.340500e+01 -3.799999e+00 2.633122e+01
      vertex   -8.309328e+01 -3.799999e+00 2.762966e+01
    endloop
  endfacet
  facet normal 1.503516e-01 9.870408e-01 -5.607825e-02
    outer loop
      vertex   -8.272035e+01 -3.877416e+00 2.726690e+01
      vertex   -8.309328e+01 -3.799999e+00 2.762966e+01
      vertex   -8.231915e+01 -3.877416e+00 2.834255e+01
    endloop
  endfacet
  facet normal 1.592562e-01 9.850309e-01 -6.596606e-02
    outer loop
      vertex   -8.231915e+01 -3.877416e+00 2.834255e+01
      vertex   -8.309328e+01 -3.799999e+00 2.762966e+01
      vertex   -8.258226e+01 -3.799999e+00 2.886336e+01
    endloop
  endfacet
  facet normal 1.396015e-01 9.872693e-01 -7.622820e-02
    outer loop
      vertex   -8.231915e+01 -3.877416e+00 2.834255e+01
      vertex   -8.258226e+01 -3.799999e+00 2.886336e+01
      vertex   -8.176896e+01 -3.877416e+00 2.935015e+01
    endloop
  endfacet
  facet normal 1.480413e-01 9.848115e-01 -9.071984e-02
    outer loop
      vertex   -8.176896e+01 -3.877416e+00 2.935015e+01
      vertex   -8.258226e+01 -3.799999e+00 2.886336e+01
      vertex   -8.188455e+01 -3.799999e+00 3.000192e+01
    endloop
  endfacet
  facet normal 1.266634e-01 9.874035e-01 -9.481906e-02
    outer loop
      vertex   -8.176896e+01 -3.877416e+00 2.935015e+01
      vertex   -8.188455e+01 -3.799999e+00 3.000192e+01
      vertex   -8.108097e+01 -3.877416e+00 3.026919e+01
    endloop
  endfacet
  facet normal 1.325071e-01 9.847000e-01 -1.131718e-01
    outer loop
      vertex   -8.108097e+01 -3.877416e+00 3.026919e+01
      vertex   -8.188455e+01 -3.799999e+00 3.000192e+01
      vertex   -8.101732e+01 -3.799999e+00 3.101732e+01
    endloop
  endfacet
  facet normal 1.116845e-01 9.874478e-01 -1.116845e-01
    outer loop
      vertex   -8.108097e+01 -3.877416e+00 3.026919e+01
      vertex   -8.101732e+01 -3.799999e+00 3.101732e+01
      vertex   -8.026919e+01 -3.877416e+00 3.108097e+01
    endloop
  endfacet
  facet normal 1.131718e-01 9.847000e-01 -1.325071e-01
    outer loop
      vertex   -8.026919e+01 -3.877416e+00 3.108097e+01
      vertex   -8.101732e+01 -3.799999e+00 3.101732e+01
      vertex   -8.000192e+01 -3.799999e+00 3.188455e+01
    endloop
  endfacet
  facet normal 9.481906e-02 9.874035e-01 -1.266634e-01
    outer loop
      vertex   -8.026919e+01 -3.877416e+00 3.108097e+01
      vertex   -8.000192e+01 -3.799999e+00 3.188455e+01
      vertex   -7.935015e+01 -3.877416e+00 3.176896e+01
    endloop
  endfacet
  facet normal 9.071984e-02 9.848115e-01 -1.480413e-01
    outer loop
      vertex   -7.935015e+01 -3.877416e+00 3.176896e+01
      vertex   -8.000192e+01 -3.799999e+00 3.188455e+01
      vertex   -7.886336e+01 -3.799999e+00 3.258226e+01
    endloop
  endfacet
  facet normal 7.622820e-02 9.872693e-01 -1.396015e-01
    outer loop
      vertex   -7.935015e+01 -3.877416e+00 3.176896e+01
      vertex   -7.886336e+01 -3.799999e+00 3.258226e+01
      vertex   -7.834255e+01 -3.877416e+00 3.231915e+01
    endloop
  endfacet
  facet normal 6.596606e-02 9.850309e-01 -1.592562e-01
    outer loop
      vertex   -7.834255e+01 -3.877416e+00 3.231915e+01
      vertex   -7.886336e+01 -3.799999e+00 3.258226e+01
      vertex   -7.762966e+01 -3.799999e+00 3.309328e+01
    endloop
  endfacet
  facet normal 5.607825e-02 9.870408e-01 -1.503516e-01
    outer loop
      vertex   -7.834255e+01 -3.877416e+00 3.231915e+01
      vertex   -7.762966e+01 -3.799999e+00 3.309328e+01
      vertex   -7.726690e+01 -3.877416e+00 3.272035e+01
    endloop
  endfacet
  facet normal 3.981102e-02 9.853513e-01 -1.658248e-01
    outer loop
      vertex   -7.726690e+01 -3.877416e+00 3.272035e+01
      vertex   -7.762966e+01 -3.799999e+00 3.309328e+01
      vertex   -7.633122e+01 -3.799999e+00 3.340500e+01
    endloop
  endfacet
  facet normal 3.453912e-02 9.867107e-01 -1.587738e-01
    outer loop
      vertex   -7.726690e+01 -3.877416e+00 3.272035e+01
      vertex   -7.633122e+01 -3.799999e+00 3.340500e+01
      vertex   -7.614510e+01 -3.877416e+00 3.296438e+01
    endloop
  endfacet
  facet normal 1.319229e-02 9.857627e-01 -1.676240e-01
    outer loop
      vertex   -7.614510e+01 -3.877416e+00 3.296438e+01
      vertex   -7.633122e+01 -3.799999e+00 3.340500e+01
      vertex   -7.500000e+01 -3.799999e+00 3.350977e+01
    endloop
  endfacet
  facet normal 1.178206e-02 9.862675e-01 -1.647347e-01
    outer loop
      vertex   -7.614510e+01 -3.877416e+00 3.296438e+01
      vertex   -7.500000e+01 -3.799999e+00 3.350977e+01
      vertex   -7.500000e+01 -3.877416e+00 3.304628e+01
    endloop
  endfacet
  facet normal 2.872400e-02 9.153584e-01 -4.016141e-01
    outer loop
      vertex   -7.500000e+01 -3.877416e+00 3.304628e+01
      vertex   -7.500000e+01 -4.066219e+00 3.261596e+01
      vertex   -7.614510e+01 -3.877416e+00 3.296438e+01
    endloop
  endfacet
  facet normal 2.872400e-02 9.153584e-01 -4.016141e-01
    outer loop
      vertex   -7.614510e+01 -3.877416e+00 3.296438e+01
      vertex   -7.500000e+01 -4.066219e+00 3.261596e+01
      vertex   -7.608386e+01 -4.066219e+00 3.253844e+01
    endloop
  endfacet
  facet normal 8.558728e-02 9.153584e-01 -3.934384e-01
    outer loop
      vertex   -7.614510e+01 -3.877416e+00 3.296438e+01
      vertex   -7.608386e+01 -4.066219e+00 3.253844e+01
      vertex   -7.726690e+01 -3.877416e+00 3.272035e+01
    endloop
  endfacet
  facet normal 8.558728e-02 9.153584e-01 -3.934384e-01
    outer loop
      vertex   -7.726690e+01 -3.877416e+00 3.272035e+01
      vertex   -7.608386e+01 -4.066219e+00 3.253844e+01
      vertex   -7.714566e+01 -4.066219e+00 3.230746e+01
    endloop
  endfacet
  facet normal 1.407082e-01 9.153584e-01 -3.772534e-01
    outer loop
      vertex   -7.726690e+01 -3.877416e+00 3.272035e+01
      vertex   -7.714566e+01 -4.066219e+00 3.230746e+01
      vertex   -7.834255e+01 -3.877416e+00 3.231915e+01
    endloop
  endfacet
  facet normal 1.407082e-01 9.153584e-01 -3.772534e-01
    outer loop
      vertex   -7.834255e+01 -3.877416e+00 3.231915e+01
      vertex   -7.714566e+01 -4.066219e+00 3.230746e+01
      vertex   -7.816378e+01 -4.066219e+00 3.192772e+01
    endloop
  endfacet
  facet normal 1.929648e-01 9.153584e-01 -3.533886e-01
    outer loop
      vertex   -7.834255e+01 -3.877416e+00 3.231915e+01
      vertex   -7.816378e+01 -4.066219e+00 3.192772e+01
      vertex   -7.935015e+01 -3.877416e+00 3.176896e+01
    endloop
  endfacet
  facet normal 1.929648e-01 9.153584e-01 -3.533886e-01
    outer loop
      vertex   -7.935015e+01 -3.877416e+00 3.176896e+01
      vertex   -7.816378e+01 -4.066219e+00 3.192772e+01
      vertex   -7.911750e+01 -4.066219e+00 3.140695e+01
    endloop
  endfacet
  facet normal 2.412931e-01 9.153584e-01 -3.223299e-01
    outer loop
      vertex   -7.935015e+01 -3.877416e+00 3.176896e+01
      vertex   -7.911750e+01 -4.066219e+00 3.140695e+01
      vertex   -8.026919e+01 -3.877416e+00 3.108097e+01
    endloop
  endfacet
  facet normal 2.412931e-01 9.153584e-01 -3.223299e-01
    outer loop
      vertex   -8.026919e+01 -3.877416e+00 3.108097e+01
      vertex   -7.911750e+01 -4.066219e+00 3.140695e+01
      vertex   -7.998739e+01 -4.066219e+00 3.075576e+01
    endloop
  endfacet
  facet normal 2.847094e-01 9.153584e-01 -2.847094e-01
    outer loop
      vertex   -8.026919e+01 -3.877416e+00 3.108097e+01
      vertex   -7.998739e+01 -4.066219e+00 3.075576e+01
      vertex   -8.108097e+01 -3.877416e+00 3.026919e+01
    endloop
  endfacet
  facet normal 2.847094e-01 9.153584e-01 -2.847094e-01
    outer loop
      vertex   -8.108097e+01 -3.877416e+00 3.026919e+01
      vertex   -7.998739e+01 -4.066219e+00 3.075576e+01
      vertex   -8.075576e+01 -4.066219e+00 2.998739e+01
    endloop
  endfacet
  facet normal 3.223299e-01 9.153584e-01 -2.412931e-01
    outer loop
      vertex   -8.108097e+01 -3.877416e+00 3.026919e+01
      vertex   -8.075576e+01 -4.066219e+00 2.998739e+01
      vertex   -8.176896e+01 -3.877416e+00 2.935015e+01
    endloop
  endfacet
  facet normal 3.223299e-01 9.153584e-01 -2.412931e-01
    outer loop
      vertex   -8.176896e+01 -3.877416e+00 2.935015e+01
      vertex   -8.075576e+01 -4.066219e+00 2.998739e+01
      vertex   -8.140695e+01 -4.066219e+00 2.911750e+01
    endloop
  endfacet
  facet normal 3.533886e-01 9.153584e-01 -1.929648e-01
    outer loop
      vertex   -8.176896e+01 -3.877416e+00 2.935015e+01
      vertex   -8.140695e+01 -4.066219e+00 2.911750e+01
      vertex   -8.231915e+01 -3.877416e+00 2.834255e+01
    endloop
  endfacet
  facet normal 3.533886e-01 9.153584e-01 -1.929648e-01
    outer loop
      vertex   -8.231915e+01 -3.877416e+00 2.834255e+01
      vertex   -8.140695e+01 -4.066219e+00 2.911750e+01
      vertex   -8.192772e+01 -4.066219e+00 2.816378e+01
    endloop
  endfacet
  facet normal 3.772534e-01 9.153584e-01 -1.407082e-01
    outer loop
      vertex   -8.231915e+01 -3.877416e+00 2.834255e+01
      vertex   -8.192772e+01 -4.066219e+00 2.816378e+01
      vertex   -8.272035e+01 -3.877416e+00 2.726690e+01
    endloop
  endfacet
  facet normal 3.772534e-01 9.153584e-01 -1.407082e-01
    outer loop
      vertex   -8.272035e+01 -3.877416e+00 2.726690e+01
      vertex   -8.192772e+01 -4.066219e+00 2.816378e+01
      vertex   -8.230746e+01 -4.066219e+00 2.714566e+01
    endloop
  endfacet
  facet normal 3.934384e-01 9.153584e-01 -8.558728e-02
    outer loop
      vertex   -8.272035e+01 -3.877416e+00 2.726690e+01
      vertex   -8.230746e+01 -4.066219e+00 2.714566e+01
      vertex   -8.296438e+01 -3.877416e+00 2.614510e+01
    endloop
  endfacet
  facet normal 3.934384e-01 9.153584e-01 -8.558728e-02
    outer loop
      vertex   -8.296438e+01 -3.877416e+00 2.614510e+01
      vertex   -8.230746e+01 -4.066219e+00 2.714566e+01
      vertex   -8.253844e+01 -4.066219e+00 2.608386e+01
    endloop
  endfacet
  facet normal 4.016141e-01 9.153584e-01 -2.872400e-02
    outer loop
      vertex   -8.296438e+01 -3.877416e+00 2.614510e+01
      vertex   -8.253844e+01 -4.066219e+00 2.608386e+01
      vertex   -8.304628e+01 -3.877416e+00 2.500000e+01
    endloop
  endfacet
  facet normal 4.016141e-01 9.153584e-01 -2.872400e-02
    outer loop
      vertex   -8.304628e+01 -3.877416e+00 2.500000e+01
      vertex   -8.253844e+01 -4.066219e+00 2.608386e+01
      vertex   -8.261596e+01 -4.066219e+00 2.500000e+01
    endloop
  endfacet
  facet normal 6.136451e-01 7.883613e-01 -4.388876e-02
    outer loop
      vertex   -8.261596e+01 -4.066219e+00 2.500000e+01
      vertex   -8.253844e+01 -4.066219e+00 2.608386e+01
      vertex   -8.224514e+01 -4.354859e+00 2.500000e+01
    endloop
  endfacet
  facet normal 5.959342e-01 8.013389e-01 -5.213749e-02
    outer loop
      vertex   -8.224514e+01 -4.354859e+00 2.500000e+01
      vertex   -8.253844e+01 -4.066219e+00 2.608386e+01
      vertex   -8.213507e+01 -4.354859e+00 2.625811e+01
    endloop
  endfacet
  facet normal 6.142357e-01 7.777278e-01 -1.336188e-01
    outer loop
      vertex   -8.213507e+01 -4.354859e+00 2.625811e+01
      vertex   -8.253844e+01 -4.066219e+00 2.608386e+01
      vertex   -8.230746e+01 -4.066219e+00 2.714566e+01
    endloop
  endfacet
  facet normal 5.687353e-01 8.082801e-01 -1.523922e-01
    outer loop
      vertex   -8.213507e+01 -4.354859e+00 2.625811e+01
      vertex   -8.230746e+01 -4.066219e+00 2.714566e+01
      vertex   -8.180820e+01 -4.354859e+00 2.747798e+01
    endloop
  endfacet
  facet normal 5.944595e-01 7.729536e-01 -2.217219e-01
    outer loop
      vertex   -8.180820e+01 -4.354859e+00 2.747798e+01
      vertex   -8.230746e+01 -4.066219e+00 2.714566e+01
      vertex   -8.192772e+01 -4.066219e+00 2.816378e+01
    endloop
  endfacet
  facet normal 5.319494e-01 8.096296e-01 -2.480521e-01
    outer loop
      vertex   -8.180820e+01 -4.354859e+00 2.747798e+01
      vertex   -8.192772e+01 -4.066219e+00 2.816378e+01
      vertex   -8.127447e+01 -4.354859e+00 2.862257e+01
    endloop
  endfacet
  facet normal 5.551324e-01 7.745599e-01 -3.031252e-01
    outer loop
      vertex   -8.127447e+01 -4.354859e+00 2.862257e+01
      vertex   -8.192772e+01 -4.066219e+00 2.816378e+01
      vertex   -8.140695e+01 -4.066219e+00 2.911750e+01
    endloop
  endfacet
  facet normal 4.853783e-01 8.055429e-01 -3.398656e-01
    outer loop
      vertex   -8.127447e+01 -4.354859e+00 2.862257e+01
      vertex   -8.140695e+01 -4.066219e+00 2.911750e+01
      vertex   -8.055010e+01 -4.354859e+00 2.965709e+01
    endloop
  endfacet
  facet normal 4.985882e-01 7.823700e-01 -3.732385e-01
    outer loop
      vertex   -8.055010e+01 -4.354859e+00 2.965709e+01
      vertex   -8.140695e+01 -4.066219e+00 2.911750e+01
      vertex   -8.075576e+01 -4.066219e+00 2.998739e+01
    endloop
  endfacet
  facet normal 4.284324e-01 7.955447e-01 -4.284324e-01
    outer loop
      vertex   -8.055010e+01 -4.354859e+00 2.965709e+01
      vertex   -8.075576e+01 -4.066219e+00 2.998739e+01
      vertex   -7.998739e+01 -4.066219e+00 3.075576e+01
    endloop
  endfacet
  facet normal 4.388876e-02 7.883613e-01 -6.136451e-01
    outer loop
      vertex   -7.500000e+01 -4.066219e+00 3.261596e+01
      vertex   -7.500000e+01 -4.354859e+00 3.224514e+01
      vertex   -7.608386e+01 -4.066219e+00 3.253844e+01
    endloop
  endfacet
  facet normal 5.213749e-02 8.013389e-01 -5.959342e-01
    outer loop
      vertex   -7.608386e+01 -4.066219e+00 3.253844e+01
      vertex   -7.500000e+01 -4.354859e+00 3.224514e+01
      vertex   -7.625811e+01 -4.354859e+00 3.213507e+01
    endloop
  endfacet
  facet normal 1.336188e-01 7.777278e-01 -6.142357e-01
    outer loop
      vertex   -7.608386e+01 -4.066219e+00 3.253844e+01
      vertex   -7.625811e+01 -4.354859e+00 3.213507e+01
      vertex   -7.714566e+01 -4.066219e+00 3.230746e+01
    endloop
  endfacet
  facet normal 1.523922e-01 8.082801e-01 -5.687353e-01
    outer loop
      vertex   -7.714566e+01 -4.066219e+00 3.230746e+01
      vertex   -7.625811e+01 -4.354859e+00 3.213507e+01
      vertex   -7.747798e+01 -4.354859e+00 3.180820e+01
    endloop
  endfacet
  facet normal 2.217219e-01 7.729536e-01 -5.944595e-01
    outer loop
      vertex   -7.714566e+01 -4.066219e+00 3.230746e+01
      vertex   -7.747798e+01 -4.354859e+00 3.180820e+01
      vertex   -7.816378e+01 -4.066219e+00 3.192772e+01
    endloop
  endfacet
  facet normal 2.480521e-01 8.096296e-01 -5.319494e-01
    outer loop
      vertex   -7.816378e+01 -4.066219e+00 3.192772e+01
      vertex   -7.747798e+01 -4.354859e+00 3.180820e+01
      vertex   -7.862257e+01 -4.354859e+00 3.127447e+01
    endloop
  endfacet
  facet normal 3.031252e-01 7.745599e-01 -5.551324e-01
    outer loop
      vertex   -7.816378e+01 -4.066219e+00 3.192772e+01
      vertex   -7.862257e+01 -4.354859e+00 3.127447e+01
      vertex   -7.911750e+01 -4.066219e+00 3.140695e+01
    endloop
  endfacet
  facet normal 3.398656e-01 8.055429e-01 -4.853783e-01
    outer loop
      vertex   -7.911750e+01 -4.066219e+00 3.140695e+01
      vertex   -7.862257e+01 -4.354859e+00 3.127447e+01
      vertex   -7.965709e+01 -4.354859e+00 3.055010e+01
    endloop
  endfacet
  facet normal 3.732385e-01 7.823700e-01 -4.985882e-01
    outer loop
      vertex   -7.911750e+01 -4.066219e+00 3.140695e+01
      vertex   -7.965709e+01 -4.354859e+00 3.055010e+01
      vertex   -7.998739e+01 -4.066219e+00 3.075576e+01
    endloop
  endfacet
  facet normal 4.284324e-01 7.955447e-01 -4.284324e-01
    outer loop
      vertex   -7.998739e+01 -4.066219e+00 3.075576e+01
      vertex   -7.965709e+01 -4.354859e+00 3.055010e+01
      vertex   -8.055010e+01 -4.354859e+00 2.965709e+01
    endloop
  endfacet
  facet normal -7.057576e-01 7.057576e-01 -6.174579e-02
    outer loop
      vertex   8.224514e+01 -4.354859e+00 2.500000e+01
      vertex   8.184101e+01 -4.758986e+00 2.500000e+01
      vertex   8.213507e+01 -4.354859e+00 2.625811e+01
    endloop
  endfacet
  facet normal -7.057576e-01 7.057576e-01 -6.174579e-02
    outer loop
      vertex   8.213507e+01 -4.354859e+00 2.625811e+01
      vertex   8.184101e+01 -4.758986e+00 2.500000e+01
      vertex   8.173708e+01 -4.758986e+00 2.618793e+01
    endloop
  endfacet
  facet normal -6.843135e-01 7.057576e-01 -1.833612e-01
    outer loop
      vertex   8.213507e+01 -4.354859e+00 2.625811e+01
      vertex   8.173708e+01 -4.758986e+00 2.618793e+01
      vertex   8.180820e+01 -4.354859e+00 2.747798e+01
    endloop
  endfacet
  facet normal -6.843135e-01 7.057576e-01 -1.833612e-01
    outer loop
      vertex   8.180820e+01 -4.354859e+00 2.747798e+01
      vertex   8.173708e+01 -4.758986e+00 2.618793e+01
      vertex   8.142845e+01 -4.758986e+00 2.733976e+01
    endloop
  endfacet
  facet normal -6.420769e-01 7.057576e-01 -2.994054e-01
    outer loop
      vertex   8.180820e+01 -4.354859e+00 2.747798e+01
      vertex   8.142845e+01 -4.758986e+00 2.733976e+01
      vertex   8.127447e+01 -4.354859e+00 2.862257e+01
    endloop
  endfacet
  facet normal -6.420769e-01 7.057576e-01 -2.994054e-01
    outer loop
      vertex   8.127447e+01 -4.354859e+00 2.862257e+01
      vertex   8.142845e+01 -4.758986e+00 2.733976e+01
      vertex   8.092449e+01 -4.758986e+00 2.842051e+01
    endloop
  endfacet
  facet normal -5.803311e-01 7.057576e-01 -4.063522e-01
    outer loop
      vertex   8.127447e+01 -4.354859e+00 2.862257e+01
      vertex   8.092449e+01 -4.758986e+00 2.842051e+01
      vertex   8.055010e+01 -4.354859e+00 2.965709e+01
    endloop
  endfacet
  facet normal -5.803311e-01 7.057576e-01 -4.063522e-01
    outer loop
      vertex   8.055010e+01 -4.354859e+00 2.965709e+01
      vertex   8.092449e+01 -4.758986e+00 2.842051e+01
      vertex   8.024052e+01 -4.758986e+00 2.939732e+01
    endloop
  endfacet
  facet normal -5.009522e-01 7.057576e-01 -5.009522e-01
    outer loop
      vertex   8.055010e+01 -4.354859e+00 2.965709e+01
      vertex   8.024052e+01 -4.758986e+00 2.939732e+01
      vertex   7.965709e+01 -4.354859e+00 3.055010e+01
    endloop
  endfacet
  facet normal -5.009522e-01 7.057576e-01 -5.009522e-01
    outer loop
      vertex   7.965709e+01 -4.354859e+00 3.055010e+01
      vertex   8.024052e+01 -4.758986e+00 2.939732e+01
      vertex   7.939732e+01 -4.758986e+00 3.024052e+01
    endloop
  endfacet
  facet normal -4.063522e-01 7.057576e-01 -5.803311e-01
    outer loop
      vertex   7.965709e+01 -4.354859e+00 3.055010e+01
      vertex   7.939732e+01 -4.758986e+00 3.024052e+01
      vertex   7.862257e+01 -4.354859e+00 3.127447e+01
    endloop
  endfacet
  facet normal -4.063522e-01 7.057576e-01 -5.803311e-01
    outer loop
      vertex   7.862257e+01 -4.354859e+00 3.127447e+01
      vertex   7.939732e+01 -4.758986e+00 3.024052e+01
      vertex   7.842051e+01 -4.758986e+00 3.092449e+01
    endloop
  endfacet
  facet normal -2.994054e-01 7.057576e-01 -6.420769e-01
    outer loop
      vertex   7.862257e+01 -4.354859e+00 3.127447e+01
      vertex   7.842051e+01 -4.758986e+00 3.092449e+01
      vertex   7.747798e+01 -4.354859e+00 3.180820e+01
    endloop
  endfacet
  facet normal -2.994054e-01 7.057576e-01 -6.420769e-01
    outer loop
      vertex   7.747798e+01 -4.354859e+00 3.180820e+01
      vertex   7.842051e+01 -4.758986e+00 3.092449e+01
      vertex   7.733976e+01 -4.758986e+00 3.142845e+01
    endloop
  endfacet
  facet normal -1.833612e-01 7.057576e-01 -6.843135e-01
    outer loop
      vertex   7.747798e+01 -4.354859e+00 3.180820e+01
      vertex   7.733976e+01 -4.758986e+00 3.142845e+01
      vertex   7.625811e+01 -4.354859e+00 3.213507e+01
    endloop
  endfacet
  facet normal -1.833612e-01 7.057576e-01 -6.843135e-01
    outer loop
      vertex   7.625811e+01 -4.354859e+00 3.213507e+01
      vertex   7.733976e+01 -4.758986e+00 3.142845e+01
      vertex   7.618793e+01 -4.758986e+00 3.173708e+01
    endloop
  endfacet
  facet normal -6.174579e-02 7.057576e-01 -7.057576e-01
    outer loop
      vertex   7.625811e+01 -4.354859e+00 3.213507e+01
      vertex   7.618793e+01 -4.758986e+00 3.173708e+01
      vertex   7.500000e+01 -4.354859e+00 3.224514e+01
    endloop
  endfacet
  facet normal -6.174579e-02 7.057576e-01 -7.057576e-01
    outer loop
      vertex   7.500000e+01 -4.354859e+00 3.224514e+01
      vertex   7.618793e+01 -4.758986e+00 3.173708e+01
      vertex   7.500000e+01 -4.758986e+00 3.184101e+01
    endloop
  endfacet
  facet normal -4.736952e-17 1.771478e-31 -1.000000e+00
    outer loop
      vertex   -7.500000e+01 -3.799999e+00 3.400000e+01
      vertex   -7.500000e+01 4.440892e-15 3.400000e+01
      vertex   7.500000e+01 -3.799999e+00 3.400000e+01
    endloop
  endfacet
  facet normal -4.736952e-17 0.000000e+00 -1.000000e+00
    outer loop
      vertex   7.500000e+01 -3.799999e+00 3.400000e+01
      vertex   -7.500000e+01 4.440892e-15 3.400000e+01
      vertex   7.500000e+01 4.440892e-15 3.400000e+01
    endloop
  endfacet
  facet normal -7.845910e-02 0.000000e+00 -9.969173e-01
    outer loop
      vertex   7.500000e+01 -3.799999e+00 3.400000e+01
      vertex   7.500000e+01 4.440892e-15 3.400000e+01
      vertex   7.640791e+01 -3.799999e+00 3.388919e+01
    endloop
  endfacet
  facet normal -7.845910e-02 0.000000e+00 -9.969173e-01
    outer loop
      vertex   7.640791e+01 -3.799999e+00 3.388919e+01
      vertex   7.500000e+01 4.440892e-15 3.400000e+01
      vertex   7.640791e+01 4.440892e-15 3.388919e+01
    endloop
  endfacet
  facet normal -2.334454e-01 0.000000e+00 -9.723699e-01
    outer loop
      vertex   7.640791e+01 -3.799999e+00 3.388919e+01
      vertex   7.640791e+01 4.440892e-15 3.388919e+01
      vertex   7.778115e+01 -3.799999e+00 3.355951e+01
    endloop
  endfacet
  facet normal -2.334454e-01 0.000000e+00 -9.723699e-01
    outer loop
      vertex   7.778115e+01 -3.799999e+00 3.355951e+01
      vertex   7.640791e+01 4.440892e-15 3.388919e+01
      vertex   7.778115e+01 4.440892e-15 3.355951e+01
    endloop
  endfacet
  facet normal -3.826834e-01 0.000000e+00 -9.238795e-01
    outer loop
      vertex   7.778115e+01 -3.799999e+00 3.355951e+01
      vertex   7.778115e+01 4.440892e-15 3.355951e+01
      vertex   7.908591e+01 -3.799999e+00 3.301906e+01
    endloop
  endfacet
  facet normal -3.826834e-01 0.000000e+00 -9.238795e-01
    outer loop
      vertex   7.908591e+01 -3.799999e+00 3.301906e+01
      vertex   7.778115e+01 4.440892e-15 3.355951e+01
      vertex   7.908591e+01 4.440892e-15 3.301906e+01
    endloop
  endfacet
  facet normal -5.224986e-01 0.000000e+00 -8.526402e-01
    outer loop
      vertex   7.908591e+01 -3.799999e+00 3.301906e+01
      vertex   7.908591e+01 4.440892e-15 3.301906e+01
      vertex   8.029007e+01 -3.799999e+00 3.228115e+01
    endloop
  endfacet
  facet normal -5.224986e-01 0.000000e+00 -8.526402e-01
    outer loop
      vertex   8.029007e+01 -3.799999e+00 3.228115e+01
      vertex   7.908591e+01 4.440892e-15 3.301906e+01
      vertex   8.029007e+01 4.440892e-15 3.228115e+01
    endloop
  endfacet
  facet normal -6.494480e-01 0.000000e+00 -7.604060e-01
    outer loop
      vertex   8.029007e+01 -3.799999e+00 3.228115e+01
      vertex   8.029007e+01 4.440892e-15 3.228115e+01
      vertex   8.136396e+01 -3.799999e+00 3.136396e+01
    endloop
  endfacet
  facet normal -6.494480e-01 0.000000e+00 -7.604060e-01
    outer loop
      vertex   8.136396e+01 -3.799999e+00 3.136396e+01
      vertex   8.029007e+01 4.440892e-15 3.228115e+01
      vertex   8.136396e+01 4.440892e-15 3.136396e+01
    endloop
  endfacet
  facet normal -7.604060e-01 0.000000e+00 -6.494480e-01
    outer loop
      vertex   8.136396e+01 -3.799999e+00 3.136396e+01
      vertex   8.136396e+01 4.440892e-15 3.136396e+01
      vertex   8.228115e+01 -3.799999e+00 3.029007e+01
    endloop
  endfacet
  facet normal -7.604060e-01 0.000000e+00 -6.494480e-01
    outer loop
      vertex   8.228115e+01 -3.799999e+00 3.029007e+01
      vertex   8.136396e+01 4.440892e-15 3.136396e+01
      vertex   8.228115e+01 4.440892e-15 3.029007e+01
    endloop
  endfacet
  facet normal -8.526402e-01 0.000000e+00 -5.224986e-01
    outer loop
      vertex   8.228115e+01 -3.799999e+00 3.029007e+01
      vertex   8.228115e+01 4.440892e-15 3.029007e+01
      vertex   8.301906e+01 -3.799999e+00 2.908591e+01
    endloop
  endfacet
  facet normal -8.526402e-01 0.000000e+00 -5.224986e-01
    outer loop
      vertex   8.301906e+01 -3.799999e+00 2.908591e+01
      vertex   8.228115e+01 4.440892e-15 3.029007e+01
      vertex   8.301906e+01 4.440892e-15 2.908591e+01
    endloop
  endfacet
  facet normal -9.238795e-01 0.000000e+00 -3.826834e-01
    outer loop
      vertex   8.301906e+01 -3.799999e+00 2.908591e+01
      vertex   8.301906e+01 4.440892e-15 2.908591e+01
      vertex   8.355951e+01 -3.799999e+00 2.778115e+01
    endloop
  endfacet
  facet normal -9.238795e-01 0.000000e+00 -3.826834e-01
    outer loop
      vertex   8.355951e+01 -3.799999e+00 2.778115e+01
      vertex   8.301906e+01 4.440892e-15 2.908591e+01
      vertex   8.355951e+01 4.440892e-15 2.778115e+01
    endloop
  endfacet
  facet normal -9.723699e-01 0.000000e+00 -2.334454e-01
    outer loop
      vertex   8.355951e+01 -3.799999e+00 2.778115e+01
      vertex   8.355951e+01 4.440892e-15 2.778115e+01
      vertex   8.388919e+01 -3.799999e+00 2.640791e+01
    endloop
  endfacet
  facet normal -9.723699e-01 0.000000e+00 -2.334454e-01
    outer loop
      vertex   8.388919e+01 -3.799999e+00 2.640791e+01
      vertex   8.355951e+01 4.440892e-15 2.778115e+01
      vertex   8.388919e+01 4.440892e-15 2.640791e+01
    endloop
  endfacet
  facet normal -9.969173e-01 0.000000e+00 -7.845910e-02
    outer loop
      vertex   8.388919e+01 -3.799999e+00 2.640791e+01
      vertex   8.388919e+01 4.440892e-15 2.640791e+01
      vertex   8.400000e+01 -3.799999e+00 2.500000e+01
    endloop
  endfacet
  facet normal -9.969173e-01 0.000000e+00 -7.845910e-02
    outer loop
      vertex   8.400000e+01 -3.799999e+00 2.500000e+01
      vertex   8.388919e+01 4.440892e-15 2.640791e+01
      vertex   8.400000e+01 4.440892e-15 2.500000e+01
    endloop
  endfacet
  facet normal -1.000000e+00 0.000000e+00 0.000000e+00
    outer loop
      vertex   8.400000e+01 -3.799999e+00 2.500000e+01
      vertex   8.400000e+01 4.440892e-15 2.500000e+01
      vertex   8.400000e+01 -3.799999e+00 -2.500000e+01
    endloop
  endfacet
  facet normal -1.000000e+00 0.000000e+00 0.000000e+00
    outer loop
      vertex   8.400000e+01 -3.799999e+00 -2.500000e+01
      vertex   8.400000e+01 4.440892e-15 2.500000e+01
      vertex   8.400000e+01 4.440892e-15 -2.500000e+01
    endloop
  endfacet
  facet normal -9.969173e-01 7.335336e-17 7.845910e-02
    outer loop
      vertex   8.400000e+01 -3.799999e+00 -2.500000e+01
      vertex   8.400000e+01 4.440892e-15 -2.500000e+01
      vertex   8.388919e+01 -3.799999e+00 -2.640791e+01
    endloop
  endfacet
  facet normal -9.969173e-01 7.335336e-17 7.845910e-02
    outer loop
      vertex   8.388919e+01 -3.799999e+00 -2.640791e+01
      vertex   8.400000e+01 4.440892e-15 -2.500000e+01
      vertex   8.388919e+01 4.440892e-15 -2.640791e+01
    endloop
  endfacet
  facet normal -9.723699e-01 2.182539e-16 2.334454e-01
    outer loop
      vertex   8.388919e+01 -3.799999e+00 -2.640791e+01
      vertex   8.388919e+01 4.440892e-15 -2.640791e+01
      vertex   8.355951e+01 -3.799999e+00 -2.778115e+01
    endloop
  endfacet
  facet normal -9.723699e-01 2.182539e-16 2.334454e-01
    outer loop
      vertex   8.355951e+01 -3.799999e+00 -2.778115e+01
      vertex   8.388919e+01 4.440892e-15 -2.640791e+01
      vertex   8.355951e+01 4.440892e-15 -2.778115e+01
    endloop
  endfacet
  facet normal -9.238795e-01 3.577803e-16 3.826834e-01
    outer loop
      vertex   8.355951e+01 -3.799999e+00 -2.778115e+01
      vertex   8.355951e+01 4.440892e-15 -2.778115e+01
      vertex   8.301906e+01 -3.799999e+00 -2.908591e+01
    endloop
  endfacet
  facet normal -9.238795e-01 3.577803e-16 3.826834e-01
    outer loop
      vertex   8.301906e+01 -3.799999e+00 -2.908591e+01
      vertex   8.355951e+01 4.440892e-15 -2.778115e+01
      vertex   8.301906e+01 4.440892e-15 -2.908591e+01
    endloop
  endfacet
  facet normal -8.526402e-01 4.884969e-16 5.224986e-01
    outer loop
      vertex   8.301906e+01 -3.799999e+00 -2.908591e+01
      vertex   8.301906e+01 4.440892e-15 -2.908591e+01
      vertex   8.228115e+01 -3.799999e+00 -3.029007e+01
    endloop
  endfacet
  facet normal -8.526402e-01 4.884969e-16 5.224986e-01
    outer loop
      vertex   8.228115e+01 -3.799999e+00 -3.029007e+01
      vertex   8.301906e+01 4.440892e-15 -2.908591e+01
      vertex   8.228115e+01 4.440892e-15 -3.029007e+01
    endloop
  endfacet
  facet normal -7.604060e-01 6.071851e-16 6.494480e-01
    outer loop
      vertex   8.228115e+01 -3.799999e+00 -3.029007e+01
      vertex   8.228115e+01 4.440892e-15 -3.029007e+01
      vertex   8.136396e+01 -3.799999e+00 -3.136396e+01
    endloop
  endfacet
  facet normal -7.604060e-01 0.000000e+00 6.494480e-01
    outer loop
      vertex   8.136396e+01 -3.799999e+00 -3.136396e+01
      vertex   8.228115e+01 4.440892e-15 -3.029007e+01
      vertex   8.136396e+01 4.440892e-15 -3.136396e+01
    endloop
  endfacet
  facet normal -6.494480e-01 0.000000e+00 7.604060e-01
    outer loop
      vertex   8.136396e+01 -3.799999e+00 -3.136396e+01
      vertex   8.136396e+01 4.440892e-15 -3.136396e+01
      vertex   8.029007e+01 -3.799999e+00 -3.228115e+01
    endloop
  endfacet
  facet normal -6.494480e-01 0.000000e+00 7.604060e-01
    outer loop
      vertex   8.029007e+01 -3.799999e+00 -3.228115e+01
      vertex   8.136396e+01 4.440892e-15 -3.136396e+01
      vertex   8.029007e+01 4.440892e-15 -3.228115e+01
    endloop
  endfacet
  facet normal -5.224986e-01 0.000000e+00 8.526402e-01
    outer loop
      vertex   8.029007e+01 -3.799999e+00 -3.228115e+01
      vertex   8.029007e+01 4.440892e-15 -3.228115e+01
      vertex   7.908591e+01 -3.799999e+00 -3.301906e+01
    endloop
  endfacet
  facet normal -5.224986e-01 0.000000e+00 8.526402e-01
    outer loop
      vertex   7.908591e+01 -3.799999e+00 -3.301906e+01
      vertex   8.029007e+01 4.440892e-15 -3.228115e+01
      vertex   7.908591e+01 4.440892e-15 -3.301906e+01
    endloop
  endfacet
  facet normal -3.826834e-01 0.000000e+00 9.238795e-01
    outer loop
      vertex   7.908591e+01 -3.799999e+00 -3.301906e+01
      vertex   7.908591e+01 4.440892e-15 -3.301906e+01
      vertex   7.778115e+01 -3.799999e+00 -3.355951e+01
    endloop
  endfacet
  facet normal -3.826834e-01 0.000000e+00 9.238795e-01
    outer loop
      vertex   7.778115e+01 -3.799999e+00 -3.355951e+01
      vertex   7.908591e+01 4.440892e-15 -3.301906e+01
      vertex   7.778115e+01 4.440892e-15 -3.355951e+01
    endloop
  endfacet
  facet normal -2.334454e-01 0.000000e+00 9.723699e-01
    outer loop
      vertex   7.778115e+01 -3.799999e+00 -3.355951e+01
      vertex   7.778115e+01 4.440892e-15 -3.355951e+01
      vertex   7.640791e+01 -3.799999e+00 -3.388919e+01
    endloop
  endfacet
  facet normal -2.334454e-01 0.000000e+00 9.723699e-01
    outer loop
      vertex   7.640791e+01 -3.799999e+00 -3.388919e+01
      vertex   7.778115e+01 4.440892e-15 -3.355951e+01
      vertex   7.640791e+01 4.440892e-15 -3.388919e+01
    endloop
  endfacet
  facet normal -7.845910e-02 0.000000e+00 9.969173e-01
    outer loop
      vertex   7.640791e+01 -3.799999e+00 -3.388919e+01
      vertex   7.640791e+01 4.440892e-15 -3.388919e+01
      vertex   7.500000e+01 -3.799999e+00 -3.400000e+01
    endloop
  endfacet
  facet normal -7.845910e-02 1.864086e-15 9.969173e-01
    outer loop
      vertex   7.500000e+01 -3.799999e+00 -3.400000e+01
      vertex   7.640791e+01 4.440892e-15 -3.388919e+01
      vertex   7.500000e+01 4.440892e-15 -3.400000e+01
    endloop
  endfacet
  facet normal 1.000000e+00 -0.000000e+00 0.000000e+00
    outer loop
      vertex   -8.400000e+01 -3.799999e+00 -2.500000e+01
      vertex   -8.400000e+01 4.440892e-15 -2.500000e+01
      vertex   -8.400000e+01 -3.799999e+00 2.500000e+01
    endloop
  endfacet
  facet normal 1.000000e+00 -0.000000e+00 0.000000e+00
    outer loop
      vertex   -8.400000e+01 -3.799999e+00 2.500000e+01
      vertex   -8.400000e+01 4.440892e-15 -2.500000e+01
      vertex   -8.400000e+01 4.440892e-15 2.500000e+01
    endloop
  endfacet
  facet normal 7.845910e-02 -0.000000e+00 9.969173e-01
    outer loop
      vertex   -7.500000e+01 -3.799999e+00 -3.400000e+01
      vertex   -7.500000e+01 4.440892e-15 -3.400000e+01
      vertex   -7.640791e+01 -3.799999e+00 -3.388919e+01
    endloop
  endfacet
  facet normal 7.845910e-02 -0.000000e+00 9.969173e-01
    outer loop
      vertex   -7.640791e+01 -3.799999e+00 -3.388919e+01
      vertex   -7.500000e+01 4.440892e-15 -3.400000e+01
      vertex   -7.640791e+01 4.440892e-15 -3.388919e+01
    endloop
  endfacet
  facet normal 2.334454e-01 -0.000000e+00 9.723699e-01
    outer loop
      vertex   -7.640791e+01 -3.799999e+00 -3.388919e+01
      vertex   -7.640791e+01 4.440892e-15 -3.388919e+01
      vertex   -7.778115e+01 -3.799999e+00 -3.355951e+01
    endloop
  endfacet
  facet normal 2.334454e-01 -0.000000e+00 9.723699e-01
    outer loop
      vertex   -7.778115e+01 -3.799999e+00 -3.355951e+01
      vertex   -7.640791e+01 4.440892e-15 -3.388919e+01
      vertex   -7.778115e+01 4.440892e-15 -3.355951e+01
    endloop
  endfacet
  facet normal 3.826834e-01 -0.000000e+00 9.238795e-01
    outer loop
      vertex   -7.778115e+01 -3.799999e+00 -3.355951e+01
      vertex   -7.778115e+01 4.440892e-15 -3.355951e+01
      vertex   -7.908591e+01 -3.799999e+00 -3.301906e+01
    endloop
  endfacet
  facet normal 3.826834e-01 2.963949e-16 9.238795e-01
    outer loop
      vertex   -7.908591e+01 -3.799999e+00 -3.301906e+01
      vertex   -7.778115e+01 4.440892e-15 -3.355951e+01
      vertex   -7.908591e+01 4.440892e-15 -3.301906e+01
    endloop
  endfacet
  facet normal 5.224986e-01 -3.596786e-16 8.526402e-01
    outer loop
      vertex   -7.908591e+01 -3.799999e+00 -3.301906e+01
      vertex   -7.908591e+01 4.440892e-15 -3.301906e+01
      vertex   -8.029007e+01 -3.799999e+00 -3.228115e+01
    endloop
  endfacet
  facet normal 5.224986e-01 3.188618e-15 8.526402e-01
    outer loop
      vertex   -8.029007e+01 -3.799999e+00 -3.228115e+01
      vertex   -7.908591e+01 4.440892e-15 -3.301906e+01
      vertex   -8.029007e+01 4.440892e-15 -3.228115e+01
    endloop
  endfacet
  facet normal 6.494480e-01 2.843690e-15 7.604060e-01
    outer loop
      vertex   -8.029007e+01 -3.799999e+00 -3.228115e+01
      vertex   -8.029007e+01 4.440892e-15 -3.228115e+01
      vertex   -8.136396e+01 -3.799999e+00 -3.136396e+01
    endloop
  endfacet
  facet normal 6.494480e-01 1.421845e-15 7.604060e-01
    outer loop
      vertex   -8.136396e+01 -3.799999e+00 -3.136396e+01
      vertex   -8.029007e+01 4.440892e-15 -3.228115e+01
      vertex   -8.136396e+01 4.440892e-15 -3.136396e+01
    endloop
  endfacet
  facet normal 7.604060e-01 1.214370e-15 6.494480e-01
    outer loop
      vertex   -8.136396e+01 -3.799999e+00 -3.136396e+01
      vertex   -8.136396e+01 4.440892e-15 -3.136396e+01
      vertex   -8.228115e+01 -3.799999e+00 -3.029007e+01
    endloop
  endfacet
  facet normal 7.604060e-01 6.071851e-16 6.494480e-01
    outer loop
      vertex   -8.228115e+01 -3.799999e+00 -3.029007e+01
      vertex   -8.136396e+01 4.440892e-15 -3.136396e+01
      vertex   -8.228115e+01 4.440892e-15 -3.029007e+01
    endloop
  endfacet
  facet normal 8.526402e-01 4.884969e-16 5.224986e-01
    outer loop
      vertex   -8.228115e+01 -3.799999e+00 -3.029007e+01
      vertex   -8.228115e+01 4.440892e-15 -3.029007e+01
      vertex   -8.301906e+01 -3.799999e+00 -2.908591e+01
    endloop
  endfacet
  facet normal 8.526402e-01 4.884969e-16 5.224986e-01
    outer loop
      vertex   -8.301906e+01 -3.799999e+00 -2.908591e+01
      vertex   -8.228115e+01 4.440892e-15 -3.029007e+01
      vertex   -8.301906e+01 4.440892e-15 -2.908591e+01
    endloop
  endfacet
  facet normal 9.238795e-01 3.577803e-16 3.826834e-01
    outer loop
      vertex   -8.301906e+01 -3.799999e+00 -2.908591e+01
      vertex   -8.301906e+01 4.440892e-15 -2.908591e+01
      vertex   -8.355951e+01 -3.799999e+00 -2.778115e+01
    endloop
  endfacet
  facet normal 9.238795e-01 3.577803e-16 3.826834e-01
    outer loop
      vertex   -8.355951e+01 -3.799999e+00 -2.778115e+01
      vertex   -8.301906e+01 4.440892e-15 -2.908591e+01
      vertex   -8.355951e+01 4.440892e-15 -2.778115e+01
    endloop
  endfacet
  facet normal 9.723699e-01 2.182539e-16 2.334454e-01
    outer loop
      vertex   -8.355951e+01 -3.799999e+00 -2.778115e+01
      vertex   -8.355951e+01 4.440892e-15 -2.778115e+01
      vertex   -8.388919e+01 -3.799999e+00 -2.640791e+01
    endloop
  endfacet
  facet normal 9.723699e-01 2.182539e-16 2.334454e-01
    outer loop
      vertex   -8.388919e+01 -3.799999e+00 -2.640791e+01
      vertex   -8.355951e+01 4.440892e-15 -2.778115e+01
      vertex   -8.388919e+01 4.440892e-15 -2.640791e+01
    endloop
  endfacet
  facet normal 9.969173e-01 7.335336e-17 7.845910e-02
    outer loop
      vertex   -8.388919e+01 -3.799999e+00 -2.640791e+01
      vertex   -8.388919e+01 4.440892e-15 -2.640791e+01
      vertex   -8.400000e+01 -3.799999e+00 -2.500000e+01
    endloop
  endfacet
  facet normal 9.969173e-01 7.335336e-17 7.845910e-02
    outer loop
      vertex   -8.400000e+01 -3.799999e+00 -2.500000e+01
      vertex   -8.388919e+01 4.440892e-15 -2.640791e+01
      vertex   -8.400000e+01 4.440892e-15 -2.500000e+01
    endloop
  endfacet
  facet normal 4.736952e-17 1.869850e-15 1.000000e+00
    outer loop
      vertex   7.500000e+01 -3.799999e+00 -3.400000e+01
      vertex   7.500000e+01 4.440892e-15 -3.400000e+01
      vertex   -7.500000e+01 -3.799999e+00 -3.400000e+01
    endloop
  endfacet
  facet normal 9.473903e-17 -0.000000e+00 1.000000e+00
    outer loop
      vertex   -7.500000e+01 -3.799999e+00 -3.400000e+01
      vertex   7.500000e+01 4.440892e-15 -3.400000e+01
      vertex   -7.500000e+01 4.440892e-15 -3.400000e+01
    endloop
  endfacet
  facet normal 9.969173e-01 0.000000e+00 -7.845910e-02
    outer loop
      vertex   -8.400000e+01 -3.799999e+00 2.500000e+01
      vertex   -8.400000e+01 4.440892e-15 2.500000e+01
      vertex   -8.388919e+01 -3.799999e+00 2.640791e+01
    endloop
  endfacet
  facet normal 9.969173e-01 0.000000e+00 -7.845910e-02
    outer loop
      vertex   -8.388919e+01 -3.799999e+00 2.640791e+01
      vertex   -8.400000e+01 4.440892e-15 2.500000e+01
      vertex   -8.388919e+01 4.440892e-15 2.640791e+01
    endloop
  endfacet
  facet normal 9.723699e-01 0.000000e+00 -2.334454e-01
    outer loop
      vertex   -8.388919e+01 -3.799999e+00 2.640791e+01
      vertex   -8.388919e+01 4.440892e-15 2.640791e+01
      vertex   -8.355951e+01 -3.799999e+00 2.778115e+01
    endloop
  endfacet
  facet normal 9.723699e-01 0.000000e+00 -2.334454e-01
    outer loop
      vertex   -8.355951e+01 -3.799999e+00 2.778115e+01
      vertex   -8.388919e+01 4.440892e-15 2.640791e+01
      vertex   -8.355951e+01 4.440892e-15 2.778115e+01
    endloop
  endfacet
  facet normal 9.238795e-01 0.000000e+00 -3.826834e-01
    outer loop
      vertex   -8.355951e+01 -3.799999e+00 2.778115e+01
      vertex   -8.355951e+01 4.440892e-15 2.778115e+01
      vertex   -8.301906e+01 -3.799999e+00 2.908591e+01
    endloop
  endfacet
  facet normal 9.238795e-01 3.577803e-16 -3.826834e-01
    outer loop
      vertex   -8.301906e+01 -3.799999e+00 2.908591e+01
      vertex   -8.355951e+01 4.440892e-15 2.778115e+01
      vertex   -8.301906e+01 4.440892e-15 2.908591e+01
    endloop
  endfacet
  facet normal 8.526402e-01 4.884969e-16 -5.224986e-01
    outer loop
      vertex   -8.301906e+01 -3.799999e+00 2.908591e+01
      vertex   -8.301906e+01 4.440892e-15 2.908591e+01
      vertex   -8.228115e+01 -3.799999e+00 3.029007e+01
    endloop
  endfacet
  facet normal 8.526402e-01 -2.700121e-15 -5.224986e-01
    outer loop
      vertex   -8.228115e+01 -3.799999e+00 3.029007e+01
      vertex   -8.301906e+01 4.440892e-15 2.908591e+01
      vertex   -8.228115e+01 4.440892e-15 3.029007e+01
    endloop
  endfacet
  facet normal 7.604060e-01 -2.236505e-15 -6.494480e-01
    outer loop
      vertex   -8.228115e+01 -3.799999e+00 3.029007e+01
      vertex   -8.228115e+01 4.440892e-15 3.029007e+01
      vertex   -8.136396e+01 -3.799999e+00 3.136396e+01
    endloop
  endfacet
  facet normal 7.604060e-01 -4.473009e-15 -6.494480e-01
    outer loop
      vertex   -8.136396e+01 -3.799999e+00 3.136396e+01
      vertex   -8.228115e+01 4.440892e-15 3.029007e+01
      vertex   -8.136396e+01 4.440892e-15 3.136396e+01
    endloop
  endfacet
  facet normal 6.494480e-01 -3.435636e-15 -7.604060e-01
    outer loop
      vertex   -8.136396e+01 -3.799999e+00 3.136396e+01
      vertex   -8.136396e+01 4.440892e-15 3.136396e+01
      vertex   -8.029007e+01 -3.799999e+00 3.228115e+01
    endloop
  endfacet
  facet normal 6.494480e-01 -2.428741e-15 -7.604060e-01
    outer loop
      vertex   -8.029007e+01 -3.799999e+00 3.228115e+01
      vertex   -8.136396e+01 4.440892e-15 3.136396e+01
      vertex   -8.029007e+01 4.440892e-15 3.228115e+01
    endloop
  endfacet
  facet normal 5.224986e-01 -1.953988e-15 -8.526402e-01
    outer loop
      vertex   -8.029007e+01 -3.799999e+00 3.228115e+01
      vertex   -8.029007e+01 4.440892e-15 3.228115e+01
      vertex   -7.908591e+01 -3.799999e+00 3.301906e+01
    endloop
  endfacet
  facet normal 5.224986e-01 0.000000e+00 -8.526402e-01
    outer loop
      vertex   -7.908591e+01 -3.799999e+00 3.301906e+01
      vertex   -8.029007e+01 4.440892e-15 3.228115e+01
      vertex   -7.908591e+01 4.440892e-15 3.301906e+01
    endloop
  endfacet
  facet normal 3.826834e-01 0.000000e+00 -9.238795e-01
    outer loop
      vertex   -7.908591e+01 -3.799999e+00 3.301906e+01
      vertex   -7.908591e+01 4.440892e-15 3.301906e+01
      vertex   -7.778115e+01 -3.799999e+00 3.355951e+01
    endloop
  endfacet
  facet normal 3.826834e-01 1.727516e-15 -9.238795e-01
    outer loop
      vertex   -7.778115e+01 -3.799999e+00 3.355951e+01
      vertex   -7.908591e+01 4.440892e-15 3.301906e+01
      vertex   -7.778115e+01 4.440892e-15 3.355951e+01
    endloop
  endfacet
  facet normal 2.334454e-01 1.818186e-15 -9.723699e-01
    outer loop
      vertex   -7.778115e+01 -3.799999e+00 3.355951e+01
      vertex   -7.778115e+01 4.440892e-15 3.355951e+01
      vertex   -7.640791e+01 -3.799999e+00 3.388919e+01
    endloop
  endfacet
  facet normal 2.334454e-01 -8.730155e-16 -9.723699e-01
    outer loop
      vertex   -7.640791e+01 -3.799999e+00 3.388919e+01
      vertex   -7.778115e+01 4.440892e-15 3.355951e+01
      vertex   -7.640791e+01 4.440892e-15 3.388919e+01
    endloop
  endfacet
  facet normal 7.845910e-02 -2.934134e-16 -9.969173e-01
    outer loop
      vertex   -7.640791e+01 -3.799999e+00 3.388919e+01
      vertex   -7.640791e+01 4.440892e-15 3.388919e+01
      vertex   -7.500000e+01 -3.799999e+00 3.400000e+01
    endloop
  endfacet
  facet normal 7.845910e-02 -2.934134e-16 -9.969173e-01
    outer loop
      vertex   -7.500000e+01 -3.799999e+00 3.400000e+01
      vertex   -7.640791e+01 4.440892e-15 3.388919e+01
      vertex   -7.500000e+01 4.440892e-15 3.400000e+01
    endloop
  endfacet
  facet normal -9.974521e-01 -3.090826e-17 -7.133918e-02
    outer loop
      vertex   -8.500000e+01 -8.200000e+00 -2.500000e+01
      vertex   -8.500000e+01 4.440892e-15 -2.500000e+01
      vertex   -8.489821e+01 -8.200000e+00 -2.642315e+01
    endloop
  endfacet
  facet normal -9.974521e-01 -6.181651e-17 -7.133918e-02
    outer loop
      vertex   -8.489821e+01 -8.200000e+00 -2.642315e+01
      vertex   -8.500000e+01 4.440892e-15 -2.500000e+01
      vertex   -8.489821e+01 4.440892e-15 -2.642315e+01
    endloop
  endfacet
  facet normal -9.771469e-01 -1.841911e-16 -2.125653e-01
    outer loop
      vertex   -8.489821e+01 -8.200000e+00 -2.642315e+01
      vertex   -8.489821e+01 4.440892e-15 -2.642315e+01
      vertex   -8.459493e+01 -8.200000e+00 -2.781733e+01
    endloop
  endfacet
  facet normal -9.771469e-01 -9.209556e-17 -2.125653e-01
    outer loop
      vertex   -8.459493e+01 -8.200000e+00 -2.781733e+01
      vertex   -8.489821e+01 4.440892e-15 -2.642315e+01
      vertex   -8.459493e+01 4.440892e-15 -2.781733e+01
    endloop
  endfacet
  facet normal -9.369497e-01 -1.514081e-16 -3.494642e-01
    outer loop
      vertex   -8.459493e+01 -8.200000e+00 -2.781733e+01
      vertex   -8.459493e+01 4.440892e-15 -2.781733e+01
      vertex   -8.409632e+01 -8.200000e+00 -2.915415e+01
    endloop
  endfacet
  facet normal -9.369497e-01 -1.775171e-15 -3.494642e-01
    outer loop
      vertex   -8.409632e+01 -8.200000e+00 -2.915415e+01
      vertex   -8.459493e+01 4.440892e-15 -2.781733e+01
      vertex   -8.409632e+01 4.440892e-15 -2.915415e+01
    endloop
  endfacet
  facet normal -8.776790e-01 -1.728683e-15 -4.792490e-01
    outer loop
      vertex   -8.409632e+01 -8.200000e+00 -2.915415e+01
      vertex   -8.409632e+01 4.440892e-15 -2.915415e+01
      vertex   -8.341254e+01 -8.200000e+00 -3.040641e+01
    endloop
  endfacet
  facet normal -8.776790e-01 1.105768e-15 -4.792490e-01
    outer loop
      vertex   -8.341254e+01 -8.200000e+00 -3.040641e+01
      vertex   -8.409632e+01 4.440892e-15 -2.915415e+01
      vertex   -8.341254e+01 4.440892e-15 -3.040641e+01
    endloop
  endfacet
  facet normal -8.005412e-01 8.680794e-16 -5.992777e-01
    outer loop
      vertex   -8.341254e+01 -8.200000e+00 -3.040641e+01
      vertex   -8.341254e+01 4.440892e-15 -3.040641e+01
      vertex   -8.255750e+01 -8.200000e+00 -3.154861e+01
    endloop
  endfacet
  facet normal -8.005412e-01 -5.192834e-16 -5.992777e-01
    outer loop
      vertex   -8.255750e+01 -8.200000e+00 -3.154861e+01
      vertex   -8.341254e+01 4.440892e-15 -3.040641e+01
      vertex   -8.255750e+01 4.440892e-15 -3.154861e+01
    endloop
  endfacet
  facet normal -7.071068e-01 -6.127190e-16 -7.071068e-01
    outer loop
      vertex   -8.255750e+01 -8.200000e+00 -3.154861e+01
      vertex   -8.255750e+01 4.440892e-15 -3.154861e+01
      vertex   -8.154861e+01 -8.200000e+00 -3.255750e+01
    endloop
  endfacet
  facet normal -7.071068e-01 1.225438e-15 -7.071068e-01
    outer loop
      vertex   -8.154861e+01 -8.200000e+00 -3.255750e+01
      vertex   -8.255750e+01 4.440892e-15 -3.154861e+01
      vertex   -8.154861e+01 4.440892e-15 -3.255750e+01
    endloop
  endfacet
  facet normal -5.992777e-01 1.038567e-15 -8.005412e-01
    outer loop
      vertex   -8.154861e+01 -8.200000e+00 -3.255750e+01
      vertex   -8.154861e+01 4.440892e-15 -3.255750e+01
      vertex   -8.040641e+01 -8.200000e+00 -3.341254e+01
    endloop
  endfacet
  facet normal -5.992777e-01 -6.936814e-16 -8.005412e-01
    outer loop
      vertex   -8.040641e+01 -8.200000e+00 -3.341254e+01
      vertex   -8.154861e+01 4.440892e-15 -3.255750e+01
      vertex   -8.040641e+01 4.440892e-15 -3.341254e+01
    endloop
  endfacet
  facet normal -4.792490e-01 -7.605225e-16 -8.776790e-01
    outer loop
      vertex   -8.040641e+01 -8.200000e+00 -3.341254e+01
      vertex   -8.040641e+01 4.440892e-15 -3.341254e+01
      vertex   -7.915415e+01 -8.200000e+00 -3.409632e+01
    endloop
  endfacet
  facet normal -4.792490e-01 7.003090e-17 -8.776790e-01
    outer loop
      vertex   -7.915415e+01 -8.200000e+00 -3.409632e+01
      vertex   -8.040641e+01 4.440892e-15 -3.341254e+01
      vertex   -7.915415e+01 4.440892e-15 -3.409632e+01
    endloop
  endfacet
  facet normal -3.494642e-01 -2.062492e-16 -9.369497e-01
    outer loop
      vertex   -7.915415e+01 -8.200000e+00 -3.409632e+01
      vertex   -7.915415e+01 4.440892e-15 -3.409632e+01
      vertex   -7.781733e+01 -8.200000e+00 -3.459493e+01
    endloop
  endfacet
  facet normal -3.494642e-01 -8.118815e-16 -9.369497e-01
    outer loop
      vertex   -7.781733e+01 -8.200000e+00 -3.459493e+01
      vertex   -7.915415e+01 4.440892e-15 -3.409632e+01
      vertex   -7.781733e+01 4.440892e-15 -3.459493e+01
    endloop
  endfacet
  facet normal -2.125653e-01 -8.467129e-16 -9.771469e-01
    outer loop
      vertex   -7.781733e+01 -8.200000e+00 -3.459493e+01
      vertex   -7.781733e+01 4.440892e-15 -3.459493e+01
      vertex   -7.642315e+01 -8.200000e+00 -3.489821e+01
    endloop
  endfacet
  facet normal -2.125653e-01 8.467129e-16 -9.771469e-01
    outer loop
      vertex   -7.642315e+01 -8.200000e+00 -3.489821e+01
      vertex   -7.781733e+01 4.440892e-15 -3.459493e+01
      vertex   -7.642315e+01 4.440892e-15 -3.489821e+01
    endloop
  endfacet
  facet normal -7.133918e-02 8.643077e-16 -9.974521e-01
    outer loop
      vertex   -7.642315e+01 -8.200000e+00 -3.489821e+01
      vertex   -7.642315e+01 4.440892e-15 -3.489821e+01
      vertex   -7.500000e+01 -8.200000e+00 -3.500000e+01
    endloop
  endfacet
  facet normal -7.133918e-02 8.643077e-16 -9.974521e-01
    outer loop
      vertex   -7.500000e+01 -8.200000e+00 -3.500000e+01
      vertex   -7.642315e+01 4.440892e-15 -3.489821e+01
      vertex   -7.500000e+01 4.440892e-15 -3.500000e+01
    endloop
  endfacet
  facet normal -1.000000e+00 -0.000000e+00 -0.000000e+00
    outer loop
      vertex   -8.500000e+01 4.440892e-15 2.500000e+01
      vertex   -8.500000e+01 4.440892e-15 -2.500000e+01
      vertex   -8.500000e+01 -8.200000e+00 2.500000e+01
    endloop
  endfacet
  facet normal -1.000000e+00 0.000000e+00 0.000000e+00
    outer loop
      vertex   -8.500000e+01 -8.200000e+00 2.500000e+01
      vertex   -8.500000e+01 4.440892e-15 -2.500000e+01
      vertex   -8.500000e+01 -8.200000e+00 -2.500000e+01
    endloop
  endfacet
  facet normal -7.133918e-02 0.000000e+00 9.974521e-01
    outer loop
      vertex   -7.500000e+01 -8.200000e+00 3.500000e+01
      vertex   -7.500000e+01 4.440892e-15 3.500000e+01
      vertex   -7.642315e+01 -8.200000e+00 3.489821e+01
    endloop
  endfacet
  facet normal -7.133918e-02 0.000000e+00 9.974521e-01
    outer loop
      vertex   -7.642315e+01 -8.200000e+00 3.489821e+01
      vertex   -7.500000e+01 4.440892e-15 3.500000e+01
      vertex   -7.642315e+01 4.440892e-15 3.489821e+01
    endloop
  endfacet
  facet normal -2.125653e-01 0.000000e+00 9.771469e-01
    outer loop
      vertex   -7.642315e+01 -8.200000e+00 3.489821e+01
      vertex   -7.642315e+01 4.440892e-15 3.489821e+01
      vertex   -7.781733e+01 -8.200000e+00 3.459493e+01
    endloop
  endfacet
  facet normal -2.125653e-01 8.467129e-16 9.771469e-01
    outer loop
      vertex   -7.781733e+01 -8.200000e+00 3.459493e+01
      vertex   -7.642315e+01 4.440892e-15 3.489821e+01
      vertex   -7.781733e+01 4.440892e-15 3.459493e+01
    endloop
  endfacet
  facet normal -3.494642e-01 8.118815e-16 9.369497e-01
    outer loop
      vertex   -7.781733e+01 -8.200000e+00 3.459493e+01
      vertex   -7.781733e+01 4.440892e-15 3.459493e+01
      vertex   -7.915415e+01 -8.200000e+00 3.409632e+01
    endloop
  endfacet
  facet normal -3.494642e-01 2.062492e-16 9.369497e-01
    outer loop
      vertex   -7.915415e+01 -8.200000e+00 3.409632e+01
      vertex   -7.781733e+01 4.440892e-15 3.459493e+01
      vertex   -7.915415e+01 4.440892e-15 3.409632e+01
    endloop
  endfacet
  facet normal -4.792490e-01 -7.003090e-17 8.776790e-01
    outer loop
      vertex   -7.915415e+01 -8.200000e+00 3.409632e+01
      vertex   -7.915415e+01 4.440892e-15 3.409632e+01
      vertex   -8.040641e+01 -8.200000e+00 3.341254e+01
    endloop
  endfacet
  facet normal -4.792490e-01 8.305534e-16 8.776790e-01
    outer loop
      vertex   -8.040641e+01 -8.200000e+00 3.341254e+01
      vertex   -7.915415e+01 4.440892e-15 3.409632e+01
      vertex   -8.040641e+01 4.440892e-15 3.341254e+01
    endloop
  endfacet
  facet normal -5.992777e-01 1.038567e-15 8.005412e-01
    outer loop
      vertex   -8.040641e+01 -8.200000e+00 3.341254e+01
      vertex   -8.040641e+01 4.440892e-15 3.341254e+01
      vertex   -8.154861e+01 -8.200000e+00 3.255750e+01
    endloop
  endfacet
  facet normal -5.992777e-01 0.000000e+00 8.005412e-01
    outer loop
      vertex   -8.154861e+01 -8.200000e+00 3.255750e+01
      vertex   -8.040641e+01 4.440892e-15 3.341254e+01
      vertex   -8.154861e+01 4.440892e-15 3.255750e+01
    endloop
  endfacet
  facet normal -7.071068e-01 0.000000e+00 7.071068e-01
    outer loop
      vertex   -8.154861e+01 -8.200000e+00 3.255750e+01
      vertex   -8.154861e+01 4.440892e-15 3.255750e+01
      vertex   -8.255750e+01 -8.200000e+00 3.154861e+01
    endloop
  endfacet
  facet normal -7.071068e-01 3.063595e-16 7.071068e-01
    outer loop
      vertex   -8.255750e+01 -8.200000e+00 3.154861e+01
      vertex   -8.154861e+01 4.440892e-15 3.255750e+01
      vertex   -8.255750e+01 4.440892e-15 3.154861e+01
    endloop
  endfacet
  facet normal -8.005412e-01 2.596417e-16 5.992777e-01
    outer loop
      vertex   -8.255750e+01 -8.200000e+00 3.154861e+01
      vertex   -8.255750e+01 4.440892e-15 3.154861e+01
      vertex   -8.341254e+01 -8.200000e+00 3.040641e+01
    endloop
  endfacet
  facet normal -8.005412e-01 0.000000e+00 5.992777e-01
    outer loop
      vertex   -8.341254e+01 -8.200000e+00 3.040641e+01
      vertex   -8.255750e+01 4.440892e-15 3.154861e+01
      vertex   -8.341254e+01 4.440892e-15 3.040641e+01
    endloop
  endfacet
  facet normal -8.776790e-01 0.000000e+00 4.792490e-01
    outer loop
      vertex   -8.341254e+01 -8.200000e+00 3.040641e+01
      vertex   -8.341254e+01 4.440892e-15 3.040641e+01
      vertex   -8.409632e+01 -8.200000e+00 2.915415e+01
    endloop
  endfacet
  facet normal -8.776790e-01 0.000000e+00 4.792490e-01
    outer loop
      vertex   -8.409632e+01 -8.200000e+00 2.915415e+01
      vertex   -8.341254e+01 4.440892e-15 3.040641e+01
      vertex   -8.409632e+01 4.440892e-15 2.915415e+01
    endloop
  endfacet
  facet normal -9.369497e-01 0.000000e+00 3.494642e-01
    outer loop
      vertex   -8.409632e+01 -8.200000e+00 2.915415e+01
      vertex   -8.409632e+01 4.440892e-15 2.915415e+01
      vertex   -8.459493e+01 -8.200000e+00 2.781733e+01
    endloop
  endfacet
  facet normal -9.369497e-01 1.514081e-16 3.494642e-01
    outer loop
      vertex   -8.459493e+01 -8.200000e+00 2.781733e+01
      vertex   -8.409632e+01 4.440892e-15 2.915415e+01
      vertex   -8.459493e+01 4.440892e-15 2.781733e+01
    endloop
  endfacet
  facet normal -9.771469e-01 9.209556e-17 2.125653e-01
    outer loop
      vertex   -8.459493e+01 -8.200000e+00 2.781733e+01
      vertex   -8.459493e+01 4.440892e-15 2.781733e+01
      vertex   -8.489821e+01 -8.200000e+00 2.642315e+01
    endloop
  endfacet
  facet normal -9.771469e-01 1.841911e-16 2.125653e-01
    outer loop
      vertex   -8.489821e+01 -8.200000e+00 2.642315e+01
      vertex   -8.459493e+01 4.440892e-15 2.781733e+01
      vertex   -8.489821e+01 4.440892e-15 2.642315e+01
    endloop
  endfacet
  facet normal -9.974521e-01 6.181651e-17 7.133918e-02
    outer loop
      vertex   -8.489821e+01 -8.200000e+00 2.642315e+01
      vertex   -8.489821e+01 4.440892e-15 2.642315e+01
      vertex   -8.500000e+01 -8.200000e+00 2.500000e+01
    endloop
  endfacet
  facet normal -9.974521e-01 3.090826e-17 7.133918e-02
    outer loop
      vertex   -8.500000e+01 -8.200000e+00 2.500000e+01
      vertex   -8.489821e+01 4.440892e-15 2.642315e+01
      vertex   -8.500000e+01 4.440892e-15 2.500000e+01
    endloop
  endfacet
  facet normal 0.000000e+00 0.000000e+00 1.000000e+00
    outer loop
      vertex   7.500000e+01 4.440892e-15 3.500000e+01
      vertex   -7.500000e+01 4.440892e-15 3.500000e+01
      vertex   7.500000e+01 -8.200000e+00 3.500000e+01
    endloop
  endfacet
  facet normal 0.000000e+00 0.000000e+00 1.000000e+00
    outer loop
      vertex   7.500000e+01 -8.200000e+00 3.500000e+01
      vertex   -7.500000e+01 4.440892e-15 3.500000e+01
      vertex   -7.500000e+01 -8.200000e+00 3.500000e+01
    endloop
  endfacet
  facet normal 9.974521e-01 -0.000000e+00 7.133918e-02
    outer loop
      vertex   8.500000e+01 -8.200000e+00 2.500000e+01
      vertex   8.500000e+01 4.440892e-15 2.500000e+01
      vertex   8.489821e+01 -8.200000e+00 2.642315e+01
    endloop
  endfacet
  facet normal 9.974521e-01 -3.090826e-17 7.133918e-02
    outer loop
      vertex   8.489821e+01 -8.200000e+00 2.642315e+01
      vertex   8.500000e+01 4.440892e-15 2.500000e+01
      vertex   8.489821e+01 4.440892e-15 2.642315e+01
    endloop
  endfacet
  facet normal 9.771469e-01 -9.209556e-17 2.125653e-01
    outer loop
      vertex   8.489821e+01 -8.200000e+00 2.642315e+01
      vertex   8.489821e+01 4.440892e-15 2.642315e+01
      vertex   8.459493e+01 -8.200000e+00 2.781733e+01
    endloop
  endfacet
  facet normal 9.771469e-01 -3.478947e-15 2.125653e-01
    outer loop
      vertex   8.459493e+01 -8.200000e+00 2.781733e+01
      vertex   8.489821e+01 4.440892e-15 2.642315e+01
      vertex   8.459493e+01 4.440892e-15 2.781733e+01
    endloop
  endfacet
  facet normal 9.369497e-01 -3.398934e-15 3.494642e-01
    outer loop
      vertex   8.459493e+01 -8.200000e+00 2.781733e+01
      vertex   8.459493e+01 4.440892e-15 2.781733e+01
      vertex   8.409632e+01 -8.200000e+00 2.915415e+01
    endloop
  endfacet
  facet normal 9.369497e-01 -2.077987e-15 3.494642e-01
    outer loop
      vertex   8.409632e+01 -8.200000e+00 2.915415e+01
      vertex   8.459493e+01 4.440892e-15 2.781733e+01
      vertex   8.409632e+01 4.440892e-15 2.915415e+01
    endloop
  endfacet
  facet normal 8.776790e-01 -2.143960e-15 4.792490e-01
    outer loop
      vertex   8.409632e+01 -8.200000e+00 2.915415e+01
      vertex   8.409632e+01 4.440892e-15 2.915415e+01
      vertex   8.341254e+01 -8.200000e+00 3.040641e+01
    endloop
  endfacet
  facet normal 8.776790e-01 -6.229150e-16 4.792490e-01
    outer loop
      vertex   8.341254e+01 -8.200000e+00 3.040641e+01
      vertex   8.409632e+01 4.440892e-15 2.915415e+01
      vertex   8.341254e+01 4.440892e-15 3.040641e+01
    endloop
  endfacet
  facet normal 8.005412e-01 -7.789251e-16 5.992777e-01
    outer loop
      vertex   8.341254e+01 -8.200000e+00 3.040641e+01
      vertex   8.341254e+01 4.440892e-15 3.040641e+01
      vertex   8.255750e+01 -8.200000e+00 3.154861e+01
    endloop
  endfacet
  facet normal 8.005412e-01 -5.192834e-16 5.992777e-01
    outer loop
      vertex   8.255750e+01 -8.200000e+00 3.154861e+01
      vertex   8.341254e+01 4.440892e-15 3.040641e+01
      vertex   8.255750e+01 4.440892e-15 3.154861e+01
    endloop
  endfacet
  facet normal 7.071068e-01 -6.127190e-16 7.071068e-01
    outer loop
      vertex   8.255750e+01 -8.200000e+00 3.154861e+01
      vertex   8.255750e+01 4.440892e-15 3.154861e+01
      vertex   8.154861e+01 -8.200000e+00 3.255750e+01
    endloop
  endfacet
  facet normal 7.071068e-01 -6.127190e-16 7.071068e-01
    outer loop
      vertex   8.154861e+01 -8.200000e+00 3.255750e+01
      vertex   8.255750e+01 4.440892e-15 3.154861e+01
      vertex   8.154861e+01 4.440892e-15 3.255750e+01
    endloop
  endfacet
  facet normal 5.992777e-01 -6.936814e-16 8.005412e-01
    outer loop
      vertex   8.154861e+01 -8.200000e+00 3.255750e+01
      vertex   8.154861e+01 4.440892e-15 3.255750e+01
      vertex   8.040641e+01 -8.200000e+00 3.341254e+01
    endloop
  endfacet
  facet normal 5.992777e-01 -6.936814e-16 8.005412e-01
    outer loop
      vertex   8.040641e+01 -8.200000e+00 3.341254e+01
      vertex   8.154861e+01 4.440892e-15 3.255750e+01
      vertex   8.040641e+01 4.440892e-15 3.341254e+01
    endloop
  endfacet
  facet normal 4.792490e-01 -7.605225e-16 8.776790e-01
    outer loop
      vertex   8.040641e+01 -8.200000e+00 3.341254e+01
      vertex   8.040641e+01 4.440892e-15 3.341254e+01
      vertex   7.915415e+01 -8.200000e+00 3.409632e+01
    endloop
  endfacet
  facet normal 4.792490e-01 -7.605225e-16 8.776790e-01
    outer loop
      vertex   7.915415e+01 -8.200000e+00 3.409632e+01
      vertex   8.040641e+01 4.440892e-15 3.341254e+01
      vertex   7.915415e+01 4.440892e-15 3.409632e+01
    endloop
  endfacet
  facet normal 3.494642e-01 -8.118815e-16 9.369497e-01
    outer loop
      vertex   7.915415e+01 -8.200000e+00 3.409632e+01
      vertex   7.915415e+01 4.440892e-15 3.409632e+01
      vertex   7.781733e+01 -8.200000e+00 3.459493e+01
    endloop
  endfacet
  facet normal 3.494642e-01 -1.623763e-15 9.369497e-01
    outer loop
      vertex   7.781733e+01 -8.200000e+00 3.459493e+01
      vertex   7.915415e+01 4.440892e-15 3.409632e+01
      vertex   7.781733e+01 4.440892e-15 3.459493e+01
    endloop
  endfacet
  facet normal 2.125653e-01 -1.693426e-15 9.771469e-01
    outer loop
      vertex   7.781733e+01 -8.200000e+00 3.459493e+01
      vertex   7.781733e+01 4.440892e-15 3.459493e+01
      vertex   7.642315e+01 -8.200000e+00 3.489821e+01
    endloop
  endfacet
  facet normal 2.125653e-01 -0.000000e+00 9.771469e-01
    outer loop
      vertex   7.642315e+01 -8.200000e+00 3.489821e+01
      vertex   7.781733e+01 4.440892e-15 3.459493e+01
      vertex   7.642315e+01 4.440892e-15 3.489821e+01
    endloop
  endfacet
  facet normal 7.133918e-02 -0.000000e+00 9.974521e-01
    outer loop
      vertex   7.642315e+01 -8.200000e+00 3.489821e+01
      vertex   7.642315e+01 4.440892e-15 3.489821e+01
      vertex   7.500000e+01 -8.200000e+00 3.500000e+01
    endloop
  endfacet
  facet normal 7.133918e-02 -0.000000e+00 9.974521e-01
    outer loop
      vertex   7.500000e+01 -8.200000e+00 3.500000e+01
      vertex   7.642315e+01 4.440892e-15 3.489821e+01
      vertex   7.500000e+01 4.440892e-15 3.500000e+01
    endloop
  endfacet
  facet normal 0.000000e+00 8.665155e-16 -1.000000e+00
    outer loop
      vertex   -7.500000e+01 4.440892e-15 -3.500000e+01
      vertex   7.500000e+01 4.440892e-15 -3.500000e+01
      vertex   -7.500000e+01 -8.200000e+00 -3.500000e+01
    endloop
  endfacet
  facet normal 9.473903e-17 -8.665155e-16 -1.000000e+00
    outer loop
      vertex   -7.500000e+01 -8.200000e+00 -3.500000e+01
      vertex   7.500000e+01 4.440892e-15 -3.500000e+01
      vertex   7.500000e+01 -8.200000e+00 -3.500000e+01
    endloop
  endfacet
  facet normal 7.133918e-02 -8.643077e-16 -9.974521e-01
    outer loop
      vertex   7.500000e+01 -8.200000e+00 -3.500000e+01
      vertex   7.500000e+01 4.440892e-15 -3.500000e+01
      vertex   7.642315e+01 -8.200000e+00 -3.489821e+01
    endloop
  endfacet
  facet normal 7.133918e-02 0.000000e+00 -9.974521e-01
    outer loop
      vertex   7.642315e+01 -8.200000e+00 -3.489821e+01
      vertex   7.500000e+01 4.440892e-15 -3.500000e+01
      vertex   7.642315e+01 4.440892e-15 -3.489821e+01
    endloop
  endfacet
  facet normal 2.125653e-01 0.000000e+00 -9.771469e-01
    outer loop
      vertex   7.642315e+01 -8.200000e+00 -3.489821e+01
      vertex   7.642315e+01 4.440892e-15 -3.489821e+01
      vertex   7.781733e+01 -8.200000e+00 -3.459493e+01
    endloop
  endfacet
  facet normal 2.125653e-01 0.000000e+00 -9.771469e-01
    outer loop
      vertex   7.781733e+01 -8.200000e+00 -3.459493e+01
      vertex   7.642315e+01 4.440892e-15 -3.489821e+01
      vertex   7.781733e+01 4.440892e-15 -3.459493e+01
    endloop
  endfacet
  facet normal 3.494642e-01 0.000000e+00 -9.369497e-01
    outer loop
      vertex   7.781733e+01 -8.200000e+00 -3.459493e+01
      vertex   7.781733e+01 4.440892e-15 -3.459493e+01
      vertex   7.915415e+01 -8.200000e+00 -3.409632e+01
    endloop
  endfacet
  facet normal 3.494642e-01 8.118815e-16 -9.369497e-01
    outer loop
      vertex   7.915415e+01 -8.200000e+00 -3.409632e+01
      vertex   7.781733e+01 4.440892e-15 -3.459493e+01
      vertex   7.915415e+01 4.440892e-15 -3.409632e+01
    endloop
  endfacet
  facet normal 4.792490e-01 7.605225e-16 -8.776790e-01
    outer loop
      vertex   7.915415e+01 -8.200000e+00 -3.409632e+01
      vertex   7.915415e+01 4.440892e-15 -3.409632e+01
      vertex   8.040641e+01 -8.200000e+00 -3.341254e+01
    endloop
  endfacet
  facet normal 4.792490e-01 8.305534e-16 -8.776790e-01
    outer loop
      vertex   8.040641e+01 -8.200000e+00 -3.341254e+01
      vertex   7.915415e+01 4.440892e-15 -3.409632e+01
      vertex   8.040641e+01 4.440892e-15 -3.341254e+01
    endloop
  endfacet
  facet normal 5.992777e-01 1.038567e-15 -8.005412e-01
    outer loop
      vertex   8.040641e+01 -8.200000e+00 -3.341254e+01
      vertex   8.040641e+01 4.440892e-15 -3.341254e+01
      vertex   8.154861e+01 -8.200000e+00 -3.255750e+01
    endloop
  endfacet
  facet normal 5.992777e-01 0.000000e+00 -8.005412e-01
    outer loop
      vertex   8.154861e+01 -8.200000e+00 -3.255750e+01
      vertex   8.040641e+01 4.440892e-15 -3.341254e+01
      vertex   8.154861e+01 4.440892e-15 -3.255750e+01
    endloop
  endfacet
  facet normal 7.071068e-01 0.000000e+00 -7.071068e-01
    outer loop
      vertex   8.154861e+01 -8.200000e+00 -3.255750e+01
      vertex   8.154861e+01 4.440892e-15 -3.255750e+01
      vertex   8.255750e+01 -8.200000e+00 -3.154861e+01
    endloop
  endfacet
  facet normal 7.071068e-01 3.063595e-16 -7.071068e-01
    outer loop
      vertex   8.255750e+01 -8.200000e+00 -3.154861e+01
      vertex   8.154861e+01 4.440892e-15 -3.255750e+01
      vertex   8.255750e+01 4.440892e-15 -3.154861e+01
    endloop
  endfacet
  facet normal 8.005412e-01 2.596417e-16 -5.992777e-01
    outer loop
      vertex   8.255750e+01 -8.200000e+00 -3.154861e+01
      vertex   8.255750e+01 4.440892e-15 -3.154861e+01
      vertex   8.341254e+01 -8.200000e+00 -3.040641e+01
    endloop
  endfacet
  facet normal 8.005412e-01 1.647005e-15 -5.992777e-01
    outer loop
      vertex   8.341254e+01 -8.200000e+00 -3.040641e+01
      vertex   8.255750e+01 4.440892e-15 -3.154861e+01
      vertex   8.341254e+01 4.440892e-15 -3.040641e+01
    endloop
  endfacet
  facet normal 8.776790e-01 1.728683e-15 -4.792490e-01
    outer loop
      vertex   8.341254e+01 -8.200000e+00 -3.040641e+01
      vertex   8.341254e+01 4.440892e-15 -3.040641e+01
      vertex   8.409632e+01 -8.200000e+00 -2.915415e+01
    endloop
  endfacet
  facet normal 8.776790e-01 0.000000e+00 -4.792490e-01
    outer loop
      vertex   8.409632e+01 -8.200000e+00 -2.915415e+01
      vertex   8.341254e+01 4.440892e-15 -3.040641e+01
      vertex   8.409632e+01 4.440892e-15 -2.915415e+01
    endloop
  endfacet
  facet normal 9.369497e-01 0.000000e+00 -3.494642e-01
    outer loop
      vertex   8.409632e+01 -8.200000e+00 -2.915415e+01
      vertex   8.409632e+01 4.440892e-15 -2.915415e+01
      vertex   8.459493e+01 -8.200000e+00 -2.781733e+01
    endloop
  endfacet
  facet normal 9.369497e-01 1.514081e-16 -3.494642e-01
    outer loop
      vertex   8.459493e+01 -8.200000e+00 -2.781733e+01
      vertex   8.409632e+01 4.440892e-15 -2.915415e+01
      vertex   8.459493e+01 4.440892e-15 -2.781733e+01
    endloop
  endfacet
  facet normal 9.771469e-01 9.209556e-17 -2.125653e-01
    outer loop
      vertex   8.459493e+01 -8.200000e+00 -2.781733e+01
      vertex   8.459493e+01 4.440892e-15 -2.781733e+01
      vertex   8.489821e+01 -8.200000e+00 -2.642315e+01
    endloop
  endfacet
  facet normal 9.771469e-01 9.209556e-17 -2.125653e-01
    outer loop
      vertex   8.489821e+01 -8.200000e+00 -2.642315e+01
      vertex   8.459493e+01 4.440892e-15 -2.781733e+01
      vertex   8.489821e+01 4.440892e-15 -2.642315e+01
    endloop
  endfacet
  facet normal 9.974521e-01 3.090826e-17 -7.133918e-02
    outer loop
      vertex   8.489821e+01 -8.200000e+00 -2.642315e+01
      vertex   8.489821e+01 4.440892e-15 -2.642315e+01
      vertex   8.500000e+01 -8.200000e+00 -2.500000e+01
    endloop
  endfacet
  facet normal 9.974521e-01 3.090826e-17 -7.133918e-02
    outer loop
      vertex   8.500000e+01 -8.200000e+00 -2.500000e+01
      vertex   8.489821e+01 4.440892e-15 -2.642315e+01
      vertex   8.500000e+01 4.440892e-15 -2.500000e+01
    endloop
  endfacet
  facet normal 1.000000e+00 0.000000e+00 -0.000000e+00
    outer loop
      vertex   8.500000e+01 4.440892e-15 -2.500000e+01
      vertex   8.500000e+01 4.440892e-15 2.500000e+01
      vertex   8.500000e+01 -8.200000e+00 -2.500000e+01
    endloop
  endfacet
  facet normal 1.000000e+00 0.000000e+00 0.000000e+00
    outer loop
      vertex   8.500000e+01 -8.200000e+00 -2.500000e+01
      vertex   8.500000e+01 4.440892e-15 2.500000e+01
      vertex   8.500000e+01 -8.200000e+00 2.500000e+01
    endloop
  endfacet
endsolid
